hand_idx,p1_card,p2_card,p1_first_action,p1_actions,all_actions,reward_p1,cum_profit,pot_won,winner,ended_by,is_bluff,n_actions,agent_stack,opp_stack,opponent
0,k,k,check,"['check', 'call']","[('p1', 'check'), ('p2', 'max_raise'), ('p1', 'call')]",0.0,0.0,0.0,tie,showdown,False,3,114.0,102.0,rock
1,q,q,check,['check'],"[('p1', 'check'), ('p2', 'check')]",0.0,0.0,0.0,tie,showdown,False,2,114.0,114.0,rock
2,k,q,check,['check'],"[('p1', 'check'), ('p2', 'check')]",6.0,6.0,12.0,p1,showdown,False,2,114.0,114.0,rock
3,k,k,check,"['check', 'call']","[('p1', 'check'), ('p2', 'max_raise'), ('p1', 'call')]",0.0,6.0,0.0,tie,showdown,False,3,114.0,102.0,rock
4,k,k,check,"['check', 'call']","[('p1', 'check'), ('p2', 'max_raise'), ('p1', 'call')]",0.0,6.0,0.0,tie,showdown,False,3,114.0,102.0,rock
5,k,q,check,['check'],"[('p1', 'check'), ('p2', 'check')]",6.0,12.0,12.0,p1,showdown,False,2,114.0,114.0,rock
6,q,q,check,['check'],"[('p1', 'check'), ('p2', 'check')]",0.0,12.0,0.0,tie,showdown,False,2,114.0,114.0,rock
7,k,q,check,['check'],"[('p1', 'check'), ('p2', 'check')]",6.0,18.0,12.0,p1,showdown,False,2,114.0,114.0,rock
8,j,k,check,"['check', 'fold']","[('p1', 'check'), ('p2', 'max_raise'), ('p1', 'fold')]",-6.0,12.0,24.0,p2,fold,False,3,114.0,102.0,rock
9,q,j,check,['check'],"[('p1', 'check'), ('p2', 'check')]",6.0,18.0,12.0,p1,showdown,False,2,114.0,114.0,rock
10,k,j,check,['check'],"[('p1', 'check'), ('p2', 'check')]",6.0,24.0,12.0,p1,showdown,False,2,114.0,114.0,rock
11,q,k,check,"['check', 'fold']","[('p1', 'check'), ('p2', 'max_raise'), ('p1', 'fold')]",-6.0,18.0,24.0,p2,fold,False,3,114.0,102.0,rock
12,j,j,check,['check'],"[('p1', 'check'), ('p2', 'check')]",0.0,18.0,0.0,tie,showdown,False,2,114.0,114.0,rock
13,q,k,check,"['check', 'fold']","[('p1', 'check'), ('p2', 'max_raise'), ('p1', 'fold')]",-6.0,12.0,24.0,p2,fold,False,3,114.0,102.0,rock
14,k,k,check,"['check', 'call']","[('p1', 'check'), ('p2', 'max_raise'), ('p1', 'call')]",0.0,12.0,0.0,tie,showdown,False,3,114.0,102.0,rock
15,q,k,check,"['check', 'fold']","[('p1', 'check'), ('p2', 'max_raise'), ('p1', 'fold')]",-6.0,6.0,24.0,p2,fold,False,3,114.0,102.0,rock
16,k,q,check,['check'],"[('p1', 'check'), ('p2', 'check')]",6.0,12.0,12.0,p1,showdown,False,2,114.0,114.0,rock
17,k,k,check,"['check', 'call']","[('p1', 'check'), ('p2', 'max_raise'), ('p1', 'call')]",0.0,12.0,0.0,tie,showdown,False,3,114.0,102.0,rock
18,j,k,check,"['check', 'fold']","[('p1', 'check'), ('p2', 'max_raise'), ('p1', 'fold')]",-6.0,6.0,24.0,p2,fold,False,3,114.0,102.0,rock
19,q,k,check,"['check', 'fold']","[('p1', 'check'), ('p2', 'max_raise'), ('p1', 'fold')]",-6.0,0.0,24.0,p2,fold,False,3,114.0,102.0,rock
20,k,q,check,['check'],"[('p1', 'check'), ('p2', 'check')]",6.0,6.0,12.0,p1,showdown,False,2,114.0,114.0,rock
21,q,k,check,"['check', 'fold']","[('p1', 'check'), ('p2', 'max_raise'), ('p1', 'fold')]",-6.0,0.0,24.0,p2,fold,False,3,114.0,102.0,rock
22,j,k,check,"['check', 'fold']","[('p1', 'check'), ('p2', 'max_raise'), ('p1', 'fold')]",-6.0,-6.0,24.0,p2,fold,False,3,114.0,102.0,rock
23,j,k,check,"['check', 'fold']","[('p1', 'check'), ('p2', 'max_raise'), ('p1', 'fold')]",-6.0,-12.0,24.0,p2,fold,False,3,114.0,102.0,rock
24,j,k,check,"['check', 'fold']","[('p1', 'check'), ('p2', 'max_raise'), ('p1', 'fold')]",-6.0,-18.0,24.0,p2,fold,False,3,114.0,102.0,rock
25,j,q,check,['check'],"[('p1', 'check'), ('p2', 'check')]",-6.0,-24.0,12.0,p2,showdown,False,2,114.0,114.0,rock
26,k,j,check,['check'],"[('p1', 'check'), ('p2', 'check')]",6.0,-18.0,12.0,p1,showdown,False,2,114.0,114.0,rock
27,j,j,check,['check'],"[('p1', 'check'), ('p2', 'check')]",0.0,-18.0,0.0,tie,showdown,False,2,114.0,114.0,rock
28,k,k,check,"['check', 'call']","[('p1', 'check'), ('p2', 'max_raise'), ('p1', 'call')]",0.0,-18.0,0.0,tie,showdown,False,3,114.0,102.0,rock
29,q,q,check,['check'],"[('p1', 'check'), ('p2', 'check')]",0.0,-18.0,0.0,tie,showdown,False,2,114.0,114.0,rock
30,j,k,check,"['check', 'fold']","[('p1', 'check'), ('p2', 'max_raise'), ('p1', 'fold')]",-6.0,-24.0,24.0,p2,fold,False,3,114.0,102.0,rock
31,q,j,check,['check'],"[('p1', 'check'), ('p2', 'check')]",6.0,-18.0,12.0,p1,showdown,False,2,114.0,114.0,rock
32,q,j,check,['check'],"[('p1', 'check'), ('p2', 'check')]",6.0,-12.0,12.0,p1,showdown,False,2,114.0,114.0,rock
33,j,q,check,['check'],"[('p1', 'check'), ('p2', 'check')]",-6.0,-18.0,12.0,p2,showdown,False,2,114.0,114.0,rock
34,j,k,check,"['check', 'fold']","[('p1', 'check'), ('p2', 'max_raise'), ('p1', 'fold')]",-6.0,-24.0,24.0,p2,fold,False,3,114.0,102.0,rock
35,j,k,check,"['check', 'fold']","[('p1', 'check'), ('p2', 'max_raise'), ('p1', 'fold')]",-6.0,-30.0,24.0,p2,fold,False,3,114.0,102.0,rock
36,k,k,check,"['check', 'call']","[('p1', 'check'), ('p2', 'max_raise'), ('p1', 'call')]",0.0,-30.0,0.0,tie,showdown,False,3,114.0,102.0,rock
37,j,q,check,['check'],"[('p1', 'check'), ('p2', 'check')]",-6.0,-36.0,12.0,p2,showdown,False,2,114.0,114.0,rock
38,q,q,check,['check'],"[('p1', 'check'), ('p2', 'check')]",0.0,-36.0,0.0,tie,showdown,False,2,114.0,114.0,rock
39,j,k,check,"['check', 'fold']","[('p1', 'check'), ('p2', 'max_raise'), ('p1', 'fold')]",-6.0,-42.0,24.0,p2,fold,False,3,114.0,102.0,rock
40,j,j,check,['check'],"[('p1', 'check'), ('p2', 'check')]",0.0,-42.0,0.0,tie,showdown,False,2,114.0,114.0,rock
41,k,j,max_raise,['max_raise'],"[('p1', 'max_raise'), ('p2', 'fold')]",6.0,-36.0,24.0,p1,fold,False,2,102.0,114.0,rock
42,j,j,check,['check'],"[('p1', 'check'), ('p2', 'check')]",0.0,-36.0,0.0,tie,showdown,False,2,114.0,114.0,rock
43,k,k,check,"['check', 'call']","[('p1', 'check'), ('p2', 'max_raise'), ('p1', 'call')]",0.0,-36.0,0.0,tie,showdown,False,3,114.0,102.0,rock
44,j,k,check,"['check', 'fold']","[('p1', 'check'), ('p2', 'max_raise'), ('p1', 'fold')]",-6.0,-42.0,24.0,p2,fold,False,3,114.0,102.0,rock
45,q,q,check,['check'],"[('p1', 'check'), ('p2', 'check')]",0.0,-42.0,0.0,tie,showdown,False,2,114.0,114.0,rock
46,k,j,check,['check'],"[('p1', 'check'), ('p2', 'check')]",6.0,-36.0,12.0,p1,showdown,False,2,114.0,114.0,rock
47,j,k,check,"['check', 'fold']","[('p1', 'check'), ('p2', 'max_raise'), ('p1', 'fold')]",-6.0,-42.0,24.0,p2,fold,False,3,114.0,102.0,rock
48,j,j,check,['check'],"[('p1', 'check'), ('p2', 'check')]",0.0,-42.0,0.0,tie,showdown,False,2,114.0,114.0,rock
49,j,j,check,['check'],"[('p1', 'check'), ('p2', 'check')]",0.0,-42.0,0.0,tie,showdown,False,2,114.0,114.0,rock
50,k,j,check,['check'],"[('p1', 'check'), ('p2', 'check')]",6.0,-36.0,12.0,p1,showdown,False,2,114.0,114.0,rock
51,k,q,check,['check'],"[('p1', 'check'), ('p2', 'check')]",6.0,-30.0,12.0,p1,showdown,False,2,114.0,114.0,rock
52,q,k,check,"['check', 'fold']","[('p1', 'check'), ('p2', 'max_raise'), ('p1', 'fold')]",-6.0,-36.0,24.0,p2,fold,False,3,114.0,102.0,rock
53,k,q,check,['check'],"[('p1', 'check'), ('p2', 'check')]",6.0,-30.0,12.0,p1,showdown,False,2,114.0,114.0,rock
54,q,j,check,['check'],"[('p1', 'check'), ('p2', 'check')]",6.0,-24.0,12.0,p1,showdown,False,2,114.0,114.0,rock
55,k,k,check,"['check', 'call']","[('p1', 'check'), ('p2', 'max_raise'), ('p1', 'call')]",0.0,-24.0,0.0,tie,showdown,False,3,114.0,102.0,rock
56,j,j,check,['check'],"[('p1', 'check'), ('p2', 'check')]",0.0,-24.0,0.0,tie,showdown,False,2,114.0,114.0,rock
57,k,q,check,['check'],"[('p1', 'check'), ('p2', 'check')]",6.0,-18.0,12.0,p1,showdown,False,2,114.0,114.0,rock
58,q,q,check,['check'],"[('p1', 'check'), ('p2', 'check')]",0.0,-18.0,0.0,tie,showdown,False,2,114.0,114.0,rock
59,j,k,check,"['check', 'fold']","[('p1', 'check'), ('p2', 'max_raise'), ('p1', 'fold')]",-6.0,-24.0,24.0,p2,fold,False,3,114.0,102.0,rock
60,k,j,check,['check'],"[('p1', 'check'), ('p2', 'check')]",6.0,-18.0,12.0,p1,showdown,False,2,114.0,114.0,rock
61,j,j,check,['check'],"[('p1', 'check'), ('p2', 'check')]",0.0,-18.0,0.0,tie,showdown,False,2,114.0,114.0,rock
62,q,k,check,"['check', 'fold']","[('p1', 'check'), ('p2', 'max_raise'), ('p1', 'fold')]",-6.0,-24.0,24.0,p2,fold,False,3,114.0,102.0,rock
63,j,k,check,"['check', 'fold']","[('p1', 'check'), ('p2', 'max_raise'), ('p1', 'fold')]",-6.0,-30.0,24.0,p2,fold,False,3,114.0,102.0,rock
64,j,q,check,['check'],"[('p1', 'check'), ('p2', 'check')]",-6.0,-36.0,12.0,p2,showdown,False,2,114.0,114.0,rock
65,k,k,check,"['check', 'call']","[('p1', 'check'), ('p2', 'max_raise'), ('p1', 'call')]",0.0,-36.0,0.0,tie,showdown,False,3,114.0,102.0,rock
66,q,q,check,['check'],"[('p1', 'check'), ('p2', 'check')]",0.0,-36.0,0.0,tie,showdown,False,2,114.0,114.0,rock
67,j,q,check,['check'],"[('p1', 'check'), ('p2', 'check')]",-6.0,-42.0,12.0,p2,showdown,False,2,114.0,114.0,rock
68,q,j,check,['check'],"[('p1', 'check'), ('p2', 'check')]",6.0,-36.0,12.0,p1,showdown,False,2,114.0,114.0,rock
69,q,k,check,"['check', 'fold']","[('p1', 'check'), ('p2', 'max_raise'), ('p1', 'fold')]",-6.0,-42.0,24.0,p2,fold,False,3,114.0,102.0,rock
70,j,q,check,['check'],"[('p1', 'check'), ('p2', 'check')]",-6.0,-48.0,12.0,p2,showdown,False,2,114.0,114.0,rock
71,k,q,check,['check'],"[('p1', 'check'), ('p2', 'check')]",6.0,-42.0,12.0,p1,showdown,False,2,114.0,114.0,rock
72,q,j,check,['check'],"[('p1', 'check'), ('p2', 'check')]",6.0,-36.0,12.0,p1,showdown,False,2,114.0,114.0,rock
73,j,k,check,"['check', 'fold']","[('p1', 'check'), ('p2', 'max_raise'), ('p1', 'fold')]",-6.0,-42.0,24.0,p2,fold,False,3,114.0,102.0,rock
74,k,k,check,"['check', 'call']","[('p1', 'check'), ('p2', 'max_raise'), ('p1', 'call')]",0.0,-42.0,0.0,tie,showdown,False,3,114.0,102.0,rock
75,k,q,check,['check'],"[('p1', 'check'), ('p2', 'check')]",6.0,-36.0,12.0,p1,showdown,False,2,114.0,114.0,rock
76,q,j,check,['check'],"[('p1', 'check'), ('p2', 'check')]",6.0,-30.0,12.0,p1,showdown,False,2,114.0,114.0,rock
77,k,q,check,['check'],"[('p1', 'check'), ('p2', 'check')]",6.0,-24.0,12.0,p1,showdown,False,2,114.0,114.0,rock
78,k,j,check,['check'],"[('p1', 'check'), ('p2', 'check')]",6.0,-18.0,12.0,p1,showdown,False,2,114.0,114.0,rock
79,k,j,check,['check'],"[('p1', 'check'), ('p2', 'check')]",6.0,-12.0,12.0,p1,showdown,False,2,114.0,114.0,rock
80,j,j,check,['check'],"[('p1', 'check'), ('p2', 'check')]",0.0,-12.0,0.0,tie,showdown,False,2,114.0,114.0,rock
81,k,j,check,['check'],"[('p1', 'check'), ('p2', 'check')]",6.0,-6.0,12.0,p1,showdown,False,2,114.0,114.0,rock
82,j,k,check,"['check', 'fold']","[('p1', 'check'), ('p2', 'max_raise'), ('p1', 'fold')]",-6.0,-12.0,24.0,p2,fold,False,3,114.0,102.0,rock
83,q,j,check,['check'],"[('p1', 'check'), ('p2', 'check')]",6.0,-6.0,12.0,p1,showdown,False,2,114.0,114.0,rock
84,k,k,check,"['check', 'call']","[('p1', 'check'), ('p2', 'max_raise'), ('p1', 'call')]",0.0,-6.0,0.0,tie,showdown,False,3,114.0,102.0,rock
85,q,q,check,['check'],"[('p1', 'check'), ('p2', 'check')]",0.0,-6.0,0.0,tie,showdown,False,2,114.0,114.0,rock
86,k,k,check,"['check', 'call']","[('p1', 'check'), ('p2', 'max_raise'), ('p1', 'call')]",0.0,-6.0,0.0,tie,showdown,False,3,114.0,102.0,rock
87,k,q,min_raise,['min_raise'],"[('p1', 'min_raise'), ('p2', 'fold')]",6.0,0.0,18.0,p1,fold,False,2,108.0,114.0,rock
88,q,j,check,['check'],"[('p1', 'check'), ('p2', 'check')]",6.0,6.0,12.0,p1,showdown,False,2,114.0,114.0,rock
89,q,j,check,['check'],"[('p1', 'check'), ('p2', 'check')]",6.0,12.0,12.0,p1,showdown,False,2,114.0,114.0,rock
90,k,q,check,['check'],"[('p1', 'check'), ('p2', 'check')]",6.0,18.0,12.0,p1,showdown,False,2,114.0,114.0,rock
91,k,q,check,['check'],"[('p1', 'check'), ('p2', 'check')]",6.0,24.0,12.0,p1,showdown,False,2,114.0,114.0,rock
92,j,j,check,['check'],"[('p1', 'check'), ('p2', 'check')]",0.0,24.0,0.0,tie,showdown,False,2,114.0,114.0,rock
93,j,q,check,['check'],"[('p1', 'check'), ('p2', 'check')]",-6.0,18.0,12.0,p2,showdown,False,2,114.0,114.0,rock
94,q,k,check,"['check', 'fold']","[('p1', 'check'), ('p2', 'max_raise'), ('p1', 'fold')]",-6.0,12.0,24.0,p2,fold,False,3,114.0,102.0,rock
95,q,k,check,"['check', 'fold']","[('p1', 'check'), ('p2', 'max_raise'), ('p1', 'fold')]",-6.0,6.0,24.0,p2,fold,False,3,114.0,102.0,rock
96,k,j,check,['check'],"[('p1', 'check'), ('p2', 'check')]",6.0,12.0,12.0,p1,showdown,False,2,114.0,114.0,rock
97,q,k,check,"['check', 'fold']","[('p1', 'check'), ('p2', 'max_raise'), ('p1', 'fold')]",-6.0,6.0,24.0,p2,fold,False,3,114.0,102.0,rock
98,j,k,check,"['check', 'fold']","[('p1', 'check'), ('p2', 'max_raise'), ('p1', 'fold')]",-6.0,0.0,24.0,p2,fold,False,3,114.0,102.0,rock
99,q,j,check,['check'],"[('p1', 'check'), ('p2', 'check')]",6.0,6.0,12.0,p1,showdown,False,2,114.0,114.0,rock
100,q,q,check,['check'],"[('p1', 'check'), ('p2', 'check')]",0.0,6.0,0.0,tie,showdown,False,2,114.0,114.0,rock
101,q,j,check,['check'],"[('p1', 'check'), ('p2', 'check')]",6.0,12.0,12.0,p1,showdown,False,2,114.0,114.0,rock
102,q,j,check,['check'],"[('p1', 'check'), ('p2', 'check')]",6.0,18.0,12.0,p1,showdown,False,2,114.0,114.0,rock
103,j,q,check,['check'],"[('p1', 'check'), ('p2', 'check')]",-6.0,12.0,12.0,p2,showdown,False,2,114.0,114.0,rock
104,k,j,check,['check'],"[('p1', 'check'), ('p2', 'check')]",6.0,18.0,12.0,p1,showdown,False,2,114.0,114.0,rock
105,j,k,check,"['check', 'fold']","[('p1', 'check'), ('p2', 'max_raise'), ('p1', 'fold')]",-6.0,12.0,24.0,p2,fold,False,3,114.0,102.0,rock
106,k,j,max_raise,['max_raise'],"[('p1', 'max_raise'), ('p2', 'fold')]",6.0,18.0,24.0,p1,fold,False,2,102.0,114.0,rock
107,q,q,check,['check'],"[('p1', 'check'), ('p2', 'check')]",0.0,18.0,0.0,tie,showdown,False,2,114.0,114.0,rock
108,q,j,check,['check'],"[('p1', 'check'), ('p2', 'check')]",6.0,24.0,12.0,p1,showdown,False,2,114.0,114.0,rock
109,q,k,check,"['check', 'fold']","[('p1', 'check'), ('p2', 'max_raise'), ('p1', 'fold')]",-6.0,18.0,24.0,p2,fold,False,3,114.0,102.0,rock
110,q,j,check,['check'],"[('p1', 'check'), ('p2', 'check')]",6.0,24.0,12.0,p1,showdown,False,2,114.0,114.0,rock
111,q,k,check,"['check', 'fold']","[('p1', 'check'), ('p2', 'max_raise'), ('p1', 'fold')]",-6.0,18.0,24.0,p2,fold,False,3,114.0,102.0,rock
112,q,q,check,['check'],"[('p1', 'check'), ('p2', 'check')]",0.0,18.0,0.0,tie,showdown,False,2,114.0,114.0,rock
113,k,j,check,['check'],"[('p1', 'check'), ('p2', 'check')]",6.0,24.0,12.0,p1,showdown,False,2,114.0,114.0,rock
114,j,k,check,"['check', 'fold']","[('p1', 'check'), ('p2', 'max_raise'), ('p1', 'fold')]",-6.0,18.0,24.0,p2,fold,False,3,114.0,102.0,rock
115,k,q,check,['check'],"[('p1', 'check'), ('p2', 'check')]",6.0,24.0,12.0,p1,showdown,False,2,114.0,114.0,rock
116,q,k,check,"['check', 'fold']","[('p1', 'check'), ('p2', 'max_raise'), ('p1', 'fold')]",-6.0,18.0,24.0,p2,fold,False,3,114.0,102.0,rock
117,j,j,check,['check'],"[('p1', 'check'), ('p2', 'check')]",0.0,18.0,0.0,tie,showdown,False,2,114.0,114.0,rock
118,k,k,check,"['check', 'call']","[('p1', 'check'), ('p2', 'max_raise'), ('p1', 'call')]",0.0,18.0,0.0,tie,showdown,False,3,114.0,102.0,rock
119,k,j,check,['check'],"[('p1', 'check'), ('p2', 'check')]",6.0,24.0,12.0,p1,showdown,False,2,114.0,114.0,rock
120,j,j,check,['check'],"[('p1', 'check'), ('p2', 'check')]",0.0,24.0,0.0,tie,showdown,False,2,114.0,114.0,rock
121,q,k,check,"['check', 'fold']","[('p1', 'check'), ('p2', 'max_raise'), ('p1', 'fold')]",-6.0,18.0,24.0,p2,fold,False,3,114.0,102.0,rock
122,q,k,check,"['check', 'fold']","[('p1', 'check'), ('p2', 'max_raise'), ('p1', 'fold')]",-6.0,12.0,24.0,p2,fold,False,3,114.0,102.0,rock
123,q,j,check,['check'],"[('p1', 'check'), ('p2', 'check')]",6.0,18.0,12.0,p1,showdown,False,2,114.0,114.0,rock
124,k,q,check,['check'],"[('p1', 'check'), ('p2', 'check')]",6.0,24.0,12.0,p1,showdown,False,2,114.0,114.0,rock
125,q,j,check,['check'],"[('p1', 'check'), ('p2', 'check')]",6.0,30.0,12.0,p1,showdown,False,2,114.0,114.0,rock
126,k,k,check,"['check', 'call']","[('p1', 'check'), ('p2', 'max_raise'), ('p1', 'call')]",0.0,30.0,0.0,tie,showdown,False,3,114.0,102.0,rock
127,k,q,check,['check'],"[('p1', 'check'), ('p2', 'check')]",6.0,36.0,12.0,p1,showdown,False,2,114.0,114.0,rock
128,k,q,check,['check'],"[('p1', 'check'), ('p2', 'check')]",6.0,42.0,12.0,p1,showdown,False,2,114.0,114.0,rock
129,j,k,check,"['check', 'fold']","[('p1', 'check'), ('p2', 'max_raise'), ('p1', 'fold')]",-6.0,36.0,24.0,p2,fold,False,3,114.0,102.0,rock
130,j,k,check,"['check', 'fold']","[('p1', 'check'), ('p2', 'max_raise'), ('p1', 'fold')]",-6.0,30.0,24.0,p2,fold,False,3,114.0,102.0,rock
131,q,j,check,['check'],"[('p1', 'check'), ('p2', 'check')]",6.0,36.0,12.0,p1,showdown,False,2,114.0,114.0,rock
132,j,k,check,"['check', 'fold']","[('p1', 'check'), ('p2', 'max_raise'), ('p1', 'fold')]",-6.0,30.0,24.0,p2,fold,False,3,114.0,102.0,rock
133,j,q,check,['check'],"[('p1', 'check'), ('p2', 'check')]",-6.0,24.0,12.0,p2,showdown,False,2,114.0,114.0,rock
134,j,j,check,['check'],"[('p1', 'check'), ('p2', 'check')]",0.0,24.0,0.0,tie,showdown,False,2,114.0,114.0,rock
135,k,j,check,['check'],"[('p1', 'check'), ('p2', 'check')]",6.0,30.0,12.0,p1,showdown,False,2,114.0,114.0,rock
136,k,q,check,['check'],"[('p1', 'check'), ('p2', 'check')]",6.0,36.0,12.0,p1,showdown,False,2,114.0,114.0,rock
137,k,q,check,['check'],"[('p1', 'check'), ('p2', 'check')]",6.0,42.0,12.0,p1,showdown,False,2,114.0,114.0,rock
138,q,j,check,['check'],"[('p1', 'check'), ('p2', 'check')]",6.0,48.0,12.0,p1,showdown,False,2,114.0,114.0,rock
139,q,j,check,['check'],"[('p1', 'check'), ('p2', 'check')]",6.0,54.0,12.0,p1,showdown,False,2,114.0,114.0,rock
140,q,j,check,['check'],"[('p1', 'check'), ('p2', 'check')]",6.0,60.0,12.0,p1,showdown,False,2,114.0,114.0,rock
141,k,k,check,"['check', 'call']","[('p1', 'check'), ('p2', 'max_raise'), ('p1', 'call')]",0.0,60.0,0.0,tie,showdown,False,3,114.0,102.0,rock
142,k,j,check,['check'],"[('p1', 'check'), ('p2', 'check')]",6.0,66.0,12.0,p1,showdown,False,2,114.0,114.0,rock
143,q,k,check,"['check', 'fold']","[('p1', 'check'), ('p2', 'max_raise'), ('p1', 'fold')]",-6.0,60.0,24.0,p2,fold,False,3,114.0,102.0,rock
144,k,k,check,"['check', 'call']","[('p1', 'check'), ('p2', 'max_raise'), ('p1', 'call')]",0.0,60.0,0.0,tie,showdown,False,3,114.0,102.0,rock
145,j,q,check,['check'],"[('p1', 'check'), ('p2', 'check')]",-6.0,54.0,12.0,p2,showdown,False,2,114.0,114.0,rock
146,j,k,check,"['check', 'fold']","[('p1', 'check'), ('p2', 'max_raise'), ('p1', 'fold')]",-6.0,48.0,24.0,p2,fold,False,3,114.0,102.0,rock
147,q,j,check,['check'],"[('p1', 'check'), ('p2', 'check')]",6.0,54.0,12.0,p1,showdown,False,2,114.0,114.0,rock
148,q,q,check,['check'],"[('p1', 'check'), ('p2', 'check')]",0.0,54.0,0.0,tie,showdown,False,2,114.0,114.0,rock
149,k,k,check,"['check', 'call']","[('p1', 'check'), ('p2', 'max_raise'), ('p1', 'call')]",0.0,54.0,0.0,tie,showdown,False,3,114.0,102.0,rock
150,k,q,check,['check'],"[('p1', 'check'), ('p2', 'check')]",6.0,60.0,12.0,p1,showdown,False,2,114.0,114.0,rock
151,k,q,max_raise,['max_raise'],"[('p1', 'max_raise'), ('p2', 'fold')]",6.0,66.0,24.0,p1,fold,False,2,102.0,114.0,rock
152,q,k,check,"['check', 'fold']","[('p1', 'check'), ('p2', 'max_raise'), ('p1', 'fold')]",-6.0,60.0,24.0,p2,fold,False,3,114.0,102.0,rock
153,k,q,check,['check'],"[('p1', 'check'), ('p2', 'check')]",6.0,66.0,12.0,p1,showdown,False,2,114.0,114.0,rock
154,q,k,check,"['check', 'fold']","[('p1', 'check'), ('p2', 'max_raise'), ('p1', 'fold')]",-6.0,60.0,24.0,p2,fold,False,3,114.0,102.0,rock
155,j,j,check,['check'],"[('p1', 'check'), ('p2', 'check')]",0.0,60.0,0.0,tie,showdown,False,2,114.0,114.0,rock
156,q,j,check,['check'],"[('p1', 'check'), ('p2', 'check')]",6.0,66.0,12.0,p1,showdown,False,2,114.0,114.0,rock
157,j,k,check,"['check', 'fold']","[('p1', 'check'), ('p2', 'max_raise'), ('p1', 'fold')]",-6.0,60.0,24.0,p2,fold,False,3,114.0,102.0,rock
158,q,k,check,"['check', 'fold']","[('p1', 'check'), ('p2', 'max_raise'), ('p1', 'fold')]",-6.0,54.0,24.0,p2,fold,False,3,114.0,102.0,rock
159,j,j,check,['check'],"[('p1', 'check'), ('p2', 'check')]",0.0,54.0,0.0,tie,showdown,False,2,114.0,114.0,rock
160,k,j,check,['check'],"[('p1', 'check'), ('p2', 'check')]",6.0,60.0,12.0,p1,showdown,False,2,114.0,114.0,rock
161,j,k,check,"['check', 'fold']","[('p1', 'check'), ('p2', 'max_raise'), ('p1', 'fold')]",-6.0,54.0,24.0,p2,fold,False,3,114.0,102.0,rock
162,q,q,check,['check'],"[('p1', 'check'), ('p2', 'check')]",0.0,54.0,0.0,tie,showdown,False,2,114.0,114.0,rock
163,k,j,check,['check'],"[('p1', 'check'), ('p2', 'check')]",6.0,60.0,12.0,p1,showdown,False,2,114.0,114.0,rock
164,j,k,check,"['check', 'fold']","[('p1', 'check'), ('p2', 'max_raise'), ('p1', 'fold')]",-6.0,54.0,24.0,p2,fold,False,3,114.0,102.0,rock
165,k,k,check,"['check', 'call']","[('p1', 'check'), ('p2', 'max_raise'), ('p1', 'call')]",0.0,54.0,0.0,tie,showdown,False,3,114.0,102.0,rock
166,q,k,check,"['check', 'fold']","[('p1', 'check'), ('p2', 'max_raise'), ('p1', 'fold')]",-6.0,48.0,24.0,p2,fold,False,3,114.0,102.0,rock
167,q,k,check,"['check', 'fold']","[('p1', 'check'), ('p2', 'max_raise'), ('p1', 'fold')]",-6.0,42.0,24.0,p2,fold,False,3,114.0,102.0,rock
168,k,q,check,['check'],"[('p1', 'check'), ('p2', 'check')]",6.0,48.0,12.0,p1,showdown,False,2,114.0,114.0,rock
169,j,k,check,"['check', 'call']","[('p1', 'check'), ('p2', 'max_raise'), ('p1', 'call')]",-18.0,30.0,36.0,p2,showdown,False,3,114.0,102.0,rock
170,j,q,check,['check'],"[('p1', 'check'), ('p2', 'check')]",-6.0,24.0,12.0,p2,showdown,False,2,114.0,114.0,rock
171,j,j,check,['check'],"[('p1', 'check'), ('p2', 'check')]",0.0,24.0,0.0,tie,showdown,False,2,114.0,114.0,rock
172,k,q,check,['check'],"[('p1', 'check'), ('p2', 'check')]",6.0,30.0,12.0,p1,showdown,False,2,114.0,114.0,rock
173,q,k,check,"['check', 'fold']","[('p1', 'check'), ('p2', 'max_raise'), ('p1', 'fold')]",-6.0,24.0,24.0,p2,fold,False,3,114.0,102.0,rock
174,q,k,check,"['check', 'fold']","[('p1', 'check'), ('p2', 'max_raise'), ('p1', 'fold')]",-6.0,18.0,24.0,p2,fold,False,3,114.0,102.0,rock
175,j,j,check,['check'],"[('p1', 'check'), ('p2', 'check')]",0.0,18.0,0.0,tie,showdown,False,2,114.0,114.0,rock
176,q,k,check,"['check', 'fold']","[('p1', 'check'), ('p2', 'max_raise'), ('p1', 'fold')]",-6.0,12.0,24.0,p2,fold,False,3,114.0,102.0,rock
177,q,k,check,"['check', 'fold']","[('p1', 'check'), ('p2', 'max_raise'), ('p1', 'fold')]",-6.0,6.0,24.0,p2,fold,False,3,114.0,102.0,rock
178,k,k,check,"['check', 'call']","[('p1', 'check'), ('p2', 'max_raise'), ('p1', 'call')]",0.0,6.0,0.0,tie,showdown,False,3,114.0,102.0,rock
179,k,j,check,['check'],"[('p1', 'check'), ('p2', 'check')]",6.0,12.0,12.0,p1,showdown,False,2,114.0,114.0,rock
180,q,j,check,['check'],"[('p1', 'check'), ('p2', 'check')]",6.0,18.0,12.0,p1,showdown,False,2,114.0,114.0,rock
181,j,k,check,"['check', 'fold']","[('p1', 'check'), ('p2', 'max_raise'), ('p1', 'fold')]",-6.0,12.0,24.0,p2,fold,False,3,114.0,102.0,rock
182,q,q,check,['check'],"[('p1', 'check'), ('p2', 'check')]",0.0,12.0,0.0,tie,showdown,False,2,114.0,114.0,rock
183,j,j,check,['check'],"[('p1', 'check'), ('p2', 'check')]",0.0,12.0,0.0,tie,showdown,False,2,114.0,114.0,rock
184,q,j,check,['check'],"[('p1', 'check'), ('p2', 'check')]",6.0,18.0,12.0,p1,showdown,False,2,114.0,114.0,rock
185,k,k,check,"['check', 'call']","[('p1', 'check'), ('p2', 'max_raise'), ('p1', 'call')]",0.0,18.0,0.0,tie,showdown,False,3,114.0,102.0,rock
186,k,k,check,"['check', 'call']","[('p1', 'check'), ('p2', 'max_raise'), ('p1', 'call')]",0.0,18.0,0.0,tie,showdown,False,3,114.0,102.0,rock
187,j,j,check,['check'],"[('p1', 'check'), ('p2', 'check')]",0.0,18.0,0.0,tie,showdown,False,2,114.0,114.0,rock
188,j,k,check,"['check', 'fold']","[('p1', 'check'), ('p2', 'max_raise'), ('p1', 'fold')]",-6.0,12.0,24.0,p2,fold,False,3,114.0,102.0,rock
189,j,j,check,['check'],"[('p1', 'check'), ('p2', 'check')]",0.0,12.0,0.0,tie,showdown,False,2,114.0,114.0,rock
190,k,q,check,['check'],"[('p1', 'check'), ('p2', 'check')]",6.0,18.0,12.0,p1,showdown,False,2,114.0,114.0,rock
191,j,j,check,['check'],"[('p1', 'check'), ('p2', 'check')]",0.0,18.0,0.0,tie,showdown,False,2,114.0,114.0,rock
192,k,k,check,"['check', 'call']","[('p1', 'check'), ('p2', 'max_raise'), ('p1', 'call')]",0.0,18.0,0.0,tie,showdown,False,3,114.0,102.0,rock
193,q,j,check,['check'],"[('p1', 'check'), ('p2', 'check')]",6.0,24.0,12.0,p1,showdown,False,2,114.0,114.0,rock
194,q,q,check,['check'],"[('p1', 'check'), ('p2', 'check')]",0.0,24.0,0.0,tie,showdown,False,2,114.0,114.0,rock
195,q,j,check,['check'],"[('p1', 'check'), ('p2', 'check')]",6.0,30.0,12.0,p1,showdown,False,2,114.0,114.0,rock
196,q,j,check,['check'],"[('p1', 'check'), ('p2', 'check')]",6.0,36.0,12.0,p1,showdown,False,2,114.0,114.0,rock
197,q,j,check,['check'],"[('p1', 'check'), ('p2', 'check')]",6.0,42.0,12.0,p1,showdown,False,2,114.0,114.0,rock
198,k,j,check,['check'],"[('p1', 'check'), ('p2', 'check')]",6.0,48.0,12.0,p1,showdown,False,2,114.0,114.0,rock
199,k,j,check,['check'],"[('p1', 'check'), ('p2', 'check')]",6.0,54.0,12.0,p1,showdown,False,2,114.0,114.0,rock
200,q,q,check,['check'],"[('p1', 'check'), ('p2', 'check')]",0.0,54.0,0.0,tie,showdown,False,2,114.0,114.0,rock
201,q,k,check,"['check', 'fold']","[('p1', 'check'), ('p2', 'max_raise'), ('p1', 'fold')]",-6.0,48.0,24.0,p2,fold,False,3,114.0,102.0,rock
202,k,q,check,['check'],"[('p1', 'check'), ('p2', 'check')]",6.0,54.0,12.0,p1,showdown,False,2,114.0,114.0,rock
203,q,j,check,['check'],"[('p1', 'check'), ('p2', 'check')]",6.0,60.0,12.0,p1,showdown,False,2,114.0,114.0,rock
204,j,k,check,"['check', 'fold']","[('p1', 'check'), ('p2', 'max_raise'), ('p1', 'fold')]",-6.0,54.0,24.0,p2,fold,False,3,114.0,102.0,rock
205,q,j,check,['check'],"[('p1', 'check'), ('p2', 'check')]",6.0,60.0,12.0,p1,showdown,False,2,114.0,114.0,rock
206,q,k,check,"['check', 'fold']","[('p1', 'check'), ('p2', 'max_raise'), ('p1', 'fold')]",-6.0,54.0,24.0,p2,fold,False,3,114.0,102.0,rock
207,q,j,check,['check'],"[('p1', 'check'), ('p2', 'check')]",6.0,60.0,12.0,p1,showdown,False,2,114.0,114.0,rock
208,j,k,check,"['check', 'call']","[('p1', 'check'), ('p2', 'max_raise'), ('p1', 'call')]",-18.0,42.0,36.0,p2,showdown,False,3,114.0,102.0,rock
209,q,j,check,['check'],"[('p1', 'check'), ('p2', 'check')]",6.0,48.0,12.0,p1,showdown,False,2,114.0,114.0,rock
210,q,k,check,"['check', 'fold']","[('p1', 'check'), ('p2', 'max_raise'), ('p1', 'fold')]",-6.0,42.0,24.0,p2,fold,False,3,114.0,102.0,rock
211,k,q,check,['check'],"[('p1', 'check'), ('p2', 'check')]",6.0,48.0,12.0,p1,showdown,False,2,114.0,114.0,rock
212,q,q,check,['check'],"[('p1', 'check'), ('p2', 'check')]",0.0,48.0,0.0,tie,showdown,False,2,114.0,114.0,rock
213,q,k,check,"['check', 'fold']","[('p1', 'check'), ('p2', 'max_raise'), ('p1', 'fold')]",-6.0,42.0,24.0,p2,fold,False,3,114.0,102.0,rock
214,q,j,check,['check'],"[('p1', 'check'), ('p2', 'check')]",6.0,48.0,12.0,p1,showdown,False,2,114.0,114.0,rock
215,k,q,check,['check'],"[('p1', 'check'), ('p2', 'check')]",6.0,54.0,12.0,p1,showdown,False,2,114.0,114.0,rock
216,k,k,check,"['check', 'call']","[('p1', 'check'), ('p2', 'max_raise'), ('p1', 'call')]",0.0,54.0,0.0,tie,showdown,False,3,114.0,102.0,rock
217,k,k,check,"['check', 'call']","[('p1', 'check'), ('p2', 'max_raise'), ('p1', 'call')]",0.0,54.0,0.0,tie,showdown,False,3,114.0,102.0,rock
218,j,k,check,"['check', 'fold']","[('p1', 'check'), ('p2', 'max_raise'), ('p1', 'fold')]",-6.0,48.0,24.0,p2,fold,False,3,114.0,102.0,rock
219,q,j,check,['check'],"[('p1', 'check'), ('p2', 'check')]",6.0,54.0,12.0,p1,showdown,False,2,114.0,114.0,rock
220,j,q,check,['check'],"[('p1', 'check'), ('p2', 'check')]",-6.0,48.0,12.0,p2,showdown,False,2,114.0,114.0,rock
221,q,q,check,['check'],"[('p1', 'check'), ('p2', 'check')]",0.0,48.0,0.0,tie,showdown,False,2,114.0,114.0,rock
222,k,k,check,"['check', 'call']","[('p1', 'check'), ('p2', 'max_raise'), ('p1', 'call')]",0.0,48.0,0.0,tie,showdown,False,3,114.0,102.0,rock
223,k,j,check,['check'],"[('p1', 'check'), ('p2', 'check')]",6.0,54.0,12.0,p1,showdown,False,2,114.0,114.0,rock
224,k,q,check,['check'],"[('p1', 'check'), ('p2', 'check')]",6.0,60.0,12.0,p1,showdown,False,2,114.0,114.0,rock
225,q,k,check,"['check', 'fold']","[('p1', 'check'), ('p2', 'max_raise'), ('p1', 'fold')]",-6.0,54.0,24.0,p2,fold,False,3,114.0,102.0,rock
226,q,q,check,['check'],"[('p1', 'check'), ('p2', 'check')]",0.0,54.0,0.0,tie,showdown,False,2,114.0,114.0,rock
227,q,q,check,['check'],"[('p1', 'check'), ('p2', 'check')]",0.0,54.0,0.0,tie,showdown,False,2,114.0,114.0,rock
228,j,k,check,"['check', 'fold']","[('p1', 'check'), ('p2', 'max_raise'), ('p1', 'fold')]",-6.0,48.0,24.0,p2,fold,False,3,114.0,102.0,rock
229,q,j,check,['check'],"[('p1', 'check'), ('p2', 'check')]",6.0,54.0,12.0,p1,showdown,False,2,114.0,114.0,rock
230,q,j,check,['check'],"[('p1', 'check'), ('p2', 'check')]",6.0,60.0,12.0,p1,showdown,False,2,114.0,114.0,rock
231,k,k,check,"['check', 'call']","[('p1', 'check'), ('p2', 'max_raise'), ('p1', 'call')]",0.0,60.0,0.0,tie,showdown,False,3,114.0,102.0,rock
232,q,j,check,['check'],"[('p1', 'check'), ('p2', 'check')]",6.0,66.0,12.0,p1,showdown,False,2,114.0,114.0,rock
233,q,k,check,"['check', 'fold']","[('p1', 'check'), ('p2', 'max_raise'), ('p1', 'fold')]",-6.0,60.0,24.0,p2,fold,False,3,114.0,102.0,rock
234,q,q,check,['check'],"[('p1', 'check'), ('p2', 'check')]",0.0,60.0,0.0,tie,showdown,False,2,114.0,114.0,rock
235,k,j,check,['check'],"[('p1', 'check'), ('p2', 'check')]",6.0,66.0,12.0,p1,showdown,False,2,114.0,114.0,rock
236,q,j,check,['check'],"[('p1', 'check'), ('p2', 'check')]",6.0,72.0,12.0,p1,showdown,False,2,114.0,114.0,rock
237,q,j,check,['check'],"[('p1', 'check'), ('p2', 'check')]",6.0,78.0,12.0,p1,showdown,False,2,114.0,114.0,rock
238,j,q,check,['check'],"[('p1', 'check'), ('p2', 'check')]",-6.0,72.0,12.0,p2,showdown,False,2,114.0,114.0,rock
239,q,j,check,['check'],"[('p1', 'check'), ('p2', 'check')]",6.0,78.0,12.0,p1,showdown,False,2,114.0,114.0,rock
240,j,k,check,"['check', 'fold']","[('p1', 'check'), ('p2', 'max_raise'), ('p1', 'fold')]",-6.0,72.0,24.0,p2,fold,False,3,114.0,102.0,rock
241,k,j,check,['check'],"[('p1', 'check'), ('p2', 'check')]",6.0,78.0,12.0,p1,showdown,False,2,114.0,114.0,rock
242,k,j,check,['check'],"[('p1', 'check'), ('p2', 'check')]",6.0,84.0,12.0,p1,showdown,False,2,114.0,114.0,rock
243,q,j,check,['check'],"[('p1', 'check'), ('p2', 'check')]",6.0,90.0,12.0,p1,showdown,False,2,114.0,114.0,rock
244,k,k,check,"['check', 'call']","[('p1', 'check'), ('p2', 'max_raise'), ('p1', 'call')]",0.0,90.0,0.0,tie,showdown,False,3,114.0,102.0,rock
245,k,j,check,['check'],"[('p1', 'check'), ('p2', 'check')]",6.0,96.0,12.0,p1,showdown,False,2,114.0,114.0,rock
246,k,q,check,['check'],"[('p1', 'check'), ('p2', 'check')]",6.0,102.0,12.0,p1,showdown,False,2,114.0,114.0,rock
247,q,j,check,['check'],"[('p1', 'check'), ('p2', 'check')]",6.0,108.0,12.0,p1,showdown,False,2,114.0,114.0,rock
248,k,q,check,['check'],"[('p1', 'check'), ('p2', 'check')]",6.0,114.0,12.0,p1,showdown,False,2,114.0,114.0,rock
249,q,j,check,['check'],"[('p1', 'check'), ('p2', 'check')]",6.0,120.0,12.0,p1,showdown,False,2,114.0,114.0,rock
250,j,j,check,['check'],"[('p1', 'check'), ('p2', 'check')]",0.0,120.0,0.0,tie,showdown,False,2,114.0,114.0,rock
251,k,k,check,"['check', 'call']","[('p1', 'check'), ('p2', 'max_raise'), ('p1', 'call')]",0.0,120.0,0.0,tie,showdown,False,3,114.0,102.0,rock
252,k,q,check,['check'],"[('p1', 'check'), ('p2', 'check')]",6.0,126.0,12.0,p1,showdown,False,2,114.0,114.0,rock
253,j,j,check,['check'],"[('p1', 'check'), ('p2', 'check')]",0.0,126.0,0.0,tie,showdown,False,2,114.0,114.0,rock
254,q,j,check,['check'],"[('p1', 'check'), ('p2', 'check')]",6.0,132.0,12.0,p1,showdown,False,2,114.0,114.0,rock
255,q,k,check,"['check', 'call']","[('p1', 'check'), ('p2', 'max_raise'), ('p1', 'call')]",-18.0,114.0,36.0,p2,showdown,False,3,114.0,102.0,rock
256,q,q,check,['check'],"[('p1', 'check'), ('p2', 'check')]",0.0,114.0,0.0,tie,showdown,False,2,114.0,114.0,rock
257,j,k,check,"['check', 'call']","[('p1', 'check'), ('p2', 'max_raise'), ('p1', 'call')]",-18.0,96.0,36.0,p2,showdown,False,3,114.0,102.0,rock
258,j,j,check,['check'],"[('p1', 'check'), ('p2', 'check')]",0.0,96.0,0.0,tie,showdown,False,2,114.0,114.0,rock
259,j,j,check,['check'],"[('p1', 'check'), ('p2', 'check')]",0.0,96.0,0.0,tie,showdown,False,2,114.0,114.0,rock
260,j,k,check,"['check', 'fold']","[('p1', 'check'), ('p2', 'max_raise'), ('p1', 'fold')]",-6.0,90.0,24.0,p2,fold,False,3,114.0,102.0,rock
261,q,j,check,['check'],"[('p1', 'check'), ('p2', 'check')]",6.0,96.0,12.0,p1,showdown,False,2,114.0,114.0,rock
262,j,k,check,"['check', 'fold']","[('p1', 'check'), ('p2', 'max_raise'), ('p1', 'fold')]",-6.0,90.0,24.0,p2,fold,False,3,114.0,102.0,rock
263,k,k,check,"['check', 'call']","[('p1', 'check'), ('p2', 'max_raise'), ('p1', 'call')]",0.0,90.0,0.0,tie,showdown,False,3,114.0,102.0,rock
264,k,j,check,['check'],"[('p1', 'check'), ('p2', 'check')]",6.0,96.0,12.0,p1,showdown,False,2,114.0,114.0,rock
265,j,q,check,['check'],"[('p1', 'check'), ('p2', 'check')]",-6.0,90.0,12.0,p2,showdown,False,2,114.0,114.0,rock
266,q,k,check,"['check', 'fold']","[('p1', 'check'), ('p2', 'max_raise'), ('p1', 'fold')]",-6.0,84.0,24.0,p2,fold,False,3,114.0,102.0,rock
267,j,k,check,"['check', 'fold']","[('p1', 'check'), ('p2', 'max_raise'), ('p1', 'fold')]",-6.0,78.0,24.0,p2,fold,False,3,114.0,102.0,rock
268,j,j,check,['check'],"[('p1', 'check'), ('p2', 'check')]",0.0,78.0,0.0,tie,showdown,False,2,114.0,114.0,rock
269,q,j,check,['check'],"[('p1', 'check'), ('p2', 'check')]",6.0,84.0,12.0,p1,showdown,False,2,114.0,114.0,rock
270,j,q,check,['check'],"[('p1', 'check'), ('p2', 'check')]",-6.0,78.0,12.0,p2,showdown,False,2,114.0,114.0,rock
271,j,q,check,['check'],"[('p1', 'check'), ('p2', 'check')]",-6.0,72.0,12.0,p2,showdown,False,2,114.0,114.0,rock
272,k,k,check,"['check', 'call']","[('p1', 'check'), ('p2', 'max_raise'), ('p1', 'call')]",0.0,72.0,0.0,tie,showdown,False,3,114.0,102.0,rock
273,q,q,check,['check'],"[('p1', 'check'), ('p2', 'check')]",0.0,72.0,0.0,tie,showdown,False,2,114.0,114.0,rock
274,k,q,check,['check'],"[('p1', 'check'), ('p2', 'check')]",6.0,78.0,12.0,p1,showdown,False,2,114.0,114.0,rock
275,k,q,check,['check'],"[('p1', 'check'), ('p2', 'check')]",6.0,84.0,12.0,p1,showdown,False,2,114.0,114.0,rock
276,q,q,check,['check'],"[('p1', 'check'), ('p2', 'check')]",0.0,84.0,0.0,tie,showdown,False,2,114.0,114.0,rock
277,k,q,check,['check'],"[('p1', 'check'), ('p2', 'check')]",6.0,90.0,12.0,p1,showdown,False,2,114.0,114.0,rock
278,k,q,check,['check'],"[('p1', 'check'), ('p2', 'check')]",6.0,96.0,12.0,p1,showdown,False,2,114.0,114.0,rock
279,k,k,check,"['check', 'call']","[('p1', 'check'), ('p2', 'max_raise'), ('p1', 'call')]",0.0,96.0,0.0,tie,showdown,False,3,114.0,102.0,rock
280,j,k,check,"['check', 'fold']","[('p1', 'check'), ('p2', 'max_raise'), ('p1', 'fold')]",-6.0,90.0,24.0,p2,fold,False,3,114.0,102.0,rock
281,k,j,check,['check'],"[('p1', 'check'), ('p2', 'check')]",6.0,96.0,12.0,p1,showdown,False,2,114.0,114.0,rock
282,j,k,check,"['check', 'fold']","[('p1', 'check'), ('p2', 'max_raise'), ('p1', 'fold')]",-6.0,90.0,24.0,p2,fold,False,3,114.0,102.0,rock
283,k,k,check,"['check', 'call']","[('p1', 'check'), ('p2', 'max_raise'), ('p1', 'call')]",0.0,90.0,0.0,tie,showdown,False,3,114.0,102.0,rock
284,q,j,check,['check'],"[('p1', 'check'), ('p2', 'check')]",6.0,96.0,12.0,p1,showdown,False,2,114.0,114.0,rock
285,j,k,check,"['check', 'fold']","[('p1', 'check'), ('p2', 'max_raise'), ('p1', 'fold')]",-6.0,90.0,24.0,p2,fold,False,3,114.0,102.0,rock
286,k,q,check,['check'],"[('p1', 'check'), ('p2', 'check')]",6.0,96.0,12.0,p1,showdown,False,2,114.0,114.0,rock
287,q,j,check,['check'],"[('p1', 'check'), ('p2', 'check')]",6.0,102.0,12.0,p1,showdown,False,2,114.0,114.0,rock
288,k,k,check,"['check', 'call']","[('p1', 'check'), ('p2', 'max_raise'), ('p1', 'call')]",0.0,102.0,0.0,tie,showdown,False,3,114.0,102.0,rock
289,k,q,check,['check'],"[('p1', 'check'), ('p2', 'check')]",6.0,108.0,12.0,p1,showdown,False,2,114.0,114.0,rock
290,q,j,check,['check'],"[('p1', 'check'), ('p2', 'check')]",6.0,114.0,12.0,p1,showdown,False,2,114.0,114.0,rock
291,k,k,check,"['check', 'call']","[('p1', 'check'), ('p2', 'max_raise'), ('p1', 'call')]",0.0,114.0,0.0,tie,showdown,False,3,114.0,102.0,rock
292,q,q,check,['check'],"[('p1', 'check'), ('p2', 'check')]",0.0,114.0,0.0,tie,showdown,False,2,114.0,114.0,rock
293,q,k,check,"['check', 'fold']","[('p1', 'check'), ('p2', 'max_raise'), ('p1', 'fold')]",-6.0,108.0,24.0,p2,fold,False,3,114.0,102.0,rock
294,q,j,check,['check'],"[('p1', 'check'), ('p2', 'check')]",6.0,114.0,12.0,p1,showdown,False,2,114.0,114.0,rock
295,k,q,check,['check'],"[('p1', 'check'), ('p2', 'check')]",6.0,120.0,12.0,p1,showdown,False,2,114.0,114.0,rock
296,j,j,check,['check'],"[('p1', 'check'), ('p2', 'check')]",0.0,120.0,0.0,tie,showdown,False,2,114.0,114.0,rock
297,k,k,check,"['check', 'call']","[('p1', 'check'), ('p2', 'max_raise'), ('p1', 'call')]",0.0,120.0,0.0,tie,showdown,False,3,114.0,102.0,rock
298,k,j,check,['check'],"[('p1', 'check'), ('p2', 'check')]",6.0,126.0,12.0,p1,showdown,False,2,114.0,114.0,rock
299,j,q,check,['check'],"[('p1', 'check'), ('p2', 'check')]",-6.0,120.0,12.0,p2,showdown,False,2,114.0,114.0,rock
300,j,j,check,['check'],"[('p1', 'check'), ('p2', 'check')]",0.0,120.0,0.0,tie,showdown,False,2,114.0,114.0,rock
301,j,q,max_raise,['max_raise'],"[('p1', 'max_raise'), ('p2', 'fold')]",6.0,126.0,24.0,p1,fold,True,2,102.0,114.0,rock
302,q,k,check,"['check', 'fold']","[('p1', 'check'), ('p2', 'max_raise'), ('p1', 'fold')]",-6.0,120.0,24.0,p2,fold,False,3,114.0,102.0,rock
303,k,q,check,['check'],"[('p1', 'check'), ('p2', 'check')]",6.0,126.0,12.0,p1,showdown,False,2,114.0,114.0,rock
304,k,q,check,['check'],"[('p1', 'check'), ('p2', 'check')]",6.0,132.0,12.0,p1,showdown,False,2,114.0,114.0,rock
305,k,k,check,"['check', 'call']","[('p1', 'check'), ('p2', 'max_raise'), ('p1', 'call')]",0.0,132.0,0.0,tie,showdown,False,3,114.0,102.0,rock
306,q,k,check,"['check', 'fold']","[('p1', 'check'), ('p2', 'max_raise'), ('p1', 'fold')]",-6.0,126.0,24.0,p2,fold,False,3,114.0,102.0,rock
307,k,k,check,"['check', 'call']","[('p1', 'check'), ('p2', 'max_raise'), ('p1', 'call')]",0.0,126.0,0.0,tie,showdown,False,3,114.0,102.0,rock
308,j,k,check,"['check', 'call']","[('p1', 'check'), ('p2', 'max_raise'), ('p1', 'call')]",-18.0,108.0,36.0,p2,showdown,False,3,114.0,102.0,rock
309,j,k,check,"['check', 'call']","[('p1', 'check'), ('p2', 'max_raise'), ('p1', 'call')]",-18.0,90.0,36.0,p2,showdown,False,3,114.0,102.0,rock
310,k,k,check,"['check', 'call']","[('p1', 'check'), ('p2', 'max_raise'), ('p1', 'call')]",0.0,90.0,0.0,tie,showdown,False,3,114.0,102.0,rock
311,q,k,check,"['check', 'fold']","[('p1', 'check'), ('p2', 'max_raise'), ('p1', 'fold')]",-6.0,84.0,24.0,p2,fold,False,3,114.0,102.0,rock
312,k,q,check,['check'],"[('p1', 'check'), ('p2', 'check')]",6.0,90.0,12.0,p1,showdown,False,2,114.0,114.0,rock
313,k,q,check,['check'],"[('p1', 'check'), ('p2', 'check')]",6.0,96.0,12.0,p1,showdown,False,2,114.0,114.0,rock
314,q,k,check,"['check', 'fold']","[('p1', 'check'), ('p2', 'max_raise'), ('p1', 'fold')]",-6.0,90.0,24.0,p2,fold,False,3,114.0,102.0,rock
315,j,k,check,"['check', 'fold']","[('p1', 'check'), ('p2', 'max_raise'), ('p1', 'fold')]",-6.0,84.0,24.0,p2,fold,False,3,114.0,102.0,rock
316,q,j,check,['check'],"[('p1', 'check'), ('p2', 'check')]",6.0,90.0,12.0,p1,showdown,False,2,114.0,114.0,rock
317,q,k,check,"['check', 'fold']","[('p1', 'check'), ('p2', 'max_raise'), ('p1', 'fold')]",-6.0,84.0,24.0,p2,fold,False,3,114.0,102.0,rock
318,k,j,check,['check'],"[('p1', 'check'), ('p2', 'check')]",6.0,90.0,12.0,p1,showdown,False,2,114.0,114.0,rock
319,q,k,check,"['check', 'fold']","[('p1', 'check'), ('p2', 'max_raise'), ('p1', 'fold')]",-6.0,84.0,24.0,p2,fold,False,3,114.0,102.0,rock
320,j,q,check,['check'],"[('p1', 'check'), ('p2', 'check')]",-6.0,78.0,12.0,p2,showdown,False,2,114.0,114.0,rock
321,k,j,check,['check'],"[('p1', 'check'), ('p2', 'check')]",6.0,84.0,12.0,p1,showdown,False,2,114.0,114.0,rock
322,q,k,check,"['check', 'fold']","[('p1', 'check'), ('p2', 'max_raise'), ('p1', 'fold')]",-6.0,78.0,24.0,p2,fold,False,3,114.0,102.0,rock
323,q,j,check,['check'],"[('p1', 'check'), ('p2', 'check')]",6.0,84.0,12.0,p1,showdown,False,2,114.0,114.0,rock
324,j,k,check,"['check', 'fold']","[('p1', 'check'), ('p2', 'max_raise'), ('p1', 'fold')]",-6.0,78.0,24.0,p2,fold,False,3,114.0,102.0,rock
325,j,k,max_raise,['max_raise'],"[('p1', 'max_raise'), ('p2', 'call')]",-18.0,60.0,36.0,p2,showdown,True,2,102.0,114.0,rock
326,q,j,check,['check'],"[('p1', 'check'), ('p2', 'check')]",6.0,66.0,12.0,p1,showdown,False,2,114.0,114.0,rock
327,k,j,check,['check'],"[('p1', 'check'), ('p2', 'check')]",6.0,72.0,12.0,p1,showdown,False,2,114.0,114.0,rock
328,j,k,max_raise,['max_raise'],"[('p1', 'max_raise'), ('p2', 'call')]",-18.0,54.0,36.0,p2,showdown,True,2,102.0,114.0,rock
329,q,k,check,"['check', 'fold']","[('p1', 'check'), ('p2', 'max_raise'), ('p1', 'fold')]",-6.0,48.0,24.0,p2,fold,False,3,114.0,102.0,rock
330,j,q,check,['check'],"[('p1', 'check'), ('p2', 'check')]",-6.0,42.0,12.0,p2,showdown,False,2,114.0,114.0,rock
331,j,q,check,['check'],"[('p1', 'check'), ('p2', 'check')]",-6.0,36.0,12.0,p2,showdown,False,2,114.0,114.0,rock
332,j,q,check,['check'],"[('p1', 'check'), ('p2', 'check')]",-6.0,30.0,12.0,p2,showdown,False,2,114.0,114.0,rock
333,q,q,check,['check'],"[('p1', 'check'), ('p2', 'check')]",0.0,30.0,0.0,tie,showdown,False,2,114.0,114.0,rock
334,q,k,check,"['check', 'call']","[('p1', 'check'), ('p2', 'max_raise'), ('p1', 'call')]",-18.0,12.0,36.0,p2,showdown,False,3,114.0,102.0,rock
335,k,q,check,['check'],"[('p1', 'check'), ('p2', 'check')]",6.0,18.0,12.0,p1,showdown,False,2,114.0,114.0,rock
336,k,q,check,['check'],"[('p1', 'check'), ('p2', 'check')]",6.0,24.0,12.0,p1,showdown,False,2,114.0,114.0,rock
337,k,k,check,"['check', 'call']","[('p1', 'check'), ('p2', 'max_raise'), ('p1', 'call')]",0.0,24.0,0.0,tie,showdown,False,3,114.0,102.0,rock
338,j,k,check,"['check', 'fold']","[('p1', 'check'), ('p2', 'max_raise'), ('p1', 'fold')]",-6.0,18.0,24.0,p2,fold,False,3,114.0,102.0,rock
339,k,j,check,['check'],"[('p1', 'check'), ('p2', 'check')]",6.0,24.0,12.0,p1,showdown,False,2,114.0,114.0,rock
340,q,j,check,['check'],"[('p1', 'check'), ('p2', 'check')]",6.0,30.0,12.0,p1,showdown,False,2,114.0,114.0,rock
341,k,q,check,['check'],"[('p1', 'check'), ('p2', 'check')]",6.0,36.0,12.0,p1,showdown,False,2,114.0,114.0,rock
342,q,q,check,['check'],"[('p1', 'check'), ('p2', 'check')]",0.0,36.0,0.0,tie,showdown,False,2,114.0,114.0,rock
343,k,q,check,['check'],"[('p1', 'check'), ('p2', 'check')]",6.0,42.0,12.0,p1,showdown,False,2,114.0,114.0,rock
344,j,j,check,['check'],"[('p1', 'check'), ('p2', 'check')]",0.0,42.0,0.0,tie,showdown,False,2,114.0,114.0,rock
345,k,j,check,['check'],"[('p1', 'check'), ('p2', 'check')]",6.0,48.0,12.0,p1,showdown,False,2,114.0,114.0,rock
346,j,k,check,"['check', 'fold']","[('p1', 'check'), ('p2', 'max_raise'), ('p1', 'fold')]",-6.0,42.0,24.0,p2,fold,False,3,114.0,102.0,rock
347,j,k,check,"['check', 'fold']","[('p1', 'check'), ('p2', 'max_raise'), ('p1', 'fold')]",-6.0,36.0,24.0,p2,fold,False,3,114.0,102.0,rock
348,q,q,check,['check'],"[('p1', 'check'), ('p2', 'check')]",0.0,36.0,0.0,tie,showdown,False,2,114.0,114.0,rock
349,k,q,check,['check'],"[('p1', 'check'), ('p2', 'check')]",6.0,42.0,12.0,p1,showdown,False,2,114.0,114.0,rock
350,k,j,check,['check'],"[('p1', 'check'), ('p2', 'check')]",6.0,48.0,12.0,p1,showdown,False,2,114.0,114.0,rock
351,j,q,check,['check'],"[('p1', 'check'), ('p2', 'check')]",-6.0,42.0,12.0,p2,showdown,False,2,114.0,114.0,rock
352,q,j,check,['check'],"[('p1', 'check'), ('p2', 'check')]",6.0,48.0,12.0,p1,showdown,False,2,114.0,114.0,rock
353,q,k,check,"['check', 'fold']","[('p1', 'check'), ('p2', 'max_raise'), ('p1', 'fold')]",-6.0,42.0,24.0,p2,fold,False,3,114.0,102.0,rock
354,k,q,check,['check'],"[('p1', 'check'), ('p2', 'check')]",6.0,48.0,12.0,p1,showdown,False,2,114.0,114.0,rock
355,j,k,check,"['check', 'fold']","[('p1', 'check'), ('p2', 'max_raise'), ('p1', 'fold')]",-6.0,42.0,24.0,p2,fold,False,3,114.0,102.0,rock
356,q,j,check,['check'],"[('p1', 'check'), ('p2', 'check')]",6.0,48.0,12.0,p1,showdown,False,2,114.0,114.0,rock
357,k,k,check,"['check', 'call']","[('p1', 'check'), ('p2', 'max_raise'), ('p1', 'call')]",0.0,48.0,0.0,tie,showdown,False,3,114.0,102.0,rock
358,k,j,check,['check'],"[('p1', 'check'), ('p2', 'check')]",6.0,54.0,12.0,p1,showdown,False,2,114.0,114.0,rock
359,j,j,check,['check'],"[('p1', 'check'), ('p2', 'check')]",0.0,54.0,0.0,tie,showdown,False,2,114.0,114.0,rock
360,k,j,check,['check'],"[('p1', 'check'), ('p2', 'check')]",6.0,60.0,12.0,p1,showdown,False,2,114.0,114.0,rock
361,q,q,check,['check'],"[('p1', 'check'), ('p2', 'check')]",0.0,60.0,0.0,tie,showdown,False,2,114.0,114.0,rock
362,k,j,check,['check'],"[('p1', 'check'), ('p2', 'check')]",6.0,66.0,12.0,p1,showdown,False,2,114.0,114.0,rock
363,q,k,check,"['check', 'fold']","[('p1', 'check'), ('p2', 'max_raise'), ('p1', 'fold')]",-6.0,60.0,24.0,p2,fold,False,3,114.0,102.0,rock
364,j,q,check,['check'],"[('p1', 'check'), ('p2', 'check')]",-6.0,54.0,12.0,p2,showdown,False,2,114.0,114.0,rock
365,j,q,check,['check'],"[('p1', 'check'), ('p2', 'check')]",-6.0,48.0,12.0,p2,showdown,False,2,114.0,114.0,rock
366,k,q,check,['check'],"[('p1', 'check'), ('p2', 'check')]",6.0,54.0,12.0,p1,showdown,False,2,114.0,114.0,rock
367,j,k,check,"['check', 'fold']","[('p1', 'check'), ('p2', 'max_raise'), ('p1', 'fold')]",-6.0,48.0,24.0,p2,fold,False,3,114.0,102.0,rock
368,k,q,check,['check'],"[('p1', 'check'), ('p2', 'check')]",6.0,54.0,12.0,p1,showdown,False,2,114.0,114.0,rock
369,k,k,check,"['check', 'call']","[('p1', 'check'), ('p2', 'max_raise'), ('p1', 'call')]",0.0,54.0,0.0,tie,showdown,False,3,114.0,102.0,rock
370,k,j,check,['check'],"[('p1', 'check'), ('p2', 'check')]",6.0,60.0,12.0,p1,showdown,False,2,114.0,114.0,rock
371,k,k,check,"['check', 'call']","[('p1', 'check'), ('p2', 'max_raise'), ('p1', 'call')]",0.0,60.0,0.0,tie,showdown,False,3,114.0,102.0,rock
372,q,k,check,"['check', 'call']","[('p1', 'check'), ('p2', 'max_raise'), ('p1', 'call')]",-18.0,42.0,36.0,p2,showdown,False,3,114.0,102.0,rock
373,j,q,check,['check'],"[('p1', 'check'), ('p2', 'check')]",-6.0,36.0,12.0,p2,showdown,False,2,114.0,114.0,rock
374,q,k,check,"['check', 'fold']","[('p1', 'check'), ('p2', 'max_raise'), ('p1', 'fold')]",-6.0,30.0,24.0,p2,fold,False,3,114.0,102.0,rock
375,j,j,check,['check'],"[('p1', 'check'), ('p2', 'check')]",0.0,30.0,0.0,tie,showdown,False,2,114.0,114.0,rock
376,k,k,check,"['check', 'call']","[('p1', 'check'), ('p2', 'max_raise'), ('p1', 'call')]",0.0,30.0,0.0,tie,showdown,False,3,114.0,102.0,rock
377,q,q,check,['check'],"[('p1', 'check'), ('p2', 'check')]",0.0,30.0,0.0,tie,showdown,False,2,114.0,114.0,rock
378,q,j,check,['check'],"[('p1', 'check'), ('p2', 'check')]",6.0,36.0,12.0,p1,showdown,False,2,114.0,114.0,rock
379,k,k,check,"['check', 'call']","[('p1', 'check'), ('p2', 'max_raise'), ('p1', 'call')]",0.0,36.0,0.0,tie,showdown,False,3,114.0,102.0,rock
380,j,q,check,['check'],"[('p1', 'check'), ('p2', 'check')]",-6.0,30.0,12.0,p2,showdown,False,2,114.0,114.0,rock
381,j,q,check,['check'],"[('p1', 'check'), ('p2', 'check')]",-6.0,24.0,12.0,p2,showdown,False,2,114.0,114.0,rock
382,j,j,check,['check'],"[('p1', 'check'), ('p2', 'check')]",0.0,24.0,0.0,tie,showdown,False,2,114.0,114.0,rock
383,q,q,check,['check'],"[('p1', 'check'), ('p2', 'check')]",0.0,24.0,0.0,tie,showdown,False,2,114.0,114.0,rock
384,k,j,check,['check'],"[('p1', 'check'), ('p2', 'check')]",6.0,30.0,12.0,p1,showdown,False,2,114.0,114.0,rock
385,k,q,check,['check'],"[('p1', 'check'), ('p2', 'check')]",6.0,36.0,12.0,p1,showdown,False,2,114.0,114.0,rock
386,k,q,check,['check'],"[('p1', 'check'), ('p2', 'check')]",6.0,42.0,12.0,p1,showdown,False,2,114.0,114.0,rock
387,j,q,check,['check'],"[('p1', 'check'), ('p2', 'check')]",-6.0,36.0,12.0,p2,showdown,False,2,114.0,114.0,rock
388,j,q,check,['check'],"[('p1', 'check'), ('p2', 'check')]",-6.0,30.0,12.0,p2,showdown,False,2,114.0,114.0,rock
389,j,k,check,"['check', 'fold']","[('p1', 'check'), ('p2', 'max_raise'), ('p1', 'fold')]",-6.0,24.0,24.0,p2,fold,False,3,114.0,102.0,rock
390,q,j,check,['check'],"[('p1', 'check'), ('p2', 'check')]",6.0,30.0,12.0,p1,showdown,False,2,114.0,114.0,rock
391,k,j,check,['check'],"[('p1', 'check'), ('p2', 'check')]",6.0,36.0,12.0,p1,showdown,False,2,114.0,114.0,rock
392,j,q,check,['check'],"[('p1', 'check'), ('p2', 'check')]",-6.0,30.0,12.0,p2,showdown,False,2,114.0,114.0,rock
393,j,q,check,['check'],"[('p1', 'check'), ('p2', 'check')]",-6.0,24.0,12.0,p2,showdown,False,2,114.0,114.0,rock
394,q,k,check,"['check', 'fold']","[('p1', 'check'), ('p2', 'max_raise'), ('p1', 'fold')]",-6.0,18.0,24.0,p2,fold,False,3,114.0,102.0,rock
395,k,j,check,['check'],"[('p1', 'check'), ('p2', 'check')]",6.0,24.0,12.0,p1,showdown,False,2,114.0,114.0,rock
396,j,q,check,['check'],"[('p1', 'check'), ('p2', 'check')]",-6.0,18.0,12.0,p2,showdown,False,2,114.0,114.0,rock
397,j,k,check,"['check', 'fold']","[('p1', 'check'), ('p2', 'max_raise'), ('p1', 'fold')]",-6.0,12.0,24.0,p2,fold,False,3,114.0,102.0,rock
398,k,k,check,"['check', 'call']","[('p1', 'check'), ('p2', 'max_raise'), ('p1', 'call')]",0.0,12.0,0.0,tie,showdown,False,3,114.0,102.0,rock
399,q,q,check,['check'],"[('p1', 'check'), ('p2', 'check')]",0.0,12.0,0.0,tie,showdown,False,2,114.0,114.0,rock
400,j,k,min_raise,['min_raise'],"[('p1', 'min_raise'), ('p2', 'call')]",-12.0,0.0,24.0,p2,showdown,True,2,108.0,114.0,rock
401,q,j,check,['check'],"[('p1', 'check'), ('p2', 'check')]",6.0,6.0,12.0,p1,showdown,False,2,114.0,114.0,rock
402,q,j,check,['check'],"[('p1', 'check'), ('p2', 'check')]",6.0,12.0,12.0,p1,showdown,False,2,114.0,114.0,rock
403,k,j,check,['check'],"[('p1', 'check'), ('p2', 'check')]",6.0,18.0,12.0,p1,showdown,False,2,114.0,114.0,rock
404,q,q,check,['check'],"[('p1', 'check'), ('p2', 'check')]",0.0,18.0,0.0,tie,showdown,False,2,114.0,114.0,rock
405,k,q,check,['check'],"[('p1', 'check'), ('p2', 'check')]",6.0,24.0,12.0,p1,showdown,False,2,114.0,114.0,rock
406,j,k,check,"['check', 'call']","[('p1', 'check'), ('p2', 'max_raise'), ('p1', 'call')]",-18.0,6.0,36.0,p2,showdown,False,3,114.0,102.0,rock
407,j,q,check,['check'],"[('p1', 'check'), ('p2', 'check')]",-6.0,0.0,12.0,p2,showdown,False,2,114.0,114.0,rock
408,j,q,check,['check'],"[('p1', 'check'), ('p2', 'check')]",-6.0,-6.0,12.0,p2,showdown,False,2,114.0,114.0,rock
409,j,q,check,['check'],"[('p1', 'check'), ('p2', 'check')]",-6.0,-12.0,12.0,p2,showdown,False,2,114.0,114.0,rock
410,q,k,check,"['check', 'fold']","[('p1', 'check'), ('p2', 'max_raise'), ('p1', 'fold')]",-6.0,-18.0,24.0,p2,fold,False,3,114.0,102.0,rock
411,k,j,check,['check'],"[('p1', 'check'), ('p2', 'check')]",6.0,-12.0,12.0,p1,showdown,False,2,114.0,114.0,rock
412,q,q,check,['check'],"[('p1', 'check'), ('p2', 'check')]",0.0,-12.0,0.0,tie,showdown,False,2,114.0,114.0,rock
413,q,q,check,['check'],"[('p1', 'check'), ('p2', 'check')]",0.0,-12.0,0.0,tie,showdown,False,2,114.0,114.0,rock
414,j,q,check,['check'],"[('p1', 'check'), ('p2', 'check')]",-6.0,-18.0,12.0,p2,showdown,False,2,114.0,114.0,rock
415,j,j,check,['check'],"[('p1', 'check'), ('p2', 'check')]",0.0,-18.0,0.0,tie,showdown,False,2,114.0,114.0,rock
416,k,q,check,['check'],"[('p1', 'check'), ('p2', 'check')]",6.0,-12.0,12.0,p1,showdown,False,2,114.0,114.0,rock
417,k,k,check,"['check', 'call']","[('p1', 'check'), ('p2', 'max_raise'), ('p1', 'call')]",0.0,-12.0,0.0,tie,showdown,False,3,114.0,102.0,rock
418,j,j,check,['check'],"[('p1', 'check'), ('p2', 'check')]",0.0,-12.0,0.0,tie,showdown,False,2,114.0,114.0,rock
419,j,k,check,"['check', 'fold']","[('p1', 'check'), ('p2', 'max_raise'), ('p1', 'fold')]",-6.0,-18.0,24.0,p2,fold,False,3,114.0,102.0,rock
420,j,q,check,['check'],"[('p1', 'check'), ('p2', 'check')]",-6.0,-24.0,12.0,p2,showdown,False,2,114.0,114.0,rock
421,q,k,check,"['check', 'fold']","[('p1', 'check'), ('p2', 'max_raise'), ('p1', 'fold')]",-6.0,-30.0,24.0,p2,fold,False,3,114.0,102.0,rock
422,q,q,check,['check'],"[('p1', 'check'), ('p2', 'check')]",0.0,-30.0,0.0,tie,showdown,False,2,114.0,114.0,rock
423,q,q,check,['check'],"[('p1', 'check'), ('p2', 'check')]",0.0,-30.0,0.0,tie,showdown,False,2,114.0,114.0,rock
424,j,j,check,['check'],"[('p1', 'check'), ('p2', 'check')]",0.0,-30.0,0.0,tie,showdown,False,2,114.0,114.0,rock
425,j,j,max_raise,['max_raise'],"[('p1', 'max_raise'), ('p2', 'fold')]",6.0,-24.0,24.0,p1,fold,True,2,102.0,114.0,rock
426,q,q,check,['check'],"[('p1', 'check'), ('p2', 'check')]",0.0,-24.0,0.0,tie,showdown,False,2,114.0,114.0,rock
427,j,q,max_raise,['max_raise'],"[('p1', 'max_raise'), ('p2', 'fold')]",6.0,-18.0,24.0,p1,fold,True,2,102.0,114.0,rock
428,j,k,check,"['check', 'fold']","[('p1', 'check'), ('p2', 'max_raise'), ('p1', 'fold')]",-6.0,-24.0,24.0,p2,fold,False,3,114.0,102.0,rock
429,k,k,check,"['check', 'call']","[('p1', 'check'), ('p2', 'max_raise'), ('p1', 'call')]",0.0,-24.0,0.0,tie,showdown,False,3,114.0,102.0,rock
430,k,q,check,['check'],"[('p1', 'check'), ('p2', 'check')]",6.0,-18.0,12.0,p1,showdown,False,2,114.0,114.0,rock
431,j,k,check,"['check', 'fold']","[('p1', 'check'), ('p2', 'max_raise'), ('p1', 'fold')]",-6.0,-24.0,24.0,p2,fold,False,3,114.0,102.0,rock
432,k,k,check,"['check', 'call']","[('p1', 'check'), ('p2', 'max_raise'), ('p1', 'call')]",0.0,-24.0,0.0,tie,showdown,False,3,114.0,102.0,rock
433,q,q,check,['check'],"[('p1', 'check'), ('p2', 'check')]",0.0,-24.0,0.0,tie,showdown,False,2,114.0,114.0,rock
434,q,j,check,['check'],"[('p1', 'check'), ('p2', 'check')]",6.0,-18.0,12.0,p1,showdown,False,2,114.0,114.0,rock
435,j,q,check,['check'],"[('p1', 'check'), ('p2', 'check')]",-6.0,-24.0,12.0,p2,showdown,False,2,114.0,114.0,rock
436,q,k,check,"['check', 'fold']","[('p1', 'check'), ('p2', 'max_raise'), ('p1', 'fold')]",-6.0,-30.0,24.0,p2,fold,False,3,114.0,102.0,rock
437,q,q,check,['check'],"[('p1', 'check'), ('p2', 'check')]",0.0,-30.0,0.0,tie,showdown,False,2,114.0,114.0,rock
438,k,k,check,"['check', 'call']","[('p1', 'check'), ('p2', 'max_raise'), ('p1', 'call')]",0.0,-30.0,0.0,tie,showdown,False,3,114.0,102.0,rock
439,j,q,check,['check'],"[('p1', 'check'), ('p2', 'check')]",-6.0,-36.0,12.0,p2,showdown,False,2,114.0,114.0,rock
440,j,q,check,['check'],"[('p1', 'check'), ('p2', 'check')]",-6.0,-42.0,12.0,p2,showdown,False,2,114.0,114.0,rock
441,q,k,check,"['check', 'fold']","[('p1', 'check'), ('p2', 'max_raise'), ('p1', 'fold')]",-6.0,-48.0,24.0,p2,fold,False,3,114.0,102.0,rock
442,j,k,check,"['check', 'fold']","[('p1', 'check'), ('p2', 'max_raise'), ('p1', 'fold')]",-6.0,-54.0,24.0,p2,fold,False,3,114.0,102.0,rock
443,j,j,max_raise,['max_raise'],"[('p1', 'max_raise'), ('p2', 'fold')]",6.0,-48.0,24.0,p1,fold,True,2,102.0,114.0,rock
444,q,q,check,['check'],"[('p1', 'check'), ('p2', 'check')]",0.0,-48.0,0.0,tie,showdown,False,2,114.0,114.0,rock
445,j,q,check,['check'],"[('p1', 'check'), ('p2', 'check')]",-6.0,-54.0,12.0,p2,showdown,False,2,114.0,114.0,rock
446,k,k,check,"['check', 'call']","[('p1', 'check'), ('p2', 'max_raise'), ('p1', 'call')]",0.0,-54.0,0.0,tie,showdown,False,3,114.0,102.0,rock
447,j,k,check,"['check', 'call']","[('p1', 'check'), ('p2', 'max_raise'), ('p1', 'call')]",-18.0,-72.0,36.0,p2,showdown,False,3,114.0,102.0,rock
448,k,q,check,['check'],"[('p1', 'check'), ('p2', 'check')]",6.0,-66.0,12.0,p1,showdown,False,2,114.0,114.0,rock
449,q,j,check,['check'],"[('p1', 'check'), ('p2', 'check')]",6.0,-60.0,12.0,p1,showdown,False,2,114.0,114.0,rock
450,j,j,max_raise,['max_raise'],"[('p1', 'max_raise'), ('p2', 'fold')]",6.0,-54.0,24.0,p1,fold,True,2,102.0,114.0,rock
451,q,j,check,['check'],"[('p1', 'check'), ('p2', 'check')]",6.0,-48.0,12.0,p1,showdown,False,2,114.0,114.0,rock
452,q,j,check,['check'],"[('p1', 'check'), ('p2', 'check')]",6.0,-42.0,12.0,p1,showdown,False,2,114.0,114.0,rock
453,q,j,check,['check'],"[('p1', 'check'), ('p2', 'check')]",6.0,-36.0,12.0,p1,showdown,False,2,114.0,114.0,rock
454,q,j,check,['check'],"[('p1', 'check'), ('p2', 'check')]",6.0,-30.0,12.0,p1,showdown,False,2,114.0,114.0,rock
455,q,j,check,['check'],"[('p1', 'check'), ('p2', 'check')]",6.0,-24.0,12.0,p1,showdown,False,2,114.0,114.0,rock
456,k,j,check,['check'],"[('p1', 'check'), ('p2', 'check')]",6.0,-18.0,12.0,p1,showdown,False,2,114.0,114.0,rock
457,q,k,check,"['check', 'fold']","[('p1', 'check'), ('p2', 'max_raise'), ('p1', 'fold')]",-6.0,-24.0,24.0,p2,fold,False,3,114.0,102.0,rock
458,q,k,check,"['check', 'fold']","[('p1', 'check'), ('p2', 'max_raise'), ('p1', 'fold')]",-6.0,-30.0,24.0,p2,fold,False,3,114.0,102.0,rock
459,j,q,max_raise,['max_raise'],"[('p1', 'max_raise'), ('p2', 'fold')]",6.0,-24.0,24.0,p1,fold,True,2,102.0,114.0,rock
460,j,q,check,['check'],"[('p1', 'check'), ('p2', 'check')]",-6.0,-30.0,12.0,p2,showdown,False,2,114.0,114.0,rock
461,j,k,max_raise,['max_raise'],"[('p1', 'max_raise'), ('p2', 'call')]",-18.0,-48.0,36.0,p2,showdown,True,2,102.0,114.0,rock
462,k,q,check,['check'],"[('p1', 'check'), ('p2', 'check')]",6.0,-42.0,12.0,p1,showdown,False,2,114.0,114.0,rock
463,k,q,check,['check'],"[('p1', 'check'), ('p2', 'check')]",6.0,-36.0,12.0,p1,showdown,False,2,114.0,114.0,rock
464,j,j,check,['check'],"[('p1', 'check'), ('p2', 'check')]",0.0,-36.0,0.0,tie,showdown,False,2,114.0,114.0,rock
465,j,q,check,['check'],"[('p1', 'check'), ('p2', 'check')]",-6.0,-42.0,12.0,p2,showdown,False,2,114.0,114.0,rock
466,k,q,check,['check'],"[('p1', 'check'), ('p2', 'check')]",6.0,-36.0,12.0,p1,showdown,False,2,114.0,114.0,rock
467,k,k,check,"['check', 'call']","[('p1', 'check'), ('p2', 'max_raise'), ('p1', 'call')]",0.0,-36.0,0.0,tie,showdown,False,3,114.0,102.0,rock
468,j,j,max_raise,['max_raise'],"[('p1', 'max_raise'), ('p2', 'fold')]",6.0,-30.0,24.0,p1,fold,True,2,102.0,114.0,rock
469,j,k,max_raise,['max_raise'],"[('p1', 'max_raise'), ('p2', 'call')]",-18.0,-48.0,36.0,p2,showdown,True,2,102.0,114.0,rock
470,k,q,check,['check'],"[('p1', 'check'), ('p2', 'check')]",6.0,-42.0,12.0,p1,showdown,False,2,114.0,114.0,rock
471,k,j,check,['check'],"[('p1', 'check'), ('p2', 'check')]",6.0,-36.0,12.0,p1,showdown,False,2,114.0,114.0,rock
472,k,q,check,['check'],"[('p1', 'check'), ('p2', 'check')]",6.0,-30.0,12.0,p1,showdown,False,2,114.0,114.0,rock
473,j,k,max_raise,['max_raise'],"[('p1', 'max_raise'), ('p2', 'call')]",-18.0,-48.0,36.0,p2,showdown,True,2,102.0,114.0,rock
474,q,j,check,['check'],"[('p1', 'check'), ('p2', 'check')]",6.0,-42.0,12.0,p1,showdown,False,2,114.0,114.0,rock
475,j,q,check,['check'],"[('p1', 'check'), ('p2', 'check')]",-6.0,-48.0,12.0,p2,showdown,False,2,114.0,114.0,rock
476,k,j,check,['check'],"[('p1', 'check'), ('p2', 'check')]",6.0,-42.0,12.0,p1,showdown,False,2,114.0,114.0,rock
477,k,j,check,['check'],"[('p1', 'check'), ('p2', 'check')]",6.0,-36.0,12.0,p1,showdown,False,2,114.0,114.0,rock
478,k,k,check,"['check', 'call']","[('p1', 'check'), ('p2', 'max_raise'), ('p1', 'call')]",0.0,-36.0,0.0,tie,showdown,False,3,114.0,102.0,rock
479,k,k,check,"['check', 'call']","[('p1', 'check'), ('p2', 'max_raise'), ('p1', 'call')]",0.0,-36.0,0.0,tie,showdown,False,3,114.0,102.0,rock
480,k,k,check,"['check', 'call']","[('p1', 'check'), ('p2', 'max_raise'), ('p1', 'call')]",0.0,-36.0,0.0,tie,showdown,False,3,114.0,102.0,rock
481,q,k,check,"['check', 'call']","[('p1', 'check'), ('p2', 'max_raise'), ('p1', 'call')]",-18.0,-54.0,36.0,p2,showdown,False,3,114.0,102.0,rock
482,k,j,check,['check'],"[('p1', 'check'), ('p2', 'check')]",6.0,-48.0,12.0,p1,showdown,False,2,114.0,114.0,rock
483,k,q,check,['check'],"[('p1', 'check'), ('p2', 'check')]",6.0,-42.0,12.0,p1,showdown,False,2,114.0,114.0,rock
484,q,k,check,"['check', 'call']","[('p1', 'check'), ('p2', 'max_raise'), ('p1', 'call')]",-18.0,-60.0,36.0,p2,showdown,False,3,114.0,102.0,rock
485,k,j,check,['check'],"[('p1', 'check'), ('p2', 'check')]",6.0,-54.0,12.0,p1,showdown,False,2,114.0,114.0,rock
486,k,j,check,['check'],"[('p1', 'check'), ('p2', 'check')]",6.0,-48.0,12.0,p1,showdown,False,2,114.0,114.0,rock
487,k,k,check,"['check', 'call']","[('p1', 'check'), ('p2', 'max_raise'), ('p1', 'call')]",0.0,-48.0,0.0,tie,showdown,False,3,114.0,102.0,rock
488,j,j,max_raise,['max_raise'],"[('p1', 'max_raise'), ('p2', 'fold')]",6.0,-42.0,24.0,p1,fold,True,2,102.0,114.0,rock
489,k,k,check,"['check', 'call']","[('p1', 'check'), ('p2', 'max_raise'), ('p1', 'call')]",0.0,-42.0,0.0,tie,showdown,False,3,114.0,102.0,rock
490,j,q,check,['check'],"[('p1', 'check'), ('p2', 'check')]",-6.0,-48.0,12.0,p2,showdown,False,2,114.0,114.0,rock
491,j,q,check,['check'],"[('p1', 'check'), ('p2', 'check')]",-6.0,-54.0,12.0,p2,showdown,False,2,114.0,114.0,rock
492,j,q,min_raise,['min_raise'],"[('p1', 'min_raise'), ('p2', 'fold')]",6.0,-48.0,18.0,p1,fold,True,2,108.0,114.0,rock
493,q,q,check,['check'],"[('p1', 'check'), ('p2', 'check')]",0.0,-48.0,0.0,tie,showdown,False,2,114.0,114.0,rock
494,j,q,min_raise,['min_raise'],"[('p1', 'min_raise'), ('p2', 'fold')]",6.0,-42.0,18.0,p1,fold,True,2,108.0,114.0,rock
495,q,j,check,['check'],"[('p1', 'check'), ('p2', 'check')]",6.0,-36.0,12.0,p1,showdown,False,2,114.0,114.0,rock
496,q,q,check,['check'],"[('p1', 'check'), ('p2', 'check')]",0.0,-36.0,0.0,tie,showdown,False,2,114.0,114.0,rock
497,j,k,check,"['check', 'fold']","[('p1', 'check'), ('p2', 'max_raise'), ('p1', 'fold')]",-6.0,-42.0,24.0,p2,fold,False,3,114.0,102.0,rock
498,q,k,check,"['check', 'fold']","[('p1', 'check'), ('p2', 'max_raise'), ('p1', 'fold')]",-6.0,-48.0,24.0,p2,fold,False,3,114.0,102.0,rock
499,j,j,max_raise,['max_raise'],"[('p1', 'max_raise'), ('p2', 'fold')]",6.0,-42.0,24.0,p1,fold,True,2,102.0,114.0,rock
500,j,k,check,"['check', 'fold']","[('p1', 'check'), ('p2', 'max_raise'), ('p1', 'fold')]",-6.0,-48.0,24.0,p2,fold,False,3,114.0,102.0,rock
501,j,q,min_raise,['min_raise'],"[('p1', 'min_raise'), ('p2', 'fold')]",6.0,-42.0,18.0,p1,fold,True,2,108.0,114.0,rock
502,q,q,check,['check'],"[('p1', 'check'), ('p2', 'check')]",0.0,-42.0,0.0,tie,showdown,False,2,114.0,114.0,rock
503,j,k,min_raise,['min_raise'],"[('p1', 'min_raise'), ('p2', 'call')]",-12.0,-54.0,24.0,p2,showdown,True,2,108.0,114.0,rock
504,k,q,check,['check'],"[('p1', 'check'), ('p2', 'check')]",6.0,-48.0,12.0,p1,showdown,False,2,114.0,114.0,rock
505,j,j,max_raise,['max_raise'],"[('p1', 'max_raise'), ('p2', 'fold')]",6.0,-42.0,24.0,p1,fold,True,2,102.0,114.0,rock
506,k,j,check,['check'],"[('p1', 'check'), ('p2', 'check')]",6.0,-36.0,12.0,p1,showdown,False,2,114.0,114.0,rock
507,q,j,check,['check'],"[('p1', 'check'), ('p2', 'check')]",6.0,-30.0,12.0,p1,showdown,False,2,114.0,114.0,rock
508,j,q,check,['check'],"[('p1', 'check'), ('p2', 'check')]",-6.0,-36.0,12.0,p2,showdown,False,2,114.0,114.0,rock
509,q,q,check,['check'],"[('p1', 'check'), ('p2', 'check')]",0.0,-36.0,0.0,tie,showdown,False,2,114.0,114.0,rock
510,k,k,check,"['check', 'call']","[('p1', 'check'), ('p2', 'max_raise'), ('p1', 'call')]",0.0,-36.0,0.0,tie,showdown,False,3,114.0,102.0,rock
511,j,k,check,"['check', 'fold']","[('p1', 'check'), ('p2', 'max_raise'), ('p1', 'fold')]",-6.0,-42.0,24.0,p2,fold,False,3,114.0,102.0,rock
512,k,k,check,"['check', 'call']","[('p1', 'check'), ('p2', 'max_raise'), ('p1', 'call')]",0.0,-42.0,0.0,tie,showdown,False,3,114.0,102.0,rock
513,j,q,check,['check'],"[('p1', 'check'), ('p2', 'check')]",-6.0,-48.0,12.0,p2,showdown,False,2,114.0,114.0,rock
514,j,q,check,['check'],"[('p1', 'check'), ('p2', 'check')]",-6.0,-54.0,12.0,p2,showdown,False,2,114.0,114.0,rock
515,j,q,check,['check'],"[('p1', 'check'), ('p2', 'check')]",-6.0,-60.0,12.0,p2,showdown,False,2,114.0,114.0,rock
516,q,j,check,['check'],"[('p1', 'check'), ('p2', 'check')]",6.0,-54.0,12.0,p1,showdown,False,2,114.0,114.0,rock
517,q,k,check,"['check', 'fold']","[('p1', 'check'), ('p2', 'max_raise'), ('p1', 'fold')]",-6.0,-60.0,24.0,p2,fold,False,3,114.0,102.0,rock
518,j,j,min_raise,['min_raise'],"[('p1', 'min_raise'), ('p2', 'fold')]",6.0,-54.0,18.0,p1,fold,True,2,108.0,114.0,rock
519,q,q,check,['check'],"[('p1', 'check'), ('p2', 'check')]",0.0,-54.0,0.0,tie,showdown,False,2,114.0,114.0,rock
520,q,j,check,['check'],"[('p1', 'check'), ('p2', 'check')]",6.0,-48.0,12.0,p1,showdown,False,2,114.0,114.0,rock
521,j,k,max_raise,['max_raise'],"[('p1', 'max_raise'), ('p2', 'call')]",-18.0,-66.0,36.0,p2,showdown,True,2,102.0,114.0,rock
522,q,j,check,['check'],"[('p1', 'check'), ('p2', 'check')]",6.0,-60.0,12.0,p1,showdown,False,2,114.0,114.0,rock
523,j,k,max_raise,['max_raise'],"[('p1', 'max_raise'), ('p2', 'call')]",-18.0,-78.0,36.0,p2,showdown,True,2,102.0,114.0,rock
524,q,q,check,['check'],"[('p1', 'check'), ('p2', 'check')]",0.0,-78.0,0.0,tie,showdown,False,2,114.0,114.0,rock
525,q,k,check,"['check', 'fold']","[('p1', 'check'), ('p2', 'max_raise'), ('p1', 'fold')]",-6.0,-84.0,24.0,p2,fold,False,3,114.0,102.0,rock
526,j,q,min_raise,['min_raise'],"[('p1', 'min_raise'), ('p2', 'fold')]",6.0,-78.0,18.0,p1,fold,True,2,108.0,114.0,rock
527,j,q,min_raise,['min_raise'],"[('p1', 'min_raise'), ('p2', 'fold')]",6.0,-72.0,18.0,p1,fold,True,2,108.0,114.0,rock
528,j,k,min_raise,['min_raise'],"[('p1', 'min_raise'), ('p2', 'call')]",-12.0,-84.0,24.0,p2,showdown,True,2,108.0,114.0,rock
529,j,j,check,['check'],"[('p1', 'check'), ('p2', 'check')]",0.0,-84.0,0.0,tie,showdown,False,2,114.0,114.0,rock
530,q,j,check,['check'],"[('p1', 'check'), ('p2', 'check')]",6.0,-78.0,12.0,p1,showdown,False,2,114.0,114.0,rock
531,q,k,check,"['check', 'fold']","[('p1', 'check'), ('p2', 'max_raise'), ('p1', 'fold')]",-6.0,-84.0,24.0,p2,fold,False,3,114.0,102.0,rock
532,j,q,min_raise,['min_raise'],"[('p1', 'min_raise'), ('p2', 'fold')]",6.0,-78.0,18.0,p1,fold,True,2,108.0,114.0,rock
533,q,k,check,"['check', 'fold']","[('p1', 'check'), ('p2', 'max_raise'), ('p1', 'fold')]",-6.0,-84.0,24.0,p2,fold,False,3,114.0,102.0,rock
534,q,k,check,"['check', 'fold']","[('p1', 'check'), ('p2', 'max_raise'), ('p1', 'fold')]",-6.0,-90.0,24.0,p2,fold,False,3,114.0,102.0,rock
535,q,k,check,"['check', 'fold']","[('p1', 'check'), ('p2', 'max_raise'), ('p1', 'fold')]",-6.0,-96.0,24.0,p2,fold,False,3,114.0,102.0,rock
536,j,j,min_raise,['min_raise'],"[('p1', 'min_raise'), ('p2', 'fold')]",6.0,-90.0,18.0,p1,fold,True,2,108.0,114.0,rock
537,k,q,check,['check'],"[('p1', 'check'), ('p2', 'check')]",6.0,-84.0,12.0,p1,showdown,False,2,114.0,114.0,rock
538,q,q,check,['check'],"[('p1', 'check'), ('p2', 'check')]",0.0,-84.0,0.0,tie,showdown,False,2,114.0,114.0,rock
539,q,k,check,"['check', 'call']","[('p1', 'check'), ('p2', 'max_raise'), ('p1', 'call')]",-18.0,-102.0,36.0,p2,showdown,False,3,114.0,102.0,rock
540,q,k,check,"['check', 'call']","[('p1', 'check'), ('p2', 'max_raise'), ('p1', 'call')]",-18.0,-120.0,36.0,p2,showdown,False,3,114.0,102.0,rock
541,j,j,max_raise,['max_raise'],"[('p1', 'max_raise'), ('p2', 'fold')]",6.0,-114.0,24.0,p1,fold,True,2,102.0,114.0,rock
542,q,j,check,['check'],"[('p1', 'check'), ('p2', 'check')]",6.0,-108.0,12.0,p1,showdown,False,2,114.0,114.0,rock
543,k,k,check,"['check', 'call']","[('p1', 'check'), ('p2', 'max_raise'), ('p1', 'call')]",0.0,-108.0,0.0,tie,showdown,False,3,114.0,102.0,rock
544,j,q,min_raise,['min_raise'],"[('p1', 'min_raise'), ('p2', 'fold')]",6.0,-102.0,18.0,p1,fold,True,2,108.0,114.0,rock
545,q,k,check,"['check', 'fold']","[('p1', 'check'), ('p2', 'max_raise'), ('p1', 'fold')]",-6.0,-108.0,24.0,p2,fold,False,3,114.0,102.0,rock
546,k,j,check,['check'],"[('p1', 'check'), ('p2', 'check')]",6.0,-102.0,12.0,p1,showdown,False,2,114.0,114.0,rock
547,j,q,min_raise,['min_raise'],"[('p1', 'min_raise'), ('p2', 'fold')]",6.0,-96.0,18.0,p1,fold,True,2,108.0,114.0,rock
548,k,q,check,['check'],"[('p1', 'check'), ('p2', 'check')]",6.0,-90.0,12.0,p1,showdown,False,2,114.0,114.0,rock
549,q,j,check,['check'],"[('p1', 'check'), ('p2', 'check')]",6.0,-84.0,12.0,p1,showdown,False,2,114.0,114.0,rock
550,k,j,check,['check'],"[('p1', 'check'), ('p2', 'check')]",6.0,-78.0,12.0,p1,showdown,False,2,114.0,114.0,rock
551,k,j,check,['check'],"[('p1', 'check'), ('p2', 'check')]",6.0,-72.0,12.0,p1,showdown,False,2,114.0,114.0,rock
552,j,k,min_raise,['min_raise'],"[('p1', 'min_raise'), ('p2', 'call')]",-12.0,-84.0,24.0,p2,showdown,True,2,108.0,114.0,rock
553,j,q,min_raise,['min_raise'],"[('p1', 'min_raise'), ('p2', 'fold')]",6.0,-78.0,18.0,p1,fold,True,2,108.0,114.0,rock
554,q,j,check,['check'],"[('p1', 'check'), ('p2', 'check')]",6.0,-72.0,12.0,p1,showdown,False,2,114.0,114.0,rock
555,k,k,check,"['check', 'call']","[('p1', 'check'), ('p2', 'max_raise'), ('p1', 'call')]",0.0,-72.0,0.0,tie,showdown,False,3,114.0,102.0,rock
556,q,j,check,['check'],"[('p1', 'check'), ('p2', 'check')]",6.0,-66.0,12.0,p1,showdown,False,2,114.0,114.0,rock
557,j,k,min_raise,['min_raise'],"[('p1', 'min_raise'), ('p2', 'call')]",-12.0,-78.0,24.0,p2,showdown,True,2,108.0,114.0,rock
558,q,j,check,['check'],"[('p1', 'check'), ('p2', 'check')]",6.0,-72.0,12.0,p1,showdown,False,2,114.0,114.0,rock
559,k,j,check,['check'],"[('p1', 'check'), ('p2', 'check')]",6.0,-66.0,12.0,p1,showdown,False,2,114.0,114.0,rock
560,j,q,min_raise,['min_raise'],"[('p1', 'min_raise'), ('p2', 'fold')]",6.0,-60.0,18.0,p1,fold,True,2,108.0,114.0,rock
561,j,q,min_raise,['min_raise'],"[('p1', 'min_raise'), ('p2', 'fold')]",6.0,-54.0,18.0,p1,fold,True,2,108.0,114.0,rock
562,k,j,check,['check'],"[('p1', 'check'), ('p2', 'check')]",6.0,-48.0,12.0,p1,showdown,False,2,114.0,114.0,rock
563,q,j,check,['check'],"[('p1', 'check'), ('p2', 'check')]",6.0,-42.0,12.0,p1,showdown,False,2,114.0,114.0,rock
564,q,j,check,['check'],"[('p1', 'check'), ('p2', 'check')]",6.0,-36.0,12.0,p1,showdown,False,2,114.0,114.0,rock
565,k,q,check,['check'],"[('p1', 'check'), ('p2', 'check')]",6.0,-30.0,12.0,p1,showdown,False,2,114.0,114.0,rock
566,j,j,min_raise,['min_raise'],"[('p1', 'min_raise'), ('p2', 'fold')]",6.0,-24.0,18.0,p1,fold,True,2,108.0,114.0,rock
567,k,k,check,"['check', 'call']","[('p1', 'check'), ('p2', 'max_raise'), ('p1', 'call')]",0.0,-24.0,0.0,tie,showdown,False,3,114.0,102.0,rock
568,k,q,check,['check'],"[('p1', 'check'), ('p2', 'check')]",6.0,-18.0,12.0,p1,showdown,False,2,114.0,114.0,rock
569,q,j,check,['check'],"[('p1', 'check'), ('p2', 'check')]",6.0,-12.0,12.0,p1,showdown,False,2,114.0,114.0,rock
570,j,k,check,"['check', 'fold']","[('p1', 'check'), ('p2', 'max_raise'), ('p1', 'fold')]",-6.0,-18.0,24.0,p2,fold,False,3,114.0,102.0,rock
571,q,k,check,"['check', 'fold']","[('p1', 'check'), ('p2', 'max_raise'), ('p1', 'fold')]",-6.0,-24.0,24.0,p2,fold,False,3,114.0,102.0,rock
572,q,k,check,"['check', 'fold']","[('p1', 'check'), ('p2', 'max_raise'), ('p1', 'fold')]",-6.0,-30.0,24.0,p2,fold,False,3,114.0,102.0,rock
573,k,k,check,"['check', 'call']","[('p1', 'check'), ('p2', 'max_raise'), ('p1', 'call')]",0.0,-30.0,0.0,tie,showdown,False,3,114.0,102.0,rock
574,k,k,check,"['check', 'call']","[('p1', 'check'), ('p2', 'max_raise'), ('p1', 'call')]",0.0,-30.0,0.0,tie,showdown,False,3,114.0,102.0,rock
575,j,k,min_raise,['min_raise'],"[('p1', 'min_raise'), ('p2', 'call')]",-12.0,-42.0,24.0,p2,showdown,True,2,108.0,114.0,rock
576,q,k,check,"['check', 'fold']","[('p1', 'check'), ('p2', 'max_raise'), ('p1', 'fold')]",-6.0,-48.0,24.0,p2,fold,False,3,114.0,102.0,rock
577,q,k,check,"['check', 'fold']","[('p1', 'check'), ('p2', 'max_raise'), ('p1', 'fold')]",-6.0,-54.0,24.0,p2,fold,False,3,114.0,102.0,rock
578,k,k,check,"['check', 'call']","[('p1', 'check'), ('p2', 'max_raise'), ('p1', 'call')]",0.0,-54.0,0.0,tie,showdown,False,3,114.0,102.0,rock
579,j,q,min_raise,['min_raise'],"[('p1', 'min_raise'), ('p2', 'fold')]",6.0,-48.0,18.0,p1,fold,True,2,108.0,114.0,rock
580,q,k,check,"['check', 'fold']","[('p1', 'check'), ('p2', 'max_raise'), ('p1', 'fold')]",-6.0,-54.0,24.0,p2,fold,False,3,114.0,102.0,rock
581,j,j,max_raise,['max_raise'],"[('p1', 'max_raise'), ('p2', 'fold')]",6.0,-48.0,24.0,p1,fold,True,2,102.0,114.0,rock
582,q,q,check,['check'],"[('p1', 'check'), ('p2', 'check')]",0.0,-48.0,0.0,tie,showdown,False,2,114.0,114.0,rock
583,k,j,check,['check'],"[('p1', 'check'), ('p2', 'check')]",6.0,-42.0,12.0,p1,showdown,False,2,114.0,114.0,rock
584,j,k,min_raise,['min_raise'],"[('p1', 'min_raise'), ('p2', 'call')]",-12.0,-54.0,24.0,p2,showdown,True,2,108.0,114.0,rock
585,j,j,min_raise,['min_raise'],"[('p1', 'min_raise'), ('p2', 'fold')]",6.0,-48.0,18.0,p1,fold,True,2,108.0,114.0,rock
586,k,j,check,['check'],"[('p1', 'check'), ('p2', 'check')]",6.0,-42.0,12.0,p1,showdown,False,2,114.0,114.0,rock
587,j,k,min_raise,['min_raise'],"[('p1', 'min_raise'), ('p2', 'call')]",-12.0,-54.0,24.0,p2,showdown,True,2,108.0,114.0,rock
588,q,q,check,['check'],"[('p1', 'check'), ('p2', 'check')]",0.0,-54.0,0.0,tie,showdown,False,2,114.0,114.0,rock
589,j,k,min_raise,['min_raise'],"[('p1', 'min_raise'), ('p2', 'call')]",-12.0,-66.0,24.0,p2,showdown,True,2,108.0,114.0,rock
590,k,k,check,"['check', 'call']","[('p1', 'check'), ('p2', 'max_raise'), ('p1', 'call')]",0.0,-66.0,0.0,tie,showdown,False,3,114.0,102.0,rock
591,j,q,min_raise,['min_raise'],"[('p1', 'min_raise'), ('p2', 'fold')]",6.0,-60.0,18.0,p1,fold,True,2,108.0,114.0,rock
592,j,k,min_raise,['min_raise'],"[('p1', 'min_raise'), ('p2', 'call')]",-12.0,-72.0,24.0,p2,showdown,True,2,108.0,114.0,rock
593,q,j,check,['check'],"[('p1', 'check'), ('p2', 'check')]",6.0,-66.0,12.0,p1,showdown,False,2,114.0,114.0,rock
594,k,q,check,['check'],"[('p1', 'check'), ('p2', 'check')]",6.0,-60.0,12.0,p1,showdown,False,2,114.0,114.0,rock
595,q,k,check,"['check', 'fold']","[('p1', 'check'), ('p2', 'max_raise'), ('p1', 'fold')]",-6.0,-66.0,24.0,p2,fold,False,3,114.0,102.0,rock
596,j,k,min_raise,['min_raise'],"[('p1', 'min_raise'), ('p2', 'call')]",-12.0,-78.0,24.0,p2,showdown,True,2,108.0,114.0,rock
597,q,q,check,['check'],"[('p1', 'check'), ('p2', 'check')]",0.0,-78.0,0.0,tie,showdown,False,2,114.0,114.0,rock
598,q,j,check,['check'],"[('p1', 'check'), ('p2', 'check')]",6.0,-72.0,12.0,p1,showdown,False,2,114.0,114.0,rock
599,j,j,max_raise,['max_raise'],"[('p1', 'max_raise'), ('p2', 'fold')]",6.0,-66.0,24.0,p1,fold,True,2,102.0,114.0,rock
600,q,k,check,"['check', 'fold']","[('p1', 'check'), ('p2', 'max_raise'), ('p1', 'fold')]",-6.0,-72.0,24.0,p2,fold,False,3,114.0,102.0,rock
601,k,q,check,['check'],"[('p1', 'check'), ('p2', 'check')]",6.0,-66.0,12.0,p1,showdown,False,2,114.0,114.0,rock
602,q,q,check,['check'],"[('p1', 'check'), ('p2', 'check')]",0.0,-66.0,0.0,tie,showdown,False,2,114.0,114.0,rock
603,k,q,check,['check'],"[('p1', 'check'), ('p2', 'check')]",6.0,-60.0,12.0,p1,showdown,False,2,114.0,114.0,rock
604,q,k,check,"['check', 'fold']","[('p1', 'check'), ('p2', 'max_raise'), ('p1', 'fold')]",-6.0,-66.0,24.0,p2,fold,False,3,114.0,102.0,rock
605,q,j,check,['check'],"[('p1', 'check'), ('p2', 'check')]",6.0,-60.0,12.0,p1,showdown,False,2,114.0,114.0,rock
606,k,q,check,['check'],"[('p1', 'check'), ('p2', 'check')]",6.0,-54.0,12.0,p1,showdown,False,2,114.0,114.0,rock
607,k,q,check,['check'],"[('p1', 'check'), ('p2', 'check')]",6.0,-48.0,12.0,p1,showdown,False,2,114.0,114.0,rock
608,k,q,check,['check'],"[('p1', 'check'), ('p2', 'check')]",6.0,-42.0,12.0,p1,showdown,False,2,114.0,114.0,rock
609,k,q,check,['check'],"[('p1', 'check'), ('p2', 'check')]",6.0,-36.0,12.0,p1,showdown,False,2,114.0,114.0,rock
610,k,j,check,['check'],"[('p1', 'check'), ('p2', 'check')]",6.0,-30.0,12.0,p1,showdown,False,2,114.0,114.0,rock
611,j,k,min_raise,['min_raise'],"[('p1', 'min_raise'), ('p2', 'call')]",-12.0,-42.0,24.0,p2,showdown,True,2,108.0,114.0,rock
612,j,k,check,"['check', 'fold']","[('p1', 'check'), ('p2', 'max_raise'), ('p1', 'fold')]",-6.0,-48.0,24.0,p2,fold,False,3,114.0,102.0,rock
613,q,j,check,['check'],"[('p1', 'check'), ('p2', 'check')]",6.0,-42.0,12.0,p1,showdown,False,2,114.0,114.0,rock
614,k,q,check,['check'],"[('p1', 'check'), ('p2', 'check')]",6.0,-36.0,12.0,p1,showdown,False,2,114.0,114.0,rock
615,q,k,check,"['check', 'fold']","[('p1', 'check'), ('p2', 'max_raise'), ('p1', 'fold')]",-6.0,-42.0,24.0,p2,fold,False,3,114.0,102.0,rock
616,k,q,check,['check'],"[('p1', 'check'), ('p2', 'check')]",6.0,-36.0,12.0,p1,showdown,False,2,114.0,114.0,rock
617,j,j,check,['check'],"[('p1', 'check'), ('p2', 'check')]",0.0,-36.0,0.0,tie,showdown,False,2,114.0,114.0,rock
618,j,q,min_raise,['min_raise'],"[('p1', 'min_raise'), ('p2', 'fold')]",6.0,-30.0,18.0,p1,fold,True,2,108.0,114.0,rock
619,j,k,max_raise,['max_raise'],"[('p1', 'max_raise'), ('p2', 'call')]",-18.0,-48.0,36.0,p2,showdown,True,2,102.0,114.0,rock
620,k,j,check,['check'],"[('p1', 'check'), ('p2', 'check')]",6.0,-42.0,12.0,p1,showdown,False,2,114.0,114.0,rock
621,q,k,check,"['check', 'fold']","[('p1', 'check'), ('p2', 'max_raise'), ('p1', 'fold')]",-6.0,-48.0,24.0,p2,fold,False,3,114.0,102.0,rock
622,j,q,max_raise,['max_raise'],"[('p1', 'max_raise'), ('p2', 'fold')]",6.0,-42.0,24.0,p1,fold,True,2,102.0,114.0,rock
623,q,q,check,['check'],"[('p1', 'check'), ('p2', 'check')]",0.0,-42.0,0.0,tie,showdown,False,2,114.0,114.0,rock
624,k,k,check,"['check', 'call']","[('p1', 'check'), ('p2', 'max_raise'), ('p1', 'call')]",0.0,-42.0,0.0,tie,showdown,False,3,114.0,102.0,rock
625,q,q,check,['check'],"[('p1', 'check'), ('p2', 'check')]",0.0,-42.0,0.0,tie,showdown,False,2,114.0,114.0,rock
626,q,j,check,['check'],"[('p1', 'check'), ('p2', 'check')]",6.0,-36.0,12.0,p1,showdown,False,2,114.0,114.0,rock
627,k,k,check,"['check', 'call']","[('p1', 'check'), ('p2', 'max_raise'), ('p1', 'call')]",0.0,-36.0,0.0,tie,showdown,False,3,114.0,102.0,rock
628,k,k,check,"['check', 'call']","[('p1', 'check'), ('p2', 'max_raise'), ('p1', 'call')]",0.0,-36.0,0.0,tie,showdown,False,3,114.0,102.0,rock
629,k,j,check,['check'],"[('p1', 'check'), ('p2', 'check')]",6.0,-30.0,12.0,p1,showdown,False,2,114.0,114.0,rock
630,j,j,check,['check'],"[('p1', 'check'), ('p2', 'check')]",0.0,-30.0,0.0,tie,showdown,False,2,114.0,114.0,rock
631,k,j,check,['check'],"[('p1', 'check'), ('p2', 'check')]",6.0,-24.0,12.0,p1,showdown,False,2,114.0,114.0,rock
632,j,j,min_raise,['min_raise'],"[('p1', 'min_raise'), ('p2', 'fold')]",6.0,-18.0,18.0,p1,fold,True,2,108.0,114.0,rock
633,j,q,min_raise,['min_raise'],"[('p1', 'min_raise'), ('p2', 'fold')]",6.0,-12.0,18.0,p1,fold,True,2,108.0,114.0,rock
634,q,q,check,['check'],"[('p1', 'check'), ('p2', 'check')]",0.0,-12.0,0.0,tie,showdown,False,2,114.0,114.0,rock
635,k,j,check,['check'],"[('p1', 'check'), ('p2', 'check')]",6.0,-6.0,12.0,p1,showdown,False,2,114.0,114.0,rock
636,k,j,check,['check'],"[('p1', 'check'), ('p2', 'check')]",6.0,0.0,12.0,p1,showdown,False,2,114.0,114.0,rock
637,j,k,check,"['check', 'call']","[('p1', 'check'), ('p2', 'max_raise'), ('p1', 'call')]",-18.0,-18.0,36.0,p2,showdown,False,3,114.0,102.0,rock
638,j,k,min_raise,['min_raise'],"[('p1', 'min_raise'), ('p2', 'call')]",-12.0,-30.0,24.0,p2,showdown,True,2,108.0,114.0,rock
639,j,q,check,['check'],"[('p1', 'check'), ('p2', 'check')]",-6.0,-36.0,12.0,p2,showdown,False,2,114.0,114.0,rock
640,j,k,max_raise,['max_raise'],"[('p1', 'max_raise'), ('p2', 'call')]",-18.0,-54.0,36.0,p2,showdown,True,2,102.0,114.0,rock
641,k,k,check,"['check', 'call']","[('p1', 'check'), ('p2', 'max_raise'), ('p1', 'call')]",0.0,-54.0,0.0,tie,showdown,False,3,114.0,102.0,rock
642,j,k,check,"['check', 'fold']","[('p1', 'check'), ('p2', 'max_raise'), ('p1', 'fold')]",-6.0,-60.0,24.0,p2,fold,False,3,114.0,102.0,rock
643,q,j,check,['check'],"[('p1', 'check'), ('p2', 'check')]",6.0,-54.0,12.0,p1,showdown,False,2,114.0,114.0,rock
644,j,q,min_raise,['min_raise'],"[('p1', 'min_raise'), ('p2', 'fold')]",6.0,-48.0,18.0,p1,fold,True,2,108.0,114.0,rock
645,q,k,check,"['check', 'fold']","[('p1', 'check'), ('p2', 'max_raise'), ('p1', 'fold')]",-6.0,-54.0,24.0,p2,fold,False,3,114.0,102.0,rock
646,j,k,check,"['check', 'fold']","[('p1', 'check'), ('p2', 'max_raise'), ('p1', 'fold')]",-6.0,-60.0,24.0,p2,fold,False,3,114.0,102.0,rock
647,k,k,check,"['check', 'call']","[('p1', 'check'), ('p2', 'max_raise'), ('p1', 'call')]",0.0,-60.0,0.0,tie,showdown,False,3,114.0,102.0,rock
648,j,k,min_raise,['min_raise'],"[('p1', 'min_raise'), ('p2', 'call')]",-12.0,-72.0,24.0,p2,showdown,True,2,108.0,114.0,rock
649,k,k,check,"['check', 'call']","[('p1', 'check'), ('p2', 'max_raise'), ('p1', 'call')]",0.0,-72.0,0.0,tie,showdown,False,3,114.0,102.0,rock
650,q,j,check,['check'],"[('p1', 'check'), ('p2', 'check')]",6.0,-66.0,12.0,p1,showdown,False,2,114.0,114.0,rock
651,j,q,check,['check'],"[('p1', 'check'), ('p2', 'check')]",-6.0,-72.0,12.0,p2,showdown,False,2,114.0,114.0,rock
652,j,j,max_raise,['max_raise'],"[('p1', 'max_raise'), ('p2', 'fold')]",6.0,-66.0,24.0,p1,fold,True,2,102.0,114.0,rock
653,q,j,check,['check'],"[('p1', 'check'), ('p2', 'check')]",6.0,-60.0,12.0,p1,showdown,False,2,114.0,114.0,rock
654,j,k,check,"['check', 'fold']","[('p1', 'check'), ('p2', 'max_raise'), ('p1', 'fold')]",-6.0,-66.0,24.0,p2,fold,False,3,114.0,102.0,rock
655,k,k,check,"['check', 'call']","[('p1', 'check'), ('p2', 'max_raise'), ('p1', 'call')]",0.0,-66.0,0.0,tie,showdown,False,3,114.0,102.0,rock
656,j,k,min_raise,['min_raise'],"[('p1', 'min_raise'), ('p2', 'call')]",-12.0,-78.0,24.0,p2,showdown,True,2,108.0,114.0,rock
657,j,q,min_raise,['min_raise'],"[('p1', 'min_raise'), ('p2', 'fold')]",6.0,-72.0,18.0,p1,fold,True,2,108.0,114.0,rock
658,j,k,max_raise,['max_raise'],"[('p1', 'max_raise'), ('p2', 'call')]",-18.0,-90.0,36.0,p2,showdown,True,2,102.0,114.0,rock
659,k,j,check,['check'],"[('p1', 'check'), ('p2', 'check')]",6.0,-84.0,12.0,p1,showdown,False,2,114.0,114.0,rock
660,q,j,check,['check'],"[('p1', 'check'), ('p2', 'check')]",6.0,-78.0,12.0,p1,showdown,False,2,114.0,114.0,rock
661,k,j,check,['check'],"[('p1', 'check'), ('p2', 'check')]",6.0,-72.0,12.0,p1,showdown,False,2,114.0,114.0,rock
662,j,q,min_raise,['min_raise'],"[('p1', 'min_raise'), ('p2', 'fold')]",6.0,-66.0,18.0,p1,fold,True,2,108.0,114.0,rock
663,q,k,check,"['check', 'fold']","[('p1', 'check'), ('p2', 'max_raise'), ('p1', 'fold')]",-6.0,-72.0,24.0,p2,fold,False,3,114.0,102.0,rock
664,q,q,check,['check'],"[('p1', 'check'), ('p2', 'check')]",0.0,-72.0,0.0,tie,showdown,False,2,114.0,114.0,rock
665,k,k,check,"['check', 'call']","[('p1', 'check'), ('p2', 'max_raise'), ('p1', 'call')]",0.0,-72.0,0.0,tie,showdown,False,3,114.0,102.0,rock
666,j,k,max_raise,['max_raise'],"[('p1', 'max_raise'), ('p2', 'call')]",-18.0,-90.0,36.0,p2,showdown,True,2,102.0,114.0,rock
667,k,k,check,"['check', 'call']","[('p1', 'check'), ('p2', 'max_raise'), ('p1', 'call')]",0.0,-90.0,0.0,tie,showdown,False,3,114.0,102.0,rock
668,q,k,check,"['check', 'fold']","[('p1', 'check'), ('p2', 'max_raise'), ('p1', 'fold')]",-6.0,-96.0,24.0,p2,fold,False,3,114.0,102.0,rock
669,j,k,min_raise,['min_raise'],"[('p1', 'min_raise'), ('p2', 'call')]",-12.0,-108.0,24.0,p2,showdown,True,2,108.0,114.0,rock
670,q,k,check,"['check', 'fold']","[('p1', 'check'), ('p2', 'max_raise'), ('p1', 'fold')]",-6.0,-114.0,24.0,p2,fold,False,3,114.0,102.0,rock
671,q,j,check,['check'],"[('p1', 'check'), ('p2', 'check')]",6.0,-108.0,12.0,p1,showdown,False,2,114.0,114.0,rock
672,j,j,min_raise,['min_raise'],"[('p1', 'min_raise'), ('p2', 'fold')]",6.0,-102.0,18.0,p1,fold,True,2,108.0,114.0,rock
673,k,j,check,['check'],"[('p1', 'check'), ('p2', 'check')]",6.0,-96.0,12.0,p1,showdown,False,2,114.0,114.0,rock
674,k,q,check,['check'],"[('p1', 'check'), ('p2', 'check')]",6.0,-90.0,12.0,p1,showdown,False,2,114.0,114.0,rock
675,q,k,check,"['check', 'call']","[('p1', 'check'), ('p2', 'max_raise'), ('p1', 'call')]",-18.0,-108.0,36.0,p2,showdown,False,3,114.0,102.0,rock
676,q,j,check,['check'],"[('p1', 'check'), ('p2', 'check')]",6.0,-102.0,12.0,p1,showdown,False,2,114.0,114.0,rock
677,k,q,check,['check'],"[('p1', 'check'), ('p2', 'check')]",6.0,-96.0,12.0,p1,showdown,False,2,114.0,114.0,rock
678,q,j,check,['check'],"[('p1', 'check'), ('p2', 'check')]",6.0,-90.0,12.0,p1,showdown,False,2,114.0,114.0,rock
679,j,q,check,['check'],"[('p1', 'check'), ('p2', 'check')]",-6.0,-96.0,12.0,p2,showdown,False,2,114.0,114.0,rock
680,q,q,check,['check'],"[('p1', 'check'), ('p2', 'check')]",0.0,-96.0,0.0,tie,showdown,False,2,114.0,114.0,rock
681,k,q,check,['check'],"[('p1', 'check'), ('p2', 'check')]",6.0,-90.0,12.0,p1,showdown,False,2,114.0,114.0,rock
682,q,j,check,['check'],"[('p1', 'check'), ('p2', 'check')]",6.0,-84.0,12.0,p1,showdown,False,2,114.0,114.0,rock
683,k,q,check,['check'],"[('p1', 'check'), ('p2', 'check')]",6.0,-78.0,12.0,p1,showdown,False,2,114.0,114.0,rock
684,k,q,check,['check'],"[('p1', 'check'), ('p2', 'check')]",6.0,-72.0,12.0,p1,showdown,False,2,114.0,114.0,rock
685,k,q,check,['check'],"[('p1', 'check'), ('p2', 'check')]",6.0,-66.0,12.0,p1,showdown,False,2,114.0,114.0,rock
686,j,k,max_raise,['max_raise'],"[('p1', 'max_raise'), ('p2', 'call')]",-18.0,-84.0,36.0,p2,showdown,True,2,102.0,114.0,rock
687,q,k,check,"['check', 'fold']","[('p1', 'check'), ('p2', 'max_raise'), ('p1', 'fold')]",-6.0,-90.0,24.0,p2,fold,False,3,114.0,102.0,rock
688,k,q,check,['check'],"[('p1', 'check'), ('p2', 'check')]",6.0,-84.0,12.0,p1,showdown,False,2,114.0,114.0,rock
689,j,k,check,"['check', 'fold']","[('p1', 'check'), ('p2', 'max_raise'), ('p1', 'fold')]",-6.0,-90.0,24.0,p2,fold,False,3,114.0,102.0,rock
690,j,k,min_raise,['min_raise'],"[('p1', 'min_raise'), ('p2', 'call')]",-12.0,-102.0,24.0,p2,showdown,True,2,108.0,114.0,rock
691,q,j,check,['check'],"[('p1', 'check'), ('p2', 'check')]",6.0,-96.0,12.0,p1,showdown,False,2,114.0,114.0,rock
692,q,k,check,"['check', 'fold']","[('p1', 'check'), ('p2', 'max_raise'), ('p1', 'fold')]",-6.0,-102.0,24.0,p2,fold,False,3,114.0,102.0,rock
693,q,k,check,"['check', 'fold']","[('p1', 'check'), ('p2', 'max_raise'), ('p1', 'fold')]",-6.0,-108.0,24.0,p2,fold,False,3,114.0,102.0,rock
694,k,j,check,['check'],"[('p1', 'check'), ('p2', 'check')]",6.0,-102.0,12.0,p1,showdown,False,2,114.0,114.0,rock
695,q,j,check,['check'],"[('p1', 'check'), ('p2', 'check')]",6.0,-96.0,12.0,p1,showdown,False,2,114.0,114.0,rock
696,q,k,check,"['check', 'fold']","[('p1', 'check'), ('p2', 'max_raise'), ('p1', 'fold')]",-6.0,-102.0,24.0,p2,fold,False,3,114.0,102.0,rock
697,q,j,check,['check'],"[('p1', 'check'), ('p2', 'check')]",6.0,-96.0,12.0,p1,showdown,False,2,114.0,114.0,rock
698,j,k,check,"['check', 'fold']","[('p1', 'check'), ('p2', 'max_raise'), ('p1', 'fold')]",-6.0,-102.0,24.0,p2,fold,False,3,114.0,102.0,rock
699,k,q,check,['check'],"[('p1', 'check'), ('p2', 'check')]",6.0,-96.0,12.0,p1,showdown,False,2,114.0,114.0,rock
700,k,k,check,"['check', 'call']","[('p1', 'check'), ('p2', 'max_raise'), ('p1', 'call')]",0.0,-96.0,0.0,tie,showdown,False,3,114.0,102.0,rock
701,j,k,check,"['check', 'fold']","[('p1', 'check'), ('p2', 'max_raise'), ('p1', 'fold')]",-6.0,-102.0,24.0,p2,fold,False,3,114.0,102.0,rock
702,q,q,check,['check'],"[('p1', 'check'), ('p2', 'check')]",0.0,-102.0,0.0,tie,showdown,False,2,114.0,114.0,rock
703,j,q,min_raise,['min_raise'],"[('p1', 'min_raise'), ('p2', 'fold')]",6.0,-96.0,18.0,p1,fold,True,2,108.0,114.0,rock
704,q,j,check,['check'],"[('p1', 'check'), ('p2', 'check')]",6.0,-90.0,12.0,p1,showdown,False,2,114.0,114.0,rock
705,j,q,min_raise,['min_raise'],"[('p1', 'min_raise'), ('p2', 'fold')]",6.0,-84.0,18.0,p1,fold,True,2,108.0,114.0,rock
706,q,k,check,"['check', 'fold']","[('p1', 'check'), ('p2', 'max_raise'), ('p1', 'fold')]",-6.0,-90.0,24.0,p2,fold,False,3,114.0,102.0,rock
707,j,q,check,['check'],"[('p1', 'check'), ('p2', 'check')]",-6.0,-96.0,12.0,p2,showdown,False,2,114.0,114.0,rock
708,j,j,min_raise,['min_raise'],"[('p1', 'min_raise'), ('p2', 'fold')]",6.0,-90.0,18.0,p1,fold,True,2,108.0,114.0,rock
709,q,j,check,['check'],"[('p1', 'check'), ('p2', 'check')]",6.0,-84.0,12.0,p1,showdown,False,2,114.0,114.0,rock
710,j,q,min_raise,['min_raise'],"[('p1', 'min_raise'), ('p2', 'fold')]",6.0,-78.0,18.0,p1,fold,True,2,108.0,114.0,rock
711,q,j,check,['check'],"[('p1', 'check'), ('p2', 'check')]",6.0,-72.0,12.0,p1,showdown,False,2,114.0,114.0,rock
712,q,k,check,"['check', 'fold']","[('p1', 'check'), ('p2', 'max_raise'), ('p1', 'fold')]",-6.0,-78.0,24.0,p2,fold,False,3,114.0,102.0,rock
713,q,j,check,['check'],"[('p1', 'check'), ('p2', 'check')]",6.0,-72.0,12.0,p1,showdown,False,2,114.0,114.0,rock
714,q,k,check,"['check', 'fold']","[('p1', 'check'), ('p2', 'max_raise'), ('p1', 'fold')]",-6.0,-78.0,24.0,p2,fold,False,3,114.0,102.0,rock
715,k,q,check,['check'],"[('p1', 'check'), ('p2', 'check')]",6.0,-72.0,12.0,p1,showdown,False,2,114.0,114.0,rock
716,j,j,min_raise,['min_raise'],"[('p1', 'min_raise'), ('p2', 'fold')]",6.0,-66.0,18.0,p1,fold,True,2,108.0,114.0,rock
717,q,k,check,"['check', 'fold']","[('p1', 'check'), ('p2', 'max_raise'), ('p1', 'fold')]",-6.0,-72.0,24.0,p2,fold,False,3,114.0,102.0,rock
718,j,k,min_raise,['min_raise'],"[('p1', 'min_raise'), ('p2', 'call')]",-12.0,-84.0,24.0,p2,showdown,True,2,108.0,114.0,rock
719,j,q,min_raise,['min_raise'],"[('p1', 'min_raise'), ('p2', 'fold')]",6.0,-78.0,18.0,p1,fold,True,2,108.0,114.0,rock
720,j,q,min_raise,['min_raise'],"[('p1', 'min_raise'), ('p2', 'fold')]",6.0,-72.0,18.0,p1,fold,True,2,108.0,114.0,rock
721,q,k,check,"['check', 'fold']","[('p1', 'check'), ('p2', 'max_raise'), ('p1', 'fold')]",-6.0,-78.0,24.0,p2,fold,False,3,114.0,102.0,rock
722,k,q,check,['check'],"[('p1', 'check'), ('p2', 'check')]",6.0,-72.0,12.0,p1,showdown,False,2,114.0,114.0,rock
723,j,q,min_raise,['min_raise'],"[('p1', 'min_raise'), ('p2', 'fold')]",6.0,-66.0,18.0,p1,fold,True,2,108.0,114.0,rock
724,k,q,check,['check'],"[('p1', 'check'), ('p2', 'check')]",6.0,-60.0,12.0,p1,showdown,False,2,114.0,114.0,rock
725,k,q,check,['check'],"[('p1', 'check'), ('p2', 'check')]",6.0,-54.0,12.0,p1,showdown,False,2,114.0,114.0,rock
726,j,k,min_raise,['min_raise'],"[('p1', 'min_raise'), ('p2', 'call')]",-12.0,-66.0,24.0,p2,showdown,True,2,108.0,114.0,rock
727,j,k,min_raise,['min_raise'],"[('p1', 'min_raise'), ('p2', 'call')]",-12.0,-78.0,24.0,p2,showdown,True,2,108.0,114.0,rock
728,k,q,check,['check'],"[('p1', 'check'), ('p2', 'check')]",6.0,-72.0,12.0,p1,showdown,False,2,114.0,114.0,rock
729,j,q,check,['check'],"[('p1', 'check'), ('p2', 'check')]",-6.0,-78.0,12.0,p2,showdown,False,2,114.0,114.0,rock
730,k,q,check,['check'],"[('p1', 'check'), ('p2', 'check')]",6.0,-72.0,12.0,p1,showdown,False,2,114.0,114.0,rock
731,j,k,min_raise,['min_raise'],"[('p1', 'min_raise'), ('p2', 'call')]",-12.0,-84.0,24.0,p2,showdown,True,2,108.0,114.0,rock
732,j,q,check,['check'],"[('p1', 'check'), ('p2', 'check')]",-6.0,-90.0,12.0,p2,showdown,False,2,114.0,114.0,rock
733,j,q,min_raise,['min_raise'],"[('p1', 'min_raise'), ('p2', 'fold')]",6.0,-84.0,18.0,p1,fold,True,2,108.0,114.0,rock
734,q,j,check,['check'],"[('p1', 'check'), ('p2', 'check')]",6.0,-78.0,12.0,p1,showdown,False,2,114.0,114.0,rock
735,j,j,min_raise,['min_raise'],"[('p1', 'min_raise'), ('p2', 'fold')]",6.0,-72.0,18.0,p1,fold,True,2,108.0,114.0,rock
736,j,k,check,"['check', 'fold']","[('p1', 'check'), ('p2', 'max_raise'), ('p1', 'fold')]",-6.0,-78.0,24.0,p2,fold,False,3,114.0,102.0,rock
737,j,k,min_raise,['min_raise'],"[('p1', 'min_raise'), ('p2', 'call')]",-12.0,-90.0,24.0,p2,showdown,True,2,108.0,114.0,rock
738,j,k,check,"['check', 'fold']","[('p1', 'check'), ('p2', 'max_raise'), ('p1', 'fold')]",-6.0,-96.0,24.0,p2,fold,False,3,114.0,102.0,rock
739,q,k,check,"['check', 'fold']","[('p1', 'check'), ('p2', 'max_raise'), ('p1', 'fold')]",-6.0,-102.0,24.0,p2,fold,False,3,114.0,102.0,rock
740,q,j,check,['check'],"[('p1', 'check'), ('p2', 'check')]",6.0,-96.0,12.0,p1,showdown,False,2,114.0,114.0,rock
741,j,j,check,['check'],"[('p1', 'check'), ('p2', 'check')]",0.0,-96.0,0.0,tie,showdown,False,2,114.0,114.0,rock
742,j,k,min_raise,['min_raise'],"[('p1', 'min_raise'), ('p2', 'call')]",-12.0,-108.0,24.0,p2,showdown,True,2,108.0,114.0,rock
743,q,j,check,['check'],"[('p1', 'check'), ('p2', 'check')]",6.0,-102.0,12.0,p1,showdown,False,2,114.0,114.0,rock
744,q,j,check,['check'],"[('p1', 'check'), ('p2', 'check')]",6.0,-96.0,12.0,p1,showdown,False,2,114.0,114.0,rock
745,j,k,max_raise,['max_raise'],"[('p1', 'max_raise'), ('p2', 'call')]",-18.0,-114.0,36.0,p2,showdown,True,2,102.0,114.0,rock
746,k,q,check,['check'],"[('p1', 'check'), ('p2', 'check')]",6.0,-108.0,12.0,p1,showdown,False,2,114.0,114.0,rock
747,j,j,min_raise,['min_raise'],"[('p1', 'min_raise'), ('p2', 'fold')]",6.0,-102.0,18.0,p1,fold,True,2,108.0,114.0,rock
748,k,k,check,"['check', 'call']","[('p1', 'check'), ('p2', 'max_raise'), ('p1', 'call')]",0.0,-102.0,0.0,tie,showdown,False,3,114.0,102.0,rock
749,q,k,check,"['check', 'fold']","[('p1', 'check'), ('p2', 'max_raise'), ('p1', 'fold')]",-6.0,-108.0,24.0,p2,fold,False,3,114.0,102.0,rock
750,k,q,check,['check'],"[('p1', 'check'), ('p2', 'check')]",6.0,-102.0,12.0,p1,showdown,False,2,114.0,114.0,rock
751,k,k,check,"['check', 'call']","[('p1', 'check'), ('p2', 'max_raise'), ('p1', 'call')]",0.0,-102.0,0.0,tie,showdown,False,3,114.0,102.0,rock
752,j,q,min_raise,['min_raise'],"[('p1', 'min_raise'), ('p2', 'fold')]",6.0,-96.0,18.0,p1,fold,True,2,108.0,114.0,rock
753,j,k,check,"['check', 'fold']","[('p1', 'check'), ('p2', 'max_raise'), ('p1', 'fold')]",-6.0,-102.0,24.0,p2,fold,False,3,114.0,102.0,rock
754,q,k,check,"['check', 'fold']","[('p1', 'check'), ('p2', 'max_raise'), ('p1', 'fold')]",-6.0,-108.0,24.0,p2,fold,False,3,114.0,102.0,rock
755,k,q,check,['check'],"[('p1', 'check'), ('p2', 'check')]",6.0,-102.0,12.0,p1,showdown,False,2,114.0,114.0,rock
756,j,q,check,['check'],"[('p1', 'check'), ('p2', 'check')]",-6.0,-108.0,12.0,p2,showdown,False,2,114.0,114.0,rock
757,j,j,min_raise,['min_raise'],"[('p1', 'min_raise'), ('p2', 'fold')]",6.0,-102.0,18.0,p1,fold,True,2,108.0,114.0,rock
758,k,k,check,"['check', 'call']","[('p1', 'check'), ('p2', 'max_raise'), ('p1', 'call')]",0.0,-102.0,0.0,tie,showdown,False,3,114.0,102.0,rock
759,j,k,min_raise,['min_raise'],"[('p1', 'min_raise'), ('p2', 'call')]",-12.0,-114.0,24.0,p2,showdown,True,2,108.0,114.0,rock
760,q,q,check,['check'],"[('p1', 'check'), ('p2', 'check')]",0.0,-114.0,0.0,tie,showdown,False,2,114.0,114.0,rock
761,k,q,check,['check'],"[('p1', 'check'), ('p2', 'check')]",6.0,-108.0,12.0,p1,showdown,False,2,114.0,114.0,rock
762,k,q,check,['check'],"[('p1', 'check'), ('p2', 'check')]",6.0,-102.0,12.0,p1,showdown,False,2,114.0,114.0,rock
763,k,q,check,['check'],"[('p1', 'check'), ('p2', 'check')]",6.0,-96.0,12.0,p1,showdown,False,2,114.0,114.0,rock
764,q,q,check,['check'],"[('p1', 'check'), ('p2', 'check')]",0.0,-96.0,0.0,tie,showdown,False,2,114.0,114.0,rock
765,q,j,check,['check'],"[('p1', 'check'), ('p2', 'check')]",6.0,-90.0,12.0,p1,showdown,False,2,114.0,114.0,rock
766,k,j,check,['check'],"[('p1', 'check'), ('p2', 'check')]",6.0,-84.0,12.0,p1,showdown,False,2,114.0,114.0,rock
767,k,q,check,['check'],"[('p1', 'check'), ('p2', 'check')]",6.0,-78.0,12.0,p1,showdown,False,2,114.0,114.0,rock
768,j,q,min_raise,['min_raise'],"[('p1', 'min_raise'), ('p2', 'fold')]",6.0,-72.0,18.0,p1,fold,True,2,108.0,114.0,rock
769,q,q,check,['check'],"[('p1', 'check'), ('p2', 'check')]",0.0,-72.0,0.0,tie,showdown,False,2,114.0,114.0,rock
770,q,k,check,"['check', 'fold']","[('p1', 'check'), ('p2', 'max_raise'), ('p1', 'fold')]",-6.0,-78.0,24.0,p2,fold,False,3,114.0,102.0,rock
771,q,k,check,"['check', 'fold']","[('p1', 'check'), ('p2', 'max_raise'), ('p1', 'fold')]",-6.0,-84.0,24.0,p2,fold,False,3,114.0,102.0,rock
772,q,k,check,"['check', 'fold']","[('p1', 'check'), ('p2', 'max_raise'), ('p1', 'fold')]",-6.0,-90.0,24.0,p2,fold,False,3,114.0,102.0,rock
773,q,q,check,['check'],"[('p1', 'check'), ('p2', 'check')]",0.0,-90.0,0.0,tie,showdown,False,2,114.0,114.0,rock
774,q,q,check,['check'],"[('p1', 'check'), ('p2', 'check')]",0.0,-90.0,0.0,tie,showdown,False,2,114.0,114.0,rock
775,k,q,check,['check'],"[('p1', 'check'), ('p2', 'check')]",6.0,-84.0,12.0,p1,showdown,False,2,114.0,114.0,rock
776,k,j,check,['check'],"[('p1', 'check'), ('p2', 'check')]",6.0,-78.0,12.0,p1,showdown,False,2,114.0,114.0,rock
777,j,j,min_raise,['min_raise'],"[('p1', 'min_raise'), ('p2', 'fold')]",6.0,-72.0,18.0,p1,fold,True,2,108.0,114.0,rock
778,q,j,check,['check'],"[('p1', 'check'), ('p2', 'check')]",6.0,-66.0,12.0,p1,showdown,False,2,114.0,114.0,rock
779,j,j,check,['check'],"[('p1', 'check'), ('p2', 'check')]",0.0,-66.0,0.0,tie,showdown,False,2,114.0,114.0,rock
780,q,q,check,['check'],"[('p1', 'check'), ('p2', 'check')]",0.0,-66.0,0.0,tie,showdown,False,2,114.0,114.0,rock
781,j,k,check,"['check', 'fold']","[('p1', 'check'), ('p2', 'max_raise'), ('p1', 'fold')]",-6.0,-72.0,24.0,p2,fold,False,3,114.0,102.0,rock
782,k,j,check,['check'],"[('p1', 'check'), ('p2', 'check')]",6.0,-66.0,12.0,p1,showdown,False,2,114.0,114.0,rock
783,j,q,min_raise,['min_raise'],"[('p1', 'min_raise'), ('p2', 'fold')]",6.0,-60.0,18.0,p1,fold,True,2,108.0,114.0,rock
784,q,k,check,"['check', 'fold']","[('p1', 'check'), ('p2', 'max_raise'), ('p1', 'fold')]",-6.0,-66.0,24.0,p2,fold,False,3,114.0,102.0,rock
785,j,k,min_raise,['min_raise'],"[('p1', 'min_raise'), ('p2', 'call')]",-12.0,-78.0,24.0,p2,showdown,True,2,108.0,114.0,rock
786,q,k,check,"['check', 'fold']","[('p1', 'check'), ('p2', 'max_raise'), ('p1', 'fold')]",-6.0,-84.0,24.0,p2,fold,False,3,114.0,102.0,rock
787,k,j,check,['check'],"[('p1', 'check'), ('p2', 'check')]",6.0,-78.0,12.0,p1,showdown,False,2,114.0,114.0,rock
788,q,k,check,"['check', 'fold']","[('p1', 'check'), ('p2', 'max_raise'), ('p1', 'fold')]",-6.0,-84.0,24.0,p2,fold,False,3,114.0,102.0,rock
789,q,j,check,['check'],"[('p1', 'check'), ('p2', 'check')]",6.0,-78.0,12.0,p1,showdown,False,2,114.0,114.0,rock
790,j,j,min_raise,['min_raise'],"[('p1', 'min_raise'), ('p2', 'fold')]",6.0,-72.0,18.0,p1,fold,True,2,108.0,114.0,rock
791,j,q,min_raise,['min_raise'],"[('p1', 'min_raise'), ('p2', 'fold')]",6.0,-66.0,18.0,p1,fold,True,2,108.0,114.0,rock
792,q,j,check,['check'],"[('p1', 'check'), ('p2', 'check')]",6.0,-60.0,12.0,p1,showdown,False,2,114.0,114.0,rock
793,j,q,min_raise,['min_raise'],"[('p1', 'min_raise'), ('p2', 'fold')]",6.0,-54.0,18.0,p1,fold,True,2,108.0,114.0,rock
794,k,q,check,['check'],"[('p1', 'check'), ('p2', 'check')]",6.0,-48.0,12.0,p1,showdown,False,2,114.0,114.0,rock
795,j,k,min_raise,['min_raise'],"[('p1', 'min_raise'), ('p2', 'call')]",-12.0,-60.0,24.0,p2,showdown,True,2,108.0,114.0,rock
796,q,j,check,['check'],"[('p1', 'check'), ('p2', 'check')]",6.0,-54.0,12.0,p1,showdown,False,2,114.0,114.0,rock
797,q,q,check,['check'],"[('p1', 'check'), ('p2', 'check')]",0.0,-54.0,0.0,tie,showdown,False,2,114.0,114.0,rock
798,k,q,check,['check'],"[('p1', 'check'), ('p2', 'check')]",6.0,-48.0,12.0,p1,showdown,False,2,114.0,114.0,rock
799,k,j,check,['check'],"[('p1', 'check'), ('p2', 'check')]",6.0,-42.0,12.0,p1,showdown,False,2,114.0,114.0,rock
800,j,j,min_raise,['min_raise'],"[('p1', 'min_raise'), ('p2', 'fold')]",6.0,-36.0,18.0,p1,fold,True,2,108.0,114.0,rock
801,k,j,check,['check'],"[('p1', 'check'), ('p2', 'check')]",6.0,-30.0,12.0,p1,showdown,False,2,114.0,114.0,rock
802,j,k,max_raise,['max_raise'],"[('p1', 'max_raise'), ('p2', 'call')]",-18.0,-48.0,36.0,p2,showdown,True,2,102.0,114.0,rock
803,j,k,min_raise,['min_raise'],"[('p1', 'min_raise'), ('p2', 'call')]",-12.0,-60.0,24.0,p2,showdown,True,2,108.0,114.0,rock
804,q,j,check,['check'],"[('p1', 'check'), ('p2', 'check')]",6.0,-54.0,12.0,p1,showdown,False,2,114.0,114.0,rock
805,k,q,check,['check'],"[('p1', 'check'), ('p2', 'check')]",6.0,-48.0,12.0,p1,showdown,False,2,114.0,114.0,rock
806,q,j,check,['check'],"[('p1', 'check'), ('p2', 'check')]",6.0,-42.0,12.0,p1,showdown,False,2,114.0,114.0,rock
807,q,q,check,['check'],"[('p1', 'check'), ('p2', 'check')]",0.0,-42.0,0.0,tie,showdown,False,2,114.0,114.0,rock
808,k,q,check,['check'],"[('p1', 'check'), ('p2', 'check')]",6.0,-36.0,12.0,p1,showdown,False,2,114.0,114.0,rock
809,j,q,check,['check'],"[('p1', 'check'), ('p2', 'check')]",-6.0,-42.0,12.0,p2,showdown,False,2,114.0,114.0,rock
810,q,j,check,['check'],"[('p1', 'check'), ('p2', 'check')]",6.0,-36.0,12.0,p1,showdown,False,2,114.0,114.0,rock
811,k,q,check,['check'],"[('p1', 'check'), ('p2', 'check')]",6.0,-30.0,12.0,p1,showdown,False,2,114.0,114.0,rock
812,q,q,check,['check'],"[('p1', 'check'), ('p2', 'check')]",0.0,-30.0,0.0,tie,showdown,False,2,114.0,114.0,rock
813,k,k,check,"['check', 'call']","[('p1', 'check'), ('p2', 'max_raise'), ('p1', 'call')]",0.0,-30.0,0.0,tie,showdown,False,3,114.0,102.0,rock
814,q,j,check,['check'],"[('p1', 'check'), ('p2', 'check')]",6.0,-24.0,12.0,p1,showdown,False,2,114.0,114.0,rock
815,j,k,min_raise,['min_raise'],"[('p1', 'min_raise'), ('p2', 'call')]",-12.0,-36.0,24.0,p2,showdown,True,2,108.0,114.0,rock
816,q,k,check,"['check', 'fold']","[('p1', 'check'), ('p2', 'max_raise'), ('p1', 'fold')]",-6.0,-42.0,24.0,p2,fold,False,3,114.0,102.0,rock
817,j,k,min_raise,['min_raise'],"[('p1', 'min_raise'), ('p2', 'call')]",-12.0,-54.0,24.0,p2,showdown,True,2,108.0,114.0,rock
818,k,j,check,['check'],"[('p1', 'check'), ('p2', 'check')]",6.0,-48.0,12.0,p1,showdown,False,2,114.0,114.0,rock
819,j,q,min_raise,['min_raise'],"[('p1', 'min_raise'), ('p2', 'fold')]",6.0,-42.0,18.0,p1,fold,True,2,108.0,114.0,rock
820,k,j,check,['check'],"[('p1', 'check'), ('p2', 'check')]",6.0,-36.0,12.0,p1,showdown,False,2,114.0,114.0,rock
821,q,q,check,['check'],"[('p1', 'check'), ('p2', 'check')]",0.0,-36.0,0.0,tie,showdown,False,2,114.0,114.0,rock
822,k,q,check,['check'],"[('p1', 'check'), ('p2', 'check')]",6.0,-30.0,12.0,p1,showdown,False,2,114.0,114.0,rock
823,j,q,check,['check'],"[('p1', 'check'), ('p2', 'check')]",-6.0,-36.0,12.0,p2,showdown,False,2,114.0,114.0,rock
824,q,q,check,['check'],"[('p1', 'check'), ('p2', 'check')]",0.0,-36.0,0.0,tie,showdown,False,2,114.0,114.0,rock
825,k,q,check,['check'],"[('p1', 'check'), ('p2', 'check')]",6.0,-30.0,12.0,p1,showdown,False,2,114.0,114.0,rock
826,q,k,check,"['check', 'fold']","[('p1', 'check'), ('p2', 'max_raise'), ('p1', 'fold')]",-6.0,-36.0,24.0,p2,fold,False,3,114.0,102.0,rock
827,j,k,check,"['check', 'fold']","[('p1', 'check'), ('p2', 'max_raise'), ('p1', 'fold')]",-6.0,-42.0,24.0,p2,fold,False,3,114.0,102.0,rock
828,j,j,min_raise,['min_raise'],"[('p1', 'min_raise'), ('p2', 'fold')]",6.0,-36.0,18.0,p1,fold,True,2,108.0,114.0,rock
829,j,q,min_raise,['min_raise'],"[('p1', 'min_raise'), ('p2', 'fold')]",6.0,-30.0,18.0,p1,fold,True,2,108.0,114.0,rock
830,q,k,check,"['check', 'call']","[('p1', 'check'), ('p2', 'max_raise'), ('p1', 'call')]",-18.0,-48.0,36.0,p2,showdown,False,3,114.0,102.0,rock
831,k,q,check,['check'],"[('p1', 'check'), ('p2', 'check')]",6.0,-42.0,12.0,p1,showdown,False,2,114.0,114.0,rock
832,k,j,check,['check'],"[('p1', 'check'), ('p2', 'check')]",6.0,-36.0,12.0,p1,showdown,False,2,114.0,114.0,rock
833,k,k,check,"['check', 'call']","[('p1', 'check'), ('p2', 'max_raise'), ('p1', 'call')]",0.0,-36.0,0.0,tie,showdown,False,3,114.0,102.0,rock
834,j,q,check,['check'],"[('p1', 'check'), ('p2', 'check')]",-6.0,-42.0,12.0,p2,showdown,False,2,114.0,114.0,rock
835,q,j,check,['check'],"[('p1', 'check'), ('p2', 'check')]",6.0,-36.0,12.0,p1,showdown,False,2,114.0,114.0,rock
836,q,q,check,['check'],"[('p1', 'check'), ('p2', 'check')]",0.0,-36.0,0.0,tie,showdown,False,2,114.0,114.0,rock
837,j,k,min_raise,['min_raise'],"[('p1', 'min_raise'), ('p2', 'call')]",-12.0,-48.0,24.0,p2,showdown,True,2,108.0,114.0,rock
838,j,j,min_raise,['min_raise'],"[('p1', 'min_raise'), ('p2', 'fold')]",6.0,-42.0,18.0,p1,fold,True,2,108.0,114.0,rock
839,q,k,check,"['check', 'fold']","[('p1', 'check'), ('p2', 'max_raise'), ('p1', 'fold')]",-6.0,-48.0,24.0,p2,fold,False,3,114.0,102.0,rock
840,k,j,check,['check'],"[('p1', 'check'), ('p2', 'check')]",6.0,-42.0,12.0,p1,showdown,False,2,114.0,114.0,rock
841,q,q,check,['check'],"[('p1', 'check'), ('p2', 'check')]",0.0,-42.0,0.0,tie,showdown,False,2,114.0,114.0,rock
842,q,j,check,['check'],"[('p1', 'check'), ('p2', 'check')]",6.0,-36.0,12.0,p1,showdown,False,2,114.0,114.0,rock
843,q,j,check,['check'],"[('p1', 'check'), ('p2', 'check')]",6.0,-30.0,12.0,p1,showdown,False,2,114.0,114.0,rock
844,k,j,check,['check'],"[('p1', 'check'), ('p2', 'check')]",6.0,-24.0,12.0,p1,showdown,False,2,114.0,114.0,rock
845,j,q,min_raise,['min_raise'],"[('p1', 'min_raise'), ('p2', 'fold')]",6.0,-18.0,18.0,p1,fold,True,2,108.0,114.0,rock
846,k,j,check,['check'],"[('p1', 'check'), ('p2', 'check')]",6.0,-12.0,12.0,p1,showdown,False,2,114.0,114.0,rock
847,j,j,min_raise,['min_raise'],"[('p1', 'min_raise'), ('p2', 'fold')]",6.0,-6.0,18.0,p1,fold,True,2,108.0,114.0,rock
848,k,j,check,['check'],"[('p1', 'check'), ('p2', 'check')]",6.0,0.0,12.0,p1,showdown,False,2,114.0,114.0,rock
849,j,q,check,['check'],"[('p1', 'check'), ('p2', 'check')]",-6.0,-6.0,12.0,p2,showdown,False,2,114.0,114.0,rock
850,k,q,check,['check'],"[('p1', 'check'), ('p2', 'check')]",6.0,0.0,12.0,p1,showdown,False,2,114.0,114.0,rock
851,q,j,check,['check'],"[('p1', 'check'), ('p2', 'check')]",6.0,6.0,12.0,p1,showdown,False,2,114.0,114.0,rock
852,q,q,check,['check'],"[('p1', 'check'), ('p2', 'check')]",0.0,6.0,0.0,tie,showdown,False,2,114.0,114.0,rock
853,k,k,check,"['check', 'call']","[('p1', 'check'), ('p2', 'max_raise'), ('p1', 'call')]",0.0,6.0,0.0,tie,showdown,False,3,114.0,102.0,rock
854,j,q,min_raise,['min_raise'],"[('p1', 'min_raise'), ('p2', 'fold')]",6.0,12.0,18.0,p1,fold,True,2,108.0,114.0,rock
855,q,k,check,"['check', 'fold']","[('p1', 'check'), ('p2', 'max_raise'), ('p1', 'fold')]",-6.0,6.0,24.0,p2,fold,False,3,114.0,102.0,rock
856,q,k,check,"['check', 'fold']","[('p1', 'check'), ('p2', 'max_raise'), ('p1', 'fold')]",-6.0,0.0,24.0,p2,fold,False,3,114.0,102.0,rock
857,k,q,check,['check'],"[('p1', 'check'), ('p2', 'check')]",6.0,6.0,12.0,p1,showdown,False,2,114.0,114.0,rock
858,j,k,min_raise,['min_raise'],"[('p1', 'min_raise'), ('p2', 'call')]",-12.0,-6.0,24.0,p2,showdown,True,2,108.0,114.0,rock
859,q,q,check,['check'],"[('p1', 'check'), ('p2', 'check')]",0.0,-6.0,0.0,tie,showdown,False,2,114.0,114.0,rock
860,k,j,check,['check'],"[('p1', 'check'), ('p2', 'check')]",6.0,0.0,12.0,p1,showdown,False,2,114.0,114.0,rock
861,j,j,min_raise,['min_raise'],"[('p1', 'min_raise'), ('p2', 'fold')]",6.0,6.0,18.0,p1,fold,True,2,108.0,114.0,rock
862,q,j,check,['check'],"[('p1', 'check'), ('p2', 'check')]",6.0,12.0,12.0,p1,showdown,False,2,114.0,114.0,rock
863,q,k,check,"['check', 'fold']","[('p1', 'check'), ('p2', 'max_raise'), ('p1', 'fold')]",-6.0,6.0,24.0,p2,fold,False,3,114.0,102.0,rock
864,q,j,check,['check'],"[('p1', 'check'), ('p2', 'check')]",6.0,12.0,12.0,p1,showdown,False,2,114.0,114.0,rock
865,q,k,check,"['check', 'fold']","[('p1', 'check'), ('p2', 'max_raise'), ('p1', 'fold')]",-6.0,6.0,24.0,p2,fold,False,3,114.0,102.0,rock
866,j,q,min_raise,['min_raise'],"[('p1', 'min_raise'), ('p2', 'fold')]",6.0,12.0,18.0,p1,fold,True,2,108.0,114.0,rock
867,q,q,check,['check'],"[('p1', 'check'), ('p2', 'check')]",0.0,12.0,0.0,tie,showdown,False,2,114.0,114.0,rock
868,q,q,check,['check'],"[('p1', 'check'), ('p2', 'check')]",0.0,12.0,0.0,tie,showdown,False,2,114.0,114.0,rock
869,k,q,check,['check'],"[('p1', 'check'), ('p2', 'check')]",6.0,18.0,12.0,p1,showdown,False,2,114.0,114.0,rock
870,q,q,check,['check'],"[('p1', 'check'), ('p2', 'check')]",0.0,18.0,0.0,tie,showdown,False,2,114.0,114.0,rock
871,q,j,check,['check'],"[('p1', 'check'), ('p2', 'check')]",6.0,24.0,12.0,p1,showdown,False,2,114.0,114.0,rock
872,j,q,min_raise,['min_raise'],"[('p1', 'min_raise'), ('p2', 'fold')]",6.0,30.0,18.0,p1,fold,True,2,108.0,114.0,rock
873,q,j,check,['check'],"[('p1', 'check'), ('p2', 'check')]",6.0,36.0,12.0,p1,showdown,False,2,114.0,114.0,rock
874,k,k,check,"['check', 'call']","[('p1', 'check'), ('p2', 'max_raise'), ('p1', 'call')]",0.0,36.0,0.0,tie,showdown,False,3,114.0,102.0,rock
875,q,j,check,['check'],"[('p1', 'check'), ('p2', 'check')]",6.0,42.0,12.0,p1,showdown,False,2,114.0,114.0,rock
876,q,q,check,['check'],"[('p1', 'check'), ('p2', 'check')]",0.0,42.0,0.0,tie,showdown,False,2,114.0,114.0,rock
877,q,j,check,['check'],"[('p1', 'check'), ('p2', 'check')]",6.0,48.0,12.0,p1,showdown,False,2,114.0,114.0,rock
878,q,j,check,['check'],"[('p1', 'check'), ('p2', 'check')]",6.0,54.0,12.0,p1,showdown,False,2,114.0,114.0,rock
879,k,k,check,"['check', 'call']","[('p1', 'check'), ('p2', 'max_raise'), ('p1', 'call')]",0.0,54.0,0.0,tie,showdown,False,3,114.0,102.0,rock
880,k,k,check,"['check', 'call']","[('p1', 'check'), ('p2', 'max_raise'), ('p1', 'call')]",0.0,54.0,0.0,tie,showdown,False,3,114.0,102.0,rock
881,j,k,min_raise,['min_raise'],"[('p1', 'min_raise'), ('p2', 'call')]",-12.0,42.0,24.0,p2,showdown,True,2,108.0,114.0,rock
882,j,q,min_raise,['min_raise'],"[('p1', 'min_raise'), ('p2', 'fold')]",6.0,48.0,18.0,p1,fold,True,2,108.0,114.0,rock
883,k,k,check,"['check', 'call']","[('p1', 'check'), ('p2', 'max_raise'), ('p1', 'call')]",0.0,48.0,0.0,tie,showdown,False,3,114.0,102.0,rock
884,q,k,check,"['check', 'fold']","[('p1', 'check'), ('p2', 'max_raise'), ('p1', 'fold')]",-6.0,42.0,24.0,p2,fold,False,3,114.0,102.0,rock
885,q,j,check,['check'],"[('p1', 'check'), ('p2', 'check')]",6.0,48.0,12.0,p1,showdown,False,2,114.0,114.0,rock
886,j,q,min_raise,['min_raise'],"[('p1', 'min_raise'), ('p2', 'fold')]",6.0,54.0,18.0,p1,fold,True,2,108.0,114.0,rock
887,q,j,check,['check'],"[('p1', 'check'), ('p2', 'check')]",6.0,60.0,12.0,p1,showdown,False,2,114.0,114.0,rock
888,q,k,check,"['check', 'fold']","[('p1', 'check'), ('p2', 'max_raise'), ('p1', 'fold')]",-6.0,54.0,24.0,p2,fold,False,3,114.0,102.0,rock
889,j,q,check,['check'],"[('p1', 'check'), ('p2', 'check')]",-6.0,48.0,12.0,p2,showdown,False,2,114.0,114.0,rock
890,j,k,min_raise,['min_raise'],"[('p1', 'min_raise'), ('p2', 'call')]",-12.0,36.0,24.0,p2,showdown,True,2,108.0,114.0,rock
891,j,j,min_raise,['min_raise'],"[('p1', 'min_raise'), ('p2', 'fold')]",6.0,42.0,18.0,p1,fold,True,2,108.0,114.0,rock
892,j,k,min_raise,['min_raise'],"[('p1', 'min_raise'), ('p2', 'call')]",-12.0,30.0,24.0,p2,showdown,True,2,108.0,114.0,rock
893,j,k,min_raise,['min_raise'],"[('p1', 'min_raise'), ('p2', 'call')]",-12.0,18.0,24.0,p2,showdown,True,2,108.0,114.0,rock
894,j,j,min_raise,['min_raise'],"[('p1', 'min_raise'), ('p2', 'fold')]",6.0,24.0,18.0,p1,fold,True,2,108.0,114.0,rock
895,j,q,min_raise,['min_raise'],"[('p1', 'min_raise'), ('p2', 'fold')]",6.0,30.0,18.0,p1,fold,True,2,108.0,114.0,rock
896,k,j,check,['check'],"[('p1', 'check'), ('p2', 'check')]",6.0,36.0,12.0,p1,showdown,False,2,114.0,114.0,rock
897,q,k,check,"['check', 'fold']","[('p1', 'check'), ('p2', 'max_raise'), ('p1', 'fold')]",-6.0,30.0,24.0,p2,fold,False,3,114.0,102.0,rock
898,j,j,min_raise,['min_raise'],"[('p1', 'min_raise'), ('p2', 'fold')]",6.0,36.0,18.0,p1,fold,True,2,108.0,114.0,rock
899,k,j,check,['check'],"[('p1', 'check'), ('p2', 'check')]",6.0,42.0,12.0,p1,showdown,False,2,114.0,114.0,rock
900,q,q,check,['check'],"[('p1', 'check'), ('p2', 'check')]",0.0,42.0,0.0,tie,showdown,False,2,114.0,114.0,rock
901,q,q,check,['check'],"[('p1', 'check'), ('p2', 'check')]",0.0,42.0,0.0,tie,showdown,False,2,114.0,114.0,rock
902,q,k,check,"['check', 'fold']","[('p1', 'check'), ('p2', 'max_raise'), ('p1', 'fold')]",-6.0,36.0,24.0,p2,fold,False,3,114.0,102.0,rock
903,k,q,check,['check'],"[('p1', 'check'), ('p2', 'check')]",6.0,42.0,12.0,p1,showdown,False,2,114.0,114.0,rock
904,k,q,check,['check'],"[('p1', 'check'), ('p2', 'check')]",6.0,48.0,12.0,p1,showdown,False,2,114.0,114.0,rock
905,j,j,check,['check'],"[('p1', 'check'), ('p2', 'check')]",0.0,48.0,0.0,tie,showdown,False,2,114.0,114.0,rock
906,j,j,min_raise,['min_raise'],"[('p1', 'min_raise'), ('p2', 'fold')]",6.0,54.0,18.0,p1,fold,True,2,108.0,114.0,rock
907,j,k,min_raise,['min_raise'],"[('p1', 'min_raise'), ('p2', 'call')]",-12.0,42.0,24.0,p2,showdown,True,2,108.0,114.0,rock
908,k,j,check,['check'],"[('p1', 'check'), ('p2', 'check')]",6.0,48.0,12.0,p1,showdown,False,2,114.0,114.0,rock
909,q,j,check,['check'],"[('p1', 'check'), ('p2', 'check')]",6.0,54.0,12.0,p1,showdown,False,2,114.0,114.0,rock
910,k,k,check,"['check', 'call']","[('p1', 'check'), ('p2', 'max_raise'), ('p1', 'call')]",0.0,54.0,0.0,tie,showdown,False,3,114.0,102.0,rock
911,k,k,check,"['check', 'call']","[('p1', 'check'), ('p2', 'max_raise'), ('p1', 'call')]",0.0,54.0,0.0,tie,showdown,False,3,114.0,102.0,rock
912,k,q,check,['check'],"[('p1', 'check'), ('p2', 'check')]",6.0,60.0,12.0,p1,showdown,False,2,114.0,114.0,rock
913,q,q,check,['check'],"[('p1', 'check'), ('p2', 'check')]",0.0,60.0,0.0,tie,showdown,False,2,114.0,114.0,rock
914,k,j,check,['check'],"[('p1', 'check'), ('p2', 'check')]",6.0,66.0,12.0,p1,showdown,False,2,114.0,114.0,rock
915,q,q,check,['check'],"[('p1', 'check'), ('p2', 'check')]",0.0,66.0,0.0,tie,showdown,False,2,114.0,114.0,rock
916,k,j,check,['check'],"[('p1', 'check'), ('p2', 'check')]",6.0,72.0,12.0,p1,showdown,False,2,114.0,114.0,rock
917,k,q,check,['check'],"[('p1', 'check'), ('p2', 'check')]",6.0,78.0,12.0,p1,showdown,False,2,114.0,114.0,rock
918,k,q,check,['check'],"[('p1', 'check'), ('p2', 'check')]",6.0,84.0,12.0,p1,showdown,False,2,114.0,114.0,rock
919,q,j,check,['check'],"[('p1', 'check'), ('p2', 'check')]",6.0,90.0,12.0,p1,showdown,False,2,114.0,114.0,rock
920,k,j,check,['check'],"[('p1', 'check'), ('p2', 'check')]",6.0,96.0,12.0,p1,showdown,False,2,114.0,114.0,rock
921,j,k,min_raise,['min_raise'],"[('p1', 'min_raise'), ('p2', 'call')]",-12.0,84.0,24.0,p2,showdown,True,2,108.0,114.0,rock
922,q,k,check,"['check', 'call']","[('p1', 'check'), ('p2', 'max_raise'), ('p1', 'call')]",-18.0,66.0,36.0,p2,showdown,False,3,114.0,102.0,rock
923,j,k,min_raise,['min_raise'],"[('p1', 'min_raise'), ('p2', 'call')]",-12.0,54.0,24.0,p2,showdown,True,2,108.0,114.0,rock
924,k,j,check,['check'],"[('p1', 'check'), ('p2', 'check')]",6.0,60.0,12.0,p1,showdown,False,2,114.0,114.0,rock
925,j,q,min_raise,['min_raise'],"[('p1', 'min_raise'), ('p2', 'fold')]",6.0,66.0,18.0,p1,fold,True,2,108.0,114.0,rock
926,j,k,min_raise,['min_raise'],"[('p1', 'min_raise'), ('p2', 'call')]",-12.0,54.0,24.0,p2,showdown,True,2,108.0,114.0,rock
927,q,j,check,['check'],"[('p1', 'check'), ('p2', 'check')]",6.0,60.0,12.0,p1,showdown,False,2,114.0,114.0,rock
928,j,k,check,"['check', 'call']","[('p1', 'check'), ('p2', 'max_raise'), ('p1', 'call')]",-18.0,42.0,36.0,p2,showdown,False,3,114.0,102.0,rock
929,k,j,check,['check'],"[('p1', 'check'), ('p2', 'check')]",6.0,48.0,12.0,p1,showdown,False,2,114.0,114.0,rock
930,k,q,check,['check'],"[('p1', 'check'), ('p2', 'check')]",6.0,54.0,12.0,p1,showdown,False,2,114.0,114.0,rock
931,k,k,check,"['check', 'call']","[('p1', 'check'), ('p2', 'max_raise'), ('p1', 'call')]",0.0,54.0,0.0,tie,showdown,False,3,114.0,102.0,rock
932,j,j,check,['check'],"[('p1', 'check'), ('p2', 'check')]",0.0,54.0,0.0,tie,showdown,False,2,114.0,114.0,rock
933,k,q,check,['check'],"[('p1', 'check'), ('p2', 'check')]",6.0,60.0,12.0,p1,showdown,False,2,114.0,114.0,rock
934,q,q,check,['check'],"[('p1', 'check'), ('p2', 'check')]",0.0,60.0,0.0,tie,showdown,False,2,114.0,114.0,rock
935,k,j,check,['check'],"[('p1', 'check'), ('p2', 'check')]",6.0,66.0,12.0,p1,showdown,False,2,114.0,114.0,rock
936,k,j,check,['check'],"[('p1', 'check'), ('p2', 'check')]",6.0,72.0,12.0,p1,showdown,False,2,114.0,114.0,rock
937,j,q,min_raise,['min_raise'],"[('p1', 'min_raise'), ('p2', 'fold')]",6.0,78.0,18.0,p1,fold,True,2,108.0,114.0,rock
938,q,k,check,"['check', 'fold']","[('p1', 'check'), ('p2', 'max_raise'), ('p1', 'fold')]",-6.0,72.0,24.0,p2,fold,False,3,114.0,102.0,rock
939,q,j,check,['check'],"[('p1', 'check'), ('p2', 'check')]",6.0,78.0,12.0,p1,showdown,False,2,114.0,114.0,rock
940,q,j,check,['check'],"[('p1', 'check'), ('p2', 'check')]",6.0,84.0,12.0,p1,showdown,False,2,114.0,114.0,rock
941,q,j,check,['check'],"[('p1', 'check'), ('p2', 'check')]",6.0,90.0,12.0,p1,showdown,False,2,114.0,114.0,rock
942,q,k,check,"['check', 'fold']","[('p1', 'check'), ('p2', 'max_raise'), ('p1', 'fold')]",-6.0,84.0,24.0,p2,fold,False,3,114.0,102.0,rock
943,k,q,check,['check'],"[('p1', 'check'), ('p2', 'check')]",6.0,90.0,12.0,p1,showdown,False,2,114.0,114.0,rock
944,q,q,check,['check'],"[('p1', 'check'), ('p2', 'check')]",0.0,90.0,0.0,tie,showdown,False,2,114.0,114.0,rock
945,k,k,check,"['check', 'call']","[('p1', 'check'), ('p2', 'max_raise'), ('p1', 'call')]",0.0,90.0,0.0,tie,showdown,False,3,114.0,102.0,rock
946,k,q,check,['check'],"[('p1', 'check'), ('p2', 'check')]",6.0,96.0,12.0,p1,showdown,False,2,114.0,114.0,rock
947,k,j,check,['check'],"[('p1', 'check'), ('p2', 'check')]",6.0,102.0,12.0,p1,showdown,False,2,114.0,114.0,rock
948,j,q,min_raise,['min_raise'],"[('p1', 'min_raise'), ('p2', 'fold')]",6.0,108.0,18.0,p1,fold,True,2,108.0,114.0,rock
949,q,q,check,['check'],"[('p1', 'check'), ('p2', 'check')]",0.0,108.0,0.0,tie,showdown,False,2,114.0,114.0,rock
950,j,q,check,['check'],"[('p1', 'check'), ('p2', 'check')]",-6.0,102.0,12.0,p2,showdown,False,2,114.0,114.0,rock
951,k,k,check,"['check', 'call']","[('p1', 'check'), ('p2', 'max_raise'), ('p1', 'call')]",0.0,102.0,0.0,tie,showdown,False,3,114.0,102.0,rock
952,k,k,check,"['check', 'call']","[('p1', 'check'), ('p2', 'max_raise'), ('p1', 'call')]",0.0,102.0,0.0,tie,showdown,False,3,114.0,102.0,rock
953,j,q,min_raise,['min_raise'],"[('p1', 'min_raise'), ('p2', 'fold')]",6.0,108.0,18.0,p1,fold,True,2,108.0,114.0,rock
954,j,q,check,['check'],"[('p1', 'check'), ('p2', 'check')]",-6.0,102.0,12.0,p2,showdown,False,2,114.0,114.0,rock
955,q,j,check,['check'],"[('p1', 'check'), ('p2', 'check')]",6.0,108.0,12.0,p1,showdown,False,2,114.0,114.0,rock
956,k,j,check,['check'],"[('p1', 'check'), ('p2', 'check')]",6.0,114.0,12.0,p1,showdown,False,2,114.0,114.0,rock
957,j,k,min_raise,['min_raise'],"[('p1', 'min_raise'), ('p2', 'call')]",-12.0,102.0,24.0,p2,showdown,True,2,108.0,114.0,rock
958,j,q,check,['check'],"[('p1', 'check'), ('p2', 'check')]",-6.0,96.0,12.0,p2,showdown,False,2,114.0,114.0,rock
959,k,k,check,"['check', 'call']","[('p1', 'check'), ('p2', 'max_raise'), ('p1', 'call')]",0.0,96.0,0.0,tie,showdown,False,3,114.0,102.0,rock
960,j,q,min_raise,['min_raise'],"[('p1', 'min_raise'), ('p2', 'fold')]",6.0,102.0,18.0,p1,fold,True,2,108.0,114.0,rock
961,q,q,check,['check'],"[('p1', 'check'), ('p2', 'check')]",0.0,102.0,0.0,tie,showdown,False,2,114.0,114.0,rock
962,q,q,check,['check'],"[('p1', 'check'), ('p2', 'check')]",0.0,102.0,0.0,tie,showdown,False,2,114.0,114.0,rock
963,j,q,min_raise,['min_raise'],"[('p1', 'min_raise'), ('p2', 'fold')]",6.0,108.0,18.0,p1,fold,True,2,108.0,114.0,rock
964,q,j,check,['check'],"[('p1', 'check'), ('p2', 'check')]",6.0,114.0,12.0,p1,showdown,False,2,114.0,114.0,rock
965,j,k,min_raise,['min_raise'],"[('p1', 'min_raise'), ('p2', 'call')]",-12.0,102.0,24.0,p2,showdown,True,2,108.0,114.0,rock
966,q,q,check,['check'],"[('p1', 'check'), ('p2', 'check')]",0.0,102.0,0.0,tie,showdown,False,2,114.0,114.0,rock
967,j,q,check,['check'],"[('p1', 'check'), ('p2', 'check')]",-6.0,96.0,12.0,p2,showdown,False,2,114.0,114.0,rock
968,k,q,check,['check'],"[('p1', 'check'), ('p2', 'check')]",6.0,102.0,12.0,p1,showdown,False,2,114.0,114.0,rock
969,j,k,min_raise,['min_raise'],"[('p1', 'min_raise'), ('p2', 'call')]",-12.0,90.0,24.0,p2,showdown,True,2,108.0,114.0,rock
970,j,k,min_raise,['min_raise'],"[('p1', 'min_raise'), ('p2', 'call')]",-12.0,78.0,24.0,p2,showdown,True,2,108.0,114.0,rock
971,q,k,check,"['check', 'fold']","[('p1', 'check'), ('p2', 'max_raise'), ('p1', 'fold')]",-6.0,72.0,24.0,p2,fold,False,3,114.0,102.0,rock
972,k,j,check,['check'],"[('p1', 'check'), ('p2', 'check')]",6.0,78.0,12.0,p1,showdown,False,2,114.0,114.0,rock
973,k,k,check,"['check', 'call']","[('p1', 'check'), ('p2', 'max_raise'), ('p1', 'call')]",0.0,78.0,0.0,tie,showdown,False,3,114.0,102.0,rock
974,j,k,check,"['check', 'fold']","[('p1', 'check'), ('p2', 'max_raise'), ('p1', 'fold')]",-6.0,72.0,24.0,p2,fold,False,3,114.0,102.0,rock
975,q,k,check,"['check', 'fold']","[('p1', 'check'), ('p2', 'max_raise'), ('p1', 'fold')]",-6.0,66.0,24.0,p2,fold,False,3,114.0,102.0,rock
976,q,q,check,['check'],"[('p1', 'check'), ('p2', 'check')]",0.0,66.0,0.0,tie,showdown,False,2,114.0,114.0,rock
977,q,q,check,['check'],"[('p1', 'check'), ('p2', 'check')]",0.0,66.0,0.0,tie,showdown,False,2,114.0,114.0,rock
978,j,j,check,['check'],"[('p1', 'check'), ('p2', 'check')]",0.0,66.0,0.0,tie,showdown,False,2,114.0,114.0,rock
979,k,q,check,['check'],"[('p1', 'check'), ('p2', 'check')]",6.0,72.0,12.0,p1,showdown,False,2,114.0,114.0,rock
980,q,q,check,['check'],"[('p1', 'check'), ('p2', 'check')]",0.0,72.0,0.0,tie,showdown,False,2,114.0,114.0,rock
981,j,j,min_raise,['min_raise'],"[('p1', 'min_raise'), ('p2', 'fold')]",6.0,78.0,18.0,p1,fold,True,2,108.0,114.0,rock
982,q,k,check,"['check', 'fold']","[('p1', 'check'), ('p2', 'max_raise'), ('p1', 'fold')]",-6.0,72.0,24.0,p2,fold,False,3,114.0,102.0,rock
983,q,q,check,['check'],"[('p1', 'check'), ('p2', 'check')]",0.0,72.0,0.0,tie,showdown,False,2,114.0,114.0,rock
984,k,q,check,['check'],"[('p1', 'check'), ('p2', 'check')]",6.0,78.0,12.0,p1,showdown,False,2,114.0,114.0,rock
985,k,q,check,['check'],"[('p1', 'check'), ('p2', 'check')]",6.0,84.0,12.0,p1,showdown,False,2,114.0,114.0,rock
986,j,k,check,"['check', 'fold']","[('p1', 'check'), ('p2', 'max_raise'), ('p1', 'fold')]",-6.0,78.0,24.0,p2,fold,False,3,114.0,102.0,rock
987,j,j,check,['check'],"[('p1', 'check'), ('p2', 'check')]",0.0,78.0,0.0,tie,showdown,False,2,114.0,114.0,rock
988,k,k,check,"['check', 'call']","[('p1', 'check'), ('p2', 'max_raise'), ('p1', 'call')]",0.0,78.0,0.0,tie,showdown,False,3,114.0,102.0,rock
989,k,q,check,['check'],"[('p1', 'check'), ('p2', 'check')]",6.0,84.0,12.0,p1,showdown,False,2,114.0,114.0,rock
990,j,q,min_raise,['min_raise'],"[('p1', 'min_raise'), ('p2', 'fold')]",6.0,90.0,18.0,p1,fold,True,2,108.0,114.0,rock
991,q,j,check,['check'],"[('p1', 'check'), ('p2', 'check')]",6.0,96.0,12.0,p1,showdown,False,2,114.0,114.0,rock
992,q,j,check,['check'],"[('p1', 'check'), ('p2', 'check')]",6.0,102.0,12.0,p1,showdown,False,2,114.0,114.0,rock
993,q,k,check,"['check', 'fold']","[('p1', 'check'), ('p2', 'max_raise'), ('p1', 'fold')]",-6.0,96.0,24.0,p2,fold,False,3,114.0,102.0,rock
994,k,q,check,['check'],"[('p1', 'check'), ('p2', 'check')]",6.0,102.0,12.0,p1,showdown,False,2,114.0,114.0,rock
995,k,j,check,['check'],"[('p1', 'check'), ('p2', 'check')]",6.0,108.0,12.0,p1,showdown,False,2,114.0,114.0,rock
996,j,k,check,"['check', 'fold']","[('p1', 'check'), ('p2', 'max_raise'), ('p1', 'fold')]",-6.0,102.0,24.0,p2,fold,False,3,114.0,102.0,rock
997,q,j,check,['check'],"[('p1', 'check'), ('p2', 'check')]",6.0,108.0,12.0,p1,showdown,False,2,114.0,114.0,rock
998,j,k,min_raise,['min_raise'],"[('p1', 'min_raise'), ('p2', 'call')]",-12.0,96.0,24.0,p2,showdown,True,2,108.0,114.0,rock
999,k,k,check,"['check', 'call']","[('p1', 'check'), ('p2', 'max_raise'), ('p1', 'call')]",0.0,96.0,0.0,tie,showdown,False,3,114.0,102.0,rock
1000,k,q,check,['check'],"[('p1', 'check'), ('p2', 'check')]",6.0,102.0,12.0,p1,showdown,False,2,114.0,114.0,rock
1001,j,k,min_raise,['min_raise'],"[('p1', 'min_raise'), ('p2', 'call')]",-12.0,90.0,24.0,p2,showdown,True,2,108.0,114.0,rock
1002,k,j,check,['check'],"[('p1', 'check'), ('p2', 'check')]",6.0,96.0,12.0,p1,showdown,False,2,114.0,114.0,rock
1003,k,j,check,['check'],"[('p1', 'check'), ('p2', 'check')]",6.0,102.0,12.0,p1,showdown,False,2,114.0,114.0,rock
1004,j,k,min_raise,['min_raise'],"[('p1', 'min_raise'), ('p2', 'call')]",-12.0,90.0,24.0,p2,showdown,True,2,108.0,114.0,rock
1005,q,k,check,"['check', 'fold']","[('p1', 'check'), ('p2', 'max_raise'), ('p1', 'fold')]",-6.0,84.0,24.0,p2,fold,False,3,114.0,102.0,rock
1006,q,j,check,['check'],"[('p1', 'check'), ('p2', 'check')]",6.0,90.0,12.0,p1,showdown,False,2,114.0,114.0,rock
1007,q,k,check,"['check', 'fold']","[('p1', 'check'), ('p2', 'max_raise'), ('p1', 'fold')]",-6.0,84.0,24.0,p2,fold,False,3,114.0,102.0,rock
1008,q,j,check,['check'],"[('p1', 'check'), ('p2', 'check')]",6.0,90.0,12.0,p1,showdown,False,2,114.0,114.0,rock
1009,j,q,check,['check'],"[('p1', 'check'), ('p2', 'check')]",-6.0,84.0,12.0,p2,showdown,False,2,114.0,114.0,rock
1010,j,q,min_raise,['min_raise'],"[('p1', 'min_raise'), ('p2', 'fold')]",6.0,90.0,18.0,p1,fold,True,2,108.0,114.0,rock
1011,j,k,check,"['check', 'fold']","[('p1', 'check'), ('p2', 'max_raise'), ('p1', 'fold')]",-6.0,84.0,24.0,p2,fold,False,3,114.0,102.0,rock
1012,j,j,check,['check'],"[('p1', 'check'), ('p2', 'check')]",0.0,84.0,0.0,tie,showdown,False,2,114.0,114.0,rock
1013,j,k,min_raise,['min_raise'],"[('p1', 'min_raise'), ('p2', 'call')]",-12.0,72.0,24.0,p2,showdown,True,2,108.0,114.0,rock
1014,q,q,check,['check'],"[('p1', 'check'), ('p2', 'check')]",0.0,72.0,0.0,tie,showdown,False,2,114.0,114.0,rock
1015,j,q,min_raise,['min_raise'],"[('p1', 'min_raise'), ('p2', 'fold')]",6.0,78.0,18.0,p1,fold,True,2,108.0,114.0,rock
1016,j,k,min_raise,['min_raise'],"[('p1', 'min_raise'), ('p2', 'call')]",-12.0,66.0,24.0,p2,showdown,True,2,108.0,114.0,rock
1017,q,k,check,"['check', 'fold']","[('p1', 'check'), ('p2', 'max_raise'), ('p1', 'fold')]",-6.0,60.0,24.0,p2,fold,False,3,114.0,102.0,rock
1018,j,q,min_raise,['min_raise'],"[('p1', 'min_raise'), ('p2', 'fold')]",6.0,66.0,18.0,p1,fold,True,2,108.0,114.0,rock
1019,j,q,check,['check'],"[('p1', 'check'), ('p2', 'check')]",-6.0,60.0,12.0,p2,showdown,False,2,114.0,114.0,rock
1020,j,k,min_raise,['min_raise'],"[('p1', 'min_raise'), ('p2', 'call')]",-12.0,48.0,24.0,p2,showdown,True,2,108.0,114.0,rock
1021,j,q,min_raise,['min_raise'],"[('p1', 'min_raise'), ('p2', 'fold')]",6.0,54.0,18.0,p1,fold,True,2,108.0,114.0,rock
1022,j,q,min_raise,['min_raise'],"[('p1', 'min_raise'), ('p2', 'fold')]",6.0,60.0,18.0,p1,fold,True,2,108.0,114.0,rock
1023,q,k,check,"['check', 'fold']","[('p1', 'check'), ('p2', 'max_raise'), ('p1', 'fold')]",-6.0,54.0,24.0,p2,fold,False,3,114.0,102.0,rock
1024,q,q,check,['check'],"[('p1', 'check'), ('p2', 'check')]",0.0,54.0,0.0,tie,showdown,False,2,114.0,114.0,rock
1025,q,k,check,"['check', 'fold']","[('p1', 'check'), ('p2', 'max_raise'), ('p1', 'fold')]",-6.0,48.0,24.0,p2,fold,False,3,114.0,102.0,rock
1026,k,q,check,['check'],"[('p1', 'check'), ('p2', 'check')]",6.0,54.0,12.0,p1,showdown,False,2,114.0,114.0,rock
1027,k,q,check,['check'],"[('p1', 'check'), ('p2', 'check')]",6.0,60.0,12.0,p1,showdown,False,2,114.0,114.0,rock
1028,q,q,check,['check'],"[('p1', 'check'), ('p2', 'check')]",0.0,60.0,0.0,tie,showdown,False,2,114.0,114.0,rock
1029,k,q,check,['check'],"[('p1', 'check'), ('p2', 'check')]",6.0,66.0,12.0,p1,showdown,False,2,114.0,114.0,rock
1030,j,j,min_raise,['min_raise'],"[('p1', 'min_raise'), ('p2', 'fold')]",6.0,72.0,18.0,p1,fold,True,2,108.0,114.0,rock
1031,k,j,check,['check'],"[('p1', 'check'), ('p2', 'check')]",6.0,78.0,12.0,p1,showdown,False,2,114.0,114.0,rock
1032,q,q,check,['check'],"[('p1', 'check'), ('p2', 'check')]",0.0,78.0,0.0,tie,showdown,False,2,114.0,114.0,rock
1033,j,q,min_raise,['min_raise'],"[('p1', 'min_raise'), ('p2', 'fold')]",6.0,84.0,18.0,p1,fold,True,2,108.0,114.0,rock
1034,k,q,check,['check'],"[('p1', 'check'), ('p2', 'check')]",6.0,90.0,12.0,p1,showdown,False,2,114.0,114.0,rock
1035,j,j,min_raise,['min_raise'],"[('p1', 'min_raise'), ('p2', 'fold')]",6.0,96.0,18.0,p1,fold,True,2,108.0,114.0,rock
1036,k,k,check,"['check', 'call']","[('p1', 'check'), ('p2', 'max_raise'), ('p1', 'call')]",0.0,96.0,0.0,tie,showdown,False,3,114.0,102.0,rock
1037,k,q,check,['check'],"[('p1', 'check'), ('p2', 'check')]",6.0,102.0,12.0,p1,showdown,False,2,114.0,114.0,rock
1038,k,q,check,['check'],"[('p1', 'check'), ('p2', 'check')]",6.0,108.0,12.0,p1,showdown,False,2,114.0,114.0,rock
1039,q,q,check,['check'],"[('p1', 'check'), ('p2', 'check')]",0.0,108.0,0.0,tie,showdown,False,2,114.0,114.0,rock
1040,q,q,check,['check'],"[('p1', 'check'), ('p2', 'check')]",0.0,108.0,0.0,tie,showdown,False,2,114.0,114.0,rock
1041,j,k,min_raise,['min_raise'],"[('p1', 'min_raise'), ('p2', 'call')]",-12.0,96.0,24.0,p2,showdown,True,2,108.0,114.0,rock
1042,k,q,check,['check'],"[('p1', 'check'), ('p2', 'check')]",6.0,102.0,12.0,p1,showdown,False,2,114.0,114.0,rock
1043,k,q,check,['check'],"[('p1', 'check'), ('p2', 'check')]",6.0,108.0,12.0,p1,showdown,False,2,114.0,114.0,rock
1044,j,j,check,['check'],"[('p1', 'check'), ('p2', 'check')]",0.0,108.0,0.0,tie,showdown,False,2,114.0,114.0,rock
1045,q,j,check,['check'],"[('p1', 'check'), ('p2', 'check')]",6.0,114.0,12.0,p1,showdown,False,2,114.0,114.0,rock
1046,j,j,min_raise,['min_raise'],"[('p1', 'min_raise'), ('p2', 'fold')]",6.0,120.0,18.0,p1,fold,True,2,108.0,114.0,rock
1047,k,j,check,['check'],"[('p1', 'check'), ('p2', 'check')]",6.0,126.0,12.0,p1,showdown,False,2,114.0,114.0,rock
1048,k,k,check,"['check', 'call']","[('p1', 'check'), ('p2', 'max_raise'), ('p1', 'call')]",0.0,126.0,0.0,tie,showdown,False,3,114.0,102.0,rock
1049,q,q,check,['check'],"[('p1', 'check'), ('p2', 'check')]",0.0,126.0,0.0,tie,showdown,False,2,114.0,114.0,rock
1050,q,k,check,"['check', 'fold']","[('p1', 'check'), ('p2', 'max_raise'), ('p1', 'fold')]",-6.0,120.0,24.0,p2,fold,False,3,114.0,102.0,rock
1051,j,j,min_raise,['min_raise'],"[('p1', 'min_raise'), ('p2', 'fold')]",6.0,126.0,18.0,p1,fold,True,2,108.0,114.0,rock
1052,j,j,min_raise,['min_raise'],"[('p1', 'min_raise'), ('p2', 'fold')]",6.0,132.0,18.0,p1,fold,True,2,108.0,114.0,rock
1053,k,k,check,"['check', 'call']","[('p1', 'check'), ('p2', 'max_raise'), ('p1', 'call')]",0.0,132.0,0.0,tie,showdown,False,3,114.0,102.0,rock
1054,j,j,min_raise,['min_raise'],"[('p1', 'min_raise'), ('p2', 'fold')]",6.0,138.0,18.0,p1,fold,True,2,108.0,114.0,rock
1055,k,j,check,['check'],"[('p1', 'check'), ('p2', 'check')]",6.0,144.0,12.0,p1,showdown,False,2,114.0,114.0,rock
1056,k,q,check,['check'],"[('p1', 'check'), ('p2', 'check')]",6.0,150.0,12.0,p1,showdown,False,2,114.0,114.0,rock
1057,q,k,check,"['check', 'fold']","[('p1', 'check'), ('p2', 'max_raise'), ('p1', 'fold')]",-6.0,144.0,24.0,p2,fold,False,3,114.0,102.0,rock
1058,k,j,check,['check'],"[('p1', 'check'), ('p2', 'check')]",6.0,150.0,12.0,p1,showdown,False,2,114.0,114.0,rock
1059,k,k,check,"['check', 'call']","[('p1', 'check'), ('p2', 'max_raise'), ('p1', 'call')]",0.0,150.0,0.0,tie,showdown,False,3,114.0,102.0,rock
1060,k,j,check,['check'],"[('p1', 'check'), ('p2', 'check')]",6.0,156.0,12.0,p1,showdown,False,2,114.0,114.0,rock
1061,q,j,check,['check'],"[('p1', 'check'), ('p2', 'check')]",6.0,162.0,12.0,p1,showdown,False,2,114.0,114.0,rock
1062,q,j,check,['check'],"[('p1', 'check'), ('p2', 'check')]",6.0,168.0,12.0,p1,showdown,False,2,114.0,114.0,rock
1063,k,q,check,['check'],"[('p1', 'check'), ('p2', 'check')]",6.0,174.0,12.0,p1,showdown,False,2,114.0,114.0,rock
1064,k,k,check,"['check', 'call']","[('p1', 'check'), ('p2', 'max_raise'), ('p1', 'call')]",0.0,174.0,0.0,tie,showdown,False,3,114.0,102.0,rock
1065,q,j,check,['check'],"[('p1', 'check'), ('p2', 'check')]",6.0,180.0,12.0,p1,showdown,False,2,114.0,114.0,rock
1066,j,k,min_raise,['min_raise'],"[('p1', 'min_raise'), ('p2', 'call')]",-12.0,168.0,24.0,p2,showdown,True,2,108.0,114.0,rock
1067,j,j,check,['check'],"[('p1', 'check'), ('p2', 'check')]",0.0,168.0,0.0,tie,showdown,False,2,114.0,114.0,rock
1068,q,k,check,"['check', 'fold']","[('p1', 'check'), ('p2', 'max_raise'), ('p1', 'fold')]",-6.0,162.0,24.0,p2,fold,False,3,114.0,102.0,rock
1069,k,j,check,['check'],"[('p1', 'check'), ('p2', 'check')]",6.0,168.0,12.0,p1,showdown,False,2,114.0,114.0,rock
1070,j,q,min_raise,['min_raise'],"[('p1', 'min_raise'), ('p2', 'fold')]",6.0,174.0,18.0,p1,fold,True,2,108.0,114.0,rock
1071,j,k,min_raise,['min_raise'],"[('p1', 'min_raise'), ('p2', 'call')]",-12.0,162.0,24.0,p2,showdown,True,2,108.0,114.0,rock
1072,j,q,min_raise,['min_raise'],"[('p1', 'min_raise'), ('p2', 'fold')]",6.0,168.0,18.0,p1,fold,True,2,108.0,114.0,rock
1073,j,k,min_raise,['min_raise'],"[('p1', 'min_raise'), ('p2', 'call')]",-12.0,156.0,24.0,p2,showdown,True,2,108.0,114.0,rock
1074,q,j,check,['check'],"[('p1', 'check'), ('p2', 'check')]",6.0,162.0,12.0,p1,showdown,False,2,114.0,114.0,rock
1075,q,k,check,"['check', 'fold']","[('p1', 'check'), ('p2', 'max_raise'), ('p1', 'fold')]",-6.0,156.0,24.0,p2,fold,False,3,114.0,102.0,rock
1076,j,j,check,['check'],"[('p1', 'check'), ('p2', 'check')]",0.0,156.0,0.0,tie,showdown,False,2,114.0,114.0,rock
1077,q,j,check,['check'],"[('p1', 'check'), ('p2', 'check')]",6.0,162.0,12.0,p1,showdown,False,2,114.0,114.0,rock
1078,j,q,min_raise,['min_raise'],"[('p1', 'min_raise'), ('p2', 'fold')]",6.0,168.0,18.0,p1,fold,True,2,108.0,114.0,rock
1079,k,k,check,"['check', 'call']","[('p1', 'check'), ('p2', 'max_raise'), ('p1', 'call')]",0.0,168.0,0.0,tie,showdown,False,3,114.0,102.0,rock
1080,k,k,check,"['check', 'call']","[('p1', 'check'), ('p2', 'max_raise'), ('p1', 'call')]",0.0,168.0,0.0,tie,showdown,False,3,114.0,102.0,rock
1081,j,q,check,['check'],"[('p1', 'check'), ('p2', 'check')]",-6.0,162.0,12.0,p2,showdown,False,2,114.0,114.0,rock
1082,k,q,check,['check'],"[('p1', 'check'), ('p2', 'check')]",6.0,168.0,12.0,p1,showdown,False,2,114.0,114.0,rock
1083,q,j,check,['check'],"[('p1', 'check'), ('p2', 'check')]",6.0,174.0,12.0,p1,showdown,False,2,114.0,114.0,rock
1084,q,k,check,"['check', 'fold']","[('p1', 'check'), ('p2', 'max_raise'), ('p1', 'fold')]",-6.0,168.0,24.0,p2,fold,False,3,114.0,102.0,rock
1085,q,j,check,['check'],"[('p1', 'check'), ('p2', 'check')]",6.0,174.0,12.0,p1,showdown,False,2,114.0,114.0,rock
1086,j,q,check,['check'],"[('p1', 'check'), ('p2', 'check')]",-6.0,168.0,12.0,p2,showdown,False,2,114.0,114.0,rock
1087,k,q,check,['check'],"[('p1', 'check'), ('p2', 'check')]",6.0,174.0,12.0,p1,showdown,False,2,114.0,114.0,rock
1088,q,j,check,['check'],"[('p1', 'check'), ('p2', 'check')]",6.0,180.0,12.0,p1,showdown,False,2,114.0,114.0,rock
1089,q,k,check,"['check', 'fold']","[('p1', 'check'), ('p2', 'max_raise'), ('p1', 'fold')]",-6.0,174.0,24.0,p2,fold,False,3,114.0,102.0,rock
1090,k,k,check,"['check', 'call']","[('p1', 'check'), ('p2', 'max_raise'), ('p1', 'call')]",0.0,174.0,0.0,tie,showdown,False,3,114.0,102.0,rock
1091,k,q,check,['check'],"[('p1', 'check'), ('p2', 'check')]",6.0,180.0,12.0,p1,showdown,False,2,114.0,114.0,rock
1092,j,q,min_raise,['min_raise'],"[('p1', 'min_raise'), ('p2', 'fold')]",6.0,186.0,18.0,p1,fold,True,2,108.0,114.0,rock
1093,j,k,min_raise,['min_raise'],"[('p1', 'min_raise'), ('p2', 'call')]",-12.0,174.0,24.0,p2,showdown,True,2,108.0,114.0,rock
1094,q,k,check,"['check', 'fold']","[('p1', 'check'), ('p2', 'max_raise'), ('p1', 'fold')]",-6.0,168.0,24.0,p2,fold,False,3,114.0,102.0,rock
1095,j,q,min_raise,['min_raise'],"[('p1', 'min_raise'), ('p2', 'fold')]",6.0,174.0,18.0,p1,fold,True,2,108.0,114.0,rock
1096,j,q,check,['check'],"[('p1', 'check'), ('p2', 'check')]",-6.0,168.0,12.0,p2,showdown,False,2,114.0,114.0,rock
1097,j,j,min_raise,['min_raise'],"[('p1', 'min_raise'), ('p2', 'fold')]",6.0,174.0,18.0,p1,fold,True,2,108.0,114.0,rock
1098,j,q,min_raise,['min_raise'],"[('p1', 'min_raise'), ('p2', 'fold')]",6.0,180.0,18.0,p1,fold,True,2,108.0,114.0,rock
1099,k,q,check,['check'],"[('p1', 'check'), ('p2', 'check')]",6.0,186.0,12.0,p1,showdown,False,2,114.0,114.0,rock
1100,j,q,min_raise,['min_raise'],"[('p1', 'min_raise'), ('p2', 'fold')]",6.0,192.0,18.0,p1,fold,True,2,108.0,114.0,rock
1101,q,k,check,"['check', 'fold']","[('p1', 'check'), ('p2', 'max_raise'), ('p1', 'fold')]",-6.0,186.0,24.0,p2,fold,False,3,114.0,102.0,rock
1102,j,j,min_raise,['min_raise'],"[('p1', 'min_raise'), ('p2', 'fold')]",6.0,192.0,18.0,p1,fold,True,2,108.0,114.0,rock
1103,k,q,check,['check'],"[('p1', 'check'), ('p2', 'check')]",6.0,198.0,12.0,p1,showdown,False,2,114.0,114.0,rock
1104,j,k,min_raise,['min_raise'],"[('p1', 'min_raise'), ('p2', 'call')]",-12.0,186.0,24.0,p2,showdown,True,2,108.0,114.0,rock
1105,j,q,min_raise,['min_raise'],"[('p1', 'min_raise'), ('p2', 'fold')]",6.0,192.0,18.0,p1,fold,True,2,108.0,114.0,rock
1106,j,q,min_raise,['min_raise'],"[('p1', 'min_raise'), ('p2', 'fold')]",6.0,198.0,18.0,p1,fold,True,2,108.0,114.0,rock
1107,q,j,check,['check'],"[('p1', 'check'), ('p2', 'check')]",6.0,204.0,12.0,p1,showdown,False,2,114.0,114.0,rock
1108,j,k,min_raise,['min_raise'],"[('p1', 'min_raise'), ('p2', 'call')]",-12.0,192.0,24.0,p2,showdown,True,2,108.0,114.0,rock
1109,q,k,check,"['check', 'fold']","[('p1', 'check'), ('p2', 'max_raise'), ('p1', 'fold')]",-6.0,186.0,24.0,p2,fold,False,3,114.0,102.0,rock
1110,q,j,check,['check'],"[('p1', 'check'), ('p2', 'check')]",6.0,192.0,12.0,p1,showdown,False,2,114.0,114.0,rock
1111,q,j,check,['check'],"[('p1', 'check'), ('p2', 'check')]",6.0,198.0,12.0,p1,showdown,False,2,114.0,114.0,rock
1112,j,k,min_raise,['min_raise'],"[('p1', 'min_raise'), ('p2', 'call')]",-12.0,186.0,24.0,p2,showdown,True,2,108.0,114.0,rock
1113,j,j,min_raise,['min_raise'],"[('p1', 'min_raise'), ('p2', 'fold')]",6.0,192.0,18.0,p1,fold,True,2,108.0,114.0,rock
1114,q,k,check,"['check', 'fold']","[('p1', 'check'), ('p2', 'max_raise'), ('p1', 'fold')]",-6.0,186.0,24.0,p2,fold,False,3,114.0,102.0,rock
1115,k,k,check,"['check', 'call']","[('p1', 'check'), ('p2', 'max_raise'), ('p1', 'call')]",0.0,186.0,0.0,tie,showdown,False,3,114.0,102.0,rock
1116,k,q,check,['check'],"[('p1', 'check'), ('p2', 'check')]",6.0,192.0,12.0,p1,showdown,False,2,114.0,114.0,rock
1117,k,j,check,['check'],"[('p1', 'check'), ('p2', 'check')]",6.0,198.0,12.0,p1,showdown,False,2,114.0,114.0,rock
1118,q,k,check,"['check', 'fold']","[('p1', 'check'), ('p2', 'max_raise'), ('p1', 'fold')]",-6.0,192.0,24.0,p2,fold,False,3,114.0,102.0,rock
1119,q,k,check,"['check', 'fold']","[('p1', 'check'), ('p2', 'max_raise'), ('p1', 'fold')]",-6.0,186.0,24.0,p2,fold,False,3,114.0,102.0,rock
1120,q,j,check,['check'],"[('p1', 'check'), ('p2', 'check')]",6.0,192.0,12.0,p1,showdown,False,2,114.0,114.0,rock
1121,j,q,min_raise,['min_raise'],"[('p1', 'min_raise'), ('p2', 'fold')]",6.0,198.0,18.0,p1,fold,True,2,108.0,114.0,rock
1122,k,j,check,['check'],"[('p1', 'check'), ('p2', 'check')]",6.0,204.0,12.0,p1,showdown,False,2,114.0,114.0,rock
1123,j,j,min_raise,['min_raise'],"[('p1', 'min_raise'), ('p2', 'fold')]",6.0,210.0,18.0,p1,fold,True,2,108.0,114.0,rock
1124,k,j,check,['check'],"[('p1', 'check'), ('p2', 'check')]",6.0,216.0,12.0,p1,showdown,False,2,114.0,114.0,rock
1125,q,q,check,['check'],"[('p1', 'check'), ('p2', 'check')]",0.0,216.0,0.0,tie,showdown,False,2,114.0,114.0,rock
1126,k,k,check,"['check', 'call']","[('p1', 'check'), ('p2', 'max_raise'), ('p1', 'call')]",0.0,216.0,0.0,tie,showdown,False,3,114.0,102.0,rock
1127,j,q,min_raise,['min_raise'],"[('p1', 'min_raise'), ('p2', 'fold')]",6.0,222.0,18.0,p1,fold,True,2,108.0,114.0,rock
1128,k,j,check,['check'],"[('p1', 'check'), ('p2', 'check')]",6.0,228.0,12.0,p1,showdown,False,2,114.0,114.0,rock
1129,j,k,min_raise,['min_raise'],"[('p1', 'min_raise'), ('p2', 'call')]",-12.0,216.0,24.0,p2,showdown,True,2,108.0,114.0,rock
1130,j,q,min_raise,['min_raise'],"[('p1', 'min_raise'), ('p2', 'fold')]",6.0,222.0,18.0,p1,fold,True,2,108.0,114.0,rock
1131,k,j,check,['check'],"[('p1', 'check'), ('p2', 'check')]",6.0,228.0,12.0,p1,showdown,False,2,114.0,114.0,rock
1132,k,k,check,"['check', 'call']","[('p1', 'check'), ('p2', 'max_raise'), ('p1', 'call')]",0.0,228.0,0.0,tie,showdown,False,3,114.0,102.0,rock
1133,k,j,check,['check'],"[('p1', 'check'), ('p2', 'check')]",6.0,234.0,12.0,p1,showdown,False,2,114.0,114.0,rock
1134,q,j,check,['check'],"[('p1', 'check'), ('p2', 'check')]",6.0,240.0,12.0,p1,showdown,False,2,114.0,114.0,rock
1135,j,j,min_raise,['min_raise'],"[('p1', 'min_raise'), ('p2', 'fold')]",6.0,246.0,18.0,p1,fold,True,2,108.0,114.0,rock
1136,k,q,check,['check'],"[('p1', 'check'), ('p2', 'check')]",6.0,252.0,12.0,p1,showdown,False,2,114.0,114.0,rock
1137,k,j,check,['check'],"[('p1', 'check'), ('p2', 'check')]",6.0,258.0,12.0,p1,showdown,False,2,114.0,114.0,rock
1138,j,k,min_raise,['min_raise'],"[('p1', 'min_raise'), ('p2', 'call')]",-12.0,246.0,24.0,p2,showdown,True,2,108.0,114.0,rock
1139,q,q,check,['check'],"[('p1', 'check'), ('p2', 'check')]",0.0,246.0,0.0,tie,showdown,False,2,114.0,114.0,rock
1140,q,j,check,['check'],"[('p1', 'check'), ('p2', 'check')]",6.0,252.0,12.0,p1,showdown,False,2,114.0,114.0,rock
1141,q,q,check,['check'],"[('p1', 'check'), ('p2', 'check')]",0.0,252.0,0.0,tie,showdown,False,2,114.0,114.0,rock
1142,q,q,check,['check'],"[('p1', 'check'), ('p2', 'check')]",0.0,252.0,0.0,tie,showdown,False,2,114.0,114.0,rock
1143,q,j,check,['check'],"[('p1', 'check'), ('p2', 'check')]",6.0,258.0,12.0,p1,showdown,False,2,114.0,114.0,rock
1144,k,j,check,['check'],"[('p1', 'check'), ('p2', 'check')]",6.0,264.0,12.0,p1,showdown,False,2,114.0,114.0,rock
1145,k,j,check,['check'],"[('p1', 'check'), ('p2', 'check')]",6.0,270.0,12.0,p1,showdown,False,2,114.0,114.0,rock
1146,q,j,check,['check'],"[('p1', 'check'), ('p2', 'check')]",6.0,276.0,12.0,p1,showdown,False,2,114.0,114.0,rock
1147,q,j,check,['check'],"[('p1', 'check'), ('p2', 'check')]",6.0,282.0,12.0,p1,showdown,False,2,114.0,114.0,rock
1148,k,j,check,['check'],"[('p1', 'check'), ('p2', 'check')]",6.0,288.0,12.0,p1,showdown,False,2,114.0,114.0,rock
1149,q,k,check,"['check', 'fold']","[('p1', 'check'), ('p2', 'max_raise'), ('p1', 'fold')]",-6.0,282.0,24.0,p2,fold,False,3,114.0,102.0,rock
1150,j,q,min_raise,['min_raise'],"[('p1', 'min_raise'), ('p2', 'fold')]",6.0,288.0,18.0,p1,fold,True,2,108.0,114.0,rock
1151,j,k,min_raise,['min_raise'],"[('p1', 'min_raise'), ('p2', 'call')]",-12.0,276.0,24.0,p2,showdown,True,2,108.0,114.0,rock
1152,k,j,check,['check'],"[('p1', 'check'), ('p2', 'check')]",6.0,282.0,12.0,p1,showdown,False,2,114.0,114.0,rock
1153,k,k,check,"['check', 'call']","[('p1', 'check'), ('p2', 'max_raise'), ('p1', 'call')]",0.0,282.0,0.0,tie,showdown,False,3,114.0,102.0,rock
1154,j,j,min_raise,['min_raise'],"[('p1', 'min_raise'), ('p2', 'fold')]",6.0,288.0,18.0,p1,fold,True,2,108.0,114.0,rock
1155,q,j,check,['check'],"[('p1', 'check'), ('p2', 'check')]",6.0,294.0,12.0,p1,showdown,False,2,114.0,114.0,rock
1156,q,k,check,"['check', 'fold']","[('p1', 'check'), ('p2', 'max_raise'), ('p1', 'fold')]",-6.0,288.0,24.0,p2,fold,False,3,114.0,102.0,rock
1157,k,q,check,['check'],"[('p1', 'check'), ('p2', 'check')]",6.0,294.0,12.0,p1,showdown,False,2,114.0,114.0,rock
1158,k,q,check,['check'],"[('p1', 'check'), ('p2', 'check')]",6.0,300.0,12.0,p1,showdown,False,2,114.0,114.0,rock
1159,j,k,min_raise,['min_raise'],"[('p1', 'min_raise'), ('p2', 'call')]",-12.0,288.0,24.0,p2,showdown,True,2,108.0,114.0,rock
1160,k,k,check,"['check', 'call']","[('p1', 'check'), ('p2', 'max_raise'), ('p1', 'call')]",0.0,288.0,0.0,tie,showdown,False,3,114.0,102.0,rock
1161,q,j,check,['check'],"[('p1', 'check'), ('p2', 'check')]",6.0,294.0,12.0,p1,showdown,False,2,114.0,114.0,rock
1162,q,k,check,"['check', 'fold']","[('p1', 'check'), ('p2', 'max_raise'), ('p1', 'fold')]",-6.0,288.0,24.0,p2,fold,False,3,114.0,102.0,rock
1163,q,q,check,['check'],"[('p1', 'check'), ('p2', 'check')]",0.0,288.0,0.0,tie,showdown,False,2,114.0,114.0,rock
1164,j,q,min_raise,['min_raise'],"[('p1', 'min_raise'), ('p2', 'fold')]",6.0,294.0,18.0,p1,fold,True,2,108.0,114.0,rock
1165,k,j,check,['check'],"[('p1', 'check'), ('p2', 'check')]",6.0,300.0,12.0,p1,showdown,False,2,114.0,114.0,rock
1166,k,j,check,['check'],"[('p1', 'check'), ('p2', 'check')]",6.0,306.0,12.0,p1,showdown,False,2,114.0,114.0,rock
1167,q,j,check,['check'],"[('p1', 'check'), ('p2', 'check')]",6.0,312.0,12.0,p1,showdown,False,2,114.0,114.0,rock
1168,k,j,check,['check'],"[('p1', 'check'), ('p2', 'check')]",6.0,318.0,12.0,p1,showdown,False,2,114.0,114.0,rock
1169,j,k,min_raise,['min_raise'],"[('p1', 'min_raise'), ('p2', 'call')]",-12.0,306.0,24.0,p2,showdown,True,2,108.0,114.0,rock
1170,q,k,check,"['check', 'fold']","[('p1', 'check'), ('p2', 'max_raise'), ('p1', 'fold')]",-6.0,300.0,24.0,p2,fold,False,3,114.0,102.0,rock
1171,j,k,min_raise,['min_raise'],"[('p1', 'min_raise'), ('p2', 'call')]",-12.0,288.0,24.0,p2,showdown,True,2,108.0,114.0,rock
1172,j,q,min_raise,['min_raise'],"[('p1', 'min_raise'), ('p2', 'fold')]",6.0,294.0,18.0,p1,fold,True,2,108.0,114.0,rock
1173,k,k,check,"['check', 'call']","[('p1', 'check'), ('p2', 'max_raise'), ('p1', 'call')]",0.0,294.0,0.0,tie,showdown,False,3,114.0,102.0,rock
1174,q,j,check,['check'],"[('p1', 'check'), ('p2', 'check')]",6.0,300.0,12.0,p1,showdown,False,2,114.0,114.0,rock
1175,j,j,min_raise,['min_raise'],"[('p1', 'min_raise'), ('p2', 'fold')]",6.0,306.0,18.0,p1,fold,True,2,108.0,114.0,rock
1176,j,k,min_raise,['min_raise'],"[('p1', 'min_raise'), ('p2', 'call')]",-12.0,294.0,24.0,p2,showdown,True,2,108.0,114.0,rock
1177,k,j,check,['check'],"[('p1', 'check'), ('p2', 'check')]",6.0,300.0,12.0,p1,showdown,False,2,114.0,114.0,rock
1178,q,k,check,"['check', 'fold']","[('p1', 'check'), ('p2', 'max_raise'), ('p1', 'fold')]",-6.0,294.0,24.0,p2,fold,False,3,114.0,102.0,rock
1179,j,q,min_raise,['min_raise'],"[('p1', 'min_raise'), ('p2', 'fold')]",6.0,300.0,18.0,p1,fold,True,2,108.0,114.0,rock
1180,q,j,check,['check'],"[('p1', 'check'), ('p2', 'check')]",6.0,306.0,12.0,p1,showdown,False,2,114.0,114.0,rock
1181,k,q,check,['check'],"[('p1', 'check'), ('p2', 'check')]",6.0,312.0,12.0,p1,showdown,False,2,114.0,114.0,rock
1182,j,k,min_raise,['min_raise'],"[('p1', 'min_raise'), ('p2', 'call')]",-12.0,300.0,24.0,p2,showdown,True,2,108.0,114.0,rock
1183,k,k,check,"['check', 'call']","[('p1', 'check'), ('p2', 'max_raise'), ('p1', 'call')]",0.0,300.0,0.0,tie,showdown,False,3,114.0,102.0,rock
1184,k,j,check,['check'],"[('p1', 'check'), ('p2', 'check')]",6.0,306.0,12.0,p1,showdown,False,2,114.0,114.0,rock
1185,k,j,check,['check'],"[('p1', 'check'), ('p2', 'check')]",6.0,312.0,12.0,p1,showdown,False,2,114.0,114.0,rock
1186,j,j,check,['check'],"[('p1', 'check'), ('p2', 'check')]",0.0,312.0,0.0,tie,showdown,False,2,114.0,114.0,rock
1187,j,q,min_raise,['min_raise'],"[('p1', 'min_raise'), ('p2', 'fold')]",6.0,318.0,18.0,p1,fold,True,2,108.0,114.0,rock
1188,k,k,check,"['check', 'call']","[('p1', 'check'), ('p2', 'max_raise'), ('p1', 'call')]",0.0,318.0,0.0,tie,showdown,False,3,114.0,102.0,rock
1189,q,q,check,['check'],"[('p1', 'check'), ('p2', 'check')]",0.0,318.0,0.0,tie,showdown,False,2,114.0,114.0,rock
1190,j,q,min_raise,['min_raise'],"[('p1', 'min_raise'), ('p2', 'fold')]",6.0,324.0,18.0,p1,fold,True,2,108.0,114.0,rock
1191,q,k,check,"['check', 'fold']","[('p1', 'check'), ('p2', 'max_raise'), ('p1', 'fold')]",-6.0,318.0,24.0,p2,fold,False,3,114.0,102.0,rock
1192,k,q,check,['check'],"[('p1', 'check'), ('p2', 'check')]",6.0,324.0,12.0,p1,showdown,False,2,114.0,114.0,rock
1193,q,j,check,['check'],"[('p1', 'check'), ('p2', 'check')]",6.0,330.0,12.0,p1,showdown,False,2,114.0,114.0,rock
1194,k,j,check,['check'],"[('p1', 'check'), ('p2', 'check')]",6.0,336.0,12.0,p1,showdown,False,2,114.0,114.0,rock
1195,q,q,check,['check'],"[('p1', 'check'), ('p2', 'check')]",0.0,336.0,0.0,tie,showdown,False,2,114.0,114.0,rock
1196,q,q,check,['check'],"[('p1', 'check'), ('p2', 'check')]",0.0,336.0,0.0,tie,showdown,False,2,114.0,114.0,rock
1197,j,q,min_raise,['min_raise'],"[('p1', 'min_raise'), ('p2', 'fold')]",6.0,342.0,18.0,p1,fold,True,2,108.0,114.0,rock
1198,q,j,check,['check'],"[('p1', 'check'), ('p2', 'check')]",6.0,348.0,12.0,p1,showdown,False,2,114.0,114.0,rock
1199,q,k,check,"['check', 'fold']","[('p1', 'check'), ('p2', 'max_raise'), ('p1', 'fold')]",-6.0,342.0,24.0,p2,fold,False,3,114.0,102.0,rock
1200,q,k,check,"['check', 'fold']","[('p1', 'check'), ('p2', 'max_raise'), ('p1', 'fold')]",-6.0,336.0,24.0,p2,fold,False,3,114.0,102.0,rock
1201,j,q,min_raise,['min_raise'],"[('p1', 'min_raise'), ('p2', 'fold')]",6.0,342.0,18.0,p1,fold,True,2,108.0,114.0,rock
1202,k,k,check,"['check', 'call']","[('p1', 'check'), ('p2', 'max_raise'), ('p1', 'call')]",0.0,342.0,0.0,tie,showdown,False,3,114.0,102.0,rock
1203,q,j,check,['check'],"[('p1', 'check'), ('p2', 'check')]",6.0,348.0,12.0,p1,showdown,False,2,114.0,114.0,rock
1204,q,k,check,"['check', 'fold']","[('p1', 'check'), ('p2', 'max_raise'), ('p1', 'fold')]",-6.0,342.0,24.0,p2,fold,False,3,114.0,102.0,rock
1205,k,j,check,['check'],"[('p1', 'check'), ('p2', 'check')]",6.0,348.0,12.0,p1,showdown,False,2,114.0,114.0,rock
1206,k,q,check,['check'],"[('p1', 'check'), ('p2', 'check')]",6.0,354.0,12.0,p1,showdown,False,2,114.0,114.0,rock
1207,q,q,check,['check'],"[('p1', 'check'), ('p2', 'check')]",0.0,354.0,0.0,tie,showdown,False,2,114.0,114.0,rock
1208,k,j,check,['check'],"[('p1', 'check'), ('p2', 'check')]",6.0,360.0,12.0,p1,showdown,False,2,114.0,114.0,rock
1209,k,q,check,['check'],"[('p1', 'check'), ('p2', 'check')]",6.0,366.0,12.0,p1,showdown,False,2,114.0,114.0,rock
1210,j,q,min_raise,['min_raise'],"[('p1', 'min_raise'), ('p2', 'fold')]",6.0,372.0,18.0,p1,fold,True,2,108.0,114.0,rock
1211,j,j,min_raise,['min_raise'],"[('p1', 'min_raise'), ('p2', 'fold')]",6.0,378.0,18.0,p1,fold,True,2,108.0,114.0,rock
1212,q,q,check,['check'],"[('p1', 'check'), ('p2', 'check')]",0.0,378.0,0.0,tie,showdown,False,2,114.0,114.0,rock
1213,j,k,check,"['check', 'call']","[('p1', 'check'), ('p2', 'max_raise'), ('p1', 'call')]",-18.0,360.0,36.0,p2,showdown,False,3,114.0,102.0,rock
1214,k,k,check,"['check', 'call']","[('p1', 'check'), ('p2', 'max_raise'), ('p1', 'call')]",0.0,360.0,0.0,tie,showdown,False,3,114.0,102.0,rock
1215,k,k,check,"['check', 'call']","[('p1', 'check'), ('p2', 'max_raise'), ('p1', 'call')]",0.0,360.0,0.0,tie,showdown,False,3,114.0,102.0,rock
1216,q,k,check,"['check', 'fold']","[('p1', 'check'), ('p2', 'max_raise'), ('p1', 'fold')]",-6.0,354.0,24.0,p2,fold,False,3,114.0,102.0,rock
1217,k,q,check,['check'],"[('p1', 'check'), ('p2', 'check')]",6.0,360.0,12.0,p1,showdown,False,2,114.0,114.0,rock
1218,k,j,check,['check'],"[('p1', 'check'), ('p2', 'check')]",6.0,366.0,12.0,p1,showdown,False,2,114.0,114.0,rock
1219,k,j,check,['check'],"[('p1', 'check'), ('p2', 'check')]",6.0,372.0,12.0,p1,showdown,False,2,114.0,114.0,rock
1220,j,k,min_raise,['min_raise'],"[('p1', 'min_raise'), ('p2', 'call')]",-12.0,360.0,24.0,p2,showdown,True,2,108.0,114.0,rock
1221,k,j,check,['check'],"[('p1', 'check'), ('p2', 'check')]",6.0,366.0,12.0,p1,showdown,False,2,114.0,114.0,rock
1222,k,q,check,['check'],"[('p1', 'check'), ('p2', 'check')]",6.0,372.0,12.0,p1,showdown,False,2,114.0,114.0,rock
1223,q,k,check,"['check', 'fold']","[('p1', 'check'), ('p2', 'max_raise'), ('p1', 'fold')]",-6.0,366.0,24.0,p2,fold,False,3,114.0,102.0,rock
1224,k,k,check,"['check', 'call']","[('p1', 'check'), ('p2', 'max_raise'), ('p1', 'call')]",0.0,366.0,0.0,tie,showdown,False,3,114.0,102.0,rock
1225,j,j,check,['check'],"[('p1', 'check'), ('p2', 'check')]",0.0,366.0,0.0,tie,showdown,False,2,114.0,114.0,rock
1226,j,q,min_raise,['min_raise'],"[('p1', 'min_raise'), ('p2', 'fold')]",6.0,372.0,18.0,p1,fold,True,2,108.0,114.0,rock
1227,j,j,check,['check'],"[('p1', 'check'), ('p2', 'check')]",0.0,372.0,0.0,tie,showdown,False,2,114.0,114.0,rock
1228,q,q,check,['check'],"[('p1', 'check'), ('p2', 'check')]",0.0,372.0,0.0,tie,showdown,False,2,114.0,114.0,rock
1229,q,j,check,['check'],"[('p1', 'check'), ('p2', 'check')]",6.0,378.0,12.0,p1,showdown,False,2,114.0,114.0,rock
1230,j,q,min_raise,['min_raise'],"[('p1', 'min_raise'), ('p2', 'fold')]",6.0,384.0,18.0,p1,fold,True,2,108.0,114.0,rock
1231,q,q,check,['check'],"[('p1', 'check'), ('p2', 'check')]",0.0,384.0,0.0,tie,showdown,False,2,114.0,114.0,rock
1232,q,k,check,"['check', 'fold']","[('p1', 'check'), ('p2', 'max_raise'), ('p1', 'fold')]",-6.0,378.0,24.0,p2,fold,False,3,114.0,102.0,rock
1233,k,j,check,['check'],"[('p1', 'check'), ('p2', 'check')]",6.0,384.0,12.0,p1,showdown,False,2,114.0,114.0,rock
1234,j,j,min_raise,['min_raise'],"[('p1', 'min_raise'), ('p2', 'fold')]",6.0,390.0,18.0,p1,fold,True,2,108.0,114.0,rock
1235,q,k,check,"['check', 'fold']","[('p1', 'check'), ('p2', 'max_raise'), ('p1', 'fold')]",-6.0,384.0,24.0,p2,fold,False,3,114.0,102.0,rock
1236,j,j,min_raise,['min_raise'],"[('p1', 'min_raise'), ('p2', 'fold')]",6.0,390.0,18.0,p1,fold,True,2,108.0,114.0,rock
1237,q,q,check,['check'],"[('p1', 'check'), ('p2', 'check')]",0.0,390.0,0.0,tie,showdown,False,2,114.0,114.0,rock
1238,k,j,check,['check'],"[('p1', 'check'), ('p2', 'check')]",6.0,396.0,12.0,p1,showdown,False,2,114.0,114.0,rock
1239,j,j,min_raise,['min_raise'],"[('p1', 'min_raise'), ('p2', 'fold')]",6.0,402.0,18.0,p1,fold,True,2,108.0,114.0,rock
1240,k,j,check,['check'],"[('p1', 'check'), ('p2', 'check')]",6.0,408.0,12.0,p1,showdown,False,2,114.0,114.0,rock
1241,k,j,check,['check'],"[('p1', 'check'), ('p2', 'check')]",6.0,414.0,12.0,p1,showdown,False,2,114.0,114.0,rock
1242,q,k,check,"['check', 'fold']","[('p1', 'check'), ('p2', 'max_raise'), ('p1', 'fold')]",-6.0,408.0,24.0,p2,fold,False,3,114.0,102.0,rock
1243,j,k,min_raise,['min_raise'],"[('p1', 'min_raise'), ('p2', 'call')]",-12.0,396.0,24.0,p2,showdown,True,2,108.0,114.0,rock
1244,k,j,check,['check'],"[('p1', 'check'), ('p2', 'check')]",6.0,402.0,12.0,p1,showdown,False,2,114.0,114.0,rock
1245,j,j,min_raise,['min_raise'],"[('p1', 'min_raise'), ('p2', 'fold')]",6.0,408.0,18.0,p1,fold,True,2,108.0,114.0,rock
1246,q,q,check,['check'],"[('p1', 'check'), ('p2', 'check')]",0.0,408.0,0.0,tie,showdown,False,2,114.0,114.0,rock
1247,j,q,min_raise,['min_raise'],"[('p1', 'min_raise'), ('p2', 'fold')]",6.0,414.0,18.0,p1,fold,True,2,108.0,114.0,rock
1248,k,k,check,"['check', 'call']","[('p1', 'check'), ('p2', 'max_raise'), ('p1', 'call')]",0.0,414.0,0.0,tie,showdown,False,3,114.0,102.0,rock
1249,k,k,check,"['check', 'call']","[('p1', 'check'), ('p2', 'max_raise'), ('p1', 'call')]",0.0,414.0,0.0,tie,showdown,False,3,114.0,102.0,rock
1250,j,q,min_raise,['min_raise'],"[('p1', 'min_raise'), ('p2', 'fold')]",6.0,420.0,18.0,p1,fold,True,2,108.0,114.0,rock
1251,q,j,check,['check'],"[('p1', 'check'), ('p2', 'check')]",6.0,426.0,12.0,p1,showdown,False,2,114.0,114.0,rock
1252,q,k,check,"['check', 'fold']","[('p1', 'check'), ('p2', 'max_raise'), ('p1', 'fold')]",-6.0,420.0,24.0,p2,fold,False,3,114.0,102.0,rock
1253,q,j,check,['check'],"[('p1', 'check'), ('p2', 'check')]",6.0,426.0,12.0,p1,showdown,False,2,114.0,114.0,rock
1254,q,j,check,['check'],"[('p1', 'check'), ('p2', 'check')]",6.0,432.0,12.0,p1,showdown,False,2,114.0,114.0,rock
1255,q,j,check,['check'],"[('p1', 'check'), ('p2', 'check')]",6.0,438.0,12.0,p1,showdown,False,2,114.0,114.0,rock
1256,k,k,check,"['check', 'call']","[('p1', 'check'), ('p2', 'max_raise'), ('p1', 'call')]",0.0,438.0,0.0,tie,showdown,False,3,114.0,102.0,rock
1257,j,j,min_raise,['min_raise'],"[('p1', 'min_raise'), ('p2', 'fold')]",6.0,444.0,18.0,p1,fold,True,2,108.0,114.0,rock
1258,k,q,check,['check'],"[('p1', 'check'), ('p2', 'check')]",6.0,450.0,12.0,p1,showdown,False,2,114.0,114.0,rock
1259,j,q,min_raise,['min_raise'],"[('p1', 'min_raise'), ('p2', 'fold')]",6.0,456.0,18.0,p1,fold,True,2,108.0,114.0,rock
1260,q,k,check,"['check', 'fold']","[('p1', 'check'), ('p2', 'max_raise'), ('p1', 'fold')]",-6.0,450.0,24.0,p2,fold,False,3,114.0,102.0,rock
1261,j,q,min_raise,['min_raise'],"[('p1', 'min_raise'), ('p2', 'fold')]",6.0,456.0,18.0,p1,fold,True,2,108.0,114.0,rock
1262,q,k,check,"['check', 'fold']","[('p1', 'check'), ('p2', 'max_raise'), ('p1', 'fold')]",-6.0,450.0,24.0,p2,fold,False,3,114.0,102.0,rock
1263,q,q,check,['check'],"[('p1', 'check'), ('p2', 'check')]",0.0,450.0,0.0,tie,showdown,False,2,114.0,114.0,rock
1264,j,j,min_raise,['min_raise'],"[('p1', 'min_raise'), ('p2', 'fold')]",6.0,456.0,18.0,p1,fold,True,2,108.0,114.0,rock
1265,k,k,check,"['check', 'call']","[('p1', 'check'), ('p2', 'max_raise'), ('p1', 'call')]",0.0,456.0,0.0,tie,showdown,False,3,114.0,102.0,rock
1266,k,j,check,['check'],"[('p1', 'check'), ('p2', 'check')]",6.0,462.0,12.0,p1,showdown,False,2,114.0,114.0,rock
1267,k,q,check,['check'],"[('p1', 'check'), ('p2', 'check')]",6.0,468.0,12.0,p1,showdown,False,2,114.0,114.0,rock
1268,k,k,check,"['check', 'call']","[('p1', 'check'), ('p2', 'max_raise'), ('p1', 'call')]",0.0,468.0,0.0,tie,showdown,False,3,114.0,102.0,rock
1269,q,j,check,['check'],"[('p1', 'check'), ('p2', 'check')]",6.0,474.0,12.0,p1,showdown,False,2,114.0,114.0,rock
1270,j,q,min_raise,['min_raise'],"[('p1', 'min_raise'), ('p2', 'fold')]",6.0,480.0,18.0,p1,fold,True,2,108.0,114.0,rock
1271,j,k,min_raise,['min_raise'],"[('p1', 'min_raise'), ('p2', 'call')]",-12.0,468.0,24.0,p2,showdown,True,2,108.0,114.0,rock
1272,k,j,check,['check'],"[('p1', 'check'), ('p2', 'check')]",6.0,474.0,12.0,p1,showdown,False,2,114.0,114.0,rock
1273,j,j,min_raise,['min_raise'],"[('p1', 'min_raise'), ('p2', 'fold')]",6.0,480.0,18.0,p1,fold,True,2,108.0,114.0,rock
1274,j,j,min_raise,['min_raise'],"[('p1', 'min_raise'), ('p2', 'fold')]",6.0,486.0,18.0,p1,fold,True,2,108.0,114.0,rock
1275,j,q,min_raise,['min_raise'],"[('p1', 'min_raise'), ('p2', 'fold')]",6.0,492.0,18.0,p1,fold,True,2,108.0,114.0,rock
1276,q,q,check,['check'],"[('p1', 'check'), ('p2', 'check')]",0.0,492.0,0.0,tie,showdown,False,2,114.0,114.0,rock
1277,q,q,check,['check'],"[('p1', 'check'), ('p2', 'check')]",0.0,492.0,0.0,tie,showdown,False,2,114.0,114.0,rock
1278,k,j,check,['check'],"[('p1', 'check'), ('p2', 'check')]",6.0,498.0,12.0,p1,showdown,False,2,114.0,114.0,rock
1279,j,j,min_raise,['min_raise'],"[('p1', 'min_raise'), ('p2', 'fold')]",6.0,504.0,18.0,p1,fold,True,2,108.0,114.0,rock
1280,j,q,min_raise,['min_raise'],"[('p1', 'min_raise'), ('p2', 'fold')]",6.0,510.0,18.0,p1,fold,True,2,108.0,114.0,rock
1281,q,j,check,['check'],"[('p1', 'check'), ('p2', 'check')]",6.0,516.0,12.0,p1,showdown,False,2,114.0,114.0,rock
1282,k,j,check,['check'],"[('p1', 'check'), ('p2', 'check')]",6.0,522.0,12.0,p1,showdown,False,2,114.0,114.0,rock
1283,q,k,check,"['check', 'fold']","[('p1', 'check'), ('p2', 'max_raise'), ('p1', 'fold')]",-6.0,516.0,24.0,p2,fold,False,3,114.0,102.0,rock
1284,q,k,check,"['check', 'fold']","[('p1', 'check'), ('p2', 'max_raise'), ('p1', 'fold')]",-6.0,510.0,24.0,p2,fold,False,3,114.0,102.0,rock
1285,k,q,check,['check'],"[('p1', 'check'), ('p2', 'check')]",6.0,516.0,12.0,p1,showdown,False,2,114.0,114.0,rock
1286,q,q,check,['check'],"[('p1', 'check'), ('p2', 'check')]",0.0,516.0,0.0,tie,showdown,False,2,114.0,114.0,rock
1287,j,k,min_raise,['min_raise'],"[('p1', 'min_raise'), ('p2', 'call')]",-12.0,504.0,24.0,p2,showdown,True,2,108.0,114.0,rock
1288,k,k,check,"['check', 'call']","[('p1', 'check'), ('p2', 'max_raise'), ('p1', 'call')]",0.0,504.0,0.0,tie,showdown,False,3,114.0,102.0,rock
1289,j,q,min_raise,['min_raise'],"[('p1', 'min_raise'), ('p2', 'fold')]",6.0,510.0,18.0,p1,fold,True,2,108.0,114.0,rock
1290,q,j,check,['check'],"[('p1', 'check'), ('p2', 'check')]",6.0,516.0,12.0,p1,showdown,False,2,114.0,114.0,rock
1291,k,k,check,"['check', 'call']","[('p1', 'check'), ('p2', 'max_raise'), ('p1', 'call')]",0.0,516.0,0.0,tie,showdown,False,3,114.0,102.0,rock
1292,j,k,min_raise,['min_raise'],"[('p1', 'min_raise'), ('p2', 'call')]",-12.0,504.0,24.0,p2,showdown,True,2,108.0,114.0,rock
1293,q,j,check,['check'],"[('p1', 'check'), ('p2', 'check')]",6.0,510.0,12.0,p1,showdown,False,2,114.0,114.0,rock
1294,k,j,check,['check'],"[('p1', 'check'), ('p2', 'check')]",6.0,516.0,12.0,p1,showdown,False,2,114.0,114.0,rock
1295,q,q,check,['check'],"[('p1', 'check'), ('p2', 'check')]",0.0,516.0,0.0,tie,showdown,False,2,114.0,114.0,rock
1296,q,q,check,['check'],"[('p1', 'check'), ('p2', 'check')]",0.0,516.0,0.0,tie,showdown,False,2,114.0,114.0,rock
1297,k,k,check,"['check', 'call']","[('p1', 'check'), ('p2', 'max_raise'), ('p1', 'call')]",0.0,516.0,0.0,tie,showdown,False,3,114.0,102.0,rock
1298,j,k,min_raise,['min_raise'],"[('p1', 'min_raise'), ('p2', 'call')]",-12.0,504.0,24.0,p2,showdown,True,2,108.0,114.0,rock
1299,q,k,check,"['check', 'fold']","[('p1', 'check'), ('p2', 'max_raise'), ('p1', 'fold')]",-6.0,498.0,24.0,p2,fold,False,3,114.0,102.0,rock
1300,k,q,check,['check'],"[('p1', 'check'), ('p2', 'check')]",6.0,504.0,12.0,p1,showdown,False,2,114.0,114.0,rock
1301,j,k,min_raise,['min_raise'],"[('p1', 'min_raise'), ('p2', 'call')]",-12.0,492.0,24.0,p2,showdown,True,2,108.0,114.0,rock
1302,q,k,check,"['check', 'fold']","[('p1', 'check'), ('p2', 'max_raise'), ('p1', 'fold')]",-6.0,486.0,24.0,p2,fold,False,3,114.0,102.0,rock
1303,k,q,check,['check'],"[('p1', 'check'), ('p2', 'check')]",6.0,492.0,12.0,p1,showdown,False,2,114.0,114.0,rock
1304,k,j,check,['check'],"[('p1', 'check'), ('p2', 'check')]",6.0,498.0,12.0,p1,showdown,False,2,114.0,114.0,rock
1305,j,q,min_raise,['min_raise'],"[('p1', 'min_raise'), ('p2', 'fold')]",6.0,504.0,18.0,p1,fold,True,2,108.0,114.0,rock
1306,k,j,check,['check'],"[('p1', 'check'), ('p2', 'check')]",6.0,510.0,12.0,p1,showdown,False,2,114.0,114.0,rock
1307,j,k,min_raise,['min_raise'],"[('p1', 'min_raise'), ('p2', 'call')]",-12.0,498.0,24.0,p2,showdown,True,2,108.0,114.0,rock
1308,j,q,min_raise,['min_raise'],"[('p1', 'min_raise'), ('p2', 'fold')]",6.0,504.0,18.0,p1,fold,True,2,108.0,114.0,rock
1309,k,q,check,['check'],"[('p1', 'check'), ('p2', 'check')]",6.0,510.0,12.0,p1,showdown,False,2,114.0,114.0,rock
1310,j,j,min_raise,['min_raise'],"[('p1', 'min_raise'), ('p2', 'fold')]",6.0,516.0,18.0,p1,fold,True,2,108.0,114.0,rock
1311,j,k,min_raise,['min_raise'],"[('p1', 'min_raise'), ('p2', 'call')]",-12.0,504.0,24.0,p2,showdown,True,2,108.0,114.0,rock
1312,q,k,check,"['check', 'fold']","[('p1', 'check'), ('p2', 'max_raise'), ('p1', 'fold')]",-6.0,498.0,24.0,p2,fold,False,3,114.0,102.0,rock
1313,j,k,min_raise,['min_raise'],"[('p1', 'min_raise'), ('p2', 'call')]",-12.0,486.0,24.0,p2,showdown,True,2,108.0,114.0,rock
1314,k,k,check,"['check', 'call']","[('p1', 'check'), ('p2', 'max_raise'), ('p1', 'call')]",0.0,486.0,0.0,tie,showdown,False,3,114.0,102.0,rock
1315,j,q,min_raise,['min_raise'],"[('p1', 'min_raise'), ('p2', 'fold')]",6.0,492.0,18.0,p1,fold,True,2,108.0,114.0,rock
1316,k,q,check,['check'],"[('p1', 'check'), ('p2', 'check')]",6.0,498.0,12.0,p1,showdown,False,2,114.0,114.0,rock
1317,j,j,min_raise,['min_raise'],"[('p1', 'min_raise'), ('p2', 'fold')]",6.0,504.0,18.0,p1,fold,True,2,108.0,114.0,rock
1318,j,j,min_raise,['min_raise'],"[('p1', 'min_raise'), ('p2', 'fold')]",6.0,510.0,18.0,p1,fold,True,2,108.0,114.0,rock
1319,j,k,min_raise,['min_raise'],"[('p1', 'min_raise'), ('p2', 'call')]",-12.0,498.0,24.0,p2,showdown,True,2,108.0,114.0,rock
1320,q,q,check,['check'],"[('p1', 'check'), ('p2', 'check')]",0.0,498.0,0.0,tie,showdown,False,2,114.0,114.0,rock
1321,j,k,min_raise,['min_raise'],"[('p1', 'min_raise'), ('p2', 'call')]",-12.0,486.0,24.0,p2,showdown,True,2,108.0,114.0,rock
1322,j,q,min_raise,['min_raise'],"[('p1', 'min_raise'), ('p2', 'fold')]",6.0,492.0,18.0,p1,fold,True,2,108.0,114.0,rock
1323,k,q,check,['check'],"[('p1', 'check'), ('p2', 'check')]",6.0,498.0,12.0,p1,showdown,False,2,114.0,114.0,rock
1324,j,k,min_raise,['min_raise'],"[('p1', 'min_raise'), ('p2', 'call')]",-12.0,486.0,24.0,p2,showdown,True,2,108.0,114.0,rock
1325,j,q,min_raise,['min_raise'],"[('p1', 'min_raise'), ('p2', 'fold')]",6.0,492.0,18.0,p1,fold,True,2,108.0,114.0,rock
1326,q,j,check,['check'],"[('p1', 'check'), ('p2', 'check')]",6.0,498.0,12.0,p1,showdown,False,2,114.0,114.0,rock
1327,q,q,check,['check'],"[('p1', 'check'), ('p2', 'check')]",0.0,498.0,0.0,tie,showdown,False,2,114.0,114.0,rock
1328,k,k,check,"['check', 'call']","[('p1', 'check'), ('p2', 'max_raise'), ('p1', 'call')]",0.0,498.0,0.0,tie,showdown,False,3,114.0,102.0,rock
1329,k,k,check,"['check', 'call']","[('p1', 'check'), ('p2', 'max_raise'), ('p1', 'call')]",0.0,498.0,0.0,tie,showdown,False,3,114.0,102.0,rock
1330,q,k,check,"['check', 'fold']","[('p1', 'check'), ('p2', 'max_raise'), ('p1', 'fold')]",-6.0,492.0,24.0,p2,fold,False,3,114.0,102.0,rock
1331,j,q,check,['check'],"[('p1', 'check'), ('p2', 'check')]",-6.0,486.0,12.0,p2,showdown,False,2,114.0,114.0,rock
1332,q,k,check,"['check', 'fold']","[('p1', 'check'), ('p2', 'max_raise'), ('p1', 'fold')]",-6.0,480.0,24.0,p2,fold,False,3,114.0,102.0,rock
1333,q,j,check,['check'],"[('p1', 'check'), ('p2', 'check')]",6.0,486.0,12.0,p1,showdown,False,2,114.0,114.0,rock
1334,k,k,check,"['check', 'call']","[('p1', 'check'), ('p2', 'max_raise'), ('p1', 'call')]",0.0,486.0,0.0,tie,showdown,False,3,114.0,102.0,rock
1335,k,q,check,['check'],"[('p1', 'check'), ('p2', 'check')]",6.0,492.0,12.0,p1,showdown,False,2,114.0,114.0,rock
1336,q,q,check,['check'],"[('p1', 'check'), ('p2', 'check')]",0.0,492.0,0.0,tie,showdown,False,2,114.0,114.0,rock
1337,q,k,check,"['check', 'fold']","[('p1', 'check'), ('p2', 'max_raise'), ('p1', 'fold')]",-6.0,486.0,24.0,p2,fold,False,3,114.0,102.0,rock
1338,q,j,check,['check'],"[('p1', 'check'), ('p2', 'check')]",6.0,492.0,12.0,p1,showdown,False,2,114.0,114.0,rock
1339,j,j,min_raise,['min_raise'],"[('p1', 'min_raise'), ('p2', 'fold')]",6.0,498.0,18.0,p1,fold,True,2,108.0,114.0,rock
1340,j,k,min_raise,['min_raise'],"[('p1', 'min_raise'), ('p2', 'call')]",-12.0,486.0,24.0,p2,showdown,True,2,108.0,114.0,rock
1341,q,j,check,['check'],"[('p1', 'check'), ('p2', 'check')]",6.0,492.0,12.0,p1,showdown,False,2,114.0,114.0,rock
1342,k,q,check,['check'],"[('p1', 'check'), ('p2', 'check')]",6.0,498.0,12.0,p1,showdown,False,2,114.0,114.0,rock
1343,q,k,check,"['check', 'fold']","[('p1', 'check'), ('p2', 'max_raise'), ('p1', 'fold')]",-6.0,492.0,24.0,p2,fold,False,3,114.0,102.0,rock
1344,j,k,min_raise,['min_raise'],"[('p1', 'min_raise'), ('p2', 'call')]",-12.0,480.0,24.0,p2,showdown,True,2,108.0,114.0,rock
1345,q,j,check,['check'],"[('p1', 'check'), ('p2', 'check')]",6.0,486.0,12.0,p1,showdown,False,2,114.0,114.0,rock
1346,q,j,check,['check'],"[('p1', 'check'), ('p2', 'check')]",6.0,492.0,12.0,p1,showdown,False,2,114.0,114.0,rock
1347,k,j,check,['check'],"[('p1', 'check'), ('p2', 'check')]",6.0,498.0,12.0,p1,showdown,False,2,114.0,114.0,rock
1348,j,q,min_raise,['min_raise'],"[('p1', 'min_raise'), ('p2', 'fold')]",6.0,504.0,18.0,p1,fold,True,2,108.0,114.0,rock
1349,k,k,check,"['check', 'call']","[('p1', 'check'), ('p2', 'max_raise'), ('p1', 'call')]",0.0,504.0,0.0,tie,showdown,False,3,114.0,102.0,rock
1350,q,q,check,['check'],"[('p1', 'check'), ('p2', 'check')]",0.0,504.0,0.0,tie,showdown,False,2,114.0,114.0,rock
1351,j,j,min_raise,['min_raise'],"[('p1', 'min_raise'), ('p2', 'fold')]",6.0,510.0,18.0,p1,fold,True,2,108.0,114.0,rock
1352,j,k,min_raise,['min_raise'],"[('p1', 'min_raise'), ('p2', 'call')]",-12.0,498.0,24.0,p2,showdown,True,2,108.0,114.0,rock
1353,k,j,check,['check'],"[('p1', 'check'), ('p2', 'check')]",6.0,504.0,12.0,p1,showdown,False,2,114.0,114.0,rock
1354,j,q,min_raise,['min_raise'],"[('p1', 'min_raise'), ('p2', 'fold')]",6.0,510.0,18.0,p1,fold,True,2,108.0,114.0,rock
1355,j,q,min_raise,['min_raise'],"[('p1', 'min_raise'), ('p2', 'fold')]",6.0,516.0,18.0,p1,fold,True,2,108.0,114.0,rock
1356,q,q,check,['check'],"[('p1', 'check'), ('p2', 'check')]",0.0,516.0,0.0,tie,showdown,False,2,114.0,114.0,rock
1357,q,j,check,['check'],"[('p1', 'check'), ('p2', 'check')]",6.0,522.0,12.0,p1,showdown,False,2,114.0,114.0,rock
1358,q,j,check,['check'],"[('p1', 'check'), ('p2', 'check')]",6.0,528.0,12.0,p1,showdown,False,2,114.0,114.0,rock
1359,j,q,min_raise,['min_raise'],"[('p1', 'min_raise'), ('p2', 'fold')]",6.0,534.0,18.0,p1,fold,True,2,108.0,114.0,rock
1360,q,j,check,['check'],"[('p1', 'check'), ('p2', 'check')]",6.0,540.0,12.0,p1,showdown,False,2,114.0,114.0,rock
1361,q,k,check,"['check', 'fold']","[('p1', 'check'), ('p2', 'max_raise'), ('p1', 'fold')]",-6.0,534.0,24.0,p2,fold,False,3,114.0,102.0,rock
1362,j,k,min_raise,['min_raise'],"[('p1', 'min_raise'), ('p2', 'call')]",-12.0,522.0,24.0,p2,showdown,True,2,108.0,114.0,rock
1363,k,k,check,"['check', 'call']","[('p1', 'check'), ('p2', 'max_raise'), ('p1', 'call')]",0.0,522.0,0.0,tie,showdown,False,3,114.0,102.0,rock
1364,q,k,check,"['check', 'fold']","[('p1', 'check'), ('p2', 'max_raise'), ('p1', 'fold')]",-6.0,516.0,24.0,p2,fold,False,3,114.0,102.0,rock
1365,j,j,min_raise,['min_raise'],"[('p1', 'min_raise'), ('p2', 'fold')]",6.0,522.0,18.0,p1,fold,True,2,108.0,114.0,rock
1366,k,k,check,"['check', 'call']","[('p1', 'check'), ('p2', 'max_raise'), ('p1', 'call')]",0.0,522.0,0.0,tie,showdown,False,3,114.0,102.0,rock
1367,j,j,min_raise,['min_raise'],"[('p1', 'min_raise'), ('p2', 'fold')]",6.0,528.0,18.0,p1,fold,True,2,108.0,114.0,rock
1368,q,q,check,['check'],"[('p1', 'check'), ('p2', 'check')]",0.0,528.0,0.0,tie,showdown,False,2,114.0,114.0,rock
1369,q,q,check,['check'],"[('p1', 'check'), ('p2', 'check')]",0.0,528.0,0.0,tie,showdown,False,2,114.0,114.0,rock
1370,k,q,check,['check'],"[('p1', 'check'), ('p2', 'check')]",6.0,534.0,12.0,p1,showdown,False,2,114.0,114.0,rock
1371,q,q,check,['check'],"[('p1', 'check'), ('p2', 'check')]",0.0,534.0,0.0,tie,showdown,False,2,114.0,114.0,rock
1372,k,j,check,['check'],"[('p1', 'check'), ('p2', 'check')]",6.0,540.0,12.0,p1,showdown,False,2,114.0,114.0,rock
1373,k,q,check,['check'],"[('p1', 'check'), ('p2', 'check')]",6.0,546.0,12.0,p1,showdown,False,2,114.0,114.0,rock
1374,j,j,min_raise,['min_raise'],"[('p1', 'min_raise'), ('p2', 'fold')]",6.0,552.0,18.0,p1,fold,True,2,108.0,114.0,rock
1375,j,k,min_raise,['min_raise'],"[('p1', 'min_raise'), ('p2', 'call')]",-12.0,540.0,24.0,p2,showdown,True,2,108.0,114.0,rock
1376,k,q,check,['check'],"[('p1', 'check'), ('p2', 'check')]",6.0,546.0,12.0,p1,showdown,False,2,114.0,114.0,rock
1377,q,j,check,['check'],"[('p1', 'check'), ('p2', 'check')]",6.0,552.0,12.0,p1,showdown,False,2,114.0,114.0,rock
1378,k,j,check,['check'],"[('p1', 'check'), ('p2', 'check')]",6.0,558.0,12.0,p1,showdown,False,2,114.0,114.0,rock
1379,j,q,min_raise,['min_raise'],"[('p1', 'min_raise'), ('p2', 'fold')]",6.0,564.0,18.0,p1,fold,True,2,108.0,114.0,rock
1380,q,k,check,"['check', 'fold']","[('p1', 'check'), ('p2', 'max_raise'), ('p1', 'fold')]",-6.0,558.0,24.0,p2,fold,False,3,114.0,102.0,rock
1381,q,k,check,"['check', 'fold']","[('p1', 'check'), ('p2', 'max_raise'), ('p1', 'fold')]",-6.0,552.0,24.0,p2,fold,False,3,114.0,102.0,rock
1382,q,k,check,"['check', 'fold']","[('p1', 'check'), ('p2', 'max_raise'), ('p1', 'fold')]",-6.0,546.0,24.0,p2,fold,False,3,114.0,102.0,rock
1383,j,j,min_raise,['min_raise'],"[('p1', 'min_raise'), ('p2', 'fold')]",6.0,552.0,18.0,p1,fold,True,2,108.0,114.0,rock
1384,q,j,check,['check'],"[('p1', 'check'), ('p2', 'check')]",6.0,558.0,12.0,p1,showdown,False,2,114.0,114.0,rock
1385,j,k,min_raise,['min_raise'],"[('p1', 'min_raise'), ('p2', 'call')]",-12.0,546.0,24.0,p2,showdown,True,2,108.0,114.0,rock
1386,k,k,check,"['check', 'call']","[('p1', 'check'), ('p2', 'max_raise'), ('p1', 'call')]",0.0,546.0,0.0,tie,showdown,False,3,114.0,102.0,rock
1387,q,q,check,['check'],"[('p1', 'check'), ('p2', 'check')]",0.0,546.0,0.0,tie,showdown,False,2,114.0,114.0,rock
1388,j,q,min_raise,['min_raise'],"[('p1', 'min_raise'), ('p2', 'fold')]",6.0,552.0,18.0,p1,fold,True,2,108.0,114.0,rock
1389,k,j,check,['check'],"[('p1', 'check'), ('p2', 'check')]",6.0,558.0,12.0,p1,showdown,False,2,114.0,114.0,rock
1390,q,j,check,['check'],"[('p1', 'check'), ('p2', 'check')]",6.0,564.0,12.0,p1,showdown,False,2,114.0,114.0,rock
1391,j,k,min_raise,['min_raise'],"[('p1', 'min_raise'), ('p2', 'call')]",-12.0,552.0,24.0,p2,showdown,True,2,108.0,114.0,rock
1392,j,j,min_raise,['min_raise'],"[('p1', 'min_raise'), ('p2', 'fold')]",6.0,558.0,18.0,p1,fold,True,2,108.0,114.0,rock
1393,q,j,check,['check'],"[('p1', 'check'), ('p2', 'check')]",6.0,564.0,12.0,p1,showdown,False,2,114.0,114.0,rock
1394,j,k,min_raise,['min_raise'],"[('p1', 'min_raise'), ('p2', 'call')]",-12.0,552.0,24.0,p2,showdown,True,2,108.0,114.0,rock
1395,k,q,check,['check'],"[('p1', 'check'), ('p2', 'check')]",6.0,558.0,12.0,p1,showdown,False,2,114.0,114.0,rock
1396,q,q,check,['check'],"[('p1', 'check'), ('p2', 'check')]",0.0,558.0,0.0,tie,showdown,False,2,114.0,114.0,rock
1397,q,j,check,['check'],"[('p1', 'check'), ('p2', 'check')]",6.0,564.0,12.0,p1,showdown,False,2,114.0,114.0,rock
1398,q,j,check,['check'],"[('p1', 'check'), ('p2', 'check')]",6.0,570.0,12.0,p1,showdown,False,2,114.0,114.0,rock
1399,j,q,min_raise,['min_raise'],"[('p1', 'min_raise'), ('p2', 'fold')]",6.0,576.0,18.0,p1,fold,True,2,108.0,114.0,rock
1400,q,q,check,['check'],"[('p1', 'check'), ('p2', 'check')]",0.0,576.0,0.0,tie,showdown,False,2,114.0,114.0,rock
1401,k,k,check,"['check', 'call']","[('p1', 'check'), ('p2', 'max_raise'), ('p1', 'call')]",0.0,576.0,0.0,tie,showdown,False,3,114.0,102.0,rock
1402,k,q,check,['check'],"[('p1', 'check'), ('p2', 'check')]",6.0,582.0,12.0,p1,showdown,False,2,114.0,114.0,rock
1403,j,j,min_raise,['min_raise'],"[('p1', 'min_raise'), ('p2', 'fold')]",6.0,588.0,18.0,p1,fold,True,2,108.0,114.0,rock
1404,k,q,check,['check'],"[('p1', 'check'), ('p2', 'check')]",6.0,594.0,12.0,p1,showdown,False,2,114.0,114.0,rock
1405,k,k,check,"['check', 'call']","[('p1', 'check'), ('p2', 'max_raise'), ('p1', 'call')]",0.0,594.0,0.0,tie,showdown,False,3,114.0,102.0,rock
1406,k,j,check,['check'],"[('p1', 'check'), ('p2', 'check')]",6.0,600.0,12.0,p1,showdown,False,2,114.0,114.0,rock
1407,q,q,check,['check'],"[('p1', 'check'), ('p2', 'check')]",0.0,600.0,0.0,tie,showdown,False,2,114.0,114.0,rock
1408,j,q,min_raise,['min_raise'],"[('p1', 'min_raise'), ('p2', 'fold')]",6.0,606.0,18.0,p1,fold,True,2,108.0,114.0,rock
1409,j,q,min_raise,['min_raise'],"[('p1', 'min_raise'), ('p2', 'fold')]",6.0,612.0,18.0,p1,fold,True,2,108.0,114.0,rock
1410,j,k,min_raise,['min_raise'],"[('p1', 'min_raise'), ('p2', 'call')]",-12.0,600.0,24.0,p2,showdown,True,2,108.0,114.0,rock
1411,k,k,check,"['check', 'call']","[('p1', 'check'), ('p2', 'max_raise'), ('p1', 'call')]",0.0,600.0,0.0,tie,showdown,False,3,114.0,102.0,rock
1412,j,j,min_raise,['min_raise'],"[('p1', 'min_raise'), ('p2', 'fold')]",6.0,606.0,18.0,p1,fold,True,2,108.0,114.0,rock
1413,q,j,check,['check'],"[('p1', 'check'), ('p2', 'check')]",6.0,612.0,12.0,p1,showdown,False,2,114.0,114.0,rock
1414,q,q,check,['check'],"[('p1', 'check'), ('p2', 'check')]",0.0,612.0,0.0,tie,showdown,False,2,114.0,114.0,rock
1415,q,k,check,"['check', 'fold']","[('p1', 'check'), ('p2', 'max_raise'), ('p1', 'fold')]",-6.0,606.0,24.0,p2,fold,False,3,114.0,102.0,rock
1416,q,q,check,['check'],"[('p1', 'check'), ('p2', 'check')]",0.0,606.0,0.0,tie,showdown,False,2,114.0,114.0,rock
1417,q,k,check,"['check', 'fold']","[('p1', 'check'), ('p2', 'max_raise'), ('p1', 'fold')]",-6.0,600.0,24.0,p2,fold,False,3,114.0,102.0,rock
1418,j,k,min_raise,['min_raise'],"[('p1', 'min_raise'), ('p2', 'call')]",-12.0,588.0,24.0,p2,showdown,True,2,108.0,114.0,rock
1419,j,j,check,['check'],"[('p1', 'check'), ('p2', 'check')]",0.0,588.0,0.0,tie,showdown,False,2,114.0,114.0,rock
1420,j,j,min_raise,['min_raise'],"[('p1', 'min_raise'), ('p2', 'fold')]",6.0,594.0,18.0,p1,fold,True,2,108.0,114.0,rock
1421,q,j,check,['check'],"[('p1', 'check'), ('p2', 'check')]",6.0,600.0,12.0,p1,showdown,False,2,114.0,114.0,rock
1422,q,j,check,['check'],"[('p1', 'check'), ('p2', 'check')]",6.0,606.0,12.0,p1,showdown,False,2,114.0,114.0,rock
1423,k,q,check,['check'],"[('p1', 'check'), ('p2', 'check')]",6.0,612.0,12.0,p1,showdown,False,2,114.0,114.0,rock
1424,j,j,min_raise,['min_raise'],"[('p1', 'min_raise'), ('p2', 'fold')]",6.0,618.0,18.0,p1,fold,True,2,108.0,114.0,rock
1425,k,k,check,"['check', 'call']","[('p1', 'check'), ('p2', 'max_raise'), ('p1', 'call')]",0.0,618.0,0.0,tie,showdown,False,3,114.0,102.0,rock
1426,k,q,check,['check'],"[('p1', 'check'), ('p2', 'check')]",6.0,624.0,12.0,p1,showdown,False,2,114.0,114.0,rock
1427,q,k,check,"['check', 'fold']","[('p1', 'check'), ('p2', 'max_raise'), ('p1', 'fold')]",-6.0,618.0,24.0,p2,fold,False,3,114.0,102.0,rock
1428,q,k,check,"['check', 'fold']","[('p1', 'check'), ('p2', 'max_raise'), ('p1', 'fold')]",-6.0,612.0,24.0,p2,fold,False,3,114.0,102.0,rock
1429,q,q,check,['check'],"[('p1', 'check'), ('p2', 'check')]",0.0,612.0,0.0,tie,showdown,False,2,114.0,114.0,rock
1430,q,j,check,['check'],"[('p1', 'check'), ('p2', 'check')]",6.0,618.0,12.0,p1,showdown,False,2,114.0,114.0,rock
1431,k,k,check,"['check', 'call']","[('p1', 'check'), ('p2', 'max_raise'), ('p1', 'call')]",0.0,618.0,0.0,tie,showdown,False,3,114.0,102.0,rock
1432,k,q,check,['check'],"[('p1', 'check'), ('p2', 'check')]",6.0,624.0,12.0,p1,showdown,False,2,114.0,114.0,rock
1433,j,j,min_raise,['min_raise'],"[('p1', 'min_raise'), ('p2', 'fold')]",6.0,630.0,18.0,p1,fold,True,2,108.0,114.0,rock
1434,k,k,check,"['check', 'call']","[('p1', 'check'), ('p2', 'max_raise'), ('p1', 'call')]",0.0,630.0,0.0,tie,showdown,False,3,114.0,102.0,rock
1435,k,k,check,"['check', 'call']","[('p1', 'check'), ('p2', 'max_raise'), ('p1', 'call')]",0.0,630.0,0.0,tie,showdown,False,3,114.0,102.0,rock
1436,j,k,min_raise,['min_raise'],"[('p1', 'min_raise'), ('p2', 'call')]",-12.0,618.0,24.0,p2,showdown,True,2,108.0,114.0,rock
1437,q,q,check,['check'],"[('p1', 'check'), ('p2', 'check')]",0.0,618.0,0.0,tie,showdown,False,2,114.0,114.0,rock
1438,q,j,check,['check'],"[('p1', 'check'), ('p2', 'check')]",6.0,624.0,12.0,p1,showdown,False,2,114.0,114.0,rock
1439,q,k,check,"['check', 'fold']","[('p1', 'check'), ('p2', 'max_raise'), ('p1', 'fold')]",-6.0,618.0,24.0,p2,fold,False,3,114.0,102.0,rock
1440,q,k,check,"['check', 'fold']","[('p1', 'check'), ('p2', 'max_raise'), ('p1', 'fold')]",-6.0,612.0,24.0,p2,fold,False,3,114.0,102.0,rock
1441,j,q,min_raise,['min_raise'],"[('p1', 'min_raise'), ('p2', 'fold')]",6.0,618.0,18.0,p1,fold,True,2,108.0,114.0,rock
1442,j,q,min_raise,['min_raise'],"[('p1', 'min_raise'), ('p2', 'fold')]",6.0,624.0,18.0,p1,fold,True,2,108.0,114.0,rock
1443,k,k,check,"['check', 'call']","[('p1', 'check'), ('p2', 'max_raise'), ('p1', 'call')]",0.0,624.0,0.0,tie,showdown,False,3,114.0,102.0,rock
1444,q,k,check,"['check', 'fold']","[('p1', 'check'), ('p2', 'max_raise'), ('p1', 'fold')]",-6.0,618.0,24.0,p2,fold,False,3,114.0,102.0,rock
1445,k,q,check,['check'],"[('p1', 'check'), ('p2', 'check')]",6.0,624.0,12.0,p1,showdown,False,2,114.0,114.0,rock
1446,k,q,check,['check'],"[('p1', 'check'), ('p2', 'check')]",6.0,630.0,12.0,p1,showdown,False,2,114.0,114.0,rock
1447,q,j,check,['check'],"[('p1', 'check'), ('p2', 'check')]",6.0,636.0,12.0,p1,showdown,False,2,114.0,114.0,rock
1448,q,k,check,"['check', 'fold']","[('p1', 'check'), ('p2', 'max_raise'), ('p1', 'fold')]",-6.0,630.0,24.0,p2,fold,False,3,114.0,102.0,rock
1449,j,q,min_raise,['min_raise'],"[('p1', 'min_raise'), ('p2', 'fold')]",6.0,636.0,18.0,p1,fold,True,2,108.0,114.0,rock
1450,q,k,check,"['check', 'fold']","[('p1', 'check'), ('p2', 'max_raise'), ('p1', 'fold')]",-6.0,630.0,24.0,p2,fold,False,3,114.0,102.0,rock
1451,k,k,check,"['check', 'call']","[('p1', 'check'), ('p2', 'max_raise'), ('p1', 'call')]",0.0,630.0,0.0,tie,showdown,False,3,114.0,102.0,rock
1452,k,j,check,['check'],"[('p1', 'check'), ('p2', 'check')]",6.0,636.0,12.0,p1,showdown,False,2,114.0,114.0,rock
1453,q,j,check,['check'],"[('p1', 'check'), ('p2', 'check')]",6.0,642.0,12.0,p1,showdown,False,2,114.0,114.0,rock
1454,k,k,check,"['check', 'call']","[('p1', 'check'), ('p2', 'max_raise'), ('p1', 'call')]",0.0,642.0,0.0,tie,showdown,False,3,114.0,102.0,rock
1455,j,k,min_raise,['min_raise'],"[('p1', 'min_raise'), ('p2', 'call')]",-12.0,630.0,24.0,p2,showdown,True,2,108.0,114.0,rock
1456,k,j,check,['check'],"[('p1', 'check'), ('p2', 'check')]",6.0,636.0,12.0,p1,showdown,False,2,114.0,114.0,rock
1457,q,j,check,['check'],"[('p1', 'check'), ('p2', 'check')]",6.0,642.0,12.0,p1,showdown,False,2,114.0,114.0,rock
1458,q,k,check,"['check', 'fold']","[('p1', 'check'), ('p2', 'max_raise'), ('p1', 'fold')]",-6.0,636.0,24.0,p2,fold,False,3,114.0,102.0,rock
1459,j,j,min_raise,['min_raise'],"[('p1', 'min_raise'), ('p2', 'fold')]",6.0,642.0,18.0,p1,fold,True,2,108.0,114.0,rock
1460,q,q,check,['check'],"[('p1', 'check'), ('p2', 'check')]",0.0,642.0,0.0,tie,showdown,False,2,114.0,114.0,rock
1461,j,k,min_raise,['min_raise'],"[('p1', 'min_raise'), ('p2', 'call')]",-12.0,630.0,24.0,p2,showdown,True,2,108.0,114.0,rock
1462,q,q,check,['check'],"[('p1', 'check'), ('p2', 'check')]",0.0,630.0,0.0,tie,showdown,False,2,114.0,114.0,rock
1463,k,j,check,['check'],"[('p1', 'check'), ('p2', 'check')]",6.0,636.0,12.0,p1,showdown,False,2,114.0,114.0,rock
1464,k,q,check,['check'],"[('p1', 'check'), ('p2', 'check')]",6.0,642.0,12.0,p1,showdown,False,2,114.0,114.0,rock
1465,k,j,check,['check'],"[('p1', 'check'), ('p2', 'check')]",6.0,648.0,12.0,p1,showdown,False,2,114.0,114.0,rock
1466,j,j,min_raise,['min_raise'],"[('p1', 'min_raise'), ('p2', 'fold')]",6.0,654.0,18.0,p1,fold,True,2,108.0,114.0,rock
1467,q,k,check,"['check', 'fold']","[('p1', 'check'), ('p2', 'max_raise'), ('p1', 'fold')]",-6.0,648.0,24.0,p2,fold,False,3,114.0,102.0,rock
1468,q,j,check,['check'],"[('p1', 'check'), ('p2', 'check')]",6.0,654.0,12.0,p1,showdown,False,2,114.0,114.0,rock
1469,q,q,check,['check'],"[('p1', 'check'), ('p2', 'check')]",0.0,654.0,0.0,tie,showdown,False,2,114.0,114.0,rock
1470,k,q,check,['check'],"[('p1', 'check'), ('p2', 'check')]",6.0,660.0,12.0,p1,showdown,False,2,114.0,114.0,rock
1471,k,j,check,['check'],"[('p1', 'check'), ('p2', 'check')]",6.0,666.0,12.0,p1,showdown,False,2,114.0,114.0,rock
1472,q,q,check,['check'],"[('p1', 'check'), ('p2', 'check')]",0.0,666.0,0.0,tie,showdown,False,2,114.0,114.0,rock
1473,j,q,min_raise,['min_raise'],"[('p1', 'min_raise'), ('p2', 'fold')]",6.0,672.0,18.0,p1,fold,True,2,108.0,114.0,rock
1474,k,q,check,['check'],"[('p1', 'check'), ('p2', 'check')]",6.0,678.0,12.0,p1,showdown,False,2,114.0,114.0,rock
1475,q,j,check,['check'],"[('p1', 'check'), ('p2', 'check')]",6.0,684.0,12.0,p1,showdown,False,2,114.0,114.0,rock
1476,j,k,min_raise,['min_raise'],"[('p1', 'min_raise'), ('p2', 'call')]",-12.0,672.0,24.0,p2,showdown,True,2,108.0,114.0,rock
1477,q,j,check,['check'],"[('p1', 'check'), ('p2', 'check')]",6.0,678.0,12.0,p1,showdown,False,2,114.0,114.0,rock
1478,q,k,check,"['check', 'fold']","[('p1', 'check'), ('p2', 'max_raise'), ('p1', 'fold')]",-6.0,672.0,24.0,p2,fold,False,3,114.0,102.0,rock
1479,q,k,check,"['check', 'fold']","[('p1', 'check'), ('p2', 'max_raise'), ('p1', 'fold')]",-6.0,666.0,24.0,p2,fold,False,3,114.0,102.0,rock
1480,k,k,check,"['check', 'call']","[('p1', 'check'), ('p2', 'max_raise'), ('p1', 'call')]",0.0,666.0,0.0,tie,showdown,False,3,114.0,102.0,rock
1481,k,j,check,['check'],"[('p1', 'check'), ('p2', 'check')]",6.0,672.0,12.0,p1,showdown,False,2,114.0,114.0,rock
1482,j,k,min_raise,['min_raise'],"[('p1', 'min_raise'), ('p2', 'call')]",-12.0,660.0,24.0,p2,showdown,True,2,108.0,114.0,rock
1483,k,q,check,['check'],"[('p1', 'check'), ('p2', 'check')]",6.0,666.0,12.0,p1,showdown,False,2,114.0,114.0,rock
1484,q,j,check,['check'],"[('p1', 'check'), ('p2', 'check')]",6.0,672.0,12.0,p1,showdown,False,2,114.0,114.0,rock
1485,k,j,check,['check'],"[('p1', 'check'), ('p2', 'check')]",6.0,678.0,12.0,p1,showdown,False,2,114.0,114.0,rock
1486,k,j,check,['check'],"[('p1', 'check'), ('p2', 'check')]",6.0,684.0,12.0,p1,showdown,False,2,114.0,114.0,rock
1487,q,j,check,['check'],"[('p1', 'check'), ('p2', 'check')]",6.0,690.0,12.0,p1,showdown,False,2,114.0,114.0,rock
1488,j,k,min_raise,['min_raise'],"[('p1', 'min_raise'), ('p2', 'call')]",-12.0,678.0,24.0,p2,showdown,True,2,108.0,114.0,rock
1489,j,q,min_raise,['min_raise'],"[('p1', 'min_raise'), ('p2', 'fold')]",6.0,684.0,18.0,p1,fold,True,2,108.0,114.0,rock
1490,q,k,check,"['check', 'fold']","[('p1', 'check'), ('p2', 'max_raise'), ('p1', 'fold')]",-6.0,678.0,24.0,p2,fold,False,3,114.0,102.0,rock
1491,k,q,check,['check'],"[('p1', 'check'), ('p2', 'check')]",6.0,684.0,12.0,p1,showdown,False,2,114.0,114.0,rock
1492,q,q,check,['check'],"[('p1', 'check'), ('p2', 'check')]",0.0,684.0,0.0,tie,showdown,False,2,114.0,114.0,rock
1493,j,j,min_raise,['min_raise'],"[('p1', 'min_raise'), ('p2', 'fold')]",6.0,690.0,18.0,p1,fold,True,2,108.0,114.0,rock
1494,j,j,min_raise,['min_raise'],"[('p1', 'min_raise'), ('p2', 'fold')]",6.0,696.0,18.0,p1,fold,True,2,108.0,114.0,rock
1495,j,k,min_raise,['min_raise'],"[('p1', 'min_raise'), ('p2', 'call')]",-12.0,684.0,24.0,p2,showdown,True,2,108.0,114.0,rock
1496,k,q,check,['check'],"[('p1', 'check'), ('p2', 'check')]",6.0,690.0,12.0,p1,showdown,False,2,114.0,114.0,rock
1497,j,q,min_raise,['min_raise'],"[('p1', 'min_raise'), ('p2', 'fold')]",6.0,696.0,18.0,p1,fold,True,2,108.0,114.0,rock
1498,q,k,check,"['check', 'fold']","[('p1', 'check'), ('p2', 'max_raise'), ('p1', 'fold')]",-6.0,690.0,24.0,p2,fold,False,3,114.0,102.0,rock
1499,j,k,min_raise,['min_raise'],"[('p1', 'min_raise'), ('p2', 'call')]",-12.0,678.0,24.0,p2,showdown,True,2,108.0,114.0,rock
1500,j,j,min_raise,['min_raise'],"[('p1', 'min_raise'), ('p2', 'fold')]",6.0,684.0,18.0,p1,fold,True,2,108.0,114.0,rock
1501,j,j,min_raise,['min_raise'],"[('p1', 'min_raise'), ('p2', 'fold')]",6.0,690.0,18.0,p1,fold,True,2,108.0,114.0,rock
1502,q,q,check,['check'],"[('p1', 'check'), ('p2', 'check')]",0.0,690.0,0.0,tie,showdown,False,2,114.0,114.0,rock
1503,j,j,min_raise,['min_raise'],"[('p1', 'min_raise'), ('p2', 'fold')]",6.0,696.0,18.0,p1,fold,True,2,108.0,114.0,rock
1504,k,q,check,['check'],"[('p1', 'check'), ('p2', 'check')]",6.0,702.0,12.0,p1,showdown,False,2,114.0,114.0,rock
1505,k,q,check,['check'],"[('p1', 'check'), ('p2', 'check')]",6.0,708.0,12.0,p1,showdown,False,2,114.0,114.0,rock
1506,q,k,check,"['check', 'fold']","[('p1', 'check'), ('p2', 'max_raise'), ('p1', 'fold')]",-6.0,702.0,24.0,p2,fold,False,3,114.0,102.0,rock
1507,q,q,check,['check'],"[('p1', 'check'), ('p2', 'check')]",0.0,702.0,0.0,tie,showdown,False,2,114.0,114.0,rock
1508,q,k,check,"['check', 'fold']","[('p1', 'check'), ('p2', 'max_raise'), ('p1', 'fold')]",-6.0,696.0,24.0,p2,fold,False,3,114.0,102.0,rock
1509,q,k,check,"['check', 'fold']","[('p1', 'check'), ('p2', 'max_raise'), ('p1', 'fold')]",-6.0,690.0,24.0,p2,fold,False,3,114.0,102.0,rock
1510,j,k,min_raise,['min_raise'],"[('p1', 'min_raise'), ('p2', 'call')]",-12.0,678.0,24.0,p2,showdown,True,2,108.0,114.0,rock
1511,j,q,min_raise,['min_raise'],"[('p1', 'min_raise'), ('p2', 'fold')]",6.0,684.0,18.0,p1,fold,True,2,108.0,114.0,rock
1512,j,j,min_raise,['min_raise'],"[('p1', 'min_raise'), ('p2', 'fold')]",6.0,690.0,18.0,p1,fold,True,2,108.0,114.0,rock
1513,k,j,check,['check'],"[('p1', 'check'), ('p2', 'check')]",6.0,696.0,12.0,p1,showdown,False,2,114.0,114.0,rock
1514,q,j,check,['check'],"[('p1', 'check'), ('p2', 'check')]",6.0,702.0,12.0,p1,showdown,False,2,114.0,114.0,rock
1515,j,k,min_raise,['min_raise'],"[('p1', 'min_raise'), ('p2', 'call')]",-12.0,690.0,24.0,p2,showdown,True,2,108.0,114.0,rock
1516,j,k,min_raise,['min_raise'],"[('p1', 'min_raise'), ('p2', 'call')]",-12.0,678.0,24.0,p2,showdown,True,2,108.0,114.0,rock
1517,q,q,check,['check'],"[('p1', 'check'), ('p2', 'check')]",0.0,678.0,0.0,tie,showdown,False,2,114.0,114.0,rock
1518,k,q,check,['check'],"[('p1', 'check'), ('p2', 'check')]",6.0,684.0,12.0,p1,showdown,False,2,114.0,114.0,rock
1519,k,j,check,['check'],"[('p1', 'check'), ('p2', 'check')]",6.0,690.0,12.0,p1,showdown,False,2,114.0,114.0,rock
1520,q,j,check,['check'],"[('p1', 'check'), ('p2', 'check')]",6.0,696.0,12.0,p1,showdown,False,2,114.0,114.0,rock
1521,k,q,check,['check'],"[('p1', 'check'), ('p2', 'check')]",6.0,702.0,12.0,p1,showdown,False,2,114.0,114.0,rock
1522,k,q,check,['check'],"[('p1', 'check'), ('p2', 'check')]",6.0,708.0,12.0,p1,showdown,False,2,114.0,114.0,rock
1523,j,j,min_raise,['min_raise'],"[('p1', 'min_raise'), ('p2', 'fold')]",6.0,714.0,18.0,p1,fold,True,2,108.0,114.0,rock
1524,k,q,check,['check'],"[('p1', 'check'), ('p2', 'check')]",6.0,720.0,12.0,p1,showdown,False,2,114.0,114.0,rock
1525,j,j,min_raise,['min_raise'],"[('p1', 'min_raise'), ('p2', 'fold')]",6.0,726.0,18.0,p1,fold,True,2,108.0,114.0,rock
1526,q,k,check,"['check', 'fold']","[('p1', 'check'), ('p2', 'max_raise'), ('p1', 'fold')]",-6.0,720.0,24.0,p2,fold,False,3,114.0,102.0,rock
1527,k,k,check,"['check', 'call']","[('p1', 'check'), ('p2', 'max_raise'), ('p1', 'call')]",0.0,720.0,0.0,tie,showdown,False,3,114.0,102.0,rock
1528,q,j,check,['check'],"[('p1', 'check'), ('p2', 'check')]",6.0,726.0,12.0,p1,showdown,False,2,114.0,114.0,rock
1529,k,k,check,"['check', 'call']","[('p1', 'check'), ('p2', 'max_raise'), ('p1', 'call')]",0.0,726.0,0.0,tie,showdown,False,3,114.0,102.0,rock
1530,k,q,check,['check'],"[('p1', 'check'), ('p2', 'check')]",6.0,732.0,12.0,p1,showdown,False,2,114.0,114.0,rock
1531,k,j,check,['check'],"[('p1', 'check'), ('p2', 'check')]",6.0,738.0,12.0,p1,showdown,False,2,114.0,114.0,rock
1532,k,k,check,"['check', 'call']","[('p1', 'check'), ('p2', 'max_raise'), ('p1', 'call')]",0.0,738.0,0.0,tie,showdown,False,3,114.0,102.0,rock
1533,k,k,check,"['check', 'call']","[('p1', 'check'), ('p2', 'max_raise'), ('p1', 'call')]",0.0,738.0,0.0,tie,showdown,False,3,114.0,102.0,rock
1534,k,q,check,['check'],"[('p1', 'check'), ('p2', 'check')]",6.0,744.0,12.0,p1,showdown,False,2,114.0,114.0,rock
1535,q,j,check,['check'],"[('p1', 'check'), ('p2', 'check')]",6.0,750.0,12.0,p1,showdown,False,2,114.0,114.0,rock
1536,q,k,check,"['check', 'fold']","[('p1', 'check'), ('p2', 'max_raise'), ('p1', 'fold')]",-6.0,744.0,24.0,p2,fold,False,3,114.0,102.0,rock
1537,q,k,check,"['check', 'fold']","[('p1', 'check'), ('p2', 'max_raise'), ('p1', 'fold')]",-6.0,738.0,24.0,p2,fold,False,3,114.0,102.0,rock
1538,q,q,check,['check'],"[('p1', 'check'), ('p2', 'check')]",0.0,738.0,0.0,tie,showdown,False,2,114.0,114.0,rock
1539,q,k,check,"['check', 'fold']","[('p1', 'check'), ('p2', 'max_raise'), ('p1', 'fold')]",-6.0,732.0,24.0,p2,fold,False,3,114.0,102.0,rock
1540,q,q,check,['check'],"[('p1', 'check'), ('p2', 'check')]",0.0,732.0,0.0,tie,showdown,False,2,114.0,114.0,rock
1541,j,k,min_raise,['min_raise'],"[('p1', 'min_raise'), ('p2', 'call')]",-12.0,720.0,24.0,p2,showdown,True,2,108.0,114.0,rock
1542,k,j,check,['check'],"[('p1', 'check'), ('p2', 'check')]",6.0,726.0,12.0,p1,showdown,False,2,114.0,114.0,rock
1543,j,k,min_raise,['min_raise'],"[('p1', 'min_raise'), ('p2', 'call')]",-12.0,714.0,24.0,p2,showdown,True,2,108.0,114.0,rock
1544,q,q,check,['check'],"[('p1', 'check'), ('p2', 'check')]",0.0,714.0,0.0,tie,showdown,False,2,114.0,114.0,rock
1545,k,j,check,['check'],"[('p1', 'check'), ('p2', 'check')]",6.0,720.0,12.0,p1,showdown,False,2,114.0,114.0,rock
1546,q,j,check,['check'],"[('p1', 'check'), ('p2', 'check')]",6.0,726.0,12.0,p1,showdown,False,2,114.0,114.0,rock
1547,j,j,min_raise,['min_raise'],"[('p1', 'min_raise'), ('p2', 'fold')]",6.0,732.0,18.0,p1,fold,True,2,108.0,114.0,rock
1548,k,q,check,['check'],"[('p1', 'check'), ('p2', 'check')]",6.0,738.0,12.0,p1,showdown,False,2,114.0,114.0,rock
1549,k,j,check,['check'],"[('p1', 'check'), ('p2', 'check')]",6.0,744.0,12.0,p1,showdown,False,2,114.0,114.0,rock
1550,k,q,check,['check'],"[('p1', 'check'), ('p2', 'check')]",6.0,750.0,12.0,p1,showdown,False,2,114.0,114.0,rock
1551,k,q,check,['check'],"[('p1', 'check'), ('p2', 'check')]",6.0,756.0,12.0,p1,showdown,False,2,114.0,114.0,rock
1552,j,q,min_raise,['min_raise'],"[('p1', 'min_raise'), ('p2', 'fold')]",6.0,762.0,18.0,p1,fold,True,2,108.0,114.0,rock
1553,q,j,check,['check'],"[('p1', 'check'), ('p2', 'check')]",6.0,768.0,12.0,p1,showdown,False,2,114.0,114.0,rock
1554,q,q,check,['check'],"[('p1', 'check'), ('p2', 'check')]",0.0,768.0,0.0,tie,showdown,False,2,114.0,114.0,rock
1555,q,j,check,['check'],"[('p1', 'check'), ('p2', 'check')]",6.0,774.0,12.0,p1,showdown,False,2,114.0,114.0,rock
1556,q,q,check,['check'],"[('p1', 'check'), ('p2', 'check')]",0.0,774.0,0.0,tie,showdown,False,2,114.0,114.0,rock
1557,q,q,check,['check'],"[('p1', 'check'), ('p2', 'check')]",0.0,774.0,0.0,tie,showdown,False,2,114.0,114.0,rock
1558,j,k,min_raise,['min_raise'],"[('p1', 'min_raise'), ('p2', 'call')]",-12.0,762.0,24.0,p2,showdown,True,2,108.0,114.0,rock
1559,q,k,check,"['check', 'fold']","[('p1', 'check'), ('p2', 'max_raise'), ('p1', 'fold')]",-6.0,756.0,24.0,p2,fold,False,3,114.0,102.0,rock
1560,j,q,min_raise,['min_raise'],"[('p1', 'min_raise'), ('p2', 'fold')]",6.0,762.0,18.0,p1,fold,True,2,108.0,114.0,rock
1561,j,q,min_raise,['min_raise'],"[('p1', 'min_raise'), ('p2', 'fold')]",6.0,768.0,18.0,p1,fold,True,2,108.0,114.0,rock
1562,q,k,check,"['check', 'fold']","[('p1', 'check'), ('p2', 'max_raise'), ('p1', 'fold')]",-6.0,762.0,24.0,p2,fold,False,3,114.0,102.0,rock
1563,q,q,check,['check'],"[('p1', 'check'), ('p2', 'check')]",0.0,762.0,0.0,tie,showdown,False,2,114.0,114.0,rock
1564,q,k,check,"['check', 'fold']","[('p1', 'check'), ('p2', 'max_raise'), ('p1', 'fold')]",-6.0,756.0,24.0,p2,fold,False,3,114.0,102.0,rock
1565,k,k,check,"['check', 'call']","[('p1', 'check'), ('p2', 'max_raise'), ('p1', 'call')]",0.0,756.0,0.0,tie,showdown,False,3,114.0,102.0,rock
1566,q,j,check,['check'],"[('p1', 'check'), ('p2', 'check')]",6.0,762.0,12.0,p1,showdown,False,2,114.0,114.0,rock
1567,j,j,min_raise,['min_raise'],"[('p1', 'min_raise'), ('p2', 'fold')]",6.0,768.0,18.0,p1,fold,True,2,108.0,114.0,rock
1568,j,k,min_raise,['min_raise'],"[('p1', 'min_raise'), ('p2', 'call')]",-12.0,756.0,24.0,p2,showdown,True,2,108.0,114.0,rock
1569,k,k,check,"['check', 'call']","[('p1', 'check'), ('p2', 'max_raise'), ('p1', 'call')]",0.0,756.0,0.0,tie,showdown,False,3,114.0,102.0,rock
1570,k,k,check,"['check', 'call']","[('p1', 'check'), ('p2', 'max_raise'), ('p1', 'call')]",0.0,756.0,0.0,tie,showdown,False,3,114.0,102.0,rock
1571,q,k,check,"['check', 'fold']","[('p1', 'check'), ('p2', 'max_raise'), ('p1', 'fold')]",-6.0,750.0,24.0,p2,fold,False,3,114.0,102.0,rock
1572,k,k,check,"['check', 'call']","[('p1', 'check'), ('p2', 'max_raise'), ('p1', 'call')]",0.0,750.0,0.0,tie,showdown,False,3,114.0,102.0,rock
1573,q,q,check,['check'],"[('p1', 'check'), ('p2', 'check')]",0.0,750.0,0.0,tie,showdown,False,2,114.0,114.0,rock
1574,q,k,check,"['check', 'fold']","[('p1', 'check'), ('p2', 'max_raise'), ('p1', 'fold')]",-6.0,744.0,24.0,p2,fold,False,3,114.0,102.0,rock
1575,j,q,min_raise,['min_raise'],"[('p1', 'min_raise'), ('p2', 'fold')]",6.0,750.0,18.0,p1,fold,True,2,108.0,114.0,rock
1576,j,q,min_raise,['min_raise'],"[('p1', 'min_raise'), ('p2', 'fold')]",6.0,756.0,18.0,p1,fold,True,2,108.0,114.0,rock
1577,q,k,check,"['check', 'fold']","[('p1', 'check'), ('p2', 'max_raise'), ('p1', 'fold')]",-6.0,750.0,24.0,p2,fold,False,3,114.0,102.0,rock
1578,k,j,check,['check'],"[('p1', 'check'), ('p2', 'check')]",6.0,756.0,12.0,p1,showdown,False,2,114.0,114.0,rock
1579,q,k,check,"['check', 'fold']","[('p1', 'check'), ('p2', 'max_raise'), ('p1', 'fold')]",-6.0,750.0,24.0,p2,fold,False,3,114.0,102.0,rock
1580,j,q,min_raise,['min_raise'],"[('p1', 'min_raise'), ('p2', 'fold')]",6.0,756.0,18.0,p1,fold,True,2,108.0,114.0,rock
1581,q,j,check,['check'],"[('p1', 'check'), ('p2', 'check')]",6.0,762.0,12.0,p1,showdown,False,2,114.0,114.0,rock
1582,q,q,check,['check'],"[('p1', 'check'), ('p2', 'check')]",0.0,762.0,0.0,tie,showdown,False,2,114.0,114.0,rock
1583,q,k,check,"['check', 'fold']","[('p1', 'check'), ('p2', 'max_raise'), ('p1', 'fold')]",-6.0,756.0,24.0,p2,fold,False,3,114.0,102.0,rock
1584,q,k,check,"['check', 'fold']","[('p1', 'check'), ('p2', 'max_raise'), ('p1', 'fold')]",-6.0,750.0,24.0,p2,fold,False,3,114.0,102.0,rock
1585,q,q,check,['check'],"[('p1', 'check'), ('p2', 'check')]",0.0,750.0,0.0,tie,showdown,False,2,114.0,114.0,rock
1586,k,j,check,['check'],"[('p1', 'check'), ('p2', 'check')]",6.0,756.0,12.0,p1,showdown,False,2,114.0,114.0,rock
1587,k,j,check,['check'],"[('p1', 'check'), ('p2', 'check')]",6.0,762.0,12.0,p1,showdown,False,2,114.0,114.0,rock
1588,q,q,check,['check'],"[('p1', 'check'), ('p2', 'check')]",0.0,762.0,0.0,tie,showdown,False,2,114.0,114.0,rock
1589,q,q,check,['check'],"[('p1', 'check'), ('p2', 'check')]",0.0,762.0,0.0,tie,showdown,False,2,114.0,114.0,rock
1590,q,k,check,"['check', 'fold']","[('p1', 'check'), ('p2', 'max_raise'), ('p1', 'fold')]",-6.0,756.0,24.0,p2,fold,False,3,114.0,102.0,rock
1591,k,j,check,['check'],"[('p1', 'check'), ('p2', 'check')]",6.0,762.0,12.0,p1,showdown,False,2,114.0,114.0,rock
1592,q,q,check,['check'],"[('p1', 'check'), ('p2', 'check')]",0.0,762.0,0.0,tie,showdown,False,2,114.0,114.0,rock
1593,q,k,check,"['check', 'fold']","[('p1', 'check'), ('p2', 'max_raise'), ('p1', 'fold')]",-6.0,756.0,24.0,p2,fold,False,3,114.0,102.0,rock
1594,q,k,check,"['check', 'fold']","[('p1', 'check'), ('p2', 'max_raise'), ('p1', 'fold')]",-6.0,750.0,24.0,p2,fold,False,3,114.0,102.0,rock
1595,q,j,check,['check'],"[('p1', 'check'), ('p2', 'check')]",6.0,756.0,12.0,p1,showdown,False,2,114.0,114.0,rock
1596,j,j,min_raise,['min_raise'],"[('p1', 'min_raise'), ('p2', 'fold')]",6.0,762.0,18.0,p1,fold,True,2,108.0,114.0,rock
1597,q,k,check,"['check', 'fold']","[('p1', 'check'), ('p2', 'max_raise'), ('p1', 'fold')]",-6.0,756.0,24.0,p2,fold,False,3,114.0,102.0,rock
1598,q,k,check,"['check', 'fold']","[('p1', 'check'), ('p2', 'max_raise'), ('p1', 'fold')]",-6.0,750.0,24.0,p2,fold,False,3,114.0,102.0,rock
1599,k,j,check,['check'],"[('p1', 'check'), ('p2', 'check')]",6.0,756.0,12.0,p1,showdown,False,2,114.0,114.0,rock
1600,k,k,check,"['check', 'call']","[('p1', 'check'), ('p2', 'max_raise'), ('p1', 'call')]",0.0,756.0,0.0,tie,showdown,False,3,114.0,102.0,rock
1601,k,k,check,"['check', 'call']","[('p1', 'check'), ('p2', 'max_raise'), ('p1', 'call')]",0.0,756.0,0.0,tie,showdown,False,3,114.0,102.0,rock
1602,k,k,check,"['check', 'call']","[('p1', 'check'), ('p2', 'max_raise'), ('p1', 'call')]",0.0,756.0,0.0,tie,showdown,False,3,114.0,102.0,rock
1603,q,j,check,['check'],"[('p1', 'check'), ('p2', 'check')]",6.0,762.0,12.0,p1,showdown,False,2,114.0,114.0,rock
1604,q,k,check,"['check', 'fold']","[('p1', 'check'), ('p2', 'max_raise'), ('p1', 'fold')]",-6.0,756.0,24.0,p2,fold,False,3,114.0,102.0,rock
1605,q,k,check,"['check', 'fold']","[('p1', 'check'), ('p2', 'max_raise'), ('p1', 'fold')]",-6.0,750.0,24.0,p2,fold,False,3,114.0,102.0,rock
1606,k,k,check,"['check', 'call']","[('p1', 'check'), ('p2', 'max_raise'), ('p1', 'call')]",0.0,750.0,0.0,tie,showdown,False,3,114.0,102.0,rock
1607,j,j,min_raise,['min_raise'],"[('p1', 'min_raise'), ('p2', 'fold')]",6.0,756.0,18.0,p1,fold,True,2,108.0,114.0,rock
1608,j,q,min_raise,['min_raise'],"[('p1', 'min_raise'), ('p2', 'fold')]",6.0,762.0,18.0,p1,fold,True,2,108.0,114.0,rock
1609,q,j,check,['check'],"[('p1', 'check'), ('p2', 'check')]",6.0,768.0,12.0,p1,showdown,False,2,114.0,114.0,rock
1610,q,q,check,['check'],"[('p1', 'check'), ('p2', 'check')]",0.0,768.0,0.0,tie,showdown,False,2,114.0,114.0,rock
1611,j,k,min_raise,['min_raise'],"[('p1', 'min_raise'), ('p2', 'call')]",-12.0,756.0,24.0,p2,showdown,True,2,108.0,114.0,rock
1612,k,k,check,"['check', 'call']","[('p1', 'check'), ('p2', 'max_raise'), ('p1', 'call')]",0.0,756.0,0.0,tie,showdown,False,3,114.0,102.0,rock
1613,j,q,min_raise,['min_raise'],"[('p1', 'min_raise'), ('p2', 'fold')]",6.0,762.0,18.0,p1,fold,True,2,108.0,114.0,rock
1614,j,q,min_raise,['min_raise'],"[('p1', 'min_raise'), ('p2', 'fold')]",6.0,768.0,18.0,p1,fold,True,2,108.0,114.0,rock
1615,q,j,check,['check'],"[('p1', 'check'), ('p2', 'check')]",6.0,774.0,12.0,p1,showdown,False,2,114.0,114.0,rock
1616,q,q,check,['check'],"[('p1', 'check'), ('p2', 'check')]",0.0,774.0,0.0,tie,showdown,False,2,114.0,114.0,rock
1617,j,k,min_raise,['min_raise'],"[('p1', 'min_raise'), ('p2', 'call')]",-12.0,762.0,24.0,p2,showdown,True,2,108.0,114.0,rock
1618,j,k,min_raise,['min_raise'],"[('p1', 'min_raise'), ('p2', 'call')]",-12.0,750.0,24.0,p2,showdown,True,2,108.0,114.0,rock
1619,j,k,min_raise,['min_raise'],"[('p1', 'min_raise'), ('p2', 'call')]",-12.0,738.0,24.0,p2,showdown,True,2,108.0,114.0,rock
1620,q,k,check,"['check', 'fold']","[('p1', 'check'), ('p2', 'max_raise'), ('p1', 'fold')]",-6.0,732.0,24.0,p2,fold,False,3,114.0,102.0,rock
1621,j,q,min_raise,['min_raise'],"[('p1', 'min_raise'), ('p2', 'fold')]",6.0,738.0,18.0,p1,fold,True,2,108.0,114.0,rock
1622,q,q,check,['check'],"[('p1', 'check'), ('p2', 'check')]",0.0,738.0,0.0,tie,showdown,False,2,114.0,114.0,rock
1623,q,q,check,['check'],"[('p1', 'check'), ('p2', 'check')]",0.0,738.0,0.0,tie,showdown,False,2,114.0,114.0,rock
1624,j,j,min_raise,['min_raise'],"[('p1', 'min_raise'), ('p2', 'fold')]",6.0,744.0,18.0,p1,fold,True,2,108.0,114.0,rock
1625,j,q,min_raise,['min_raise'],"[('p1', 'min_raise'), ('p2', 'fold')]",6.0,750.0,18.0,p1,fold,True,2,108.0,114.0,rock
1626,q,q,check,['check'],"[('p1', 'check'), ('p2', 'check')]",0.0,750.0,0.0,tie,showdown,False,2,114.0,114.0,rock
1627,j,j,min_raise,['min_raise'],"[('p1', 'min_raise'), ('p2', 'fold')]",6.0,756.0,18.0,p1,fold,True,2,108.0,114.0,rock
1628,j,j,min_raise,['min_raise'],"[('p1', 'min_raise'), ('p2', 'fold')]",6.0,762.0,18.0,p1,fold,True,2,108.0,114.0,rock
1629,k,j,check,['check'],"[('p1', 'check'), ('p2', 'check')]",6.0,768.0,12.0,p1,showdown,False,2,114.0,114.0,rock
1630,k,q,check,['check'],"[('p1', 'check'), ('p2', 'check')]",6.0,774.0,12.0,p1,showdown,False,2,114.0,114.0,rock
1631,j,k,min_raise,['min_raise'],"[('p1', 'min_raise'), ('p2', 'call')]",-12.0,762.0,24.0,p2,showdown,True,2,108.0,114.0,rock
1632,k,j,check,['check'],"[('p1', 'check'), ('p2', 'check')]",6.0,768.0,12.0,p1,showdown,False,2,114.0,114.0,rock
1633,k,k,check,"['check', 'call']","[('p1', 'check'), ('p2', 'max_raise'), ('p1', 'call')]",0.0,768.0,0.0,tie,showdown,False,3,114.0,102.0,rock
1634,j,q,min_raise,['min_raise'],"[('p1', 'min_raise'), ('p2', 'fold')]",6.0,774.0,18.0,p1,fold,True,2,108.0,114.0,rock
1635,q,q,check,['check'],"[('p1', 'check'), ('p2', 'check')]",0.0,774.0,0.0,tie,showdown,False,2,114.0,114.0,rock
1636,j,k,min_raise,['min_raise'],"[('p1', 'min_raise'), ('p2', 'call')]",-12.0,762.0,24.0,p2,showdown,True,2,108.0,114.0,rock
1637,q,k,check,"['check', 'fold']","[('p1', 'check'), ('p2', 'max_raise'), ('p1', 'fold')]",-6.0,756.0,24.0,p2,fold,False,3,114.0,102.0,rock
1638,j,q,min_raise,['min_raise'],"[('p1', 'min_raise'), ('p2', 'fold')]",6.0,762.0,18.0,p1,fold,True,2,108.0,114.0,rock
1639,j,k,min_raise,['min_raise'],"[('p1', 'min_raise'), ('p2', 'call')]",-12.0,750.0,24.0,p2,showdown,True,2,108.0,114.0,rock
1640,q,j,check,['check'],"[('p1', 'check'), ('p2', 'check')]",6.0,756.0,12.0,p1,showdown,False,2,114.0,114.0,rock
1641,q,j,check,['check'],"[('p1', 'check'), ('p2', 'check')]",6.0,762.0,12.0,p1,showdown,False,2,114.0,114.0,rock
1642,k,j,check,['check'],"[('p1', 'check'), ('p2', 'check')]",6.0,768.0,12.0,p1,showdown,False,2,114.0,114.0,rock
1643,k,k,check,"['check', 'call']","[('p1', 'check'), ('p2', 'max_raise'), ('p1', 'call')]",0.0,768.0,0.0,tie,showdown,False,3,114.0,102.0,rock
1644,q,j,check,['check'],"[('p1', 'check'), ('p2', 'check')]",6.0,774.0,12.0,p1,showdown,False,2,114.0,114.0,rock
1645,j,q,min_raise,['min_raise'],"[('p1', 'min_raise'), ('p2', 'fold')]",6.0,780.0,18.0,p1,fold,True,2,108.0,114.0,rock
1646,k,j,check,['check'],"[('p1', 'check'), ('p2', 'check')]",6.0,786.0,12.0,p1,showdown,False,2,114.0,114.0,rock
1647,j,q,min_raise,['min_raise'],"[('p1', 'min_raise'), ('p2', 'fold')]",6.0,792.0,18.0,p1,fold,True,2,108.0,114.0,rock
1648,q,k,check,"['check', 'fold']","[('p1', 'check'), ('p2', 'max_raise'), ('p1', 'fold')]",-6.0,786.0,24.0,p2,fold,False,3,114.0,102.0,rock
1649,k,q,check,['check'],"[('p1', 'check'), ('p2', 'check')]",6.0,792.0,12.0,p1,showdown,False,2,114.0,114.0,rock
1650,j,q,min_raise,['min_raise'],"[('p1', 'min_raise'), ('p2', 'fold')]",6.0,798.0,18.0,p1,fold,True,2,108.0,114.0,rock
1651,k,j,check,['check'],"[('p1', 'check'), ('p2', 'check')]",6.0,804.0,12.0,p1,showdown,False,2,114.0,114.0,rock
1652,j,k,min_raise,['min_raise'],"[('p1', 'min_raise'), ('p2', 'call')]",-12.0,792.0,24.0,p2,showdown,True,2,108.0,114.0,rock
1653,k,k,check,"['check', 'call']","[('p1', 'check'), ('p2', 'max_raise'), ('p1', 'call')]",0.0,792.0,0.0,tie,showdown,False,3,114.0,102.0,rock
1654,j,q,min_raise,['min_raise'],"[('p1', 'min_raise'), ('p2', 'fold')]",6.0,798.0,18.0,p1,fold,True,2,108.0,114.0,rock
1655,k,q,check,['check'],"[('p1', 'check'), ('p2', 'check')]",6.0,804.0,12.0,p1,showdown,False,2,114.0,114.0,rock
1656,k,q,check,['check'],"[('p1', 'check'), ('p2', 'check')]",6.0,810.0,12.0,p1,showdown,False,2,114.0,114.0,rock
1657,q,j,check,['check'],"[('p1', 'check'), ('p2', 'check')]",6.0,816.0,12.0,p1,showdown,False,2,114.0,114.0,rock
1658,k,q,check,['check'],"[('p1', 'check'), ('p2', 'check')]",6.0,822.0,12.0,p1,showdown,False,2,114.0,114.0,rock
1659,j,q,min_raise,['min_raise'],"[('p1', 'min_raise'), ('p2', 'fold')]",6.0,828.0,18.0,p1,fold,True,2,108.0,114.0,rock
1660,k,q,check,['check'],"[('p1', 'check'), ('p2', 'check')]",6.0,834.0,12.0,p1,showdown,False,2,114.0,114.0,rock
1661,q,q,check,['check'],"[('p1', 'check'), ('p2', 'check')]",0.0,834.0,0.0,tie,showdown,False,2,114.0,114.0,rock
1662,q,k,check,"['check', 'fold']","[('p1', 'check'), ('p2', 'max_raise'), ('p1', 'fold')]",-6.0,828.0,24.0,p2,fold,False,3,114.0,102.0,rock
1663,q,j,check,['check'],"[('p1', 'check'), ('p2', 'check')]",6.0,834.0,12.0,p1,showdown,False,2,114.0,114.0,rock
1664,j,j,min_raise,['min_raise'],"[('p1', 'min_raise'), ('p2', 'fold')]",6.0,840.0,18.0,p1,fold,True,2,108.0,114.0,rock
1665,q,q,check,['check'],"[('p1', 'check'), ('p2', 'check')]",0.0,840.0,0.0,tie,showdown,False,2,114.0,114.0,rock
1666,k,q,check,['check'],"[('p1', 'check'), ('p2', 'check')]",6.0,846.0,12.0,p1,showdown,False,2,114.0,114.0,rock
1667,k,k,check,"['check', 'call']","[('p1', 'check'), ('p2', 'max_raise'), ('p1', 'call')]",0.0,846.0,0.0,tie,showdown,False,3,114.0,102.0,rock
1668,k,q,check,['check'],"[('p1', 'check'), ('p2', 'check')]",6.0,852.0,12.0,p1,showdown,False,2,114.0,114.0,rock
1669,q,k,check,"['check', 'fold']","[('p1', 'check'), ('p2', 'max_raise'), ('p1', 'fold')]",-6.0,846.0,24.0,p2,fold,False,3,114.0,102.0,rock
1670,j,k,min_raise,['min_raise'],"[('p1', 'min_raise'), ('p2', 'call')]",-12.0,834.0,24.0,p2,showdown,True,2,108.0,114.0,rock
1671,q,k,check,"['check', 'fold']","[('p1', 'check'), ('p2', 'max_raise'), ('p1', 'fold')]",-6.0,828.0,24.0,p2,fold,False,3,114.0,102.0,rock
1672,k,k,check,"['check', 'call']","[('p1', 'check'), ('p2', 'max_raise'), ('p1', 'call')]",0.0,828.0,0.0,tie,showdown,False,3,114.0,102.0,rock
1673,j,q,min_raise,['min_raise'],"[('p1', 'min_raise'), ('p2', 'fold')]",6.0,834.0,18.0,p1,fold,True,2,108.0,114.0,rock
1674,q,j,check,['check'],"[('p1', 'check'), ('p2', 'check')]",6.0,840.0,12.0,p1,showdown,False,2,114.0,114.0,rock
1675,k,q,check,['check'],"[('p1', 'check'), ('p2', 'check')]",6.0,846.0,12.0,p1,showdown,False,2,114.0,114.0,rock
1676,j,k,min_raise,['min_raise'],"[('p1', 'min_raise'), ('p2', 'call')]",-12.0,834.0,24.0,p2,showdown,True,2,108.0,114.0,rock
1677,k,q,check,['check'],"[('p1', 'check'), ('p2', 'check')]",6.0,840.0,12.0,p1,showdown,False,2,114.0,114.0,rock
1678,k,k,check,"['check', 'call']","[('p1', 'check'), ('p2', 'max_raise'), ('p1', 'call')]",0.0,840.0,0.0,tie,showdown,False,3,114.0,102.0,rock
1679,k,k,check,"['check', 'call']","[('p1', 'check'), ('p2', 'max_raise'), ('p1', 'call')]",0.0,840.0,0.0,tie,showdown,False,3,114.0,102.0,rock
1680,k,j,check,['check'],"[('p1', 'check'), ('p2', 'check')]",6.0,846.0,12.0,p1,showdown,False,2,114.0,114.0,rock
1681,j,q,min_raise,['min_raise'],"[('p1', 'min_raise'), ('p2', 'fold')]",6.0,852.0,18.0,p1,fold,True,2,108.0,114.0,rock
1682,q,k,check,"['check', 'fold']","[('p1', 'check'), ('p2', 'max_raise'), ('p1', 'fold')]",-6.0,846.0,24.0,p2,fold,False,3,114.0,102.0,rock
1683,j,q,min_raise,['min_raise'],"[('p1', 'min_raise'), ('p2', 'fold')]",6.0,852.0,18.0,p1,fold,True,2,108.0,114.0,rock
1684,j,q,min_raise,['min_raise'],"[('p1', 'min_raise'), ('p2', 'fold')]",6.0,858.0,18.0,p1,fold,True,2,108.0,114.0,rock
1685,k,j,check,['check'],"[('p1', 'check'), ('p2', 'check')]",6.0,864.0,12.0,p1,showdown,False,2,114.0,114.0,rock
1686,q,k,check,"['check', 'fold']","[('p1', 'check'), ('p2', 'max_raise'), ('p1', 'fold')]",-6.0,858.0,24.0,p2,fold,False,3,114.0,102.0,rock
1687,j,q,min_raise,['min_raise'],"[('p1', 'min_raise'), ('p2', 'fold')]",6.0,864.0,18.0,p1,fold,True,2,108.0,114.0,rock
1688,j,j,min_raise,['min_raise'],"[('p1', 'min_raise'), ('p2', 'fold')]",6.0,870.0,18.0,p1,fold,True,2,108.0,114.0,rock
1689,k,j,check,['check'],"[('p1', 'check'), ('p2', 'check')]",6.0,876.0,12.0,p1,showdown,False,2,114.0,114.0,rock
1690,q,q,check,['check'],"[('p1', 'check'), ('p2', 'check')]",0.0,876.0,0.0,tie,showdown,False,2,114.0,114.0,rock
1691,j,j,min_raise,['min_raise'],"[('p1', 'min_raise'), ('p2', 'fold')]",6.0,882.0,18.0,p1,fold,True,2,108.0,114.0,rock
1692,q,k,check,"['check', 'fold']","[('p1', 'check'), ('p2', 'max_raise'), ('p1', 'fold')]",-6.0,876.0,24.0,p2,fold,False,3,114.0,102.0,rock
1693,k,q,check,['check'],"[('p1', 'check'), ('p2', 'check')]",6.0,882.0,12.0,p1,showdown,False,2,114.0,114.0,rock
1694,q,q,check,['check'],"[('p1', 'check'), ('p2', 'check')]",0.0,882.0,0.0,tie,showdown,False,2,114.0,114.0,rock
1695,j,q,min_raise,['min_raise'],"[('p1', 'min_raise'), ('p2', 'fold')]",6.0,888.0,18.0,p1,fold,True,2,108.0,114.0,rock
1696,j,q,min_raise,['min_raise'],"[('p1', 'min_raise'), ('p2', 'fold')]",6.0,894.0,18.0,p1,fold,True,2,108.0,114.0,rock
1697,j,q,min_raise,['min_raise'],"[('p1', 'min_raise'), ('p2', 'fold')]",6.0,900.0,18.0,p1,fold,True,2,108.0,114.0,rock
1698,q,k,check,"['check', 'fold']","[('p1', 'check'), ('p2', 'max_raise'), ('p1', 'fold')]",-6.0,894.0,24.0,p2,fold,False,3,114.0,102.0,rock
1699,q,q,check,['check'],"[('p1', 'check'), ('p2', 'check')]",0.0,894.0,0.0,tie,showdown,False,2,114.0,114.0,rock
1700,k,k,check,"['check', 'call']","[('p1', 'check'), ('p2', 'max_raise'), ('p1', 'call')]",0.0,894.0,0.0,tie,showdown,False,3,114.0,102.0,rock
1701,j,q,min_raise,['min_raise'],"[('p1', 'min_raise'), ('p2', 'fold')]",6.0,900.0,18.0,p1,fold,True,2,108.0,114.0,rock
1702,k,q,check,['check'],"[('p1', 'check'), ('p2', 'check')]",6.0,906.0,12.0,p1,showdown,False,2,114.0,114.0,rock
1703,k,k,check,"['check', 'call']","[('p1', 'check'), ('p2', 'max_raise'), ('p1', 'call')]",0.0,906.0,0.0,tie,showdown,False,3,114.0,102.0,rock
1704,j,q,min_raise,['min_raise'],"[('p1', 'min_raise'), ('p2', 'fold')]",6.0,912.0,18.0,p1,fold,True,2,108.0,114.0,rock
1705,j,k,min_raise,['min_raise'],"[('p1', 'min_raise'), ('p2', 'call')]",-12.0,900.0,24.0,p2,showdown,True,2,108.0,114.0,rock
1706,j,q,min_raise,['min_raise'],"[('p1', 'min_raise'), ('p2', 'fold')]",6.0,906.0,18.0,p1,fold,True,2,108.0,114.0,rock
1707,j,j,min_raise,['min_raise'],"[('p1', 'min_raise'), ('p2', 'fold')]",6.0,912.0,18.0,p1,fold,True,2,108.0,114.0,rock
1708,q,k,check,"['check', 'fold']","[('p1', 'check'), ('p2', 'max_raise'), ('p1', 'fold')]",-6.0,906.0,24.0,p2,fold,False,3,114.0,102.0,rock
1709,j,q,min_raise,['min_raise'],"[('p1', 'min_raise'), ('p2', 'fold')]",6.0,912.0,18.0,p1,fold,True,2,108.0,114.0,rock
1710,q,j,check,['check'],"[('p1', 'check'), ('p2', 'check')]",6.0,918.0,12.0,p1,showdown,False,2,114.0,114.0,rock
1711,k,q,check,['check'],"[('p1', 'check'), ('p2', 'check')]",6.0,924.0,12.0,p1,showdown,False,2,114.0,114.0,rock
1712,q,j,check,['check'],"[('p1', 'check'), ('p2', 'check')]",6.0,930.0,12.0,p1,showdown,False,2,114.0,114.0,rock
1713,k,q,check,['check'],"[('p1', 'check'), ('p2', 'check')]",6.0,936.0,12.0,p1,showdown,False,2,114.0,114.0,rock
1714,j,k,min_raise,['min_raise'],"[('p1', 'min_raise'), ('p2', 'call')]",-12.0,924.0,24.0,p2,showdown,True,2,108.0,114.0,rock
1715,j,j,min_raise,['min_raise'],"[('p1', 'min_raise'), ('p2', 'fold')]",6.0,930.0,18.0,p1,fold,True,2,108.0,114.0,rock
1716,q,q,check,['check'],"[('p1', 'check'), ('p2', 'check')]",0.0,930.0,0.0,tie,showdown,False,2,114.0,114.0,rock
1717,k,j,check,['check'],"[('p1', 'check'), ('p2', 'check')]",6.0,936.0,12.0,p1,showdown,False,2,114.0,114.0,rock
1718,q,q,check,['check'],"[('p1', 'check'), ('p2', 'check')]",0.0,936.0,0.0,tie,showdown,False,2,114.0,114.0,rock
1719,j,q,min_raise,['min_raise'],"[('p1', 'min_raise'), ('p2', 'fold')]",6.0,942.0,18.0,p1,fold,True,2,108.0,114.0,rock
1720,j,j,min_raise,['min_raise'],"[('p1', 'min_raise'), ('p2', 'fold')]",6.0,948.0,18.0,p1,fold,True,2,108.0,114.0,rock
1721,k,j,check,['check'],"[('p1', 'check'), ('p2', 'check')]",6.0,954.0,12.0,p1,showdown,False,2,114.0,114.0,rock
1722,j,j,min_raise,['min_raise'],"[('p1', 'min_raise'), ('p2', 'fold')]",6.0,960.0,18.0,p1,fold,True,2,108.0,114.0,rock
1723,k,j,check,['check'],"[('p1', 'check'), ('p2', 'check')]",6.0,966.0,12.0,p1,showdown,False,2,114.0,114.0,rock
1724,k,k,check,"['check', 'call']","[('p1', 'check'), ('p2', 'max_raise'), ('p1', 'call')]",0.0,966.0,0.0,tie,showdown,False,3,114.0,102.0,rock
1725,j,k,min_raise,['min_raise'],"[('p1', 'min_raise'), ('p2', 'call')]",-12.0,954.0,24.0,p2,showdown,True,2,108.0,114.0,rock
1726,j,k,min_raise,['min_raise'],"[('p1', 'min_raise'), ('p2', 'call')]",-12.0,942.0,24.0,p2,showdown,True,2,108.0,114.0,rock
1727,j,k,min_raise,['min_raise'],"[('p1', 'min_raise'), ('p2', 'call')]",-12.0,930.0,24.0,p2,showdown,True,2,108.0,114.0,rock
1728,q,q,check,['check'],"[('p1', 'check'), ('p2', 'check')]",0.0,930.0,0.0,tie,showdown,False,2,114.0,114.0,rock
1729,k,q,check,['check'],"[('p1', 'check'), ('p2', 'check')]",6.0,936.0,12.0,p1,showdown,False,2,114.0,114.0,rock
1730,q,j,check,['check'],"[('p1', 'check'), ('p2', 'check')]",6.0,942.0,12.0,p1,showdown,False,2,114.0,114.0,rock
1731,j,j,min_raise,['min_raise'],"[('p1', 'min_raise'), ('p2', 'fold')]",6.0,948.0,18.0,p1,fold,True,2,108.0,114.0,rock
1732,q,k,check,"['check', 'fold']","[('p1', 'check'), ('p2', 'max_raise'), ('p1', 'fold')]",-6.0,942.0,24.0,p2,fold,False,3,114.0,102.0,rock
1733,k,k,check,"['check', 'call']","[('p1', 'check'), ('p2', 'max_raise'), ('p1', 'call')]",0.0,942.0,0.0,tie,showdown,False,3,114.0,102.0,rock
1734,j,k,min_raise,['min_raise'],"[('p1', 'min_raise'), ('p2', 'call')]",-12.0,930.0,24.0,p2,showdown,True,2,108.0,114.0,rock
1735,k,k,check,"['check', 'call']","[('p1', 'check'), ('p2', 'max_raise'), ('p1', 'call')]",0.0,930.0,0.0,tie,showdown,False,3,114.0,102.0,rock
1736,q,j,check,['check'],"[('p1', 'check'), ('p2', 'check')]",6.0,936.0,12.0,p1,showdown,False,2,114.0,114.0,rock
1737,q,q,check,['check'],"[('p1', 'check'), ('p2', 'check')]",0.0,936.0,0.0,tie,showdown,False,2,114.0,114.0,rock
1738,k,q,check,['check'],"[('p1', 'check'), ('p2', 'check')]",6.0,942.0,12.0,p1,showdown,False,2,114.0,114.0,rock
1739,q,j,check,['check'],"[('p1', 'check'), ('p2', 'check')]",6.0,948.0,12.0,p1,showdown,False,2,114.0,114.0,rock
1740,j,j,min_raise,['min_raise'],"[('p1', 'min_raise'), ('p2', 'fold')]",6.0,954.0,18.0,p1,fold,True,2,108.0,114.0,rock
1741,q,k,check,"['check', 'fold']","[('p1', 'check'), ('p2', 'max_raise'), ('p1', 'fold')]",-6.0,948.0,24.0,p2,fold,False,3,114.0,102.0,rock
1742,j,q,min_raise,['min_raise'],"[('p1', 'min_raise'), ('p2', 'fold')]",6.0,954.0,18.0,p1,fold,True,2,108.0,114.0,rock
1743,k,j,check,['check'],"[('p1', 'check'), ('p2', 'check')]",6.0,960.0,12.0,p1,showdown,False,2,114.0,114.0,rock
1744,j,j,min_raise,['min_raise'],"[('p1', 'min_raise'), ('p2', 'fold')]",6.0,966.0,18.0,p1,fold,True,2,108.0,114.0,rock
1745,j,q,min_raise,['min_raise'],"[('p1', 'min_raise'), ('p2', 'fold')]",6.0,972.0,18.0,p1,fold,True,2,108.0,114.0,rock
1746,q,j,check,['check'],"[('p1', 'check'), ('p2', 'check')]",6.0,978.0,12.0,p1,showdown,False,2,114.0,114.0,rock
1747,q,k,check,"['check', 'fold']","[('p1', 'check'), ('p2', 'max_raise'), ('p1', 'fold')]",-6.0,972.0,24.0,p2,fold,False,3,114.0,102.0,rock
1748,j,q,min_raise,['min_raise'],"[('p1', 'min_raise'), ('p2', 'fold')]",6.0,978.0,18.0,p1,fold,True,2,108.0,114.0,rock
1749,j,j,min_raise,['min_raise'],"[('p1', 'min_raise'), ('p2', 'fold')]",6.0,984.0,18.0,p1,fold,True,2,108.0,114.0,rock
1750,k,k,check,"['check', 'call']","[('p1', 'check'), ('p2', 'max_raise'), ('p1', 'call')]",0.0,984.0,0.0,tie,showdown,False,3,114.0,102.0,rock
1751,j,k,min_raise,['min_raise'],"[('p1', 'min_raise'), ('p2', 'call')]",-12.0,972.0,24.0,p2,showdown,True,2,108.0,114.0,rock
1752,j,q,min_raise,['min_raise'],"[('p1', 'min_raise'), ('p2', 'fold')]",6.0,978.0,18.0,p1,fold,True,2,108.0,114.0,rock
1753,q,k,check,"['check', 'fold']","[('p1', 'check'), ('p2', 'max_raise'), ('p1', 'fold')]",-6.0,972.0,24.0,p2,fold,False,3,114.0,102.0,rock
1754,k,j,check,['check'],"[('p1', 'check'), ('p2', 'check')]",6.0,978.0,12.0,p1,showdown,False,2,114.0,114.0,rock
1755,k,q,check,['check'],"[('p1', 'check'), ('p2', 'check')]",6.0,984.0,12.0,p1,showdown,False,2,114.0,114.0,rock
1756,q,q,check,['check'],"[('p1', 'check'), ('p2', 'check')]",0.0,984.0,0.0,tie,showdown,False,2,114.0,114.0,rock
1757,q,k,check,"['check', 'fold']","[('p1', 'check'), ('p2', 'max_raise'), ('p1', 'fold')]",-6.0,978.0,24.0,p2,fold,False,3,114.0,102.0,rock
1758,k,j,check,['check'],"[('p1', 'check'), ('p2', 'check')]",6.0,984.0,12.0,p1,showdown,False,2,114.0,114.0,rock
1759,j,k,min_raise,['min_raise'],"[('p1', 'min_raise'), ('p2', 'call')]",-12.0,972.0,24.0,p2,showdown,True,2,108.0,114.0,rock
1760,j,j,min_raise,['min_raise'],"[('p1', 'min_raise'), ('p2', 'fold')]",6.0,978.0,18.0,p1,fold,True,2,108.0,114.0,rock
1761,j,k,min_raise,['min_raise'],"[('p1', 'min_raise'), ('p2', 'call')]",-12.0,966.0,24.0,p2,showdown,True,2,108.0,114.0,rock
1762,j,j,min_raise,['min_raise'],"[('p1', 'min_raise'), ('p2', 'fold')]",6.0,972.0,18.0,p1,fold,True,2,108.0,114.0,rock
1763,q,k,check,"['check', 'fold']","[('p1', 'check'), ('p2', 'max_raise'), ('p1', 'fold')]",-6.0,966.0,24.0,p2,fold,False,3,114.0,102.0,rock
1764,k,j,check,['check'],"[('p1', 'check'), ('p2', 'check')]",6.0,972.0,12.0,p1,showdown,False,2,114.0,114.0,rock
1765,j,j,min_raise,['min_raise'],"[('p1', 'min_raise'), ('p2', 'fold')]",6.0,978.0,18.0,p1,fold,True,2,108.0,114.0,rock
1766,k,k,check,"['check', 'call']","[('p1', 'check'), ('p2', 'max_raise'), ('p1', 'call')]",0.0,978.0,0.0,tie,showdown,False,3,114.0,102.0,rock
1767,k,k,check,"['check', 'call']","[('p1', 'check'), ('p2', 'max_raise'), ('p1', 'call')]",0.0,978.0,0.0,tie,showdown,False,3,114.0,102.0,rock
1768,j,k,min_raise,['min_raise'],"[('p1', 'min_raise'), ('p2', 'call')]",-12.0,966.0,24.0,p2,showdown,True,2,108.0,114.0,rock
1769,k,q,check,['check'],"[('p1', 'check'), ('p2', 'check')]",6.0,972.0,12.0,p1,showdown,False,2,114.0,114.0,rock
1770,k,j,check,['check'],"[('p1', 'check'), ('p2', 'check')]",6.0,978.0,12.0,p1,showdown,False,2,114.0,114.0,rock
1771,k,q,check,['check'],"[('p1', 'check'), ('p2', 'check')]",6.0,984.0,12.0,p1,showdown,False,2,114.0,114.0,rock
1772,j,q,min_raise,['min_raise'],"[('p1', 'min_raise'), ('p2', 'fold')]",6.0,990.0,18.0,p1,fold,True,2,108.0,114.0,rock
1773,j,k,min_raise,['min_raise'],"[('p1', 'min_raise'), ('p2', 'call')]",-12.0,978.0,24.0,p2,showdown,True,2,108.0,114.0,rock
1774,k,k,check,"['check', 'call']","[('p1', 'check'), ('p2', 'max_raise'), ('p1', 'call')]",0.0,978.0,0.0,tie,showdown,False,3,114.0,102.0,rock
1775,k,k,check,"['check', 'call']","[('p1', 'check'), ('p2', 'max_raise'), ('p1', 'call')]",0.0,978.0,0.0,tie,showdown,False,3,114.0,102.0,rock
1776,j,j,min_raise,['min_raise'],"[('p1', 'min_raise'), ('p2', 'fold')]",6.0,984.0,18.0,p1,fold,True,2,108.0,114.0,rock
1777,j,q,min_raise,['min_raise'],"[('p1', 'min_raise'), ('p2', 'fold')]",6.0,990.0,18.0,p1,fold,True,2,108.0,114.0,rock
1778,q,q,check,['check'],"[('p1', 'check'), ('p2', 'check')]",0.0,990.0,0.0,tie,showdown,False,2,114.0,114.0,rock
1779,q,j,check,['check'],"[('p1', 'check'), ('p2', 'check')]",6.0,996.0,12.0,p1,showdown,False,2,114.0,114.0,rock
1780,q,q,check,['check'],"[('p1', 'check'), ('p2', 'check')]",0.0,996.0,0.0,tie,showdown,False,2,114.0,114.0,rock
1781,k,q,check,['check'],"[('p1', 'check'), ('p2', 'check')]",6.0,1002.0,12.0,p1,showdown,False,2,114.0,114.0,rock
1782,j,q,min_raise,['min_raise'],"[('p1', 'min_raise'), ('p2', 'fold')]",6.0,1008.0,18.0,p1,fold,True,2,108.0,114.0,rock
1783,k,k,check,"['check', 'call']","[('p1', 'check'), ('p2', 'max_raise'), ('p1', 'call')]",0.0,1008.0,0.0,tie,showdown,False,3,114.0,102.0,rock
1784,j,j,min_raise,['min_raise'],"[('p1', 'min_raise'), ('p2', 'fold')]",6.0,1014.0,18.0,p1,fold,True,2,108.0,114.0,rock
1785,j,q,min_raise,['min_raise'],"[('p1', 'min_raise'), ('p2', 'fold')]",6.0,1020.0,18.0,p1,fold,True,2,108.0,114.0,rock
1786,j,j,min_raise,['min_raise'],"[('p1', 'min_raise'), ('p2', 'fold')]",6.0,1026.0,18.0,p1,fold,True,2,108.0,114.0,rock
1787,q,k,check,"['check', 'fold']","[('p1', 'check'), ('p2', 'max_raise'), ('p1', 'fold')]",-6.0,1020.0,24.0,p2,fold,False,3,114.0,102.0,rock
1788,k,j,check,['check'],"[('p1', 'check'), ('p2', 'check')]",6.0,1026.0,12.0,p1,showdown,False,2,114.0,114.0,rock
1789,q,k,check,"['check', 'fold']","[('p1', 'check'), ('p2', 'max_raise'), ('p1', 'fold')]",-6.0,1020.0,24.0,p2,fold,False,3,114.0,102.0,rock
1790,q,j,check,['check'],"[('p1', 'check'), ('p2', 'check')]",6.0,1026.0,12.0,p1,showdown,False,2,114.0,114.0,rock
1791,k,q,check,['check'],"[('p1', 'check'), ('p2', 'check')]",6.0,1032.0,12.0,p1,showdown,False,2,114.0,114.0,rock
1792,k,j,check,['check'],"[('p1', 'check'), ('p2', 'check')]",6.0,1038.0,12.0,p1,showdown,False,2,114.0,114.0,rock
1793,j,j,min_raise,['min_raise'],"[('p1', 'min_raise'), ('p2', 'fold')]",6.0,1044.0,18.0,p1,fold,True,2,108.0,114.0,rock
1794,j,k,min_raise,['min_raise'],"[('p1', 'min_raise'), ('p2', 'call')]",-12.0,1032.0,24.0,p2,showdown,True,2,108.0,114.0,rock
1795,j,k,min_raise,['min_raise'],"[('p1', 'min_raise'), ('p2', 'call')]",-12.0,1020.0,24.0,p2,showdown,True,2,108.0,114.0,rock
1796,k,k,check,"['check', 'call']","[('p1', 'check'), ('p2', 'max_raise'), ('p1', 'call')]",0.0,1020.0,0.0,tie,showdown,False,3,114.0,102.0,rock
1797,j,k,min_raise,['min_raise'],"[('p1', 'min_raise'), ('p2', 'call')]",-12.0,1008.0,24.0,p2,showdown,True,2,108.0,114.0,rock
1798,k,q,check,['check'],"[('p1', 'check'), ('p2', 'check')]",6.0,1014.0,12.0,p1,showdown,False,2,114.0,114.0,rock
1799,q,k,check,"['check', 'fold']","[('p1', 'check'), ('p2', 'max_raise'), ('p1', 'fold')]",-6.0,1008.0,24.0,p2,fold,False,3,114.0,102.0,rock
1800,j,j,min_raise,['min_raise'],"[('p1', 'min_raise'), ('p2', 'fold')]",6.0,1014.0,18.0,p1,fold,True,2,108.0,114.0,rock
1801,j,q,min_raise,['min_raise'],"[('p1', 'min_raise'), ('p2', 'fold')]",6.0,1020.0,18.0,p1,fold,True,2,108.0,114.0,rock
1802,k,k,check,"['check', 'call']","[('p1', 'check'), ('p2', 'max_raise'), ('p1', 'call')]",0.0,1020.0,0.0,tie,showdown,False,3,114.0,102.0,rock
1803,k,q,check,['check'],"[('p1', 'check'), ('p2', 'check')]",6.0,1026.0,12.0,p1,showdown,False,2,114.0,114.0,rock
1804,k,q,check,['check'],"[('p1', 'check'), ('p2', 'check')]",6.0,1032.0,12.0,p1,showdown,False,2,114.0,114.0,rock
1805,j,j,min_raise,['min_raise'],"[('p1', 'min_raise'), ('p2', 'fold')]",6.0,1038.0,18.0,p1,fold,True,2,108.0,114.0,rock
1806,q,j,check,['check'],"[('p1', 'check'), ('p2', 'check')]",6.0,1044.0,12.0,p1,showdown,False,2,114.0,114.0,rock
1807,q,j,check,['check'],"[('p1', 'check'), ('p2', 'check')]",6.0,1050.0,12.0,p1,showdown,False,2,114.0,114.0,rock
1808,j,q,min_raise,['min_raise'],"[('p1', 'min_raise'), ('p2', 'fold')]",6.0,1056.0,18.0,p1,fold,True,2,108.0,114.0,rock
1809,k,k,check,"['check', 'call']","[('p1', 'check'), ('p2', 'max_raise'), ('p1', 'call')]",0.0,1056.0,0.0,tie,showdown,False,3,114.0,102.0,rock
1810,k,k,check,"['check', 'call']","[('p1', 'check'), ('p2', 'max_raise'), ('p1', 'call')]",0.0,1056.0,0.0,tie,showdown,False,3,114.0,102.0,rock
1811,k,q,check,['check'],"[('p1', 'check'), ('p2', 'check')]",6.0,1062.0,12.0,p1,showdown,False,2,114.0,114.0,rock
1812,j,q,min_raise,['min_raise'],"[('p1', 'min_raise'), ('p2', 'fold')]",6.0,1068.0,18.0,p1,fold,True,2,108.0,114.0,rock
1813,q,k,check,"['check', 'fold']","[('p1', 'check'), ('p2', 'max_raise'), ('p1', 'fold')]",-6.0,1062.0,24.0,p2,fold,False,3,114.0,102.0,rock
1814,q,j,check,['check'],"[('p1', 'check'), ('p2', 'check')]",6.0,1068.0,12.0,p1,showdown,False,2,114.0,114.0,rock
1815,q,k,check,"['check', 'fold']","[('p1', 'check'), ('p2', 'max_raise'), ('p1', 'fold')]",-6.0,1062.0,24.0,p2,fold,False,3,114.0,102.0,rock
1816,j,k,min_raise,['min_raise'],"[('p1', 'min_raise'), ('p2', 'call')]",-12.0,1050.0,24.0,p2,showdown,True,2,108.0,114.0,rock
1817,j,q,min_raise,['min_raise'],"[('p1', 'min_raise'), ('p2', 'fold')]",6.0,1056.0,18.0,p1,fold,True,2,108.0,114.0,rock
1818,k,q,check,['check'],"[('p1', 'check'), ('p2', 'check')]",6.0,1062.0,12.0,p1,showdown,False,2,114.0,114.0,rock
1819,k,q,check,['check'],"[('p1', 'check'), ('p2', 'check')]",6.0,1068.0,12.0,p1,showdown,False,2,114.0,114.0,rock
1820,k,q,check,['check'],"[('p1', 'check'), ('p2', 'check')]",6.0,1074.0,12.0,p1,showdown,False,2,114.0,114.0,rock
1821,q,j,check,['check'],"[('p1', 'check'), ('p2', 'check')]",6.0,1080.0,12.0,p1,showdown,False,2,114.0,114.0,rock
1822,q,q,check,['check'],"[('p1', 'check'), ('p2', 'check')]",0.0,1080.0,0.0,tie,showdown,False,2,114.0,114.0,rock
1823,k,q,check,['check'],"[('p1', 'check'), ('p2', 'check')]",6.0,1086.0,12.0,p1,showdown,False,2,114.0,114.0,rock
1824,q,q,check,['check'],"[('p1', 'check'), ('p2', 'check')]",0.0,1086.0,0.0,tie,showdown,False,2,114.0,114.0,rock
1825,q,j,check,['check'],"[('p1', 'check'), ('p2', 'check')]",6.0,1092.0,12.0,p1,showdown,False,2,114.0,114.0,rock
1826,j,j,min_raise,['min_raise'],"[('p1', 'min_raise'), ('p2', 'fold')]",6.0,1098.0,18.0,p1,fold,True,2,108.0,114.0,rock
1827,j,q,min_raise,['min_raise'],"[('p1', 'min_raise'), ('p2', 'fold')]",6.0,1104.0,18.0,p1,fold,True,2,108.0,114.0,rock
1828,k,j,check,['check'],"[('p1', 'check'), ('p2', 'check')]",6.0,1110.0,12.0,p1,showdown,False,2,114.0,114.0,rock
1829,k,q,check,['check'],"[('p1', 'check'), ('p2', 'check')]",6.0,1116.0,12.0,p1,showdown,False,2,114.0,114.0,rock
1830,k,k,check,"['check', 'call']","[('p1', 'check'), ('p2', 'max_raise'), ('p1', 'call')]",0.0,1116.0,0.0,tie,showdown,False,3,114.0,102.0,rock
1831,k,j,check,['check'],"[('p1', 'check'), ('p2', 'check')]",6.0,1122.0,12.0,p1,showdown,False,2,114.0,114.0,rock
1832,q,j,check,['check'],"[('p1', 'check'), ('p2', 'check')]",6.0,1128.0,12.0,p1,showdown,False,2,114.0,114.0,rock
1833,k,q,check,['check'],"[('p1', 'check'), ('p2', 'check')]",6.0,1134.0,12.0,p1,showdown,False,2,114.0,114.0,rock
1834,k,j,check,['check'],"[('p1', 'check'), ('p2', 'check')]",6.0,1140.0,12.0,p1,showdown,False,2,114.0,114.0,rock
1835,q,j,check,['check'],"[('p1', 'check'), ('p2', 'check')]",6.0,1146.0,12.0,p1,showdown,False,2,114.0,114.0,rock
1836,q,j,check,['check'],"[('p1', 'check'), ('p2', 'check')]",6.0,1152.0,12.0,p1,showdown,False,2,114.0,114.0,rock
1837,k,q,check,['check'],"[('p1', 'check'), ('p2', 'check')]",6.0,1158.0,12.0,p1,showdown,False,2,114.0,114.0,rock
1838,j,q,min_raise,['min_raise'],"[('p1', 'min_raise'), ('p2', 'fold')]",6.0,1164.0,18.0,p1,fold,True,2,108.0,114.0,rock
1839,k,k,check,"['check', 'call']","[('p1', 'check'), ('p2', 'max_raise'), ('p1', 'call')]",0.0,1164.0,0.0,tie,showdown,False,3,114.0,102.0,rock
1840,j,k,min_raise,['min_raise'],"[('p1', 'min_raise'), ('p2', 'call')]",-12.0,1152.0,24.0,p2,showdown,True,2,108.0,114.0,rock
1841,q,k,check,"['check', 'fold']","[('p1', 'check'), ('p2', 'max_raise'), ('p1', 'fold')]",-6.0,1146.0,24.0,p2,fold,False,3,114.0,102.0,rock
1842,k,q,check,['check'],"[('p1', 'check'), ('p2', 'check')]",6.0,1152.0,12.0,p1,showdown,False,2,114.0,114.0,rock
1843,k,q,check,['check'],"[('p1', 'check'), ('p2', 'check')]",6.0,1158.0,12.0,p1,showdown,False,2,114.0,114.0,rock
1844,k,q,check,['check'],"[('p1', 'check'), ('p2', 'check')]",6.0,1164.0,12.0,p1,showdown,False,2,114.0,114.0,rock
1845,q,j,check,['check'],"[('p1', 'check'), ('p2', 'check')]",6.0,1170.0,12.0,p1,showdown,False,2,114.0,114.0,rock
1846,q,k,check,"['check', 'fold']","[('p1', 'check'), ('p2', 'max_raise'), ('p1', 'fold')]",-6.0,1164.0,24.0,p2,fold,False,3,114.0,102.0,rock
1847,k,k,check,"['check', 'call']","[('p1', 'check'), ('p2', 'max_raise'), ('p1', 'call')]",0.0,1164.0,0.0,tie,showdown,False,3,114.0,102.0,rock
1848,q,q,check,['check'],"[('p1', 'check'), ('p2', 'check')]",0.0,1164.0,0.0,tie,showdown,False,2,114.0,114.0,rock
1849,j,j,min_raise,['min_raise'],"[('p1', 'min_raise'), ('p2', 'fold')]",6.0,1170.0,18.0,p1,fold,True,2,108.0,114.0,rock
1850,j,q,min_raise,['min_raise'],"[('p1', 'min_raise'), ('p2', 'fold')]",6.0,1176.0,18.0,p1,fold,True,2,108.0,114.0,rock
1851,k,q,check,['check'],"[('p1', 'check'), ('p2', 'check')]",6.0,1182.0,12.0,p1,showdown,False,2,114.0,114.0,rock
1852,q,k,check,"['check', 'fold']","[('p1', 'check'), ('p2', 'max_raise'), ('p1', 'fold')]",-6.0,1176.0,24.0,p2,fold,False,3,114.0,102.0,rock
1853,k,q,check,['check'],"[('p1', 'check'), ('p2', 'check')]",6.0,1182.0,12.0,p1,showdown,False,2,114.0,114.0,rock
1854,j,k,min_raise,['min_raise'],"[('p1', 'min_raise'), ('p2', 'call')]",-12.0,1170.0,24.0,p2,showdown,True,2,108.0,114.0,rock
1855,j,q,min_raise,['min_raise'],"[('p1', 'min_raise'), ('p2', 'fold')]",6.0,1176.0,18.0,p1,fold,True,2,108.0,114.0,rock
1856,j,k,min_raise,['min_raise'],"[('p1', 'min_raise'), ('p2', 'call')]",-12.0,1164.0,24.0,p2,showdown,True,2,108.0,114.0,rock
1857,q,j,check,['check'],"[('p1', 'check'), ('p2', 'check')]",6.0,1170.0,12.0,p1,showdown,False,2,114.0,114.0,rock
1858,j,q,min_raise,['min_raise'],"[('p1', 'min_raise'), ('p2', 'fold')]",6.0,1176.0,18.0,p1,fold,True,2,108.0,114.0,rock
1859,j,k,min_raise,['min_raise'],"[('p1', 'min_raise'), ('p2', 'call')]",-12.0,1164.0,24.0,p2,showdown,True,2,108.0,114.0,rock
1860,q,j,check,['check'],"[('p1', 'check'), ('p2', 'check')]",6.0,1170.0,12.0,p1,showdown,False,2,114.0,114.0,rock
1861,j,k,min_raise,['min_raise'],"[('p1', 'min_raise'), ('p2', 'call')]",-12.0,1158.0,24.0,p2,showdown,True,2,108.0,114.0,rock
1862,k,q,check,['check'],"[('p1', 'check'), ('p2', 'check')]",6.0,1164.0,12.0,p1,showdown,False,2,114.0,114.0,rock
1863,k,k,check,"['check', 'call']","[('p1', 'check'), ('p2', 'max_raise'), ('p1', 'call')]",0.0,1164.0,0.0,tie,showdown,False,3,114.0,102.0,rock
1864,q,j,check,['check'],"[('p1', 'check'), ('p2', 'check')]",6.0,1170.0,12.0,p1,showdown,False,2,114.0,114.0,rock
1865,q,q,check,['check'],"[('p1', 'check'), ('p2', 'check')]",0.0,1170.0,0.0,tie,showdown,False,2,114.0,114.0,rock
1866,j,k,min_raise,['min_raise'],"[('p1', 'min_raise'), ('p2', 'call')]",-12.0,1158.0,24.0,p2,showdown,True,2,108.0,114.0,rock
1867,q,q,check,['check'],"[('p1', 'check'), ('p2', 'check')]",0.0,1158.0,0.0,tie,showdown,False,2,114.0,114.0,rock
1868,q,q,check,['check'],"[('p1', 'check'), ('p2', 'check')]",0.0,1158.0,0.0,tie,showdown,False,2,114.0,114.0,rock
1869,q,q,check,['check'],"[('p1', 'check'), ('p2', 'check')]",0.0,1158.0,0.0,tie,showdown,False,2,114.0,114.0,rock
1870,j,k,min_raise,['min_raise'],"[('p1', 'min_raise'), ('p2', 'call')]",-12.0,1146.0,24.0,p2,showdown,True,2,108.0,114.0,rock
1871,q,k,check,"['check', 'fold']","[('p1', 'check'), ('p2', 'max_raise'), ('p1', 'fold')]",-6.0,1140.0,24.0,p2,fold,False,3,114.0,102.0,rock
1872,j,j,min_raise,['min_raise'],"[('p1', 'min_raise'), ('p2', 'fold')]",6.0,1146.0,18.0,p1,fold,True,2,108.0,114.0,rock
1873,k,q,check,['check'],"[('p1', 'check'), ('p2', 'check')]",6.0,1152.0,12.0,p1,showdown,False,2,114.0,114.0,rock
1874,q,k,check,"['check', 'fold']","[('p1', 'check'), ('p2', 'max_raise'), ('p1', 'fold')]",-6.0,1146.0,24.0,p2,fold,False,3,114.0,102.0,rock
1875,j,k,min_raise,['min_raise'],"[('p1', 'min_raise'), ('p2', 'call')]",-12.0,1134.0,24.0,p2,showdown,True,2,108.0,114.0,rock
1876,j,q,min_raise,['min_raise'],"[('p1', 'min_raise'), ('p2', 'fold')]",6.0,1140.0,18.0,p1,fold,True,2,108.0,114.0,rock
1877,k,k,check,"['check', 'call']","[('p1', 'check'), ('p2', 'max_raise'), ('p1', 'call')]",0.0,1140.0,0.0,tie,showdown,False,3,114.0,102.0,rock
1878,q,q,check,['check'],"[('p1', 'check'), ('p2', 'check')]",0.0,1140.0,0.0,tie,showdown,False,2,114.0,114.0,rock
1879,j,k,min_raise,['min_raise'],"[('p1', 'min_raise'), ('p2', 'call')]",-12.0,1128.0,24.0,p2,showdown,True,2,108.0,114.0,rock
1880,q,k,check,"['check', 'fold']","[('p1', 'check'), ('p2', 'max_raise'), ('p1', 'fold')]",-6.0,1122.0,24.0,p2,fold,False,3,114.0,102.0,rock
1881,j,q,min_raise,['min_raise'],"[('p1', 'min_raise'), ('p2', 'fold')]",6.0,1128.0,18.0,p1,fold,True,2,108.0,114.0,rock
1882,q,q,check,['check'],"[('p1', 'check'), ('p2', 'check')]",0.0,1128.0,0.0,tie,showdown,False,2,114.0,114.0,rock
1883,j,k,min_raise,['min_raise'],"[('p1', 'min_raise'), ('p2', 'call')]",-12.0,1116.0,24.0,p2,showdown,True,2,108.0,114.0,rock
1884,q,k,check,"['check', 'fold']","[('p1', 'check'), ('p2', 'max_raise'), ('p1', 'fold')]",-6.0,1110.0,24.0,p2,fold,False,3,114.0,102.0,rock
1885,q,j,check,['check'],"[('p1', 'check'), ('p2', 'check')]",6.0,1116.0,12.0,p1,showdown,False,2,114.0,114.0,rock
1886,k,q,check,['check'],"[('p1', 'check'), ('p2', 'check')]",6.0,1122.0,12.0,p1,showdown,False,2,114.0,114.0,rock
1887,k,j,check,['check'],"[('p1', 'check'), ('p2', 'check')]",6.0,1128.0,12.0,p1,showdown,False,2,114.0,114.0,rock
1888,j,j,min_raise,['min_raise'],"[('p1', 'min_raise'), ('p2', 'fold')]",6.0,1134.0,18.0,p1,fold,True,2,108.0,114.0,rock
1889,k,q,check,['check'],"[('p1', 'check'), ('p2', 'check')]",6.0,1140.0,12.0,p1,showdown,False,2,114.0,114.0,rock
1890,q,k,check,"['check', 'fold']","[('p1', 'check'), ('p2', 'max_raise'), ('p1', 'fold')]",-6.0,1134.0,24.0,p2,fold,False,3,114.0,102.0,rock
1891,q,j,check,['check'],"[('p1', 'check'), ('p2', 'check')]",6.0,1140.0,12.0,p1,showdown,False,2,114.0,114.0,rock
1892,k,j,check,['check'],"[('p1', 'check'), ('p2', 'check')]",6.0,1146.0,12.0,p1,showdown,False,2,114.0,114.0,rock
1893,j,j,min_raise,['min_raise'],"[('p1', 'min_raise'), ('p2', 'fold')]",6.0,1152.0,18.0,p1,fold,True,2,108.0,114.0,rock
1894,j,j,min_raise,['min_raise'],"[('p1', 'min_raise'), ('p2', 'fold')]",6.0,1158.0,18.0,p1,fold,True,2,108.0,114.0,rock
1895,j,q,min_raise,['min_raise'],"[('p1', 'min_raise'), ('p2', 'fold')]",6.0,1164.0,18.0,p1,fold,True,2,108.0,114.0,rock
1896,j,k,min_raise,['min_raise'],"[('p1', 'min_raise'), ('p2', 'call')]",-12.0,1152.0,24.0,p2,showdown,True,2,108.0,114.0,rock
1897,j,j,min_raise,['min_raise'],"[('p1', 'min_raise'), ('p2', 'fold')]",6.0,1158.0,18.0,p1,fold,True,2,108.0,114.0,rock
1898,q,j,check,['check'],"[('p1', 'check'), ('p2', 'check')]",6.0,1164.0,12.0,p1,showdown,False,2,114.0,114.0,rock
1899,q,q,check,['check'],"[('p1', 'check'), ('p2', 'check')]",0.0,1164.0,0.0,tie,showdown,False,2,114.0,114.0,rock
1900,j,k,min_raise,['min_raise'],"[('p1', 'min_raise'), ('p2', 'call')]",-12.0,1152.0,24.0,p2,showdown,True,2,108.0,114.0,rock
1901,j,j,min_raise,['min_raise'],"[('p1', 'min_raise'), ('p2', 'fold')]",6.0,1158.0,18.0,p1,fold,True,2,108.0,114.0,rock
1902,j,q,min_raise,['min_raise'],"[('p1', 'min_raise'), ('p2', 'fold')]",6.0,1164.0,18.0,p1,fold,True,2,108.0,114.0,rock
1903,q,q,check,['check'],"[('p1', 'check'), ('p2', 'check')]",0.0,1164.0,0.0,tie,showdown,False,2,114.0,114.0,rock
1904,k,k,check,"['check', 'call']","[('p1', 'check'), ('p2', 'max_raise'), ('p1', 'call')]",0.0,1164.0,0.0,tie,showdown,False,3,114.0,102.0,rock
1905,j,k,min_raise,['min_raise'],"[('p1', 'min_raise'), ('p2', 'call')]",-12.0,1152.0,24.0,p2,showdown,True,2,108.0,114.0,rock
1906,q,j,check,['check'],"[('p1', 'check'), ('p2', 'check')]",6.0,1158.0,12.0,p1,showdown,False,2,114.0,114.0,rock
1907,q,q,check,['check'],"[('p1', 'check'), ('p2', 'check')]",0.0,1158.0,0.0,tie,showdown,False,2,114.0,114.0,rock
1908,k,q,check,['check'],"[('p1', 'check'), ('p2', 'check')]",6.0,1164.0,12.0,p1,showdown,False,2,114.0,114.0,rock
1909,j,j,min_raise,['min_raise'],"[('p1', 'min_raise'), ('p2', 'fold')]",6.0,1170.0,18.0,p1,fold,True,2,108.0,114.0,rock
1910,q,k,check,"['check', 'fold']","[('p1', 'check'), ('p2', 'max_raise'), ('p1', 'fold')]",-6.0,1164.0,24.0,p2,fold,False,3,114.0,102.0,rock
1911,j,j,min_raise,['min_raise'],"[('p1', 'min_raise'), ('p2', 'fold')]",6.0,1170.0,18.0,p1,fold,True,2,108.0,114.0,rock
1912,k,j,check,['check'],"[('p1', 'check'), ('p2', 'check')]",6.0,1176.0,12.0,p1,showdown,False,2,114.0,114.0,rock
1913,k,k,check,"['check', 'call']","[('p1', 'check'), ('p2', 'max_raise'), ('p1', 'call')]",0.0,1176.0,0.0,tie,showdown,False,3,114.0,102.0,rock
1914,q,q,check,['check'],"[('p1', 'check'), ('p2', 'check')]",0.0,1176.0,0.0,tie,showdown,False,2,114.0,114.0,rock
1915,k,j,check,['check'],"[('p1', 'check'), ('p2', 'check')]",6.0,1182.0,12.0,p1,showdown,False,2,114.0,114.0,rock
1916,j,k,min_raise,['min_raise'],"[('p1', 'min_raise'), ('p2', 'call')]",-12.0,1170.0,24.0,p2,showdown,True,2,108.0,114.0,rock
1917,q,k,check,"['check', 'fold']","[('p1', 'check'), ('p2', 'max_raise'), ('p1', 'fold')]",-6.0,1164.0,24.0,p2,fold,False,3,114.0,102.0,rock
1918,k,k,check,"['check', 'call']","[('p1', 'check'), ('p2', 'max_raise'), ('p1', 'call')]",0.0,1164.0,0.0,tie,showdown,False,3,114.0,102.0,rock
1919,q,k,check,"['check', 'fold']","[('p1', 'check'), ('p2', 'max_raise'), ('p1', 'fold')]",-6.0,1158.0,24.0,p2,fold,False,3,114.0,102.0,rock
1920,k,k,check,"['check', 'call']","[('p1', 'check'), ('p2', 'max_raise'), ('p1', 'call')]",0.0,1158.0,0.0,tie,showdown,False,3,114.0,102.0,rock
1921,q,k,check,"['check', 'fold']","[('p1', 'check'), ('p2', 'max_raise'), ('p1', 'fold')]",-6.0,1152.0,24.0,p2,fold,False,3,114.0,102.0,rock
1922,k,k,check,"['check', 'call']","[('p1', 'check'), ('p2', 'max_raise'), ('p1', 'call')]",0.0,1152.0,0.0,tie,showdown,False,3,114.0,102.0,rock
1923,j,k,min_raise,['min_raise'],"[('p1', 'min_raise'), ('p2', 'call')]",-12.0,1140.0,24.0,p2,showdown,True,2,108.0,114.0,rock
1924,j,j,min_raise,['min_raise'],"[('p1', 'min_raise'), ('p2', 'fold')]",6.0,1146.0,18.0,p1,fold,True,2,108.0,114.0,rock
1925,k,k,check,"['check', 'call']","[('p1', 'check'), ('p2', 'max_raise'), ('p1', 'call')]",0.0,1146.0,0.0,tie,showdown,False,3,114.0,102.0,rock
1926,q,q,check,['check'],"[('p1', 'check'), ('p2', 'check')]",0.0,1146.0,0.0,tie,showdown,False,2,114.0,114.0,rock
1927,q,j,check,['check'],"[('p1', 'check'), ('p2', 'check')]",6.0,1152.0,12.0,p1,showdown,False,2,114.0,114.0,rock
1928,j,k,min_raise,['min_raise'],"[('p1', 'min_raise'), ('p2', 'call')]",-12.0,1140.0,24.0,p2,showdown,True,2,108.0,114.0,rock
1929,q,k,check,"['check', 'fold']","[('p1', 'check'), ('p2', 'max_raise'), ('p1', 'fold')]",-6.0,1134.0,24.0,p2,fold,False,3,114.0,102.0,rock
1930,k,j,check,['check'],"[('p1', 'check'), ('p2', 'check')]",6.0,1140.0,12.0,p1,showdown,False,2,114.0,114.0,rock
1931,k,k,check,"['check', 'call']","[('p1', 'check'), ('p2', 'max_raise'), ('p1', 'call')]",0.0,1140.0,0.0,tie,showdown,False,3,114.0,102.0,rock
1932,j,q,min_raise,['min_raise'],"[('p1', 'min_raise'), ('p2', 'fold')]",6.0,1146.0,18.0,p1,fold,True,2,108.0,114.0,rock
1933,q,k,check,"['check', 'fold']","[('p1', 'check'), ('p2', 'max_raise'), ('p1', 'fold')]",-6.0,1140.0,24.0,p2,fold,False,3,114.0,102.0,rock
1934,j,k,min_raise,['min_raise'],"[('p1', 'min_raise'), ('p2', 'call')]",-12.0,1128.0,24.0,p2,showdown,True,2,108.0,114.0,rock
1935,q,k,check,"['check', 'fold']","[('p1', 'check'), ('p2', 'max_raise'), ('p1', 'fold')]",-6.0,1122.0,24.0,p2,fold,False,3,114.0,102.0,rock
1936,q,k,check,"['check', 'fold']","[('p1', 'check'), ('p2', 'max_raise'), ('p1', 'fold')]",-6.0,1116.0,24.0,p2,fold,False,3,114.0,102.0,rock
1937,k,j,check,['check'],"[('p1', 'check'), ('p2', 'check')]",6.0,1122.0,12.0,p1,showdown,False,2,114.0,114.0,rock
1938,j,q,min_raise,['min_raise'],"[('p1', 'min_raise'), ('p2', 'fold')]",6.0,1128.0,18.0,p1,fold,True,2,108.0,114.0,rock
1939,q,k,check,"['check', 'fold']","[('p1', 'check'), ('p2', 'max_raise'), ('p1', 'fold')]",-6.0,1122.0,24.0,p2,fold,False,3,114.0,102.0,rock
1940,k,j,check,['check'],"[('p1', 'check'), ('p2', 'check')]",6.0,1128.0,12.0,p1,showdown,False,2,114.0,114.0,rock
1941,k,j,check,['check'],"[('p1', 'check'), ('p2', 'check')]",6.0,1134.0,12.0,p1,showdown,False,2,114.0,114.0,rock
1942,q,q,check,['check'],"[('p1', 'check'), ('p2', 'check')]",0.0,1134.0,0.0,tie,showdown,False,2,114.0,114.0,rock
1943,j,k,min_raise,['min_raise'],"[('p1', 'min_raise'), ('p2', 'call')]",-12.0,1122.0,24.0,p2,showdown,True,2,108.0,114.0,rock
1944,j,k,min_raise,['min_raise'],"[('p1', 'min_raise'), ('p2', 'call')]",-12.0,1110.0,24.0,p2,showdown,True,2,108.0,114.0,rock
1945,j,k,min_raise,['min_raise'],"[('p1', 'min_raise'), ('p2', 'call')]",-12.0,1098.0,24.0,p2,showdown,True,2,108.0,114.0,rock
1946,q,j,check,['check'],"[('p1', 'check'), ('p2', 'check')]",6.0,1104.0,12.0,p1,showdown,False,2,114.0,114.0,rock
1947,j,q,min_raise,['min_raise'],"[('p1', 'min_raise'), ('p2', 'fold')]",6.0,1110.0,18.0,p1,fold,True,2,108.0,114.0,rock
1948,k,k,check,"['check', 'call']","[('p1', 'check'), ('p2', 'max_raise'), ('p1', 'call')]",0.0,1110.0,0.0,tie,showdown,False,3,114.0,102.0,rock
1949,q,j,check,['check'],"[('p1', 'check'), ('p2', 'check')]",6.0,1116.0,12.0,p1,showdown,False,2,114.0,114.0,rock
1950,q,q,check,['check'],"[('p1', 'check'), ('p2', 'check')]",0.0,1116.0,0.0,tie,showdown,False,2,114.0,114.0,rock
1951,j,j,min_raise,['min_raise'],"[('p1', 'min_raise'), ('p2', 'fold')]",6.0,1122.0,18.0,p1,fold,True,2,108.0,114.0,rock
1952,j,k,min_raise,['min_raise'],"[('p1', 'min_raise'), ('p2', 'call')]",-12.0,1110.0,24.0,p2,showdown,True,2,108.0,114.0,rock
1953,q,q,check,['check'],"[('p1', 'check'), ('p2', 'check')]",0.0,1110.0,0.0,tie,showdown,False,2,114.0,114.0,rock
1954,q,k,check,"['check', 'fold']","[('p1', 'check'), ('p2', 'max_raise'), ('p1', 'fold')]",-6.0,1104.0,24.0,p2,fold,False,3,114.0,102.0,rock
1955,q,j,check,['check'],"[('p1', 'check'), ('p2', 'check')]",6.0,1110.0,12.0,p1,showdown,False,2,114.0,114.0,rock
1956,k,j,check,['check'],"[('p1', 'check'), ('p2', 'check')]",6.0,1116.0,12.0,p1,showdown,False,2,114.0,114.0,rock
1957,q,k,check,"['check', 'fold']","[('p1', 'check'), ('p2', 'max_raise'), ('p1', 'fold')]",-6.0,1110.0,24.0,p2,fold,False,3,114.0,102.0,rock
1958,k,j,check,['check'],"[('p1', 'check'), ('p2', 'check')]",6.0,1116.0,12.0,p1,showdown,False,2,114.0,114.0,rock
1959,q,q,check,['check'],"[('p1', 'check'), ('p2', 'check')]",0.0,1116.0,0.0,tie,showdown,False,2,114.0,114.0,rock
1960,k,q,check,['check'],"[('p1', 'check'), ('p2', 'check')]",6.0,1122.0,12.0,p1,showdown,False,2,114.0,114.0,rock
1961,q,j,check,['check'],"[('p1', 'check'), ('p2', 'check')]",6.0,1128.0,12.0,p1,showdown,False,2,114.0,114.0,rock
1962,k,j,check,['check'],"[('p1', 'check'), ('p2', 'check')]",6.0,1134.0,12.0,p1,showdown,False,2,114.0,114.0,rock
1963,j,j,min_raise,['min_raise'],"[('p1', 'min_raise'), ('p2', 'fold')]",6.0,1140.0,18.0,p1,fold,True,2,108.0,114.0,rock
1964,q,j,check,['check'],"[('p1', 'check'), ('p2', 'check')]",6.0,1146.0,12.0,p1,showdown,False,2,114.0,114.0,rock
1965,j,j,min_raise,['min_raise'],"[('p1', 'min_raise'), ('p2', 'fold')]",6.0,1152.0,18.0,p1,fold,True,2,108.0,114.0,rock
1966,q,q,check,['check'],"[('p1', 'check'), ('p2', 'check')]",0.0,1152.0,0.0,tie,showdown,False,2,114.0,114.0,rock
1967,j,q,min_raise,['min_raise'],"[('p1', 'min_raise'), ('p2', 'fold')]",6.0,1158.0,18.0,p1,fold,True,2,108.0,114.0,rock
1968,j,j,min_raise,['min_raise'],"[('p1', 'min_raise'), ('p2', 'fold')]",6.0,1164.0,18.0,p1,fold,True,2,108.0,114.0,rock
1969,j,j,min_raise,['min_raise'],"[('p1', 'min_raise'), ('p2', 'fold')]",6.0,1170.0,18.0,p1,fold,True,2,108.0,114.0,rock
1970,k,q,check,['check'],"[('p1', 'check'), ('p2', 'check')]",6.0,1176.0,12.0,p1,showdown,False,2,114.0,114.0,rock
1971,j,k,min_raise,['min_raise'],"[('p1', 'min_raise'), ('p2', 'call')]",-12.0,1164.0,24.0,p2,showdown,True,2,108.0,114.0,rock
1972,k,j,check,['check'],"[('p1', 'check'), ('p2', 'check')]",6.0,1170.0,12.0,p1,showdown,False,2,114.0,114.0,rock
1973,j,q,min_raise,['min_raise'],"[('p1', 'min_raise'), ('p2', 'fold')]",6.0,1176.0,18.0,p1,fold,True,2,108.0,114.0,rock
1974,k,q,check,['check'],"[('p1', 'check'), ('p2', 'check')]",6.0,1182.0,12.0,p1,showdown,False,2,114.0,114.0,rock
1975,q,k,check,"['check', 'fold']","[('p1', 'check'), ('p2', 'max_raise'), ('p1', 'fold')]",-6.0,1176.0,24.0,p2,fold,False,3,114.0,102.0,rock
1976,q,k,check,"['check', 'fold']","[('p1', 'check'), ('p2', 'max_raise'), ('p1', 'fold')]",-6.0,1170.0,24.0,p2,fold,False,3,114.0,102.0,rock
1977,j,j,min_raise,['min_raise'],"[('p1', 'min_raise'), ('p2', 'fold')]",6.0,1176.0,18.0,p1,fold,True,2,108.0,114.0,rock
1978,j,j,min_raise,['min_raise'],"[('p1', 'min_raise'), ('p2', 'fold')]",6.0,1182.0,18.0,p1,fold,True,2,108.0,114.0,rock
1979,j,j,min_raise,['min_raise'],"[('p1', 'min_raise'), ('p2', 'fold')]",6.0,1188.0,18.0,p1,fold,True,2,108.0,114.0,rock
1980,j,k,min_raise,['min_raise'],"[('p1', 'min_raise'), ('p2', 'call')]",-12.0,1176.0,24.0,p2,showdown,True,2,108.0,114.0,rock
1981,q,q,check,['check'],"[('p1', 'check'), ('p2', 'check')]",0.0,1176.0,0.0,tie,showdown,False,2,114.0,114.0,rock
1982,q,k,check,"['check', 'fold']","[('p1', 'check'), ('p2', 'max_raise'), ('p1', 'fold')]",-6.0,1170.0,24.0,p2,fold,False,3,114.0,102.0,rock
1983,q,q,check,['check'],"[('p1', 'check'), ('p2', 'check')]",0.0,1170.0,0.0,tie,showdown,False,2,114.0,114.0,rock
1984,k,k,check,"['check', 'call']","[('p1', 'check'), ('p2', 'max_raise'), ('p1', 'call')]",0.0,1170.0,0.0,tie,showdown,False,3,114.0,102.0,rock
1985,j,q,min_raise,['min_raise'],"[('p1', 'min_raise'), ('p2', 'fold')]",6.0,1176.0,18.0,p1,fold,True,2,108.0,114.0,rock
1986,q,k,check,"['check', 'fold']","[('p1', 'check'), ('p2', 'max_raise'), ('p1', 'fold')]",-6.0,1170.0,24.0,p2,fold,False,3,114.0,102.0,rock
1987,j,k,min_raise,['min_raise'],"[('p1', 'min_raise'), ('p2', 'call')]",-12.0,1158.0,24.0,p2,showdown,True,2,108.0,114.0,rock
1988,j,q,min_raise,['min_raise'],"[('p1', 'min_raise'), ('p2', 'fold')]",6.0,1164.0,18.0,p1,fold,True,2,108.0,114.0,rock
1989,k,j,check,['check'],"[('p1', 'check'), ('p2', 'check')]",6.0,1170.0,12.0,p1,showdown,False,2,114.0,114.0,rock
1990,k,j,check,['check'],"[('p1', 'check'), ('p2', 'check')]",6.0,1176.0,12.0,p1,showdown,False,2,114.0,114.0,rock
1991,k,k,check,"['check', 'call']","[('p1', 'check'), ('p2', 'max_raise'), ('p1', 'call')]",0.0,1176.0,0.0,tie,showdown,False,3,114.0,102.0,rock
1992,j,k,min_raise,['min_raise'],"[('p1', 'min_raise'), ('p2', 'call')]",-12.0,1164.0,24.0,p2,showdown,True,2,108.0,114.0,rock
1993,j,q,min_raise,['min_raise'],"[('p1', 'min_raise'), ('p2', 'fold')]",6.0,1170.0,18.0,p1,fold,True,2,108.0,114.0,rock
1994,j,q,min_raise,['min_raise'],"[('p1', 'min_raise'), ('p2', 'fold')]",6.0,1176.0,18.0,p1,fold,True,2,108.0,114.0,rock
1995,k,q,check,['check'],"[('p1', 'check'), ('p2', 'check')]",6.0,1182.0,12.0,p1,showdown,False,2,114.0,114.0,rock
1996,k,q,check,['check'],"[('p1', 'check'), ('p2', 'check')]",6.0,1188.0,12.0,p1,showdown,False,2,114.0,114.0,rock
1997,q,k,check,"['check', 'fold']","[('p1', 'check'), ('p2', 'max_raise'), ('p1', 'fold')]",-6.0,1182.0,24.0,p2,fold,False,3,114.0,102.0,rock
1998,k,q,check,['check'],"[('p1', 'check'), ('p2', 'check')]",6.0,1188.0,12.0,p1,showdown,False,2,114.0,114.0,rock
1999,k,j,check,['check'],"[('p1', 'check'), ('p2', 'check')]",6.0,1194.0,12.0,p1,showdown,False,2,114.0,114.0,rock
2000,q,j,check,['check'],"[('p1', 'check'), ('p2', 'check')]",6.0,1200.0,12.0,p1,showdown,False,2,114.0,114.0,rock
2001,q,q,check,['check'],"[('p1', 'check'), ('p2', 'check')]",0.0,1200.0,0.0,tie,showdown,False,2,114.0,114.0,rock
2002,k,q,check,['check'],"[('p1', 'check'), ('p2', 'check')]",6.0,1206.0,12.0,p1,showdown,False,2,114.0,114.0,rock
2003,q,q,check,['check'],"[('p1', 'check'), ('p2', 'check')]",0.0,1206.0,0.0,tie,showdown,False,2,114.0,114.0,rock
2004,j,k,min_raise,['min_raise'],"[('p1', 'min_raise'), ('p2', 'call')]",-12.0,1194.0,24.0,p2,showdown,True,2,108.0,114.0,rock
2005,k,q,check,['check'],"[('p1', 'check'), ('p2', 'check')]",6.0,1200.0,12.0,p1,showdown,False,2,114.0,114.0,rock
2006,j,q,min_raise,['min_raise'],"[('p1', 'min_raise'), ('p2', 'fold')]",6.0,1206.0,18.0,p1,fold,True,2,108.0,114.0,rock
2007,j,q,min_raise,['min_raise'],"[('p1', 'min_raise'), ('p2', 'fold')]",6.0,1212.0,18.0,p1,fold,True,2,108.0,114.0,rock
2008,j,q,min_raise,['min_raise'],"[('p1', 'min_raise'), ('p2', 'fold')]",6.0,1218.0,18.0,p1,fold,True,2,108.0,114.0,rock
2009,q,q,check,['check'],"[('p1', 'check'), ('p2', 'check')]",0.0,1218.0,0.0,tie,showdown,False,2,114.0,114.0,rock
2010,j,q,min_raise,['min_raise'],"[('p1', 'min_raise'), ('p2', 'fold')]",6.0,1224.0,18.0,p1,fold,True,2,108.0,114.0,rock
2011,k,k,check,"['check', 'call']","[('p1', 'check'), ('p2', 'max_raise'), ('p1', 'call')]",0.0,1224.0,0.0,tie,showdown,False,3,114.0,102.0,rock
2012,k,q,check,['check'],"[('p1', 'check'), ('p2', 'check')]",6.0,1230.0,12.0,p1,showdown,False,2,114.0,114.0,rock
2013,k,q,check,['check'],"[('p1', 'check'), ('p2', 'check')]",6.0,1236.0,12.0,p1,showdown,False,2,114.0,114.0,rock
2014,j,k,min_raise,['min_raise'],"[('p1', 'min_raise'), ('p2', 'call')]",-12.0,1224.0,24.0,p2,showdown,True,2,108.0,114.0,rock
2015,q,j,check,['check'],"[('p1', 'check'), ('p2', 'check')]",6.0,1230.0,12.0,p1,showdown,False,2,114.0,114.0,rock
2016,j,q,min_raise,['min_raise'],"[('p1', 'min_raise'), ('p2', 'fold')]",6.0,1236.0,18.0,p1,fold,True,2,108.0,114.0,rock
2017,k,k,check,"['check', 'call']","[('p1', 'check'), ('p2', 'max_raise'), ('p1', 'call')]",0.0,1236.0,0.0,tie,showdown,False,3,114.0,102.0,rock
2018,q,k,check,"['check', 'fold']","[('p1', 'check'), ('p2', 'max_raise'), ('p1', 'fold')]",-6.0,1230.0,24.0,p2,fold,False,3,114.0,102.0,rock
2019,q,j,check,['check'],"[('p1', 'check'), ('p2', 'check')]",6.0,1236.0,12.0,p1,showdown,False,2,114.0,114.0,rock
2020,j,j,min_raise,['min_raise'],"[('p1', 'min_raise'), ('p2', 'fold')]",6.0,1242.0,18.0,p1,fold,True,2,108.0,114.0,rock
2021,q,k,check,"['check', 'fold']","[('p1', 'check'), ('p2', 'max_raise'), ('p1', 'fold')]",-6.0,1236.0,24.0,p2,fold,False,3,114.0,102.0,rock
2022,k,q,check,['check'],"[('p1', 'check'), ('p2', 'check')]",6.0,1242.0,12.0,p1,showdown,False,2,114.0,114.0,rock
2023,j,q,min_raise,['min_raise'],"[('p1', 'min_raise'), ('p2', 'fold')]",6.0,1248.0,18.0,p1,fold,True,2,108.0,114.0,rock
2024,q,q,check,['check'],"[('p1', 'check'), ('p2', 'check')]",0.0,1248.0,0.0,tie,showdown,False,2,114.0,114.0,rock
2025,j,k,min_raise,['min_raise'],"[('p1', 'min_raise'), ('p2', 'call')]",-12.0,1236.0,24.0,p2,showdown,True,2,108.0,114.0,rock
2026,k,k,check,"['check', 'call']","[('p1', 'check'), ('p2', 'max_raise'), ('p1', 'call')]",0.0,1236.0,0.0,tie,showdown,False,3,114.0,102.0,rock
2027,q,k,check,"['check', 'fold']","[('p1', 'check'), ('p2', 'max_raise'), ('p1', 'fold')]",-6.0,1230.0,24.0,p2,fold,False,3,114.0,102.0,rock
2028,k,k,check,"['check', 'call']","[('p1', 'check'), ('p2', 'max_raise'), ('p1', 'call')]",0.0,1230.0,0.0,tie,showdown,False,3,114.0,102.0,rock
2029,q,q,check,['check'],"[('p1', 'check'), ('p2', 'check')]",0.0,1230.0,0.0,tie,showdown,False,2,114.0,114.0,rock
2030,k,q,check,['check'],"[('p1', 'check'), ('p2', 'check')]",6.0,1236.0,12.0,p1,showdown,False,2,114.0,114.0,rock
2031,k,j,check,['check'],"[('p1', 'check'), ('p2', 'check')]",6.0,1242.0,12.0,p1,showdown,False,2,114.0,114.0,rock
2032,q,j,check,['check'],"[('p1', 'check'), ('p2', 'check')]",6.0,1248.0,12.0,p1,showdown,False,2,114.0,114.0,rock
2033,q,j,check,['check'],"[('p1', 'check'), ('p2', 'check')]",6.0,1254.0,12.0,p1,showdown,False,2,114.0,114.0,rock
2034,q,k,check,"['check', 'fold']","[('p1', 'check'), ('p2', 'max_raise'), ('p1', 'fold')]",-6.0,1248.0,24.0,p2,fold,False,3,114.0,102.0,rock
2035,k,j,check,['check'],"[('p1', 'check'), ('p2', 'check')]",6.0,1254.0,12.0,p1,showdown,False,2,114.0,114.0,rock
2036,k,k,check,"['check', 'call']","[('p1', 'check'), ('p2', 'max_raise'), ('p1', 'call')]",0.0,1254.0,0.0,tie,showdown,False,3,114.0,102.0,rock
2037,q,k,check,"['check', 'fold']","[('p1', 'check'), ('p2', 'max_raise'), ('p1', 'fold')]",-6.0,1248.0,24.0,p2,fold,False,3,114.0,102.0,rock
2038,q,q,check,['check'],"[('p1', 'check'), ('p2', 'check')]",0.0,1248.0,0.0,tie,showdown,False,2,114.0,114.0,rock
2039,j,q,min_raise,['min_raise'],"[('p1', 'min_raise'), ('p2', 'fold')]",6.0,1254.0,18.0,p1,fold,True,2,108.0,114.0,rock
2040,q,k,check,"['check', 'fold']","[('p1', 'check'), ('p2', 'max_raise'), ('p1', 'fold')]",-6.0,1248.0,24.0,p2,fold,False,3,114.0,102.0,rock
2041,j,k,min_raise,['min_raise'],"[('p1', 'min_raise'), ('p2', 'call')]",-12.0,1236.0,24.0,p2,showdown,True,2,108.0,114.0,rock
2042,k,j,check,['check'],"[('p1', 'check'), ('p2', 'check')]",6.0,1242.0,12.0,p1,showdown,False,2,114.0,114.0,rock
2043,j,j,min_raise,['min_raise'],"[('p1', 'min_raise'), ('p2', 'fold')]",6.0,1248.0,18.0,p1,fold,True,2,108.0,114.0,rock
2044,k,k,check,"['check', 'call']","[('p1', 'check'), ('p2', 'max_raise'), ('p1', 'call')]",0.0,1248.0,0.0,tie,showdown,False,3,114.0,102.0,rock
2045,k,q,check,['check'],"[('p1', 'check'), ('p2', 'check')]",6.0,1254.0,12.0,p1,showdown,False,2,114.0,114.0,rock
2046,j,k,min_raise,['min_raise'],"[('p1', 'min_raise'), ('p2', 'call')]",-12.0,1242.0,24.0,p2,showdown,True,2,108.0,114.0,rock
2047,j,q,min_raise,['min_raise'],"[('p1', 'min_raise'), ('p2', 'fold')]",6.0,1248.0,18.0,p1,fold,True,2,108.0,114.0,rock
2048,q,j,check,['check'],"[('p1', 'check'), ('p2', 'check')]",6.0,1254.0,12.0,p1,showdown,False,2,114.0,114.0,rock
2049,q,k,check,"['check', 'fold']","[('p1', 'check'), ('p2', 'max_raise'), ('p1', 'fold')]",-6.0,1248.0,24.0,p2,fold,False,3,114.0,102.0,rock
2050,q,q,check,['check'],"[('p1', 'check'), ('p2', 'check')]",0.0,1248.0,0.0,tie,showdown,False,2,114.0,114.0,rock
2051,q,j,check,['check'],"[('p1', 'check'), ('p2', 'check')]",6.0,1254.0,12.0,p1,showdown,False,2,114.0,114.0,rock
2052,k,q,check,['check'],"[('p1', 'check'), ('p2', 'check')]",6.0,1260.0,12.0,p1,showdown,False,2,114.0,114.0,rock
2053,j,k,min_raise,['min_raise'],"[('p1', 'min_raise'), ('p2', 'call')]",-12.0,1248.0,24.0,p2,showdown,True,2,108.0,114.0,rock
2054,q,j,check,['check'],"[('p1', 'check'), ('p2', 'check')]",6.0,1254.0,12.0,p1,showdown,False,2,114.0,114.0,rock
2055,j,q,min_raise,['min_raise'],"[('p1', 'min_raise'), ('p2', 'fold')]",6.0,1260.0,18.0,p1,fold,True,2,108.0,114.0,rock
2056,q,k,check,"['check', 'fold']","[('p1', 'check'), ('p2', 'max_raise'), ('p1', 'fold')]",-6.0,1254.0,24.0,p2,fold,False,3,114.0,102.0,rock
2057,j,q,min_raise,['min_raise'],"[('p1', 'min_raise'), ('p2', 'fold')]",6.0,1260.0,18.0,p1,fold,True,2,108.0,114.0,rock
2058,j,j,min_raise,['min_raise'],"[('p1', 'min_raise'), ('p2', 'fold')]",6.0,1266.0,18.0,p1,fold,True,2,108.0,114.0,rock
2059,q,q,check,['check'],"[('p1', 'check'), ('p2', 'check')]",0.0,1266.0,0.0,tie,showdown,False,2,114.0,114.0,rock
2060,k,q,check,['check'],"[('p1', 'check'), ('p2', 'check')]",6.0,1272.0,12.0,p1,showdown,False,2,114.0,114.0,rock
2061,j,q,min_raise,['min_raise'],"[('p1', 'min_raise'), ('p2', 'fold')]",6.0,1278.0,18.0,p1,fold,True,2,108.0,114.0,rock
2062,j,j,min_raise,['min_raise'],"[('p1', 'min_raise'), ('p2', 'fold')]",6.0,1284.0,18.0,p1,fold,True,2,108.0,114.0,rock
2063,q,j,check,['check'],"[('p1', 'check'), ('p2', 'check')]",6.0,1290.0,12.0,p1,showdown,False,2,114.0,114.0,rock
2064,j,q,min_raise,['min_raise'],"[('p1', 'min_raise'), ('p2', 'fold')]",6.0,1296.0,18.0,p1,fold,True,2,108.0,114.0,rock
2065,q,j,check,['check'],"[('p1', 'check'), ('p2', 'check')]",6.0,1302.0,12.0,p1,showdown,False,2,114.0,114.0,rock
2066,q,q,check,['check'],"[('p1', 'check'), ('p2', 'check')]",0.0,1302.0,0.0,tie,showdown,False,2,114.0,114.0,rock
2067,q,j,check,['check'],"[('p1', 'check'), ('p2', 'check')]",6.0,1308.0,12.0,p1,showdown,False,2,114.0,114.0,rock
2068,q,q,check,['check'],"[('p1', 'check'), ('p2', 'check')]",0.0,1308.0,0.0,tie,showdown,False,2,114.0,114.0,rock
2069,k,k,check,"['check', 'call']","[('p1', 'check'), ('p2', 'max_raise'), ('p1', 'call')]",0.0,1308.0,0.0,tie,showdown,False,3,114.0,102.0,rock
2070,q,j,check,['check'],"[('p1', 'check'), ('p2', 'check')]",6.0,1314.0,12.0,p1,showdown,False,2,114.0,114.0,rock
2071,j,j,min_raise,['min_raise'],"[('p1', 'min_raise'), ('p2', 'fold')]",6.0,1320.0,18.0,p1,fold,True,2,108.0,114.0,rock
2072,k,q,check,['check'],"[('p1', 'check'), ('p2', 'check')]",6.0,1326.0,12.0,p1,showdown,False,2,114.0,114.0,rock
2073,j,k,min_raise,['min_raise'],"[('p1', 'min_raise'), ('p2', 'call')]",-12.0,1314.0,24.0,p2,showdown,True,2,108.0,114.0,rock
2074,k,k,check,"['check', 'call']","[('p1', 'check'), ('p2', 'max_raise'), ('p1', 'call')]",0.0,1314.0,0.0,tie,showdown,False,3,114.0,102.0,rock
2075,q,j,check,['check'],"[('p1', 'check'), ('p2', 'check')]",6.0,1320.0,12.0,p1,showdown,False,2,114.0,114.0,rock
2076,j,k,min_raise,['min_raise'],"[('p1', 'min_raise'), ('p2', 'call')]",-12.0,1308.0,24.0,p2,showdown,True,2,108.0,114.0,rock
2077,j,k,min_raise,['min_raise'],"[('p1', 'min_raise'), ('p2', 'call')]",-12.0,1296.0,24.0,p2,showdown,True,2,108.0,114.0,rock
2078,j,j,min_raise,['min_raise'],"[('p1', 'min_raise'), ('p2', 'fold')]",6.0,1302.0,18.0,p1,fold,True,2,108.0,114.0,rock
2079,k,q,check,['check'],"[('p1', 'check'), ('p2', 'check')]",6.0,1308.0,12.0,p1,showdown,False,2,114.0,114.0,rock
2080,j,j,min_raise,['min_raise'],"[('p1', 'min_raise'), ('p2', 'fold')]",6.0,1314.0,18.0,p1,fold,True,2,108.0,114.0,rock
2081,j,q,min_raise,['min_raise'],"[('p1', 'min_raise'), ('p2', 'fold')]",6.0,1320.0,18.0,p1,fold,True,2,108.0,114.0,rock
2082,j,q,min_raise,['min_raise'],"[('p1', 'min_raise'), ('p2', 'fold')]",6.0,1326.0,18.0,p1,fold,True,2,108.0,114.0,rock
2083,k,q,check,['check'],"[('p1', 'check'), ('p2', 'check')]",6.0,1332.0,12.0,p1,showdown,False,2,114.0,114.0,rock
2084,j,q,min_raise,['min_raise'],"[('p1', 'min_raise'), ('p2', 'fold')]",6.0,1338.0,18.0,p1,fold,True,2,108.0,114.0,rock
2085,k,k,check,"['check', 'call']","[('p1', 'check'), ('p2', 'max_raise'), ('p1', 'call')]",0.0,1338.0,0.0,tie,showdown,False,3,114.0,102.0,rock
2086,j,q,min_raise,['min_raise'],"[('p1', 'min_raise'), ('p2', 'fold')]",6.0,1344.0,18.0,p1,fold,True,2,108.0,114.0,rock
2087,k,q,check,['check'],"[('p1', 'check'), ('p2', 'check')]",6.0,1350.0,12.0,p1,showdown,False,2,114.0,114.0,rock
2088,q,q,check,['check'],"[('p1', 'check'), ('p2', 'check')]",0.0,1350.0,0.0,tie,showdown,False,2,114.0,114.0,rock
2089,j,q,min_raise,['min_raise'],"[('p1', 'min_raise'), ('p2', 'fold')]",6.0,1356.0,18.0,p1,fold,True,2,108.0,114.0,rock
2090,q,j,check,['check'],"[('p1', 'check'), ('p2', 'check')]",6.0,1362.0,12.0,p1,showdown,False,2,114.0,114.0,rock
2091,j,q,min_raise,['min_raise'],"[('p1', 'min_raise'), ('p2', 'fold')]",6.0,1368.0,18.0,p1,fold,True,2,108.0,114.0,rock
2092,k,q,check,['check'],"[('p1', 'check'), ('p2', 'check')]",6.0,1374.0,12.0,p1,showdown,False,2,114.0,114.0,rock
2093,j,k,min_raise,['min_raise'],"[('p1', 'min_raise'), ('p2', 'call')]",-12.0,1362.0,24.0,p2,showdown,True,2,108.0,114.0,rock
2094,j,q,min_raise,['min_raise'],"[('p1', 'min_raise'), ('p2', 'fold')]",6.0,1368.0,18.0,p1,fold,True,2,108.0,114.0,rock
2095,k,q,check,['check'],"[('p1', 'check'), ('p2', 'check')]",6.0,1374.0,12.0,p1,showdown,False,2,114.0,114.0,rock
2096,q,j,check,['check'],"[('p1', 'check'), ('p2', 'check')]",6.0,1380.0,12.0,p1,showdown,False,2,114.0,114.0,rock
2097,k,j,check,['check'],"[('p1', 'check'), ('p2', 'check')]",6.0,1386.0,12.0,p1,showdown,False,2,114.0,114.0,rock
2098,k,j,check,['check'],"[('p1', 'check'), ('p2', 'check')]",6.0,1392.0,12.0,p1,showdown,False,2,114.0,114.0,rock
2099,q,q,check,['check'],"[('p1', 'check'), ('p2', 'check')]",0.0,1392.0,0.0,tie,showdown,False,2,114.0,114.0,rock
2100,q,q,check,['check'],"[('p1', 'check'), ('p2', 'check')]",0.0,1392.0,0.0,tie,showdown,False,2,114.0,114.0,rock
2101,q,q,check,['check'],"[('p1', 'check'), ('p2', 'check')]",0.0,1392.0,0.0,tie,showdown,False,2,114.0,114.0,rock
2102,j,j,min_raise,['min_raise'],"[('p1', 'min_raise'), ('p2', 'fold')]",6.0,1398.0,18.0,p1,fold,True,2,108.0,114.0,rock
2103,k,q,check,['check'],"[('p1', 'check'), ('p2', 'check')]",6.0,1404.0,12.0,p1,showdown,False,2,114.0,114.0,rock
2104,j,j,min_raise,['min_raise'],"[('p1', 'min_raise'), ('p2', 'fold')]",6.0,1410.0,18.0,p1,fold,True,2,108.0,114.0,rock
2105,q,j,check,['check'],"[('p1', 'check'), ('p2', 'check')]",6.0,1416.0,12.0,p1,showdown,False,2,114.0,114.0,rock
2106,j,k,min_raise,['min_raise'],"[('p1', 'min_raise'), ('p2', 'call')]",-12.0,1404.0,24.0,p2,showdown,True,2,108.0,114.0,rock
2107,q,j,check,['check'],"[('p1', 'check'), ('p2', 'check')]",6.0,1410.0,12.0,p1,showdown,False,2,114.0,114.0,rock
2108,q,j,check,['check'],"[('p1', 'check'), ('p2', 'check')]",6.0,1416.0,12.0,p1,showdown,False,2,114.0,114.0,rock
2109,k,q,check,['check'],"[('p1', 'check'), ('p2', 'check')]",6.0,1422.0,12.0,p1,showdown,False,2,114.0,114.0,rock
2110,k,k,check,"['check', 'call']","[('p1', 'check'), ('p2', 'max_raise'), ('p1', 'call')]",0.0,1422.0,0.0,tie,showdown,False,3,114.0,102.0,rock
2111,q,j,check,['check'],"[('p1', 'check'), ('p2', 'check')]",6.0,1428.0,12.0,p1,showdown,False,2,114.0,114.0,rock
2112,j,q,min_raise,['min_raise'],"[('p1', 'min_raise'), ('p2', 'fold')]",6.0,1434.0,18.0,p1,fold,True,2,108.0,114.0,rock
2113,j,k,min_raise,['min_raise'],"[('p1', 'min_raise'), ('p2', 'call')]",-12.0,1422.0,24.0,p2,showdown,True,2,108.0,114.0,rock
2114,k,k,check,"['check', 'call']","[('p1', 'check'), ('p2', 'max_raise'), ('p1', 'call')]",0.0,1422.0,0.0,tie,showdown,False,3,114.0,102.0,rock
2115,q,k,check,"['check', 'fold']","[('p1', 'check'), ('p2', 'max_raise'), ('p1', 'fold')]",-6.0,1416.0,24.0,p2,fold,False,3,114.0,102.0,rock
2116,j,j,min_raise,['min_raise'],"[('p1', 'min_raise'), ('p2', 'fold')]",6.0,1422.0,18.0,p1,fold,True,2,108.0,114.0,rock
2117,j,q,min_raise,['min_raise'],"[('p1', 'min_raise'), ('p2', 'fold')]",6.0,1428.0,18.0,p1,fold,True,2,108.0,114.0,rock
2118,k,q,check,['check'],"[('p1', 'check'), ('p2', 'check')]",6.0,1434.0,12.0,p1,showdown,False,2,114.0,114.0,rock
2119,q,k,check,"['check', 'fold']","[('p1', 'check'), ('p2', 'max_raise'), ('p1', 'fold')]",-6.0,1428.0,24.0,p2,fold,False,3,114.0,102.0,rock
2120,q,k,check,"['check', 'fold']","[('p1', 'check'), ('p2', 'max_raise'), ('p1', 'fold')]",-6.0,1422.0,24.0,p2,fold,False,3,114.0,102.0,rock
2121,q,k,check,"['check', 'fold']","[('p1', 'check'), ('p2', 'max_raise'), ('p1', 'fold')]",-6.0,1416.0,24.0,p2,fold,False,3,114.0,102.0,rock
2122,j,k,min_raise,['min_raise'],"[('p1', 'min_raise'), ('p2', 'call')]",-12.0,1404.0,24.0,p2,showdown,True,2,108.0,114.0,rock
2123,j,q,min_raise,['min_raise'],"[('p1', 'min_raise'), ('p2', 'fold')]",6.0,1410.0,18.0,p1,fold,True,2,108.0,114.0,rock
2124,j,k,min_raise,['min_raise'],"[('p1', 'min_raise'), ('p2', 'call')]",-12.0,1398.0,24.0,p2,showdown,True,2,108.0,114.0,rock
2125,k,q,check,['check'],"[('p1', 'check'), ('p2', 'check')]",6.0,1404.0,12.0,p1,showdown,False,2,114.0,114.0,rock
2126,q,k,check,"['check', 'fold']","[('p1', 'check'), ('p2', 'max_raise'), ('p1', 'fold')]",-6.0,1398.0,24.0,p2,fold,False,3,114.0,102.0,rock
2127,k,q,check,['check'],"[('p1', 'check'), ('p2', 'check')]",6.0,1404.0,12.0,p1,showdown,False,2,114.0,114.0,rock
2128,k,q,check,['check'],"[('p1', 'check'), ('p2', 'check')]",6.0,1410.0,12.0,p1,showdown,False,2,114.0,114.0,rock
2129,j,q,min_raise,['min_raise'],"[('p1', 'min_raise'), ('p2', 'fold')]",6.0,1416.0,18.0,p1,fold,True,2,108.0,114.0,rock
2130,q,j,check,['check'],"[('p1', 'check'), ('p2', 'check')]",6.0,1422.0,12.0,p1,showdown,False,2,114.0,114.0,rock
2131,q,k,check,"['check', 'fold']","[('p1', 'check'), ('p2', 'max_raise'), ('p1', 'fold')]",-6.0,1416.0,24.0,p2,fold,False,3,114.0,102.0,rock
2132,q,k,check,"['check', 'fold']","[('p1', 'check'), ('p2', 'max_raise'), ('p1', 'fold')]",-6.0,1410.0,24.0,p2,fold,False,3,114.0,102.0,rock
2133,k,q,check,['check'],"[('p1', 'check'), ('p2', 'check')]",6.0,1416.0,12.0,p1,showdown,False,2,114.0,114.0,rock
2134,q,k,check,"['check', 'fold']","[('p1', 'check'), ('p2', 'max_raise'), ('p1', 'fold')]",-6.0,1410.0,24.0,p2,fold,False,3,114.0,102.0,rock
2135,q,k,check,"['check', 'fold']","[('p1', 'check'), ('p2', 'max_raise'), ('p1', 'fold')]",-6.0,1404.0,24.0,p2,fold,False,3,114.0,102.0,rock
2136,q,j,check,['check'],"[('p1', 'check'), ('p2', 'check')]",6.0,1410.0,12.0,p1,showdown,False,2,114.0,114.0,rock
2137,k,j,check,['check'],"[('p1', 'check'), ('p2', 'check')]",6.0,1416.0,12.0,p1,showdown,False,2,114.0,114.0,rock
2138,q,j,check,['check'],"[('p1', 'check'), ('p2', 'check')]",6.0,1422.0,12.0,p1,showdown,False,2,114.0,114.0,rock
2139,q,j,check,['check'],"[('p1', 'check'), ('p2', 'check')]",6.0,1428.0,12.0,p1,showdown,False,2,114.0,114.0,rock
2140,k,q,check,['check'],"[('p1', 'check'), ('p2', 'check')]",6.0,1434.0,12.0,p1,showdown,False,2,114.0,114.0,rock
2141,j,q,min_raise,['min_raise'],"[('p1', 'min_raise'), ('p2', 'fold')]",6.0,1440.0,18.0,p1,fold,True,2,108.0,114.0,rock
2142,q,j,check,['check'],"[('p1', 'check'), ('p2', 'check')]",6.0,1446.0,12.0,p1,showdown,False,2,114.0,114.0,rock
2143,q,q,check,['check'],"[('p1', 'check'), ('p2', 'check')]",0.0,1446.0,0.0,tie,showdown,False,2,114.0,114.0,rock
2144,q,k,check,"['check', 'fold']","[('p1', 'check'), ('p2', 'max_raise'), ('p1', 'fold')]",-6.0,1440.0,24.0,p2,fold,False,3,114.0,102.0,rock
2145,k,j,check,['check'],"[('p1', 'check'), ('p2', 'check')]",6.0,1446.0,12.0,p1,showdown,False,2,114.0,114.0,rock
2146,j,j,min_raise,['min_raise'],"[('p1', 'min_raise'), ('p2', 'fold')]",6.0,1452.0,18.0,p1,fold,True,2,108.0,114.0,rock
2147,j,j,min_raise,['min_raise'],"[('p1', 'min_raise'), ('p2', 'fold')]",6.0,1458.0,18.0,p1,fold,True,2,108.0,114.0,rock
2148,k,j,check,['check'],"[('p1', 'check'), ('p2', 'check')]",6.0,1464.0,12.0,p1,showdown,False,2,114.0,114.0,rock
2149,k,q,check,['check'],"[('p1', 'check'), ('p2', 'check')]",6.0,1470.0,12.0,p1,showdown,False,2,114.0,114.0,rock
2150,k,q,check,['check'],"[('p1', 'check'), ('p2', 'check')]",6.0,1476.0,12.0,p1,showdown,False,2,114.0,114.0,rock
2151,k,j,check,['check'],"[('p1', 'check'), ('p2', 'check')]",6.0,1482.0,12.0,p1,showdown,False,2,114.0,114.0,rock
2152,q,j,check,['check'],"[('p1', 'check'), ('p2', 'check')]",6.0,1488.0,12.0,p1,showdown,False,2,114.0,114.0,rock
2153,k,q,check,['check'],"[('p1', 'check'), ('p2', 'check')]",6.0,1494.0,12.0,p1,showdown,False,2,114.0,114.0,rock
2154,q,k,check,"['check', 'fold']","[('p1', 'check'), ('p2', 'max_raise'), ('p1', 'fold')]",-6.0,1488.0,24.0,p2,fold,False,3,114.0,102.0,rock
2155,j,k,min_raise,['min_raise'],"[('p1', 'min_raise'), ('p2', 'call')]",-12.0,1476.0,24.0,p2,showdown,True,2,108.0,114.0,rock
2156,q,k,check,"['check', 'fold']","[('p1', 'check'), ('p2', 'max_raise'), ('p1', 'fold')]",-6.0,1470.0,24.0,p2,fold,False,3,114.0,102.0,rock
2157,j,k,min_raise,['min_raise'],"[('p1', 'min_raise'), ('p2', 'call')]",-12.0,1458.0,24.0,p2,showdown,True,2,108.0,114.0,rock
2158,q,k,check,"['check', 'fold']","[('p1', 'check'), ('p2', 'max_raise'), ('p1', 'fold')]",-6.0,1452.0,24.0,p2,fold,False,3,114.0,102.0,rock
2159,q,k,check,"['check', 'fold']","[('p1', 'check'), ('p2', 'max_raise'), ('p1', 'fold')]",-6.0,1446.0,24.0,p2,fold,False,3,114.0,102.0,rock
2160,q,q,check,['check'],"[('p1', 'check'), ('p2', 'check')]",0.0,1446.0,0.0,tie,showdown,False,2,114.0,114.0,rock
2161,j,q,min_raise,['min_raise'],"[('p1', 'min_raise'), ('p2', 'fold')]",6.0,1452.0,18.0,p1,fold,True,2,108.0,114.0,rock
2162,j,q,min_raise,['min_raise'],"[('p1', 'min_raise'), ('p2', 'fold')]",6.0,1458.0,18.0,p1,fold,True,2,108.0,114.0,rock
2163,k,j,check,['check'],"[('p1', 'check'), ('p2', 'check')]",6.0,1464.0,12.0,p1,showdown,False,2,114.0,114.0,rock
2164,j,j,min_raise,['min_raise'],"[('p1', 'min_raise'), ('p2', 'fold')]",6.0,1470.0,18.0,p1,fold,True,2,108.0,114.0,rock
2165,q,q,check,['check'],"[('p1', 'check'), ('p2', 'check')]",0.0,1470.0,0.0,tie,showdown,False,2,114.0,114.0,rock
2166,q,k,check,"['check', 'fold']","[('p1', 'check'), ('p2', 'max_raise'), ('p1', 'fold')]",-6.0,1464.0,24.0,p2,fold,False,3,114.0,102.0,rock
2167,q,q,check,['check'],"[('p1', 'check'), ('p2', 'check')]",0.0,1464.0,0.0,tie,showdown,False,2,114.0,114.0,rock
2168,j,k,min_raise,['min_raise'],"[('p1', 'min_raise'), ('p2', 'call')]",-12.0,1452.0,24.0,p2,showdown,True,2,108.0,114.0,rock
2169,q,k,check,"['check', 'fold']","[('p1', 'check'), ('p2', 'max_raise'), ('p1', 'fold')]",-6.0,1446.0,24.0,p2,fold,False,3,114.0,102.0,rock
2170,q,k,check,"['check', 'fold']","[('p1', 'check'), ('p2', 'max_raise'), ('p1', 'fold')]",-6.0,1440.0,24.0,p2,fold,False,3,114.0,102.0,rock
2171,q,q,check,['check'],"[('p1', 'check'), ('p2', 'check')]",0.0,1440.0,0.0,tie,showdown,False,2,114.0,114.0,rock
2172,k,q,check,['check'],"[('p1', 'check'), ('p2', 'check')]",6.0,1446.0,12.0,p1,showdown,False,2,114.0,114.0,rock
2173,q,j,check,['check'],"[('p1', 'check'), ('p2', 'check')]",6.0,1452.0,12.0,p1,showdown,False,2,114.0,114.0,rock
2174,q,k,check,"['check', 'fold']","[('p1', 'check'), ('p2', 'max_raise'), ('p1', 'fold')]",-6.0,1446.0,24.0,p2,fold,False,3,114.0,102.0,rock
2175,j,k,min_raise,['min_raise'],"[('p1', 'min_raise'), ('p2', 'call')]",-12.0,1434.0,24.0,p2,showdown,True,2,108.0,114.0,rock
2176,j,k,min_raise,['min_raise'],"[('p1', 'min_raise'), ('p2', 'call')]",-12.0,1422.0,24.0,p2,showdown,True,2,108.0,114.0,rock
2177,k,q,check,['check'],"[('p1', 'check'), ('p2', 'check')]",6.0,1428.0,12.0,p1,showdown,False,2,114.0,114.0,rock
2178,j,q,min_raise,['min_raise'],"[('p1', 'min_raise'), ('p2', 'fold')]",6.0,1434.0,18.0,p1,fold,True,2,108.0,114.0,rock
2179,k,k,check,"['check', 'call']","[('p1', 'check'), ('p2', 'max_raise'), ('p1', 'call')]",0.0,1434.0,0.0,tie,showdown,False,3,114.0,102.0,rock
2180,j,k,min_raise,['min_raise'],"[('p1', 'min_raise'), ('p2', 'call')]",-12.0,1422.0,24.0,p2,showdown,True,2,108.0,114.0,rock
2181,k,q,check,['check'],"[('p1', 'check'), ('p2', 'check')]",6.0,1428.0,12.0,p1,showdown,False,2,114.0,114.0,rock
2182,j,q,min_raise,['min_raise'],"[('p1', 'min_raise'), ('p2', 'fold')]",6.0,1434.0,18.0,p1,fold,True,2,108.0,114.0,rock
2183,q,j,check,['check'],"[('p1', 'check'), ('p2', 'check')]",6.0,1440.0,12.0,p1,showdown,False,2,114.0,114.0,rock
2184,j,q,min_raise,['min_raise'],"[('p1', 'min_raise'), ('p2', 'fold')]",6.0,1446.0,18.0,p1,fold,True,2,108.0,114.0,rock
2185,q,q,check,['check'],"[('p1', 'check'), ('p2', 'check')]",0.0,1446.0,0.0,tie,showdown,False,2,114.0,114.0,rock
2186,q,q,check,['check'],"[('p1', 'check'), ('p2', 'check')]",0.0,1446.0,0.0,tie,showdown,False,2,114.0,114.0,rock
2187,k,j,check,['check'],"[('p1', 'check'), ('p2', 'check')]",6.0,1452.0,12.0,p1,showdown,False,2,114.0,114.0,rock
2188,q,q,check,['check'],"[('p1', 'check'), ('p2', 'check')]",0.0,1452.0,0.0,tie,showdown,False,2,114.0,114.0,rock
2189,j,j,min_raise,['min_raise'],"[('p1', 'min_raise'), ('p2', 'fold')]",6.0,1458.0,18.0,p1,fold,True,2,108.0,114.0,rock
2190,j,j,min_raise,['min_raise'],"[('p1', 'min_raise'), ('p2', 'fold')]",6.0,1464.0,18.0,p1,fold,True,2,108.0,114.0,rock
2191,j,j,min_raise,['min_raise'],"[('p1', 'min_raise'), ('p2', 'fold')]",6.0,1470.0,18.0,p1,fold,True,2,108.0,114.0,rock
2192,j,k,min_raise,['min_raise'],"[('p1', 'min_raise'), ('p2', 'call')]",-12.0,1458.0,24.0,p2,showdown,True,2,108.0,114.0,rock
2193,k,k,check,"['check', 'call']","[('p1', 'check'), ('p2', 'max_raise'), ('p1', 'call')]",0.0,1458.0,0.0,tie,showdown,False,3,114.0,102.0,rock
2194,j,q,min_raise,['min_raise'],"[('p1', 'min_raise'), ('p2', 'fold')]",6.0,1464.0,18.0,p1,fold,True,2,108.0,114.0,rock
2195,q,k,check,"['check', 'fold']","[('p1', 'check'), ('p2', 'max_raise'), ('p1', 'fold')]",-6.0,1458.0,24.0,p2,fold,False,3,114.0,102.0,rock
2196,k,j,check,['check'],"[('p1', 'check'), ('p2', 'check')]",6.0,1464.0,12.0,p1,showdown,False,2,114.0,114.0,rock
2197,j,j,min_raise,['min_raise'],"[('p1', 'min_raise'), ('p2', 'fold')]",6.0,1470.0,18.0,p1,fold,True,2,108.0,114.0,rock
2198,k,k,check,"['check', 'call']","[('p1', 'check'), ('p2', 'max_raise'), ('p1', 'call')]",0.0,1470.0,0.0,tie,showdown,False,3,114.0,102.0,rock
2199,k,k,check,"['check', 'call']","[('p1', 'check'), ('p2', 'max_raise'), ('p1', 'call')]",0.0,1470.0,0.0,tie,showdown,False,3,114.0,102.0,rock
2200,q,q,check,['check'],"[('p1', 'check'), ('p2', 'check')]",0.0,1470.0,0.0,tie,showdown,False,2,114.0,114.0,rock
2201,q,k,check,"['check', 'fold']","[('p1', 'check'), ('p2', 'max_raise'), ('p1', 'fold')]",-6.0,1464.0,24.0,p2,fold,False,3,114.0,102.0,rock
2202,k,q,check,['check'],"[('p1', 'check'), ('p2', 'check')]",6.0,1470.0,12.0,p1,showdown,False,2,114.0,114.0,rock
2203,q,q,check,['check'],"[('p1', 'check'), ('p2', 'check')]",0.0,1470.0,0.0,tie,showdown,False,2,114.0,114.0,rock
2204,k,j,check,['check'],"[('p1', 'check'), ('p2', 'check')]",6.0,1476.0,12.0,p1,showdown,False,2,114.0,114.0,rock
2205,j,q,min_raise,['min_raise'],"[('p1', 'min_raise'), ('p2', 'fold')]",6.0,1482.0,18.0,p1,fold,True,2,108.0,114.0,rock
2206,j,j,min_raise,['min_raise'],"[('p1', 'min_raise'), ('p2', 'fold')]",6.0,1488.0,18.0,p1,fold,True,2,108.0,114.0,rock
2207,j,j,min_raise,['min_raise'],"[('p1', 'min_raise'), ('p2', 'fold')]",6.0,1494.0,18.0,p1,fold,True,2,108.0,114.0,rock
2208,j,j,min_raise,['min_raise'],"[('p1', 'min_raise'), ('p2', 'fold')]",6.0,1500.0,18.0,p1,fold,True,2,108.0,114.0,rock
2209,q,q,check,['check'],"[('p1', 'check'), ('p2', 'check')]",0.0,1500.0,0.0,tie,showdown,False,2,114.0,114.0,rock
2210,k,k,check,"['check', 'call']","[('p1', 'check'), ('p2', 'max_raise'), ('p1', 'call')]",0.0,1500.0,0.0,tie,showdown,False,3,114.0,102.0,rock
2211,j,j,min_raise,['min_raise'],"[('p1', 'min_raise'), ('p2', 'fold')]",6.0,1506.0,18.0,p1,fold,True,2,108.0,114.0,rock
2212,j,k,min_raise,['min_raise'],"[('p1', 'min_raise'), ('p2', 'call')]",-12.0,1494.0,24.0,p2,showdown,True,2,108.0,114.0,rock
2213,j,j,min_raise,['min_raise'],"[('p1', 'min_raise'), ('p2', 'fold')]",6.0,1500.0,18.0,p1,fold,True,2,108.0,114.0,rock
2214,j,k,min_raise,['min_raise'],"[('p1', 'min_raise'), ('p2', 'call')]",-12.0,1488.0,24.0,p2,showdown,True,2,108.0,114.0,rock
2215,k,q,check,['check'],"[('p1', 'check'), ('p2', 'check')]",6.0,1494.0,12.0,p1,showdown,False,2,114.0,114.0,rock
2216,j,k,min_raise,['min_raise'],"[('p1', 'min_raise'), ('p2', 'call')]",-12.0,1482.0,24.0,p2,showdown,True,2,108.0,114.0,rock
2217,j,q,min_raise,['min_raise'],"[('p1', 'min_raise'), ('p2', 'fold')]",6.0,1488.0,18.0,p1,fold,True,2,108.0,114.0,rock
2218,j,q,min_raise,['min_raise'],"[('p1', 'min_raise'), ('p2', 'fold')]",6.0,1494.0,18.0,p1,fold,True,2,108.0,114.0,rock
2219,j,q,min_raise,['min_raise'],"[('p1', 'min_raise'), ('p2', 'fold')]",6.0,1500.0,18.0,p1,fold,True,2,108.0,114.0,rock
2220,k,q,check,['check'],"[('p1', 'check'), ('p2', 'check')]",6.0,1506.0,12.0,p1,showdown,False,2,114.0,114.0,rock
2221,q,q,check,['check'],"[('p1', 'check'), ('p2', 'check')]",0.0,1506.0,0.0,tie,showdown,False,2,114.0,114.0,rock
2222,q,k,check,"['check', 'fold']","[('p1', 'check'), ('p2', 'max_raise'), ('p1', 'fold')]",-6.0,1500.0,24.0,p2,fold,False,3,114.0,102.0,rock
2223,q,k,check,"['check', 'fold']","[('p1', 'check'), ('p2', 'max_raise'), ('p1', 'fold')]",-6.0,1494.0,24.0,p2,fold,False,3,114.0,102.0,rock
2224,k,j,check,['check'],"[('p1', 'check'), ('p2', 'check')]",6.0,1500.0,12.0,p1,showdown,False,2,114.0,114.0,rock
2225,q,k,check,"['check', 'fold']","[('p1', 'check'), ('p2', 'max_raise'), ('p1', 'fold')]",-6.0,1494.0,24.0,p2,fold,False,3,114.0,102.0,rock
2226,j,q,min_raise,['min_raise'],"[('p1', 'min_raise'), ('p2', 'fold')]",6.0,1500.0,18.0,p1,fold,True,2,108.0,114.0,rock
2227,j,q,min_raise,['min_raise'],"[('p1', 'min_raise'), ('p2', 'fold')]",6.0,1506.0,18.0,p1,fold,True,2,108.0,114.0,rock
2228,j,k,min_raise,['min_raise'],"[('p1', 'min_raise'), ('p2', 'call')]",-12.0,1494.0,24.0,p2,showdown,True,2,108.0,114.0,rock
2229,j,k,min_raise,['min_raise'],"[('p1', 'min_raise'), ('p2', 'call')]",-12.0,1482.0,24.0,p2,showdown,True,2,108.0,114.0,rock
2230,k,k,check,"['check', 'call']","[('p1', 'check'), ('p2', 'max_raise'), ('p1', 'call')]",0.0,1482.0,0.0,tie,showdown,False,3,114.0,102.0,rock
2231,q,k,check,"['check', 'fold']","[('p1', 'check'), ('p2', 'max_raise'), ('p1', 'fold')]",-6.0,1476.0,24.0,p2,fold,False,3,114.0,102.0,rock
2232,k,j,check,['check'],"[('p1', 'check'), ('p2', 'check')]",6.0,1482.0,12.0,p1,showdown,False,2,114.0,114.0,rock
2233,k,q,check,['check'],"[('p1', 'check'), ('p2', 'check')]",6.0,1488.0,12.0,p1,showdown,False,2,114.0,114.0,rock
2234,k,q,check,['check'],"[('p1', 'check'), ('p2', 'check')]",6.0,1494.0,12.0,p1,showdown,False,2,114.0,114.0,rock
2235,k,k,check,"['check', 'call']","[('p1', 'check'), ('p2', 'max_raise'), ('p1', 'call')]",0.0,1494.0,0.0,tie,showdown,False,3,114.0,102.0,rock
2236,k,j,check,['check'],"[('p1', 'check'), ('p2', 'check')]",6.0,1500.0,12.0,p1,showdown,False,2,114.0,114.0,rock
2237,q,j,check,['check'],"[('p1', 'check'), ('p2', 'check')]",6.0,1506.0,12.0,p1,showdown,False,2,114.0,114.0,rock
2238,j,k,min_raise,['min_raise'],"[('p1', 'min_raise'), ('p2', 'call')]",-12.0,1494.0,24.0,p2,showdown,True,2,108.0,114.0,rock
2239,k,k,check,"['check', 'call']","[('p1', 'check'), ('p2', 'max_raise'), ('p1', 'call')]",0.0,1494.0,0.0,tie,showdown,False,3,114.0,102.0,rock
2240,j,q,min_raise,['min_raise'],"[('p1', 'min_raise'), ('p2', 'fold')]",6.0,1500.0,18.0,p1,fold,True,2,108.0,114.0,rock
2241,j,q,min_raise,['min_raise'],"[('p1', 'min_raise'), ('p2', 'fold')]",6.0,1506.0,18.0,p1,fold,True,2,108.0,114.0,rock
2242,k,q,check,['check'],"[('p1', 'check'), ('p2', 'check')]",6.0,1512.0,12.0,p1,showdown,False,2,114.0,114.0,rock
2243,k,q,check,['check'],"[('p1', 'check'), ('p2', 'check')]",6.0,1518.0,12.0,p1,showdown,False,2,114.0,114.0,rock
2244,j,k,min_raise,['min_raise'],"[('p1', 'min_raise'), ('p2', 'call')]",-12.0,1506.0,24.0,p2,showdown,True,2,108.0,114.0,rock
2245,q,j,check,['check'],"[('p1', 'check'), ('p2', 'check')]",6.0,1512.0,12.0,p1,showdown,False,2,114.0,114.0,rock
2246,j,j,min_raise,['min_raise'],"[('p1', 'min_raise'), ('p2', 'fold')]",6.0,1518.0,18.0,p1,fold,True,2,108.0,114.0,rock
2247,k,j,check,['check'],"[('p1', 'check'), ('p2', 'check')]",6.0,1524.0,12.0,p1,showdown,False,2,114.0,114.0,rock
2248,q,k,check,"['check', 'fold']","[('p1', 'check'), ('p2', 'max_raise'), ('p1', 'fold')]",-6.0,1518.0,24.0,p2,fold,False,3,114.0,102.0,rock
2249,k,q,check,['check'],"[('p1', 'check'), ('p2', 'check')]",6.0,1524.0,12.0,p1,showdown,False,2,114.0,114.0,rock
2250,q,j,check,['check'],"[('p1', 'check'), ('p2', 'check')]",6.0,1530.0,12.0,p1,showdown,False,2,114.0,114.0,rock
2251,k,j,check,['check'],"[('p1', 'check'), ('p2', 'check')]",6.0,1536.0,12.0,p1,showdown,False,2,114.0,114.0,rock
2252,j,k,min_raise,['min_raise'],"[('p1', 'min_raise'), ('p2', 'call')]",-12.0,1524.0,24.0,p2,showdown,True,2,108.0,114.0,rock
2253,j,q,min_raise,['min_raise'],"[('p1', 'min_raise'), ('p2', 'fold')]",6.0,1530.0,18.0,p1,fold,True,2,108.0,114.0,rock
2254,q,k,check,"['check', 'fold']","[('p1', 'check'), ('p2', 'max_raise'), ('p1', 'fold')]",-6.0,1524.0,24.0,p2,fold,False,3,114.0,102.0,rock
2255,j,j,min_raise,['min_raise'],"[('p1', 'min_raise'), ('p2', 'fold')]",6.0,1530.0,18.0,p1,fold,True,2,108.0,114.0,rock
2256,q,k,check,"['check', 'fold']","[('p1', 'check'), ('p2', 'max_raise'), ('p1', 'fold')]",-6.0,1524.0,24.0,p2,fold,False,3,114.0,102.0,rock
2257,j,j,min_raise,['min_raise'],"[('p1', 'min_raise'), ('p2', 'fold')]",6.0,1530.0,18.0,p1,fold,True,2,108.0,114.0,rock
2258,q,j,check,['check'],"[('p1', 'check'), ('p2', 'check')]",6.0,1536.0,12.0,p1,showdown,False,2,114.0,114.0,rock
2259,k,q,check,['check'],"[('p1', 'check'), ('p2', 'check')]",6.0,1542.0,12.0,p1,showdown,False,2,114.0,114.0,rock
2260,q,q,check,['check'],"[('p1', 'check'), ('p2', 'check')]",0.0,1542.0,0.0,tie,showdown,False,2,114.0,114.0,rock
2261,k,j,check,['check'],"[('p1', 'check'), ('p2', 'check')]",6.0,1548.0,12.0,p1,showdown,False,2,114.0,114.0,rock
2262,j,k,min_raise,['min_raise'],"[('p1', 'min_raise'), ('p2', 'call')]",-12.0,1536.0,24.0,p2,showdown,True,2,108.0,114.0,rock
2263,j,j,min_raise,['min_raise'],"[('p1', 'min_raise'), ('p2', 'fold')]",6.0,1542.0,18.0,p1,fold,True,2,108.0,114.0,rock
2264,q,j,check,['check'],"[('p1', 'check'), ('p2', 'check')]",6.0,1548.0,12.0,p1,showdown,False,2,114.0,114.0,rock
2265,q,k,check,"['check', 'fold']","[('p1', 'check'), ('p2', 'max_raise'), ('p1', 'fold')]",-6.0,1542.0,24.0,p2,fold,False,3,114.0,102.0,rock
2266,j,q,min_raise,['min_raise'],"[('p1', 'min_raise'), ('p2', 'fold')]",6.0,1548.0,18.0,p1,fold,True,2,108.0,114.0,rock
2267,j,q,min_raise,['min_raise'],"[('p1', 'min_raise'), ('p2', 'fold')]",6.0,1554.0,18.0,p1,fold,True,2,108.0,114.0,rock
2268,j,j,min_raise,['min_raise'],"[('p1', 'min_raise'), ('p2', 'fold')]",6.0,1560.0,18.0,p1,fold,True,2,108.0,114.0,rock
2269,j,q,min_raise,['min_raise'],"[('p1', 'min_raise'), ('p2', 'fold')]",6.0,1566.0,18.0,p1,fold,True,2,108.0,114.0,rock
2270,q,k,check,"['check', 'fold']","[('p1', 'check'), ('p2', 'max_raise'), ('p1', 'fold')]",-6.0,1560.0,24.0,p2,fold,False,3,114.0,102.0,rock
2271,j,q,min_raise,['min_raise'],"[('p1', 'min_raise'), ('p2', 'fold')]",6.0,1566.0,18.0,p1,fold,True,2,108.0,114.0,rock
2272,j,k,min_raise,['min_raise'],"[('p1', 'min_raise'), ('p2', 'call')]",-12.0,1554.0,24.0,p2,showdown,True,2,108.0,114.0,rock
2273,q,k,check,"['check', 'fold']","[('p1', 'check'), ('p2', 'max_raise'), ('p1', 'fold')]",-6.0,1548.0,24.0,p2,fold,False,3,114.0,102.0,rock
2274,q,q,check,['check'],"[('p1', 'check'), ('p2', 'check')]",0.0,1548.0,0.0,tie,showdown,False,2,114.0,114.0,rock
2275,q,j,check,['check'],"[('p1', 'check'), ('p2', 'check')]",6.0,1554.0,12.0,p1,showdown,False,2,114.0,114.0,rock
2276,j,j,min_raise,['min_raise'],"[('p1', 'min_raise'), ('p2', 'fold')]",6.0,1560.0,18.0,p1,fold,True,2,108.0,114.0,rock
2277,k,q,check,['check'],"[('p1', 'check'), ('p2', 'check')]",6.0,1566.0,12.0,p1,showdown,False,2,114.0,114.0,rock
2278,j,k,min_raise,['min_raise'],"[('p1', 'min_raise'), ('p2', 'call')]",-12.0,1554.0,24.0,p2,showdown,True,2,108.0,114.0,rock
2279,q,q,check,['check'],"[('p1', 'check'), ('p2', 'check')]",0.0,1554.0,0.0,tie,showdown,False,2,114.0,114.0,rock
2280,j,j,min_raise,['min_raise'],"[('p1', 'min_raise'), ('p2', 'fold')]",6.0,1560.0,18.0,p1,fold,True,2,108.0,114.0,rock
2281,j,q,min_raise,['min_raise'],"[('p1', 'min_raise'), ('p2', 'fold')]",6.0,1566.0,18.0,p1,fold,True,2,108.0,114.0,rock
2282,j,q,min_raise,['min_raise'],"[('p1', 'min_raise'), ('p2', 'fold')]",6.0,1572.0,18.0,p1,fold,True,2,108.0,114.0,rock
2283,q,k,check,"['check', 'fold']","[('p1', 'check'), ('p2', 'max_raise'), ('p1', 'fold')]",-6.0,1566.0,24.0,p2,fold,False,3,114.0,102.0,rock
2284,k,q,check,['check'],"[('p1', 'check'), ('p2', 'check')]",6.0,1572.0,12.0,p1,showdown,False,2,114.0,114.0,rock
2285,j,q,min_raise,['min_raise'],"[('p1', 'min_raise'), ('p2', 'fold')]",6.0,1578.0,18.0,p1,fold,True,2,108.0,114.0,rock
2286,k,k,check,"['check', 'call']","[('p1', 'check'), ('p2', 'max_raise'), ('p1', 'call')]",0.0,1578.0,0.0,tie,showdown,False,3,114.0,102.0,rock
2287,k,q,check,['check'],"[('p1', 'check'), ('p2', 'check')]",6.0,1584.0,12.0,p1,showdown,False,2,114.0,114.0,rock
2288,k,j,check,['check'],"[('p1', 'check'), ('p2', 'check')]",6.0,1590.0,12.0,p1,showdown,False,2,114.0,114.0,rock
2289,j,q,min_raise,['min_raise'],"[('p1', 'min_raise'), ('p2', 'fold')]",6.0,1596.0,18.0,p1,fold,True,2,108.0,114.0,rock
2290,q,j,check,['check'],"[('p1', 'check'), ('p2', 'check')]",6.0,1602.0,12.0,p1,showdown,False,2,114.0,114.0,rock
2291,k,k,check,"['check', 'call']","[('p1', 'check'), ('p2', 'max_raise'), ('p1', 'call')]",0.0,1602.0,0.0,tie,showdown,False,3,114.0,102.0,rock
2292,j,k,min_raise,['min_raise'],"[('p1', 'min_raise'), ('p2', 'call')]",-12.0,1590.0,24.0,p2,showdown,True,2,108.0,114.0,rock
2293,j,k,min_raise,['min_raise'],"[('p1', 'min_raise'), ('p2', 'call')]",-12.0,1578.0,24.0,p2,showdown,True,2,108.0,114.0,rock
2294,k,q,check,['check'],"[('p1', 'check'), ('p2', 'check')]",6.0,1584.0,12.0,p1,showdown,False,2,114.0,114.0,rock
2295,q,j,check,['check'],"[('p1', 'check'), ('p2', 'check')]",6.0,1590.0,12.0,p1,showdown,False,2,114.0,114.0,rock
2296,q,k,check,"['check', 'fold']","[('p1', 'check'), ('p2', 'max_raise'), ('p1', 'fold')]",-6.0,1584.0,24.0,p2,fold,False,3,114.0,102.0,rock
2297,k,j,check,['check'],"[('p1', 'check'), ('p2', 'check')]",6.0,1590.0,12.0,p1,showdown,False,2,114.0,114.0,rock
2298,j,q,min_raise,['min_raise'],"[('p1', 'min_raise'), ('p2', 'fold')]",6.0,1596.0,18.0,p1,fold,True,2,108.0,114.0,rock
2299,j,q,min_raise,['min_raise'],"[('p1', 'min_raise'), ('p2', 'fold')]",6.0,1602.0,18.0,p1,fold,True,2,108.0,114.0,rock
2300,k,q,check,['check'],"[('p1', 'check'), ('p2', 'check')]",6.0,1608.0,12.0,p1,showdown,False,2,114.0,114.0,rock
2301,k,j,check,['check'],"[('p1', 'check'), ('p2', 'check')]",6.0,1614.0,12.0,p1,showdown,False,2,114.0,114.0,rock
2302,j,q,min_raise,['min_raise'],"[('p1', 'min_raise'), ('p2', 'fold')]",6.0,1620.0,18.0,p1,fold,True,2,108.0,114.0,rock
2303,j,k,min_raise,['min_raise'],"[('p1', 'min_raise'), ('p2', 'call')]",-12.0,1608.0,24.0,p2,showdown,True,2,108.0,114.0,rock
2304,q,k,check,"['check', 'fold']","[('p1', 'check'), ('p2', 'max_raise'), ('p1', 'fold')]",-6.0,1602.0,24.0,p2,fold,False,3,114.0,102.0,rock
2305,k,k,check,"['check', 'call']","[('p1', 'check'), ('p2', 'max_raise'), ('p1', 'call')]",0.0,1602.0,0.0,tie,showdown,False,3,114.0,102.0,rock
2306,j,k,min_raise,['min_raise'],"[('p1', 'min_raise'), ('p2', 'call')]",-12.0,1590.0,24.0,p2,showdown,True,2,108.0,114.0,rock
2307,k,j,check,['check'],"[('p1', 'check'), ('p2', 'check')]",6.0,1596.0,12.0,p1,showdown,False,2,114.0,114.0,rock
2308,k,j,check,['check'],"[('p1', 'check'), ('p2', 'check')]",6.0,1602.0,12.0,p1,showdown,False,2,114.0,114.0,rock
2309,q,q,check,['check'],"[('p1', 'check'), ('p2', 'check')]",0.0,1602.0,0.0,tie,showdown,False,2,114.0,114.0,rock
2310,j,q,min_raise,['min_raise'],"[('p1', 'min_raise'), ('p2', 'fold')]",6.0,1608.0,18.0,p1,fold,True,2,108.0,114.0,rock
2311,k,j,check,['check'],"[('p1', 'check'), ('p2', 'check')]",6.0,1614.0,12.0,p1,showdown,False,2,114.0,114.0,rock
2312,j,k,min_raise,['min_raise'],"[('p1', 'min_raise'), ('p2', 'call')]",-12.0,1602.0,24.0,p2,showdown,True,2,108.0,114.0,rock
2313,q,j,check,['check'],"[('p1', 'check'), ('p2', 'check')]",6.0,1608.0,12.0,p1,showdown,False,2,114.0,114.0,rock
2314,j,j,min_raise,['min_raise'],"[('p1', 'min_raise'), ('p2', 'fold')]",6.0,1614.0,18.0,p1,fold,True,2,108.0,114.0,rock
2315,q,q,check,['check'],"[('p1', 'check'), ('p2', 'check')]",0.0,1614.0,0.0,tie,showdown,False,2,114.0,114.0,rock
2316,q,j,check,['check'],"[('p1', 'check'), ('p2', 'check')]",6.0,1620.0,12.0,p1,showdown,False,2,114.0,114.0,rock
2317,k,k,check,"['check', 'call']","[('p1', 'check'), ('p2', 'max_raise'), ('p1', 'call')]",0.0,1620.0,0.0,tie,showdown,False,3,114.0,102.0,rock
2318,k,j,check,['check'],"[('p1', 'check'), ('p2', 'check')]",6.0,1626.0,12.0,p1,showdown,False,2,114.0,114.0,rock
2319,j,k,min_raise,['min_raise'],"[('p1', 'min_raise'), ('p2', 'call')]",-12.0,1614.0,24.0,p2,showdown,True,2,108.0,114.0,rock
2320,j,q,min_raise,['min_raise'],"[('p1', 'min_raise'), ('p2', 'fold')]",6.0,1620.0,18.0,p1,fold,True,2,108.0,114.0,rock
2321,q,j,check,['check'],"[('p1', 'check'), ('p2', 'check')]",6.0,1626.0,12.0,p1,showdown,False,2,114.0,114.0,rock
2322,j,k,min_raise,['min_raise'],"[('p1', 'min_raise'), ('p2', 'call')]",-12.0,1614.0,24.0,p2,showdown,True,2,108.0,114.0,rock
2323,k,j,check,['check'],"[('p1', 'check'), ('p2', 'check')]",6.0,1620.0,12.0,p1,showdown,False,2,114.0,114.0,rock
2324,q,q,check,['check'],"[('p1', 'check'), ('p2', 'check')]",0.0,1620.0,0.0,tie,showdown,False,2,114.0,114.0,rock
2325,j,k,min_raise,['min_raise'],"[('p1', 'min_raise'), ('p2', 'call')]",-12.0,1608.0,24.0,p2,showdown,True,2,108.0,114.0,rock
2326,k,q,check,['check'],"[('p1', 'check'), ('p2', 'check')]",6.0,1614.0,12.0,p1,showdown,False,2,114.0,114.0,rock
2327,q,k,check,"['check', 'fold']","[('p1', 'check'), ('p2', 'max_raise'), ('p1', 'fold')]",-6.0,1608.0,24.0,p2,fold,False,3,114.0,102.0,rock
2328,j,j,min_raise,['min_raise'],"[('p1', 'min_raise'), ('p2', 'fold')]",6.0,1614.0,18.0,p1,fold,True,2,108.0,114.0,rock
2329,j,k,min_raise,['min_raise'],"[('p1', 'min_raise'), ('p2', 'call')]",-12.0,1602.0,24.0,p2,showdown,True,2,108.0,114.0,rock
2330,q,k,check,"['check', 'fold']","[('p1', 'check'), ('p2', 'max_raise'), ('p1', 'fold')]",-6.0,1596.0,24.0,p2,fold,False,3,114.0,102.0,rock
2331,q,j,check,['check'],"[('p1', 'check'), ('p2', 'check')]",6.0,1602.0,12.0,p1,showdown,False,2,114.0,114.0,rock
2332,q,q,check,['check'],"[('p1', 'check'), ('p2', 'check')]",0.0,1602.0,0.0,tie,showdown,False,2,114.0,114.0,rock
2333,j,j,min_raise,['min_raise'],"[('p1', 'min_raise'), ('p2', 'fold')]",6.0,1608.0,18.0,p1,fold,True,2,108.0,114.0,rock
2334,q,q,check,['check'],"[('p1', 'check'), ('p2', 'check')]",0.0,1608.0,0.0,tie,showdown,False,2,114.0,114.0,rock
2335,q,q,check,['check'],"[('p1', 'check'), ('p2', 'check')]",0.0,1608.0,0.0,tie,showdown,False,2,114.0,114.0,rock
2336,j,j,min_raise,['min_raise'],"[('p1', 'min_raise'), ('p2', 'fold')]",6.0,1614.0,18.0,p1,fold,True,2,108.0,114.0,rock
2337,k,k,check,"['check', 'call']","[('p1', 'check'), ('p2', 'max_raise'), ('p1', 'call')]",0.0,1614.0,0.0,tie,showdown,False,3,114.0,102.0,rock
2338,q,q,check,['check'],"[('p1', 'check'), ('p2', 'check')]",0.0,1614.0,0.0,tie,showdown,False,2,114.0,114.0,rock
2339,k,q,check,['check'],"[('p1', 'check'), ('p2', 'check')]",6.0,1620.0,12.0,p1,showdown,False,2,114.0,114.0,rock
2340,k,q,check,['check'],"[('p1', 'check'), ('p2', 'check')]",6.0,1626.0,12.0,p1,showdown,False,2,114.0,114.0,rock
2341,k,q,check,['check'],"[('p1', 'check'), ('p2', 'check')]",6.0,1632.0,12.0,p1,showdown,False,2,114.0,114.0,rock
2342,k,q,check,['check'],"[('p1', 'check'), ('p2', 'check')]",6.0,1638.0,12.0,p1,showdown,False,2,114.0,114.0,rock
2343,k,j,check,['check'],"[('p1', 'check'), ('p2', 'check')]",6.0,1644.0,12.0,p1,showdown,False,2,114.0,114.0,rock
2344,k,k,check,"['check', 'call']","[('p1', 'check'), ('p2', 'max_raise'), ('p1', 'call')]",0.0,1644.0,0.0,tie,showdown,False,3,114.0,102.0,rock
2345,j,q,min_raise,['min_raise'],"[('p1', 'min_raise'), ('p2', 'fold')]",6.0,1650.0,18.0,p1,fold,True,2,108.0,114.0,rock
2346,k,k,check,"['check', 'call']","[('p1', 'check'), ('p2', 'max_raise'), ('p1', 'call')]",0.0,1650.0,0.0,tie,showdown,False,3,114.0,102.0,rock
2347,j,q,min_raise,['min_raise'],"[('p1', 'min_raise'), ('p2', 'fold')]",6.0,1656.0,18.0,p1,fold,True,2,108.0,114.0,rock
2348,k,k,check,"['check', 'call']","[('p1', 'check'), ('p2', 'max_raise'), ('p1', 'call')]",0.0,1656.0,0.0,tie,showdown,False,3,114.0,102.0,rock
2349,k,j,check,['check'],"[('p1', 'check'), ('p2', 'check')]",6.0,1662.0,12.0,p1,showdown,False,2,114.0,114.0,rock
2350,j,j,min_raise,['min_raise'],"[('p1', 'min_raise'), ('p2', 'fold')]",6.0,1668.0,18.0,p1,fold,True,2,108.0,114.0,rock
2351,q,j,check,['check'],"[('p1', 'check'), ('p2', 'check')]",6.0,1674.0,12.0,p1,showdown,False,2,114.0,114.0,rock
2352,k,j,check,['check'],"[('p1', 'check'), ('p2', 'check')]",6.0,1680.0,12.0,p1,showdown,False,2,114.0,114.0,rock
2353,q,q,check,['check'],"[('p1', 'check'), ('p2', 'check')]",0.0,1680.0,0.0,tie,showdown,False,2,114.0,114.0,rock
2354,q,k,check,"['check', 'fold']","[('p1', 'check'), ('p2', 'max_raise'), ('p1', 'fold')]",-6.0,1674.0,24.0,p2,fold,False,3,114.0,102.0,rock
2355,j,k,min_raise,['min_raise'],"[('p1', 'min_raise'), ('p2', 'call')]",-12.0,1662.0,24.0,p2,showdown,True,2,108.0,114.0,rock
2356,j,q,min_raise,['min_raise'],"[('p1', 'min_raise'), ('p2', 'fold')]",6.0,1668.0,18.0,p1,fold,True,2,108.0,114.0,rock
2357,k,k,check,"['check', 'call']","[('p1', 'check'), ('p2', 'max_raise'), ('p1', 'call')]",0.0,1668.0,0.0,tie,showdown,False,3,114.0,102.0,rock
2358,j,j,min_raise,['min_raise'],"[('p1', 'min_raise'), ('p2', 'fold')]",6.0,1674.0,18.0,p1,fold,True,2,108.0,114.0,rock
2359,k,j,check,['check'],"[('p1', 'check'), ('p2', 'check')]",6.0,1680.0,12.0,p1,showdown,False,2,114.0,114.0,rock
2360,k,q,check,['check'],"[('p1', 'check'), ('p2', 'check')]",6.0,1686.0,12.0,p1,showdown,False,2,114.0,114.0,rock
2361,j,q,min_raise,['min_raise'],"[('p1', 'min_raise'), ('p2', 'fold')]",6.0,1692.0,18.0,p1,fold,True,2,108.0,114.0,rock
2362,q,k,check,"['check', 'fold']","[('p1', 'check'), ('p2', 'max_raise'), ('p1', 'fold')]",-6.0,1686.0,24.0,p2,fold,False,3,114.0,102.0,rock
2363,q,q,check,['check'],"[('p1', 'check'), ('p2', 'check')]",0.0,1686.0,0.0,tie,showdown,False,2,114.0,114.0,rock
2364,k,j,check,['check'],"[('p1', 'check'), ('p2', 'check')]",6.0,1692.0,12.0,p1,showdown,False,2,114.0,114.0,rock
2365,k,q,check,['check'],"[('p1', 'check'), ('p2', 'check')]",6.0,1698.0,12.0,p1,showdown,False,2,114.0,114.0,rock
2366,q,q,check,['check'],"[('p1', 'check'), ('p2', 'check')]",0.0,1698.0,0.0,tie,showdown,False,2,114.0,114.0,rock
2367,j,j,min_raise,['min_raise'],"[('p1', 'min_raise'), ('p2', 'fold')]",6.0,1704.0,18.0,p1,fold,True,2,108.0,114.0,rock
2368,j,j,min_raise,['min_raise'],"[('p1', 'min_raise'), ('p2', 'fold')]",6.0,1710.0,18.0,p1,fold,True,2,108.0,114.0,rock
2369,q,k,check,"['check', 'fold']","[('p1', 'check'), ('p2', 'max_raise'), ('p1', 'fold')]",-6.0,1704.0,24.0,p2,fold,False,3,114.0,102.0,rock
2370,k,q,check,['check'],"[('p1', 'check'), ('p2', 'check')]",6.0,1710.0,12.0,p1,showdown,False,2,114.0,114.0,rock
2371,j,j,min_raise,['min_raise'],"[('p1', 'min_raise'), ('p2', 'fold')]",6.0,1716.0,18.0,p1,fold,True,2,108.0,114.0,rock
2372,q,q,check,['check'],"[('p1', 'check'), ('p2', 'check')]",0.0,1716.0,0.0,tie,showdown,False,2,114.0,114.0,rock
2373,q,j,check,['check'],"[('p1', 'check'), ('p2', 'check')]",6.0,1722.0,12.0,p1,showdown,False,2,114.0,114.0,rock
2374,q,q,check,['check'],"[('p1', 'check'), ('p2', 'check')]",0.0,1722.0,0.0,tie,showdown,False,2,114.0,114.0,rock
2375,j,k,min_raise,['min_raise'],"[('p1', 'min_raise'), ('p2', 'call')]",-12.0,1710.0,24.0,p2,showdown,True,2,108.0,114.0,rock
2376,k,j,check,['check'],"[('p1', 'check'), ('p2', 'check')]",6.0,1716.0,12.0,p1,showdown,False,2,114.0,114.0,rock
2377,q,q,check,['check'],"[('p1', 'check'), ('p2', 'check')]",0.0,1716.0,0.0,tie,showdown,False,2,114.0,114.0,rock
2378,k,q,check,['check'],"[('p1', 'check'), ('p2', 'check')]",6.0,1722.0,12.0,p1,showdown,False,2,114.0,114.0,rock
2379,k,k,check,"['check', 'call']","[('p1', 'check'), ('p2', 'max_raise'), ('p1', 'call')]",0.0,1722.0,0.0,tie,showdown,False,3,114.0,102.0,rock
2380,k,j,check,['check'],"[('p1', 'check'), ('p2', 'check')]",6.0,1728.0,12.0,p1,showdown,False,2,114.0,114.0,rock
2381,q,q,check,['check'],"[('p1', 'check'), ('p2', 'check')]",0.0,1728.0,0.0,tie,showdown,False,2,114.0,114.0,rock
2382,q,q,check,['check'],"[('p1', 'check'), ('p2', 'check')]",0.0,1728.0,0.0,tie,showdown,False,2,114.0,114.0,rock
2383,k,q,check,['check'],"[('p1', 'check'), ('p2', 'check')]",6.0,1734.0,12.0,p1,showdown,False,2,114.0,114.0,rock
2384,j,k,min_raise,['min_raise'],"[('p1', 'min_raise'), ('p2', 'call')]",-12.0,1722.0,24.0,p2,showdown,True,2,108.0,114.0,rock
2385,j,q,min_raise,['min_raise'],"[('p1', 'min_raise'), ('p2', 'fold')]",6.0,1728.0,18.0,p1,fold,True,2,108.0,114.0,rock
2386,q,q,check,['check'],"[('p1', 'check'), ('p2', 'check')]",0.0,1728.0,0.0,tie,showdown,False,2,114.0,114.0,rock
2387,j,k,min_raise,['min_raise'],"[('p1', 'min_raise'), ('p2', 'call')]",-12.0,1716.0,24.0,p2,showdown,True,2,108.0,114.0,rock
2388,k,q,check,['check'],"[('p1', 'check'), ('p2', 'check')]",6.0,1722.0,12.0,p1,showdown,False,2,114.0,114.0,rock
2389,q,k,check,"['check', 'fold']","[('p1', 'check'), ('p2', 'max_raise'), ('p1', 'fold')]",-6.0,1716.0,24.0,p2,fold,False,3,114.0,102.0,rock
2390,j,k,min_raise,['min_raise'],"[('p1', 'min_raise'), ('p2', 'call')]",-12.0,1704.0,24.0,p2,showdown,True,2,108.0,114.0,rock
2391,q,k,check,"['check', 'fold']","[('p1', 'check'), ('p2', 'max_raise'), ('p1', 'fold')]",-6.0,1698.0,24.0,p2,fold,False,3,114.0,102.0,rock
2392,j,j,min_raise,['min_raise'],"[('p1', 'min_raise'), ('p2', 'fold')]",6.0,1704.0,18.0,p1,fold,True,2,108.0,114.0,rock
2393,j,j,min_raise,['min_raise'],"[('p1', 'min_raise'), ('p2', 'fold')]",6.0,1710.0,18.0,p1,fold,True,2,108.0,114.0,rock
2394,j,k,min_raise,['min_raise'],"[('p1', 'min_raise'), ('p2', 'call')]",-12.0,1698.0,24.0,p2,showdown,True,2,108.0,114.0,rock
2395,q,q,check,['check'],"[('p1', 'check'), ('p2', 'check')]",0.0,1698.0,0.0,tie,showdown,False,2,114.0,114.0,rock
2396,j,k,min_raise,['min_raise'],"[('p1', 'min_raise'), ('p2', 'call')]",-12.0,1686.0,24.0,p2,showdown,True,2,108.0,114.0,rock
2397,k,j,check,['check'],"[('p1', 'check'), ('p2', 'check')]",6.0,1692.0,12.0,p1,showdown,False,2,114.0,114.0,rock
2398,k,k,check,"['check', 'call']","[('p1', 'check'), ('p2', 'max_raise'), ('p1', 'call')]",0.0,1692.0,0.0,tie,showdown,False,3,114.0,102.0,rock
2399,k,k,check,"['check', 'call']","[('p1', 'check'), ('p2', 'max_raise'), ('p1', 'call')]",0.0,1692.0,0.0,tie,showdown,False,3,114.0,102.0,rock
2400,j,k,min_raise,['min_raise'],"[('p1', 'min_raise'), ('p2', 'call')]",-12.0,1680.0,24.0,p2,showdown,True,2,108.0,114.0,rock
2401,k,q,check,['check'],"[('p1', 'check'), ('p2', 'check')]",6.0,1686.0,12.0,p1,showdown,False,2,114.0,114.0,rock
2402,q,j,check,['check'],"[('p1', 'check'), ('p2', 'check')]",6.0,1692.0,12.0,p1,showdown,False,2,114.0,114.0,rock
2403,q,j,check,['check'],"[('p1', 'check'), ('p2', 'check')]",6.0,1698.0,12.0,p1,showdown,False,2,114.0,114.0,rock
2404,k,j,check,['check'],"[('p1', 'check'), ('p2', 'check')]",6.0,1704.0,12.0,p1,showdown,False,2,114.0,114.0,rock
2405,k,q,check,['check'],"[('p1', 'check'), ('p2', 'check')]",6.0,1710.0,12.0,p1,showdown,False,2,114.0,114.0,rock
2406,k,q,check,['check'],"[('p1', 'check'), ('p2', 'check')]",6.0,1716.0,12.0,p1,showdown,False,2,114.0,114.0,rock
2407,q,k,check,"['check', 'fold']","[('p1', 'check'), ('p2', 'max_raise'), ('p1', 'fold')]",-6.0,1710.0,24.0,p2,fold,False,3,114.0,102.0,rock
2408,j,k,min_raise,['min_raise'],"[('p1', 'min_raise'), ('p2', 'call')]",-12.0,1698.0,24.0,p2,showdown,True,2,108.0,114.0,rock
2409,j,k,min_raise,['min_raise'],"[('p1', 'min_raise'), ('p2', 'call')]",-12.0,1686.0,24.0,p2,showdown,True,2,108.0,114.0,rock
2410,j,j,min_raise,['min_raise'],"[('p1', 'min_raise'), ('p2', 'fold')]",6.0,1692.0,18.0,p1,fold,True,2,108.0,114.0,rock
2411,q,q,check,['check'],"[('p1', 'check'), ('p2', 'check')]",0.0,1692.0,0.0,tie,showdown,False,2,114.0,114.0,rock
2412,k,j,check,['check'],"[('p1', 'check'), ('p2', 'check')]",6.0,1698.0,12.0,p1,showdown,False,2,114.0,114.0,rock
2413,k,q,check,['check'],"[('p1', 'check'), ('p2', 'check')]",6.0,1704.0,12.0,p1,showdown,False,2,114.0,114.0,rock
2414,q,j,check,['check'],"[('p1', 'check'), ('p2', 'check')]",6.0,1710.0,12.0,p1,showdown,False,2,114.0,114.0,rock
2415,k,k,check,"['check', 'call']","[('p1', 'check'), ('p2', 'max_raise'), ('p1', 'call')]",0.0,1710.0,0.0,tie,showdown,False,3,114.0,102.0,rock
2416,q,q,check,['check'],"[('p1', 'check'), ('p2', 'check')]",0.0,1710.0,0.0,tie,showdown,False,2,114.0,114.0,rock
2417,k,k,check,"['check', 'call']","[('p1', 'check'), ('p2', 'max_raise'), ('p1', 'call')]",0.0,1710.0,0.0,tie,showdown,False,3,114.0,102.0,rock
2418,j,k,min_raise,['min_raise'],"[('p1', 'min_raise'), ('p2', 'call')]",-12.0,1698.0,24.0,p2,showdown,True,2,108.0,114.0,rock
2419,j,q,min_raise,['min_raise'],"[('p1', 'min_raise'), ('p2', 'fold')]",6.0,1704.0,18.0,p1,fold,True,2,108.0,114.0,rock
2420,k,q,check,['check'],"[('p1', 'check'), ('p2', 'check')]",6.0,1710.0,12.0,p1,showdown,False,2,114.0,114.0,rock
2421,k,k,check,"['check', 'call']","[('p1', 'check'), ('p2', 'max_raise'), ('p1', 'call')]",0.0,1710.0,0.0,tie,showdown,False,3,114.0,102.0,rock
2422,k,q,check,['check'],"[('p1', 'check'), ('p2', 'check')]",6.0,1716.0,12.0,p1,showdown,False,2,114.0,114.0,rock
2423,j,k,min_raise,['min_raise'],"[('p1', 'min_raise'), ('p2', 'call')]",-12.0,1704.0,24.0,p2,showdown,True,2,108.0,114.0,rock
2424,k,j,check,['check'],"[('p1', 'check'), ('p2', 'check')]",6.0,1710.0,12.0,p1,showdown,False,2,114.0,114.0,rock
2425,q,j,check,['check'],"[('p1', 'check'), ('p2', 'check')]",6.0,1716.0,12.0,p1,showdown,False,2,114.0,114.0,rock
2426,k,q,check,['check'],"[('p1', 'check'), ('p2', 'check')]",6.0,1722.0,12.0,p1,showdown,False,2,114.0,114.0,rock
2427,k,k,check,"['check', 'call']","[('p1', 'check'), ('p2', 'max_raise'), ('p1', 'call')]",0.0,1722.0,0.0,tie,showdown,False,3,114.0,102.0,rock
2428,j,k,min_raise,['min_raise'],"[('p1', 'min_raise'), ('p2', 'call')]",-12.0,1710.0,24.0,p2,showdown,True,2,108.0,114.0,rock
2429,q,q,check,['check'],"[('p1', 'check'), ('p2', 'check')]",0.0,1710.0,0.0,tie,showdown,False,2,114.0,114.0,rock
2430,k,k,check,"['check', 'call']","[('p1', 'check'), ('p2', 'max_raise'), ('p1', 'call')]",0.0,1710.0,0.0,tie,showdown,False,3,114.0,102.0,rock
2431,k,j,check,['check'],"[('p1', 'check'), ('p2', 'check')]",6.0,1716.0,12.0,p1,showdown,False,2,114.0,114.0,rock
2432,q,q,check,['check'],"[('p1', 'check'), ('p2', 'check')]",0.0,1716.0,0.0,tie,showdown,False,2,114.0,114.0,rock
2433,j,q,min_raise,['min_raise'],"[('p1', 'min_raise'), ('p2', 'fold')]",6.0,1722.0,18.0,p1,fold,True,2,108.0,114.0,rock
2434,q,j,check,['check'],"[('p1', 'check'), ('p2', 'check')]",6.0,1728.0,12.0,p1,showdown,False,2,114.0,114.0,rock
2435,q,j,check,['check'],"[('p1', 'check'), ('p2', 'check')]",6.0,1734.0,12.0,p1,showdown,False,2,114.0,114.0,rock
2436,k,j,check,['check'],"[('p1', 'check'), ('p2', 'check')]",6.0,1740.0,12.0,p1,showdown,False,2,114.0,114.0,rock
2437,k,k,check,"['check', 'call']","[('p1', 'check'), ('p2', 'max_raise'), ('p1', 'call')]",0.0,1740.0,0.0,tie,showdown,False,3,114.0,102.0,rock
2438,j,k,min_raise,['min_raise'],"[('p1', 'min_raise'), ('p2', 'call')]",-12.0,1728.0,24.0,p2,showdown,True,2,108.0,114.0,rock
2439,j,q,min_raise,['min_raise'],"[('p1', 'min_raise'), ('p2', 'fold')]",6.0,1734.0,18.0,p1,fold,True,2,108.0,114.0,rock
2440,j,q,min_raise,['min_raise'],"[('p1', 'min_raise'), ('p2', 'fold')]",6.0,1740.0,18.0,p1,fold,True,2,108.0,114.0,rock
2441,q,q,check,['check'],"[('p1', 'check'), ('p2', 'check')]",0.0,1740.0,0.0,tie,showdown,False,2,114.0,114.0,rock
2442,q,k,check,"['check', 'fold']","[('p1', 'check'), ('p2', 'max_raise'), ('p1', 'fold')]",-6.0,1734.0,24.0,p2,fold,False,3,114.0,102.0,rock
2443,k,q,check,['check'],"[('p1', 'check'), ('p2', 'check')]",6.0,1740.0,12.0,p1,showdown,False,2,114.0,114.0,rock
2444,k,q,check,['check'],"[('p1', 'check'), ('p2', 'check')]",6.0,1746.0,12.0,p1,showdown,False,2,114.0,114.0,rock
2445,j,q,min_raise,['min_raise'],"[('p1', 'min_raise'), ('p2', 'fold')]",6.0,1752.0,18.0,p1,fold,True,2,108.0,114.0,rock
2446,k,q,check,['check'],"[('p1', 'check'), ('p2', 'check')]",6.0,1758.0,12.0,p1,showdown,False,2,114.0,114.0,rock
2447,k,q,check,['check'],"[('p1', 'check'), ('p2', 'check')]",6.0,1764.0,12.0,p1,showdown,False,2,114.0,114.0,rock
2448,q,k,check,"['check', 'fold']","[('p1', 'check'), ('p2', 'max_raise'), ('p1', 'fold')]",-6.0,1758.0,24.0,p2,fold,False,3,114.0,102.0,rock
2449,j,j,min_raise,['min_raise'],"[('p1', 'min_raise'), ('p2', 'fold')]",6.0,1764.0,18.0,p1,fold,True,2,108.0,114.0,rock
2450,j,q,min_raise,['min_raise'],"[('p1', 'min_raise'), ('p2', 'fold')]",6.0,1770.0,18.0,p1,fold,True,2,108.0,114.0,rock
2451,q,k,check,"['check', 'fold']","[('p1', 'check'), ('p2', 'max_raise'), ('p1', 'fold')]",-6.0,1764.0,24.0,p2,fold,False,3,114.0,102.0,rock
2452,q,j,check,['check'],"[('p1', 'check'), ('p2', 'check')]",6.0,1770.0,12.0,p1,showdown,False,2,114.0,114.0,rock
2453,k,k,check,"['check', 'call']","[('p1', 'check'), ('p2', 'max_raise'), ('p1', 'call')]",0.0,1770.0,0.0,tie,showdown,False,3,114.0,102.0,rock
2454,k,k,check,"['check', 'call']","[('p1', 'check'), ('p2', 'max_raise'), ('p1', 'call')]",0.0,1770.0,0.0,tie,showdown,False,3,114.0,102.0,rock
2455,j,q,min_raise,['min_raise'],"[('p1', 'min_raise'), ('p2', 'fold')]",6.0,1776.0,18.0,p1,fold,True,2,108.0,114.0,rock
2456,q,j,check,['check'],"[('p1', 'check'), ('p2', 'check')]",6.0,1782.0,12.0,p1,showdown,False,2,114.0,114.0,rock
2457,q,q,check,['check'],"[('p1', 'check'), ('p2', 'check')]",0.0,1782.0,0.0,tie,showdown,False,2,114.0,114.0,rock
2458,k,j,check,['check'],"[('p1', 'check'), ('p2', 'check')]",6.0,1788.0,12.0,p1,showdown,False,2,114.0,114.0,rock
2459,q,q,check,['check'],"[('p1', 'check'), ('p2', 'check')]",0.0,1788.0,0.0,tie,showdown,False,2,114.0,114.0,rock
2460,k,q,check,['check'],"[('p1', 'check'), ('p2', 'check')]",6.0,1794.0,12.0,p1,showdown,False,2,114.0,114.0,rock
2461,q,q,check,['check'],"[('p1', 'check'), ('p2', 'check')]",0.0,1794.0,0.0,tie,showdown,False,2,114.0,114.0,rock
2462,k,q,check,['check'],"[('p1', 'check'), ('p2', 'check')]",6.0,1800.0,12.0,p1,showdown,False,2,114.0,114.0,rock
2463,j,k,min_raise,['min_raise'],"[('p1', 'min_raise'), ('p2', 'call')]",-12.0,1788.0,24.0,p2,showdown,True,2,108.0,114.0,rock
2464,q,k,check,"['check', 'fold']","[('p1', 'check'), ('p2', 'max_raise'), ('p1', 'fold')]",-6.0,1782.0,24.0,p2,fold,False,3,114.0,102.0,rock
2465,j,k,min_raise,['min_raise'],"[('p1', 'min_raise'), ('p2', 'call')]",-12.0,1770.0,24.0,p2,showdown,True,2,108.0,114.0,rock
2466,k,q,check,['check'],"[('p1', 'check'), ('p2', 'check')]",6.0,1776.0,12.0,p1,showdown,False,2,114.0,114.0,rock
2467,j,j,min_raise,['min_raise'],"[('p1', 'min_raise'), ('p2', 'fold')]",6.0,1782.0,18.0,p1,fold,True,2,108.0,114.0,rock
2468,k,k,check,"['check', 'call']","[('p1', 'check'), ('p2', 'max_raise'), ('p1', 'call')]",0.0,1782.0,0.0,tie,showdown,False,3,114.0,102.0,rock
2469,j,k,min_raise,['min_raise'],"[('p1', 'min_raise'), ('p2', 'call')]",-12.0,1770.0,24.0,p2,showdown,True,2,108.0,114.0,rock
2470,q,j,check,['check'],"[('p1', 'check'), ('p2', 'check')]",6.0,1776.0,12.0,p1,showdown,False,2,114.0,114.0,rock
2471,q,q,check,['check'],"[('p1', 'check'), ('p2', 'check')]",0.0,1776.0,0.0,tie,showdown,False,2,114.0,114.0,rock
2472,j,j,min_raise,['min_raise'],"[('p1', 'min_raise'), ('p2', 'fold')]",6.0,1782.0,18.0,p1,fold,True,2,108.0,114.0,rock
2473,q,k,check,"['check', 'fold']","[('p1', 'check'), ('p2', 'max_raise'), ('p1', 'fold')]",-6.0,1776.0,24.0,p2,fold,False,3,114.0,102.0,rock
2474,j,q,min_raise,['min_raise'],"[('p1', 'min_raise'), ('p2', 'fold')]",6.0,1782.0,18.0,p1,fold,True,2,108.0,114.0,rock
2475,k,q,check,['check'],"[('p1', 'check'), ('p2', 'check')]",6.0,1788.0,12.0,p1,showdown,False,2,114.0,114.0,rock
2476,q,q,check,['check'],"[('p1', 'check'), ('p2', 'check')]",0.0,1788.0,0.0,tie,showdown,False,2,114.0,114.0,rock
2477,k,j,check,['check'],"[('p1', 'check'), ('p2', 'check')]",6.0,1794.0,12.0,p1,showdown,False,2,114.0,114.0,rock
2478,k,k,check,"['check', 'call']","[('p1', 'check'), ('p2', 'max_raise'), ('p1', 'call')]",0.0,1794.0,0.0,tie,showdown,False,3,114.0,102.0,rock
2479,q,k,check,"['check', 'fold']","[('p1', 'check'), ('p2', 'max_raise'), ('p1', 'fold')]",-6.0,1788.0,24.0,p2,fold,False,3,114.0,102.0,rock
2480,k,j,check,['check'],"[('p1', 'check'), ('p2', 'check')]",6.0,1794.0,12.0,p1,showdown,False,2,114.0,114.0,rock
2481,j,k,min_raise,['min_raise'],"[('p1', 'min_raise'), ('p2', 'call')]",-12.0,1782.0,24.0,p2,showdown,True,2,108.0,114.0,rock
2482,q,k,check,"['check', 'fold']","[('p1', 'check'), ('p2', 'max_raise'), ('p1', 'fold')]",-6.0,1776.0,24.0,p2,fold,False,3,114.0,102.0,rock
2483,j,k,min_raise,['min_raise'],"[('p1', 'min_raise'), ('p2', 'call')]",-12.0,1764.0,24.0,p2,showdown,True,2,108.0,114.0,rock
2484,j,j,min_raise,['min_raise'],"[('p1', 'min_raise'), ('p2', 'fold')]",6.0,1770.0,18.0,p1,fold,True,2,108.0,114.0,rock
2485,j,k,min_raise,['min_raise'],"[('p1', 'min_raise'), ('p2', 'call')]",-12.0,1758.0,24.0,p2,showdown,True,2,108.0,114.0,rock
2486,k,j,check,['check'],"[('p1', 'check'), ('p2', 'check')]",6.0,1764.0,12.0,p1,showdown,False,2,114.0,114.0,rock
2487,k,k,check,"['check', 'call']","[('p1', 'check'), ('p2', 'max_raise'), ('p1', 'call')]",0.0,1764.0,0.0,tie,showdown,False,3,114.0,102.0,rock
2488,j,k,min_raise,['min_raise'],"[('p1', 'min_raise'), ('p2', 'call')]",-12.0,1752.0,24.0,p2,showdown,True,2,108.0,114.0,rock
2489,k,j,check,['check'],"[('p1', 'check'), ('p2', 'check')]",6.0,1758.0,12.0,p1,showdown,False,2,114.0,114.0,rock
2490,k,q,check,['check'],"[('p1', 'check'), ('p2', 'check')]",6.0,1764.0,12.0,p1,showdown,False,2,114.0,114.0,rock
2491,k,k,check,"['check', 'call']","[('p1', 'check'), ('p2', 'max_raise'), ('p1', 'call')]",0.0,1764.0,0.0,tie,showdown,False,3,114.0,102.0,rock
2492,k,q,check,['check'],"[('p1', 'check'), ('p2', 'check')]",6.0,1770.0,12.0,p1,showdown,False,2,114.0,114.0,rock
2493,k,q,check,['check'],"[('p1', 'check'), ('p2', 'check')]",6.0,1776.0,12.0,p1,showdown,False,2,114.0,114.0,rock
2494,q,k,check,"['check', 'fold']","[('p1', 'check'), ('p2', 'max_raise'), ('p1', 'fold')]",-6.0,1770.0,24.0,p2,fold,False,3,114.0,102.0,rock
2495,j,k,min_raise,['min_raise'],"[('p1', 'min_raise'), ('p2', 'call')]",-12.0,1758.0,24.0,p2,showdown,True,2,108.0,114.0,rock
2496,j,k,min_raise,['min_raise'],"[('p1', 'min_raise'), ('p2', 'call')]",-12.0,1746.0,24.0,p2,showdown,True,2,108.0,114.0,rock
2497,k,k,check,"['check', 'call']","[('p1', 'check'), ('p2', 'max_raise'), ('p1', 'call')]",0.0,1746.0,0.0,tie,showdown,False,3,114.0,102.0,rock
2498,j,k,min_raise,['min_raise'],"[('p1', 'min_raise'), ('p2', 'call')]",-12.0,1734.0,24.0,p2,showdown,True,2,108.0,114.0,rock
2499,k,j,check,['check'],"[('p1', 'check'), ('p2', 'check')]",6.0,1740.0,12.0,p1,showdown,False,2,114.0,114.0,rock
2500,q,k,check,"['check', 'fold']","[('p1', 'check'), ('p2', 'max_raise'), ('p1', 'fold')]",-6.0,1734.0,24.0,p2,fold,False,3,114.0,102.0,rock
2501,j,q,min_raise,['min_raise'],"[('p1', 'min_raise'), ('p2', 'fold')]",6.0,1740.0,18.0,p1,fold,True,2,108.0,114.0,rock
2502,q,q,check,['check'],"[('p1', 'check'), ('p2', 'check')]",0.0,1740.0,0.0,tie,showdown,False,2,114.0,114.0,rock
2503,q,k,check,"['check', 'fold']","[('p1', 'check'), ('p2', 'max_raise'), ('p1', 'fold')]",-6.0,1734.0,24.0,p2,fold,False,3,114.0,102.0,rock
2504,k,q,check,['check'],"[('p1', 'check'), ('p2', 'check')]",6.0,1740.0,12.0,p1,showdown,False,2,114.0,114.0,rock
2505,k,k,check,"['check', 'call']","[('p1', 'check'), ('p2', 'max_raise'), ('p1', 'call')]",0.0,1740.0,0.0,tie,showdown,False,3,114.0,102.0,rock
2506,j,j,min_raise,['min_raise'],"[('p1', 'min_raise'), ('p2', 'fold')]",6.0,1746.0,18.0,p1,fold,True,2,108.0,114.0,rock
2507,q,k,check,"['check', 'fold']","[('p1', 'check'), ('p2', 'max_raise'), ('p1', 'fold')]",-6.0,1740.0,24.0,p2,fold,False,3,114.0,102.0,rock
2508,k,q,check,['check'],"[('p1', 'check'), ('p2', 'check')]",6.0,1746.0,12.0,p1,showdown,False,2,114.0,114.0,rock
2509,j,k,min_raise,['min_raise'],"[('p1', 'min_raise'), ('p2', 'call')]",-12.0,1734.0,24.0,p2,showdown,True,2,108.0,114.0,rock
2510,j,k,min_raise,['min_raise'],"[('p1', 'min_raise'), ('p2', 'call')]",-12.0,1722.0,24.0,p2,showdown,True,2,108.0,114.0,rock
2511,q,k,check,"['check', 'fold']","[('p1', 'check'), ('p2', 'max_raise'), ('p1', 'fold')]",-6.0,1716.0,24.0,p2,fold,False,3,114.0,102.0,rock
2512,j,k,min_raise,['min_raise'],"[('p1', 'min_raise'), ('p2', 'call')]",-12.0,1704.0,24.0,p2,showdown,True,2,108.0,114.0,rock
2513,k,k,check,"['check', 'call']","[('p1', 'check'), ('p2', 'max_raise'), ('p1', 'call')]",0.0,1704.0,0.0,tie,showdown,False,3,114.0,102.0,rock
2514,k,j,check,['check'],"[('p1', 'check'), ('p2', 'check')]",6.0,1710.0,12.0,p1,showdown,False,2,114.0,114.0,rock
2515,k,j,check,['check'],"[('p1', 'check'), ('p2', 'check')]",6.0,1716.0,12.0,p1,showdown,False,2,114.0,114.0,rock
2516,k,j,check,['check'],"[('p1', 'check'), ('p2', 'check')]",6.0,1722.0,12.0,p1,showdown,False,2,114.0,114.0,rock
2517,q,k,check,"['check', 'fold']","[('p1', 'check'), ('p2', 'max_raise'), ('p1', 'fold')]",-6.0,1716.0,24.0,p2,fold,False,3,114.0,102.0,rock
2518,k,k,check,"['check', 'call']","[('p1', 'check'), ('p2', 'max_raise'), ('p1', 'call')]",0.0,1716.0,0.0,tie,showdown,False,3,114.0,102.0,rock
2519,q,j,check,['check'],"[('p1', 'check'), ('p2', 'check')]",6.0,1722.0,12.0,p1,showdown,False,2,114.0,114.0,rock
2520,q,j,check,['check'],"[('p1', 'check'), ('p2', 'check')]",6.0,1728.0,12.0,p1,showdown,False,2,114.0,114.0,rock
2521,j,k,min_raise,['min_raise'],"[('p1', 'min_raise'), ('p2', 'call')]",-12.0,1716.0,24.0,p2,showdown,True,2,108.0,114.0,rock
2522,q,k,check,"['check', 'fold']","[('p1', 'check'), ('p2', 'max_raise'), ('p1', 'fold')]",-6.0,1710.0,24.0,p2,fold,False,3,114.0,102.0,rock
2523,k,j,check,['check'],"[('p1', 'check'), ('p2', 'check')]",6.0,1716.0,12.0,p1,showdown,False,2,114.0,114.0,rock
2524,q,k,check,"['check', 'fold']","[('p1', 'check'), ('p2', 'max_raise'), ('p1', 'fold')]",-6.0,1710.0,24.0,p2,fold,False,3,114.0,102.0,rock
2525,q,q,check,['check'],"[('p1', 'check'), ('p2', 'check')]",0.0,1710.0,0.0,tie,showdown,False,2,114.0,114.0,rock
2526,q,q,check,['check'],"[('p1', 'check'), ('p2', 'check')]",0.0,1710.0,0.0,tie,showdown,False,2,114.0,114.0,rock
2527,j,k,min_raise,['min_raise'],"[('p1', 'min_raise'), ('p2', 'call')]",-12.0,1698.0,24.0,p2,showdown,True,2,108.0,114.0,rock
2528,q,q,check,['check'],"[('p1', 'check'), ('p2', 'check')]",0.0,1698.0,0.0,tie,showdown,False,2,114.0,114.0,rock
2529,q,q,check,['check'],"[('p1', 'check'), ('p2', 'check')]",0.0,1698.0,0.0,tie,showdown,False,2,114.0,114.0,rock
2530,j,q,min_raise,['min_raise'],"[('p1', 'min_raise'), ('p2', 'fold')]",6.0,1704.0,18.0,p1,fold,True,2,108.0,114.0,rock
2531,q,j,check,['check'],"[('p1', 'check'), ('p2', 'check')]",6.0,1710.0,12.0,p1,showdown,False,2,114.0,114.0,rock
2532,k,k,check,"['check', 'call']","[('p1', 'check'), ('p2', 'max_raise'), ('p1', 'call')]",0.0,1710.0,0.0,tie,showdown,False,3,114.0,102.0,rock
2533,j,j,min_raise,['min_raise'],"[('p1', 'min_raise'), ('p2', 'fold')]",6.0,1716.0,18.0,p1,fold,True,2,108.0,114.0,rock
2534,q,q,check,['check'],"[('p1', 'check'), ('p2', 'check')]",0.0,1716.0,0.0,tie,showdown,False,2,114.0,114.0,rock
2535,q,j,check,['check'],"[('p1', 'check'), ('p2', 'check')]",6.0,1722.0,12.0,p1,showdown,False,2,114.0,114.0,rock
2536,q,j,check,['check'],"[('p1', 'check'), ('p2', 'check')]",6.0,1728.0,12.0,p1,showdown,False,2,114.0,114.0,rock
2537,k,j,check,['check'],"[('p1', 'check'), ('p2', 'check')]",6.0,1734.0,12.0,p1,showdown,False,2,114.0,114.0,rock
2538,j,k,min_raise,['min_raise'],"[('p1', 'min_raise'), ('p2', 'call')]",-12.0,1722.0,24.0,p2,showdown,True,2,108.0,114.0,rock
2539,k,j,check,['check'],"[('p1', 'check'), ('p2', 'check')]",6.0,1728.0,12.0,p1,showdown,False,2,114.0,114.0,rock
2540,j,q,check,['check'],"[('p1', 'check'), ('p2', 'check')]",-6.0,1722.0,12.0,p2,showdown,False,2,114.0,114.0,rock
2541,k,k,check,"['check', 'call']","[('p1', 'check'), ('p2', 'max_raise'), ('p1', 'call')]",0.0,1722.0,0.0,tie,showdown,False,3,114.0,102.0,rock
2542,k,j,check,['check'],"[('p1', 'check'), ('p2', 'check')]",6.0,1728.0,12.0,p1,showdown,False,2,114.0,114.0,rock
2543,j,k,check,"['check', 'fold']","[('p1', 'check'), ('p2', 'max_raise'), ('p1', 'fold')]",-6.0,1722.0,24.0,p2,fold,False,3,114.0,102.0,rock
2544,q,j,check,['check'],"[('p1', 'check'), ('p2', 'check')]",6.0,1728.0,12.0,p1,showdown,False,2,114.0,114.0,rock
2545,q,j,check,['check'],"[('p1', 'check'), ('p2', 'check')]",6.0,1734.0,12.0,p1,showdown,False,2,114.0,114.0,rock
2546,j,q,min_raise,['min_raise'],"[('p1', 'min_raise'), ('p2', 'fold')]",6.0,1740.0,18.0,p1,fold,True,2,108.0,114.0,rock
2547,j,k,min_raise,['min_raise'],"[('p1', 'min_raise'), ('p2', 'call')]",-12.0,1728.0,24.0,p2,showdown,True,2,108.0,114.0,rock
2548,q,j,check,['check'],"[('p1', 'check'), ('p2', 'check')]",6.0,1734.0,12.0,p1,showdown,False,2,114.0,114.0,rock
2549,q,q,check,['check'],"[('p1', 'check'), ('p2', 'check')]",0.0,1734.0,0.0,tie,showdown,False,2,114.0,114.0,rock
2550,j,q,min_raise,['min_raise'],"[('p1', 'min_raise'), ('p2', 'fold')]",6.0,1740.0,18.0,p1,fold,True,2,108.0,114.0,rock
2551,j,k,min_raise,['min_raise'],"[('p1', 'min_raise'), ('p2', 'call')]",-12.0,1728.0,24.0,p2,showdown,True,2,108.0,114.0,rock
2552,j,j,min_raise,['min_raise'],"[('p1', 'min_raise'), ('p2', 'fold')]",6.0,1734.0,18.0,p1,fold,True,2,108.0,114.0,rock
2553,q,q,check,['check'],"[('p1', 'check'), ('p2', 'check')]",0.0,1734.0,0.0,tie,showdown,False,2,114.0,114.0,rock
2554,j,k,min_raise,['min_raise'],"[('p1', 'min_raise'), ('p2', 'call')]",-12.0,1722.0,24.0,p2,showdown,True,2,108.0,114.0,rock
2555,j,k,min_raise,['min_raise'],"[('p1', 'min_raise'), ('p2', 'call')]",-12.0,1710.0,24.0,p2,showdown,True,2,108.0,114.0,rock
2556,k,k,check,"['check', 'call']","[('p1', 'check'), ('p2', 'max_raise'), ('p1', 'call')]",0.0,1710.0,0.0,tie,showdown,False,3,114.0,102.0,rock
2557,j,k,check,"['check', 'fold']","[('p1', 'check'), ('p2', 'max_raise'), ('p1', 'fold')]",-6.0,1704.0,24.0,p2,fold,False,3,114.0,102.0,rock
2558,q,j,check,['check'],"[('p1', 'check'), ('p2', 'check')]",6.0,1710.0,12.0,p1,showdown,False,2,114.0,114.0,rock
2559,j,k,check,"['check', 'fold']","[('p1', 'check'), ('p2', 'max_raise'), ('p1', 'fold')]",-6.0,1704.0,24.0,p2,fold,False,3,114.0,102.0,rock
2560,j,q,min_raise,['min_raise'],"[('p1', 'min_raise'), ('p2', 'fold')]",6.0,1710.0,18.0,p1,fold,True,2,108.0,114.0,rock
2561,q,j,check,['check'],"[('p1', 'check'), ('p2', 'check')]",6.0,1716.0,12.0,p1,showdown,False,2,114.0,114.0,rock
2562,k,q,check,['check'],"[('p1', 'check'), ('p2', 'check')]",6.0,1722.0,12.0,p1,showdown,False,2,114.0,114.0,rock
2563,j,q,min_raise,['min_raise'],"[('p1', 'min_raise'), ('p2', 'fold')]",6.0,1728.0,18.0,p1,fold,True,2,108.0,114.0,rock
2564,q,k,check,"['check', 'fold']","[('p1', 'check'), ('p2', 'max_raise'), ('p1', 'fold')]",-6.0,1722.0,24.0,p2,fold,False,3,114.0,102.0,rock
2565,k,q,check,['check'],"[('p1', 'check'), ('p2', 'check')]",6.0,1728.0,12.0,p1,showdown,False,2,114.0,114.0,rock
2566,k,j,check,['check'],"[('p1', 'check'), ('p2', 'check')]",6.0,1734.0,12.0,p1,showdown,False,2,114.0,114.0,rock
2567,j,j,min_raise,['min_raise'],"[('p1', 'min_raise'), ('p2', 'fold')]",6.0,1740.0,18.0,p1,fold,True,2,108.0,114.0,rock
2568,j,k,min_raise,['min_raise'],"[('p1', 'min_raise'), ('p2', 'call')]",-12.0,1728.0,24.0,p2,showdown,True,2,108.0,114.0,rock
2569,q,j,check,['check'],"[('p1', 'check'), ('p2', 'check')]",6.0,1734.0,12.0,p1,showdown,False,2,114.0,114.0,rock
2570,q,j,check,['check'],"[('p1', 'check'), ('p2', 'check')]",6.0,1740.0,12.0,p1,showdown,False,2,114.0,114.0,rock
2571,k,j,check,['check'],"[('p1', 'check'), ('p2', 'check')]",6.0,1746.0,12.0,p1,showdown,False,2,114.0,114.0,rock
2572,k,q,check,['check'],"[('p1', 'check'), ('p2', 'check')]",6.0,1752.0,12.0,p1,showdown,False,2,114.0,114.0,rock
2573,q,j,check,['check'],"[('p1', 'check'), ('p2', 'check')]",6.0,1758.0,12.0,p1,showdown,False,2,114.0,114.0,rock
2574,k,q,check,['check'],"[('p1', 'check'), ('p2', 'check')]",6.0,1764.0,12.0,p1,showdown,False,2,114.0,114.0,rock
2575,j,q,min_raise,['min_raise'],"[('p1', 'min_raise'), ('p2', 'fold')]",6.0,1770.0,18.0,p1,fold,True,2,108.0,114.0,rock
2576,q,j,check,['check'],"[('p1', 'check'), ('p2', 'check')]",6.0,1776.0,12.0,p1,showdown,False,2,114.0,114.0,rock
2577,j,k,min_raise,['min_raise'],"[('p1', 'min_raise'), ('p2', 'call')]",-12.0,1764.0,24.0,p2,showdown,True,2,108.0,114.0,rock
2578,k,q,check,['check'],"[('p1', 'check'), ('p2', 'check')]",6.0,1770.0,12.0,p1,showdown,False,2,114.0,114.0,rock
2579,j,k,min_raise,['min_raise'],"[('p1', 'min_raise'), ('p2', 'call')]",-12.0,1758.0,24.0,p2,showdown,True,2,108.0,114.0,rock
2580,k,q,check,['check'],"[('p1', 'check'), ('p2', 'check')]",6.0,1764.0,12.0,p1,showdown,False,2,114.0,114.0,rock
2581,j,j,min_raise,['min_raise'],"[('p1', 'min_raise'), ('p2', 'fold')]",6.0,1770.0,18.0,p1,fold,True,2,108.0,114.0,rock
2582,q,j,check,['check'],"[('p1', 'check'), ('p2', 'check')]",6.0,1776.0,12.0,p1,showdown,False,2,114.0,114.0,rock
2583,j,k,min_raise,['min_raise'],"[('p1', 'min_raise'), ('p2', 'call')]",-12.0,1764.0,24.0,p2,showdown,True,2,108.0,114.0,rock
2584,j,k,min_raise,['min_raise'],"[('p1', 'min_raise'), ('p2', 'call')]",-12.0,1752.0,24.0,p2,showdown,True,2,108.0,114.0,rock
2585,q,j,check,['check'],"[('p1', 'check'), ('p2', 'check')]",6.0,1758.0,12.0,p1,showdown,False,2,114.0,114.0,rock
2586,q,k,check,"['check', 'fold']","[('p1', 'check'), ('p2', 'max_raise'), ('p1', 'fold')]",-6.0,1752.0,24.0,p2,fold,False,3,114.0,102.0,rock
2587,j,q,min_raise,['min_raise'],"[('p1', 'min_raise'), ('p2', 'fold')]",6.0,1758.0,18.0,p1,fold,True,2,108.0,114.0,rock
2588,k,j,check,['check'],"[('p1', 'check'), ('p2', 'check')]",6.0,1764.0,12.0,p1,showdown,False,2,114.0,114.0,rock
2589,j,j,min_raise,['min_raise'],"[('p1', 'min_raise'), ('p2', 'fold')]",6.0,1770.0,18.0,p1,fold,True,2,108.0,114.0,rock
2590,k,j,check,['check'],"[('p1', 'check'), ('p2', 'check')]",6.0,1776.0,12.0,p1,showdown,False,2,114.0,114.0,rock
2591,k,j,check,['check'],"[('p1', 'check'), ('p2', 'check')]",6.0,1782.0,12.0,p1,showdown,False,2,114.0,114.0,rock
2592,q,j,check,['check'],"[('p1', 'check'), ('p2', 'check')]",6.0,1788.0,12.0,p1,showdown,False,2,114.0,114.0,rock
2593,k,j,check,['check'],"[('p1', 'check'), ('p2', 'check')]",6.0,1794.0,12.0,p1,showdown,False,2,114.0,114.0,rock
2594,k,q,check,['check'],"[('p1', 'check'), ('p2', 'check')]",6.0,1800.0,12.0,p1,showdown,False,2,114.0,114.0,rock
2595,k,j,check,['check'],"[('p1', 'check'), ('p2', 'check')]",6.0,1806.0,12.0,p1,showdown,False,2,114.0,114.0,rock
2596,k,q,check,['check'],"[('p1', 'check'), ('p2', 'check')]",6.0,1812.0,12.0,p1,showdown,False,2,114.0,114.0,rock
2597,q,j,check,['check'],"[('p1', 'check'), ('p2', 'check')]",6.0,1818.0,12.0,p1,showdown,False,2,114.0,114.0,rock
2598,q,q,check,['check'],"[('p1', 'check'), ('p2', 'check')]",0.0,1818.0,0.0,tie,showdown,False,2,114.0,114.0,rock
2599,q,j,check,['check'],"[('p1', 'check'), ('p2', 'check')]",6.0,1824.0,12.0,p1,showdown,False,2,114.0,114.0,rock
2600,k,j,check,['check'],"[('p1', 'check'), ('p2', 'check')]",6.0,1830.0,12.0,p1,showdown,False,2,114.0,114.0,rock
2601,q,j,check,['check'],"[('p1', 'check'), ('p2', 'check')]",6.0,1836.0,12.0,p1,showdown,False,2,114.0,114.0,rock
2602,j,j,min_raise,['min_raise'],"[('p1', 'min_raise'), ('p2', 'fold')]",6.0,1842.0,18.0,p1,fold,True,2,108.0,114.0,rock
2603,k,j,check,['check'],"[('p1', 'check'), ('p2', 'check')]",6.0,1848.0,12.0,p1,showdown,False,2,114.0,114.0,rock
2604,k,k,check,"['check', 'call']","[('p1', 'check'), ('p2', 'max_raise'), ('p1', 'call')]",0.0,1848.0,0.0,tie,showdown,False,3,114.0,102.0,rock
2605,j,k,min_raise,['min_raise'],"[('p1', 'min_raise'), ('p2', 'call')]",-12.0,1836.0,24.0,p2,showdown,True,2,108.0,114.0,rock
2606,j,k,min_raise,['min_raise'],"[('p1', 'min_raise'), ('p2', 'call')]",-12.0,1824.0,24.0,p2,showdown,True,2,108.0,114.0,rock
2607,q,q,check,['check'],"[('p1', 'check'), ('p2', 'check')]",0.0,1824.0,0.0,tie,showdown,False,2,114.0,114.0,rock
2608,j,k,check,"['check', 'fold']","[('p1', 'check'), ('p2', 'max_raise'), ('p1', 'fold')]",-6.0,1818.0,24.0,p2,fold,False,3,114.0,102.0,rock
2609,j,j,min_raise,['min_raise'],"[('p1', 'min_raise'), ('p2', 'fold')]",6.0,1824.0,18.0,p1,fold,True,2,108.0,114.0,rock
2610,q,k,check,"['check', 'fold']","[('p1', 'check'), ('p2', 'max_raise'), ('p1', 'fold')]",-6.0,1818.0,24.0,p2,fold,False,3,114.0,102.0,rock
2611,k,j,check,['check'],"[('p1', 'check'), ('p2', 'check')]",6.0,1824.0,12.0,p1,showdown,False,2,114.0,114.0,rock
2612,j,k,min_raise,['min_raise'],"[('p1', 'min_raise'), ('p2', 'call')]",-12.0,1812.0,24.0,p2,showdown,True,2,108.0,114.0,rock
2613,k,q,check,['check'],"[('p1', 'check'), ('p2', 'check')]",6.0,1818.0,12.0,p1,showdown,False,2,114.0,114.0,rock
2614,j,k,min_raise,['min_raise'],"[('p1', 'min_raise'), ('p2', 'call')]",-12.0,1806.0,24.0,p2,showdown,True,2,108.0,114.0,rock
2615,q,j,check,['check'],"[('p1', 'check'), ('p2', 'check')]",6.0,1812.0,12.0,p1,showdown,False,2,114.0,114.0,rock
2616,k,j,check,['check'],"[('p1', 'check'), ('p2', 'check')]",6.0,1818.0,12.0,p1,showdown,False,2,114.0,114.0,rock
2617,q,k,check,"['check', 'fold']","[('p1', 'check'), ('p2', 'max_raise'), ('p1', 'fold')]",-6.0,1812.0,24.0,p2,fold,False,3,114.0,102.0,rock
2618,j,j,min_raise,['min_raise'],"[('p1', 'min_raise'), ('p2', 'fold')]",6.0,1818.0,18.0,p1,fold,True,2,108.0,114.0,rock
2619,k,k,check,"['check', 'call']","[('p1', 'check'), ('p2', 'max_raise'), ('p1', 'call')]",0.0,1818.0,0.0,tie,showdown,False,3,114.0,102.0,rock
2620,j,k,min_raise,['min_raise'],"[('p1', 'min_raise'), ('p2', 'call')]",-12.0,1806.0,24.0,p2,showdown,True,2,108.0,114.0,rock
2621,k,k,check,"['check', 'call']","[('p1', 'check'), ('p2', 'max_raise'), ('p1', 'call')]",0.0,1806.0,0.0,tie,showdown,False,3,114.0,102.0,rock
2622,q,j,check,['check'],"[('p1', 'check'), ('p2', 'check')]",6.0,1812.0,12.0,p1,showdown,False,2,114.0,114.0,rock
2623,k,q,check,['check'],"[('p1', 'check'), ('p2', 'check')]",6.0,1818.0,12.0,p1,showdown,False,2,114.0,114.0,rock
2624,j,k,min_raise,['min_raise'],"[('p1', 'min_raise'), ('p2', 'call')]",-12.0,1806.0,24.0,p2,showdown,True,2,108.0,114.0,rock
2625,j,k,min_raise,['min_raise'],"[('p1', 'min_raise'), ('p2', 'call')]",-12.0,1794.0,24.0,p2,showdown,True,2,108.0,114.0,rock
2626,j,j,check,['check'],"[('p1', 'check'), ('p2', 'check')]",0.0,1794.0,0.0,tie,showdown,False,2,114.0,114.0,rock
2627,q,j,check,['check'],"[('p1', 'check'), ('p2', 'check')]",6.0,1800.0,12.0,p1,showdown,False,2,114.0,114.0,rock
2628,q,q,check,['check'],"[('p1', 'check'), ('p2', 'check')]",0.0,1800.0,0.0,tie,showdown,False,2,114.0,114.0,rock
2629,j,q,min_raise,['min_raise'],"[('p1', 'min_raise'), ('p2', 'fold')]",6.0,1806.0,18.0,p1,fold,True,2,108.0,114.0,rock
2630,q,q,check,['check'],"[('p1', 'check'), ('p2', 'check')]",0.0,1806.0,0.0,tie,showdown,False,2,114.0,114.0,rock
2631,k,j,check,['check'],"[('p1', 'check'), ('p2', 'check')]",6.0,1812.0,12.0,p1,showdown,False,2,114.0,114.0,rock
2632,q,j,check,['check'],"[('p1', 'check'), ('p2', 'check')]",6.0,1818.0,12.0,p1,showdown,False,2,114.0,114.0,rock
2633,k,q,check,['check'],"[('p1', 'check'), ('p2', 'check')]",6.0,1824.0,12.0,p1,showdown,False,2,114.0,114.0,rock
2634,q,j,check,['check'],"[('p1', 'check'), ('p2', 'check')]",6.0,1830.0,12.0,p1,showdown,False,2,114.0,114.0,rock
2635,q,k,check,"['check', 'fold']","[('p1', 'check'), ('p2', 'max_raise'), ('p1', 'fold')]",-6.0,1824.0,24.0,p2,fold,False,3,114.0,102.0,rock
2636,j,k,min_raise,['min_raise'],"[('p1', 'min_raise'), ('p2', 'call')]",-12.0,1812.0,24.0,p2,showdown,True,2,108.0,114.0,rock
2637,q,k,check,"['check', 'fold']","[('p1', 'check'), ('p2', 'max_raise'), ('p1', 'fold')]",-6.0,1806.0,24.0,p2,fold,False,3,114.0,102.0,rock
2638,j,q,check,['check'],"[('p1', 'check'), ('p2', 'check')]",-6.0,1800.0,12.0,p2,showdown,False,2,114.0,114.0,rock
2639,k,k,check,"['check', 'call']","[('p1', 'check'), ('p2', 'max_raise'), ('p1', 'call')]",0.0,1800.0,0.0,tie,showdown,False,3,114.0,102.0,rock
2640,j,q,min_raise,['min_raise'],"[('p1', 'min_raise'), ('p2', 'fold')]",6.0,1806.0,18.0,p1,fold,True,2,108.0,114.0,rock
2641,q,k,check,"['check', 'fold']","[('p1', 'check'), ('p2', 'max_raise'), ('p1', 'fold')]",-6.0,1800.0,24.0,p2,fold,False,3,114.0,102.0,rock
2642,k,k,check,"['check', 'call']","[('p1', 'check'), ('p2', 'max_raise'), ('p1', 'call')]",0.0,1800.0,0.0,tie,showdown,False,3,114.0,102.0,rock
2643,q,k,check,"['check', 'fold']","[('p1', 'check'), ('p2', 'max_raise'), ('p1', 'fold')]",-6.0,1794.0,24.0,p2,fold,False,3,114.0,102.0,rock
2644,q,j,check,['check'],"[('p1', 'check'), ('p2', 'check')]",6.0,1800.0,12.0,p1,showdown,False,2,114.0,114.0,rock
2645,k,j,check,['check'],"[('p1', 'check'), ('p2', 'check')]",6.0,1806.0,12.0,p1,showdown,False,2,114.0,114.0,rock
2646,j,j,min_raise,['min_raise'],"[('p1', 'min_raise'), ('p2', 'fold')]",6.0,1812.0,18.0,p1,fold,True,2,108.0,114.0,rock
2647,q,k,check,"['check', 'fold']","[('p1', 'check'), ('p2', 'max_raise'), ('p1', 'fold')]",-6.0,1806.0,24.0,p2,fold,False,3,114.0,102.0,rock
2648,q,q,check,['check'],"[('p1', 'check'), ('p2', 'check')]",0.0,1806.0,0.0,tie,showdown,False,2,114.0,114.0,rock
2649,q,j,check,['check'],"[('p1', 'check'), ('p2', 'check')]",6.0,1812.0,12.0,p1,showdown,False,2,114.0,114.0,rock
2650,j,j,min_raise,['min_raise'],"[('p1', 'min_raise'), ('p2', 'fold')]",6.0,1818.0,18.0,p1,fold,True,2,108.0,114.0,rock
2651,j,j,min_raise,['min_raise'],"[('p1', 'min_raise'), ('p2', 'fold')]",6.0,1824.0,18.0,p1,fold,True,2,108.0,114.0,rock
2652,q,j,check,['check'],"[('p1', 'check'), ('p2', 'check')]",6.0,1830.0,12.0,p1,showdown,False,2,114.0,114.0,rock
2653,k,j,check,['check'],"[('p1', 'check'), ('p2', 'check')]",6.0,1836.0,12.0,p1,showdown,False,2,114.0,114.0,rock
2654,j,q,check,['check'],"[('p1', 'check'), ('p2', 'check')]",-6.0,1830.0,12.0,p2,showdown,False,2,114.0,114.0,rock
2655,q,q,check,['check'],"[('p1', 'check'), ('p2', 'check')]",0.0,1830.0,0.0,tie,showdown,False,2,114.0,114.0,rock
2656,j,k,min_raise,['min_raise'],"[('p1', 'min_raise'), ('p2', 'call')]",-12.0,1818.0,24.0,p2,showdown,True,2,108.0,114.0,rock
2657,q,j,check,['check'],"[('p1', 'check'), ('p2', 'check')]",6.0,1824.0,12.0,p1,showdown,False,2,114.0,114.0,rock
2658,k,k,check,"['check', 'call']","[('p1', 'check'), ('p2', 'max_raise'), ('p1', 'call')]",0.0,1824.0,0.0,tie,showdown,False,3,114.0,102.0,rock
2659,j,k,check,"['check', 'call']","[('p1', 'check'), ('p2', 'max_raise'), ('p1', 'call')]",-18.0,1806.0,36.0,p2,showdown,False,3,114.0,102.0,rock
2660,j,k,min_raise,['min_raise'],"[('p1', 'min_raise'), ('p2', 'call')]",-12.0,1794.0,24.0,p2,showdown,True,2,108.0,114.0,rock
2661,k,k,check,"['check', 'call']","[('p1', 'check'), ('p2', 'max_raise'), ('p1', 'call')]",0.0,1794.0,0.0,tie,showdown,False,3,114.0,102.0,rock
2662,j,q,min_raise,['min_raise'],"[('p1', 'min_raise'), ('p2', 'fold')]",6.0,1800.0,18.0,p1,fold,True,2,108.0,114.0,rock
2663,k,k,check,"['check', 'call']","[('p1', 'check'), ('p2', 'max_raise'), ('p1', 'call')]",0.0,1800.0,0.0,tie,showdown,False,3,114.0,102.0,rock
2664,j,q,min_raise,['min_raise'],"[('p1', 'min_raise'), ('p2', 'fold')]",6.0,1806.0,18.0,p1,fold,True,2,108.0,114.0,rock
2665,q,k,check,"['check', 'fold']","[('p1', 'check'), ('p2', 'max_raise'), ('p1', 'fold')]",-6.0,1800.0,24.0,p2,fold,False,3,114.0,102.0,rock
2666,k,q,check,['check'],"[('p1', 'check'), ('p2', 'check')]",6.0,1806.0,12.0,p1,showdown,False,2,114.0,114.0,rock
2667,q,j,check,['check'],"[('p1', 'check'), ('p2', 'check')]",6.0,1812.0,12.0,p1,showdown,False,2,114.0,114.0,rock
2668,k,k,check,"['check', 'call']","[('p1', 'check'), ('p2', 'max_raise'), ('p1', 'call')]",0.0,1812.0,0.0,tie,showdown,False,3,114.0,102.0,rock
2669,j,q,min_raise,['min_raise'],"[('p1', 'min_raise'), ('p2', 'fold')]",6.0,1818.0,18.0,p1,fold,True,2,108.0,114.0,rock
2670,k,q,check,['check'],"[('p1', 'check'), ('p2', 'check')]",6.0,1824.0,12.0,p1,showdown,False,2,114.0,114.0,rock
2671,k,q,check,['check'],"[('p1', 'check'), ('p2', 'check')]",6.0,1830.0,12.0,p1,showdown,False,2,114.0,114.0,rock
2672,q,j,check,['check'],"[('p1', 'check'), ('p2', 'check')]",6.0,1836.0,12.0,p1,showdown,False,2,114.0,114.0,rock
2673,k,j,check,['check'],"[('p1', 'check'), ('p2', 'check')]",6.0,1842.0,12.0,p1,showdown,False,2,114.0,114.0,rock
2674,q,j,check,['check'],"[('p1', 'check'), ('p2', 'check')]",6.0,1848.0,12.0,p1,showdown,False,2,114.0,114.0,rock
2675,k,q,check,['check'],"[('p1', 'check'), ('p2', 'check')]",6.0,1854.0,12.0,p1,showdown,False,2,114.0,114.0,rock
2676,q,k,check,"['check', 'fold']","[('p1', 'check'), ('p2', 'max_raise'), ('p1', 'fold')]",-6.0,1848.0,24.0,p2,fold,False,3,114.0,102.0,rock
2677,j,j,min_raise,['min_raise'],"[('p1', 'min_raise'), ('p2', 'fold')]",6.0,1854.0,18.0,p1,fold,True,2,108.0,114.0,rock
2678,k,k,check,"['check', 'call']","[('p1', 'check'), ('p2', 'max_raise'), ('p1', 'call')]",0.0,1854.0,0.0,tie,showdown,False,3,114.0,102.0,rock
2679,k,q,check,['check'],"[('p1', 'check'), ('p2', 'check')]",6.0,1860.0,12.0,p1,showdown,False,2,114.0,114.0,rock
2680,q,k,check,"['check', 'fold']","[('p1', 'check'), ('p2', 'max_raise'), ('p1', 'fold')]",-6.0,1854.0,24.0,p2,fold,False,3,114.0,102.0,rock
2681,q,k,check,"['check', 'fold']","[('p1', 'check'), ('p2', 'max_raise'), ('p1', 'fold')]",-6.0,1848.0,24.0,p2,fold,False,3,114.0,102.0,rock
2682,k,j,check,['check'],"[('p1', 'check'), ('p2', 'check')]",6.0,1854.0,12.0,p1,showdown,False,2,114.0,114.0,rock
2683,j,k,min_raise,['min_raise'],"[('p1', 'min_raise'), ('p2', 'call')]",-12.0,1842.0,24.0,p2,showdown,True,2,108.0,114.0,rock
2684,j,q,min_raise,['min_raise'],"[('p1', 'min_raise'), ('p2', 'fold')]",6.0,1848.0,18.0,p1,fold,True,2,108.0,114.0,rock
2685,k,k,check,"['check', 'call']","[('p1', 'check'), ('p2', 'max_raise'), ('p1', 'call')]",0.0,1848.0,0.0,tie,showdown,False,3,114.0,102.0,rock
2686,k,j,check,['check'],"[('p1', 'check'), ('p2', 'check')]",6.0,1854.0,12.0,p1,showdown,False,2,114.0,114.0,rock
2687,q,j,check,['check'],"[('p1', 'check'), ('p2', 'check')]",6.0,1860.0,12.0,p1,showdown,False,2,114.0,114.0,rock
2688,j,j,min_raise,['min_raise'],"[('p1', 'min_raise'), ('p2', 'fold')]",6.0,1866.0,18.0,p1,fold,True,2,108.0,114.0,rock
2689,k,q,check,['check'],"[('p1', 'check'), ('p2', 'check')]",6.0,1872.0,12.0,p1,showdown,False,2,114.0,114.0,rock
2690,q,k,check,"['check', 'fold']","[('p1', 'check'), ('p2', 'max_raise'), ('p1', 'fold')]",-6.0,1866.0,24.0,p2,fold,False,3,114.0,102.0,rock
2691,k,k,check,"['check', 'call']","[('p1', 'check'), ('p2', 'max_raise'), ('p1', 'call')]",0.0,1866.0,0.0,tie,showdown,False,3,114.0,102.0,rock
2692,k,k,check,"['check', 'call']","[('p1', 'check'), ('p2', 'max_raise'), ('p1', 'call')]",0.0,1866.0,0.0,tie,showdown,False,3,114.0,102.0,rock
2693,k,k,check,"['check', 'call']","[('p1', 'check'), ('p2', 'max_raise'), ('p1', 'call')]",0.0,1866.0,0.0,tie,showdown,False,3,114.0,102.0,rock
2694,q,j,check,['check'],"[('p1', 'check'), ('p2', 'check')]",6.0,1872.0,12.0,p1,showdown,False,2,114.0,114.0,rock
2695,k,j,check,['check'],"[('p1', 'check'), ('p2', 'check')]",6.0,1878.0,12.0,p1,showdown,False,2,114.0,114.0,rock
2696,j,k,min_raise,['min_raise'],"[('p1', 'min_raise'), ('p2', 'call')]",-12.0,1866.0,24.0,p2,showdown,True,2,108.0,114.0,rock
2697,j,q,min_raise,['min_raise'],"[('p1', 'min_raise'), ('p2', 'fold')]",6.0,1872.0,18.0,p1,fold,True,2,108.0,114.0,rock
2698,k,j,check,['check'],"[('p1', 'check'), ('p2', 'check')]",6.0,1878.0,12.0,p1,showdown,False,2,114.0,114.0,rock
2699,q,j,check,['check'],"[('p1', 'check'), ('p2', 'check')]",6.0,1884.0,12.0,p1,showdown,False,2,114.0,114.0,rock
2700,q,j,check,['check'],"[('p1', 'check'), ('p2', 'check')]",6.0,1890.0,12.0,p1,showdown,False,2,114.0,114.0,rock
2701,k,j,check,['check'],"[('p1', 'check'), ('p2', 'check')]",6.0,1896.0,12.0,p1,showdown,False,2,114.0,114.0,rock
2702,k,k,check,"['check', 'call']","[('p1', 'check'), ('p2', 'max_raise'), ('p1', 'call')]",0.0,1896.0,0.0,tie,showdown,False,3,114.0,102.0,rock
2703,k,j,check,['check'],"[('p1', 'check'), ('p2', 'check')]",6.0,1902.0,12.0,p1,showdown,False,2,114.0,114.0,rock
2704,j,q,min_raise,['min_raise'],"[('p1', 'min_raise'), ('p2', 'fold')]",6.0,1908.0,18.0,p1,fold,True,2,108.0,114.0,rock
2705,q,q,check,['check'],"[('p1', 'check'), ('p2', 'check')]",0.0,1908.0,0.0,tie,showdown,False,2,114.0,114.0,rock
2706,q,j,check,['check'],"[('p1', 'check'), ('p2', 'check')]",6.0,1914.0,12.0,p1,showdown,False,2,114.0,114.0,rock
2707,k,q,check,['check'],"[('p1', 'check'), ('p2', 'check')]",6.0,1920.0,12.0,p1,showdown,False,2,114.0,114.0,rock
2708,j,k,min_raise,['min_raise'],"[('p1', 'min_raise'), ('p2', 'call')]",-12.0,1908.0,24.0,p2,showdown,True,2,108.0,114.0,rock
2709,q,j,check,['check'],"[('p1', 'check'), ('p2', 'check')]",6.0,1914.0,12.0,p1,showdown,False,2,114.0,114.0,rock
2710,k,q,check,['check'],"[('p1', 'check'), ('p2', 'check')]",6.0,1920.0,12.0,p1,showdown,False,2,114.0,114.0,rock
2711,q,j,check,['check'],"[('p1', 'check'), ('p2', 'check')]",6.0,1926.0,12.0,p1,showdown,False,2,114.0,114.0,rock
2712,j,k,min_raise,['min_raise'],"[('p1', 'min_raise'), ('p2', 'call')]",-12.0,1914.0,24.0,p2,showdown,True,2,108.0,114.0,rock
2713,q,k,check,"['check', 'fold']","[('p1', 'check'), ('p2', 'max_raise'), ('p1', 'fold')]",-6.0,1908.0,24.0,p2,fold,False,3,114.0,102.0,rock
2714,q,q,check,['check'],"[('p1', 'check'), ('p2', 'check')]",0.0,1908.0,0.0,tie,showdown,False,2,114.0,114.0,rock
2715,j,k,min_raise,['min_raise'],"[('p1', 'min_raise'), ('p2', 'call')]",-12.0,1896.0,24.0,p2,showdown,True,2,108.0,114.0,rock
2716,j,q,min_raise,['min_raise'],"[('p1', 'min_raise'), ('p2', 'fold')]",6.0,1902.0,18.0,p1,fold,True,2,108.0,114.0,rock
2717,j,k,check,"['check', 'fold']","[('p1', 'check'), ('p2', 'max_raise'), ('p1', 'fold')]",-6.0,1896.0,24.0,p2,fold,False,3,114.0,102.0,rock
2718,k,k,check,"['check', 'call']","[('p1', 'check'), ('p2', 'max_raise'), ('p1', 'call')]",0.0,1896.0,0.0,tie,showdown,False,3,114.0,102.0,rock
2719,q,k,check,"['check', 'fold']","[('p1', 'check'), ('p2', 'max_raise'), ('p1', 'fold')]",-6.0,1890.0,24.0,p2,fold,False,3,114.0,102.0,rock
2720,k,q,check,['check'],"[('p1', 'check'), ('p2', 'check')]",6.0,1896.0,12.0,p1,showdown,False,2,114.0,114.0,rock
2721,q,k,check,"['check', 'fold']","[('p1', 'check'), ('p2', 'max_raise'), ('p1', 'fold')]",-6.0,1890.0,24.0,p2,fold,False,3,114.0,102.0,rock
2722,j,k,min_raise,['min_raise'],"[('p1', 'min_raise'), ('p2', 'call')]",-12.0,1878.0,24.0,p2,showdown,True,2,108.0,114.0,rock
2723,j,j,min_raise,['min_raise'],"[('p1', 'min_raise'), ('p2', 'fold')]",6.0,1884.0,18.0,p1,fold,True,2,108.0,114.0,rock
2724,j,q,min_raise,['min_raise'],"[('p1', 'min_raise'), ('p2', 'fold')]",6.0,1890.0,18.0,p1,fold,True,2,108.0,114.0,rock
2725,k,k,check,"['check', 'call']","[('p1', 'check'), ('p2', 'max_raise'), ('p1', 'call')]",0.0,1890.0,0.0,tie,showdown,False,3,114.0,102.0,rock
2726,q,k,check,"['check', 'fold']","[('p1', 'check'), ('p2', 'max_raise'), ('p1', 'fold')]",-6.0,1884.0,24.0,p2,fold,False,3,114.0,102.0,rock
2727,q,q,check,['check'],"[('p1', 'check'), ('p2', 'check')]",0.0,1884.0,0.0,tie,showdown,False,2,114.0,114.0,rock
2728,j,j,min_raise,['min_raise'],"[('p1', 'min_raise'), ('p2', 'fold')]",6.0,1890.0,18.0,p1,fold,True,2,108.0,114.0,rock
2729,k,k,check,"['check', 'call']","[('p1', 'check'), ('p2', 'max_raise'), ('p1', 'call')]",0.0,1890.0,0.0,tie,showdown,False,3,114.0,102.0,rock
2730,q,q,check,['check'],"[('p1', 'check'), ('p2', 'check')]",0.0,1890.0,0.0,tie,showdown,False,2,114.0,114.0,rock
2731,q,k,check,"['check', 'fold']","[('p1', 'check'), ('p2', 'max_raise'), ('p1', 'fold')]",-6.0,1884.0,24.0,p2,fold,False,3,114.0,102.0,rock
2732,k,k,check,"['check', 'call']","[('p1', 'check'), ('p2', 'max_raise'), ('p1', 'call')]",0.0,1884.0,0.0,tie,showdown,False,3,114.0,102.0,rock
2733,k,k,check,"['check', 'call']","[('p1', 'check'), ('p2', 'max_raise'), ('p1', 'call')]",0.0,1884.0,0.0,tie,showdown,False,3,114.0,102.0,rock
2734,q,j,check,['check'],"[('p1', 'check'), ('p2', 'check')]",6.0,1890.0,12.0,p1,showdown,False,2,114.0,114.0,rock
2735,j,k,min_raise,['min_raise'],"[('p1', 'min_raise'), ('p2', 'call')]",-12.0,1878.0,24.0,p2,showdown,True,2,108.0,114.0,rock
2736,q,q,check,['check'],"[('p1', 'check'), ('p2', 'check')]",0.0,1878.0,0.0,tie,showdown,False,2,114.0,114.0,rock
2737,q,k,check,"['check', 'fold']","[('p1', 'check'), ('p2', 'max_raise'), ('p1', 'fold')]",-6.0,1872.0,24.0,p2,fold,False,3,114.0,102.0,rock
2738,k,q,check,['check'],"[('p1', 'check'), ('p2', 'check')]",6.0,1878.0,12.0,p1,showdown,False,2,114.0,114.0,rock
2739,q,k,check,"['check', 'fold']","[('p1', 'check'), ('p2', 'max_raise'), ('p1', 'fold')]",-6.0,1872.0,24.0,p2,fold,False,3,114.0,102.0,rock
2740,j,k,min_raise,['min_raise'],"[('p1', 'min_raise'), ('p2', 'call')]",-12.0,1860.0,24.0,p2,showdown,True,2,108.0,114.0,rock
2741,k,j,check,['check'],"[('p1', 'check'), ('p2', 'check')]",6.0,1866.0,12.0,p1,showdown,False,2,114.0,114.0,rock
2742,j,j,check,['check'],"[('p1', 'check'), ('p2', 'check')]",0.0,1866.0,0.0,tie,showdown,False,2,114.0,114.0,rock
2743,q,q,check,['check'],"[('p1', 'check'), ('p2', 'check')]",0.0,1866.0,0.0,tie,showdown,False,2,114.0,114.0,rock
2744,j,q,min_raise,['min_raise'],"[('p1', 'min_raise'), ('p2', 'fold')]",6.0,1872.0,18.0,p1,fold,True,2,108.0,114.0,rock
2745,j,j,min_raise,['min_raise'],"[('p1', 'min_raise'), ('p2', 'fold')]",6.0,1878.0,18.0,p1,fold,True,2,108.0,114.0,rock
2746,q,j,check,['check'],"[('p1', 'check'), ('p2', 'check')]",6.0,1884.0,12.0,p1,showdown,False,2,114.0,114.0,rock
2747,j,k,min_raise,['min_raise'],"[('p1', 'min_raise'), ('p2', 'call')]",-12.0,1872.0,24.0,p2,showdown,True,2,108.0,114.0,rock
2748,k,q,check,['check'],"[('p1', 'check'), ('p2', 'check')]",6.0,1878.0,12.0,p1,showdown,False,2,114.0,114.0,rock
2749,q,k,check,"['check', 'fold']","[('p1', 'check'), ('p2', 'max_raise'), ('p1', 'fold')]",-6.0,1872.0,24.0,p2,fold,False,3,114.0,102.0,rock
2750,k,q,check,['check'],"[('p1', 'check'), ('p2', 'check')]",6.0,1878.0,12.0,p1,showdown,False,2,114.0,114.0,rock
2751,k,k,check,"['check', 'call']","[('p1', 'check'), ('p2', 'max_raise'), ('p1', 'call')]",0.0,1878.0,0.0,tie,showdown,False,3,114.0,102.0,rock
2752,k,j,check,['check'],"[('p1', 'check'), ('p2', 'check')]",6.0,1884.0,12.0,p1,showdown,False,2,114.0,114.0,rock
2753,k,k,check,"['check', 'call']","[('p1', 'check'), ('p2', 'max_raise'), ('p1', 'call')]",0.0,1884.0,0.0,tie,showdown,False,3,114.0,102.0,rock
2754,q,k,check,"['check', 'fold']","[('p1', 'check'), ('p2', 'max_raise'), ('p1', 'fold')]",-6.0,1878.0,24.0,p2,fold,False,3,114.0,102.0,rock
2755,q,j,check,['check'],"[('p1', 'check'), ('p2', 'check')]",6.0,1884.0,12.0,p1,showdown,False,2,114.0,114.0,rock
2756,q,q,check,['check'],"[('p1', 'check'), ('p2', 'check')]",0.0,1884.0,0.0,tie,showdown,False,2,114.0,114.0,rock
2757,k,j,check,['check'],"[('p1', 'check'), ('p2', 'check')]",6.0,1890.0,12.0,p1,showdown,False,2,114.0,114.0,rock
2758,q,q,check,['check'],"[('p1', 'check'), ('p2', 'check')]",0.0,1890.0,0.0,tie,showdown,False,2,114.0,114.0,rock
2759,k,k,check,"['check', 'call']","[('p1', 'check'), ('p2', 'max_raise'), ('p1', 'call')]",0.0,1890.0,0.0,tie,showdown,False,3,114.0,102.0,rock
2760,q,k,check,"['check', 'fold']","[('p1', 'check'), ('p2', 'max_raise'), ('p1', 'fold')]",-6.0,1884.0,24.0,p2,fold,False,3,114.0,102.0,rock
2761,k,j,check,['check'],"[('p1', 'check'), ('p2', 'check')]",6.0,1890.0,12.0,p1,showdown,False,2,114.0,114.0,rock
2762,q,q,check,['check'],"[('p1', 'check'), ('p2', 'check')]",0.0,1890.0,0.0,tie,showdown,False,2,114.0,114.0,rock
2763,j,j,min_raise,['min_raise'],"[('p1', 'min_raise'), ('p2', 'fold')]",6.0,1896.0,18.0,p1,fold,True,2,108.0,114.0,rock
2764,q,k,check,"['check', 'fold']","[('p1', 'check'), ('p2', 'max_raise'), ('p1', 'fold')]",-6.0,1890.0,24.0,p2,fold,False,3,114.0,102.0,rock
2765,j,k,min_raise,['min_raise'],"[('p1', 'min_raise'), ('p2', 'call')]",-12.0,1878.0,24.0,p2,showdown,True,2,108.0,114.0,rock
2766,j,q,check,['check'],"[('p1', 'check'), ('p2', 'check')]",-6.0,1872.0,12.0,p2,showdown,False,2,114.0,114.0,rock
2767,k,j,check,['check'],"[('p1', 'check'), ('p2', 'check')]",6.0,1878.0,12.0,p1,showdown,False,2,114.0,114.0,rock
2768,k,k,check,"['check', 'call']","[('p1', 'check'), ('p2', 'max_raise'), ('p1', 'call')]",0.0,1878.0,0.0,tie,showdown,False,3,114.0,102.0,rock
2769,j,k,min_raise,['min_raise'],"[('p1', 'min_raise'), ('p2', 'call')]",-12.0,1866.0,24.0,p2,showdown,True,2,108.0,114.0,rock
2770,k,j,check,['check'],"[('p1', 'check'), ('p2', 'check')]",6.0,1872.0,12.0,p1,showdown,False,2,114.0,114.0,rock
2771,q,k,check,"['check', 'fold']","[('p1', 'check'), ('p2', 'max_raise'), ('p1', 'fold')]",-6.0,1866.0,24.0,p2,fold,False,3,114.0,102.0,rock
2772,j,k,min_raise,['min_raise'],"[('p1', 'min_raise'), ('p2', 'call')]",-12.0,1854.0,24.0,p2,showdown,True,2,108.0,114.0,rock
2773,q,q,check,['check'],"[('p1', 'check'), ('p2', 'check')]",0.0,1854.0,0.0,tie,showdown,False,2,114.0,114.0,rock
2774,q,j,check,['check'],"[('p1', 'check'), ('p2', 'check')]",6.0,1860.0,12.0,p1,showdown,False,2,114.0,114.0,rock
2775,q,k,check,"['check', 'fold']","[('p1', 'check'), ('p2', 'max_raise'), ('p1', 'fold')]",-6.0,1854.0,24.0,p2,fold,False,3,114.0,102.0,rock
2776,q,q,check,['check'],"[('p1', 'check'), ('p2', 'check')]",0.0,1854.0,0.0,tie,showdown,False,2,114.0,114.0,rock
2777,j,j,min_raise,['min_raise'],"[('p1', 'min_raise'), ('p2', 'fold')]",6.0,1860.0,18.0,p1,fold,True,2,108.0,114.0,rock
2778,k,k,check,"['check', 'call']","[('p1', 'check'), ('p2', 'max_raise'), ('p1', 'call')]",0.0,1860.0,0.0,tie,showdown,False,3,114.0,102.0,rock
2779,k,q,check,['check'],"[('p1', 'check'), ('p2', 'check')]",6.0,1866.0,12.0,p1,showdown,False,2,114.0,114.0,rock
2780,k,k,check,"['check', 'call']","[('p1', 'check'), ('p2', 'max_raise'), ('p1', 'call')]",0.0,1866.0,0.0,tie,showdown,False,3,114.0,102.0,rock
2781,k,q,check,['check'],"[('p1', 'check'), ('p2', 'check')]",6.0,1872.0,12.0,p1,showdown,False,2,114.0,114.0,rock
2782,k,k,check,"['check', 'call']","[('p1', 'check'), ('p2', 'max_raise'), ('p1', 'call')]",0.0,1872.0,0.0,tie,showdown,False,3,114.0,102.0,rock
2783,q,j,check,['check'],"[('p1', 'check'), ('p2', 'check')]",6.0,1878.0,12.0,p1,showdown,False,2,114.0,114.0,rock
2784,q,j,check,['check'],"[('p1', 'check'), ('p2', 'check')]",6.0,1884.0,12.0,p1,showdown,False,2,114.0,114.0,rock
2785,q,j,check,['check'],"[('p1', 'check'), ('p2', 'check')]",6.0,1890.0,12.0,p1,showdown,False,2,114.0,114.0,rock
2786,j,j,min_raise,['min_raise'],"[('p1', 'min_raise'), ('p2', 'fold')]",6.0,1896.0,18.0,p1,fold,True,2,108.0,114.0,rock
2787,j,k,min_raise,['min_raise'],"[('p1', 'min_raise'), ('p2', 'call')]",-12.0,1884.0,24.0,p2,showdown,True,2,108.0,114.0,rock
2788,q,k,check,"['check', 'fold']","[('p1', 'check'), ('p2', 'max_raise'), ('p1', 'fold')]",-6.0,1878.0,24.0,p2,fold,False,3,114.0,102.0,rock
2789,j,k,min_raise,['min_raise'],"[('p1', 'min_raise'), ('p2', 'call')]",-12.0,1866.0,24.0,p2,showdown,True,2,108.0,114.0,rock
2790,k,k,check,"['check', 'call']","[('p1', 'check'), ('p2', 'max_raise'), ('p1', 'call')]",0.0,1866.0,0.0,tie,showdown,False,3,114.0,102.0,rock
2791,k,q,check,['check'],"[('p1', 'check'), ('p2', 'check')]",6.0,1872.0,12.0,p1,showdown,False,2,114.0,114.0,rock
2792,k,q,check,['check'],"[('p1', 'check'), ('p2', 'check')]",6.0,1878.0,12.0,p1,showdown,False,2,114.0,114.0,rock
2793,k,q,check,['check'],"[('p1', 'check'), ('p2', 'check')]",6.0,1884.0,12.0,p1,showdown,False,2,114.0,114.0,rock
2794,q,q,check,['check'],"[('p1', 'check'), ('p2', 'check')]",0.0,1884.0,0.0,tie,showdown,False,2,114.0,114.0,rock
2795,k,j,check,['check'],"[('p1', 'check'), ('p2', 'check')]",6.0,1890.0,12.0,p1,showdown,False,2,114.0,114.0,rock
2796,j,q,min_raise,['min_raise'],"[('p1', 'min_raise'), ('p2', 'fold')]",6.0,1896.0,18.0,p1,fold,True,2,108.0,114.0,rock
2797,j,q,min_raise,['min_raise'],"[('p1', 'min_raise'), ('p2', 'fold')]",6.0,1902.0,18.0,p1,fold,True,2,108.0,114.0,rock
2798,q,j,check,['check'],"[('p1', 'check'), ('p2', 'check')]",6.0,1908.0,12.0,p1,showdown,False,2,114.0,114.0,rock
2799,j,q,min_raise,['min_raise'],"[('p1', 'min_raise'), ('p2', 'fold')]",6.0,1914.0,18.0,p1,fold,True,2,108.0,114.0,rock
2800,j,j,min_raise,['min_raise'],"[('p1', 'min_raise'), ('p2', 'fold')]",6.0,1920.0,18.0,p1,fold,True,2,108.0,114.0,rock
2801,k,j,check,['check'],"[('p1', 'check'), ('p2', 'check')]",6.0,1926.0,12.0,p1,showdown,False,2,114.0,114.0,rock
2802,q,q,check,['check'],"[('p1', 'check'), ('p2', 'check')]",0.0,1926.0,0.0,tie,showdown,False,2,114.0,114.0,rock
2803,j,q,min_raise,['min_raise'],"[('p1', 'min_raise'), ('p2', 'fold')]",6.0,1932.0,18.0,p1,fold,True,2,108.0,114.0,rock
2804,q,j,check,['check'],"[('p1', 'check'), ('p2', 'check')]",6.0,1938.0,12.0,p1,showdown,False,2,114.0,114.0,rock
2805,j,q,min_raise,['min_raise'],"[('p1', 'min_raise'), ('p2', 'fold')]",6.0,1944.0,18.0,p1,fold,True,2,108.0,114.0,rock
2806,q,q,check,['check'],"[('p1', 'check'), ('p2', 'check')]",0.0,1944.0,0.0,tie,showdown,False,2,114.0,114.0,rock
2807,j,k,check,"['check', 'fold']","[('p1', 'check'), ('p2', 'max_raise'), ('p1', 'fold')]",-6.0,1938.0,24.0,p2,fold,False,3,114.0,102.0,rock
2808,j,q,min_raise,['min_raise'],"[('p1', 'min_raise'), ('p2', 'fold')]",6.0,1944.0,18.0,p1,fold,True,2,108.0,114.0,rock
2809,k,k,check,"['check', 'call']","[('p1', 'check'), ('p2', 'max_raise'), ('p1', 'call')]",0.0,1944.0,0.0,tie,showdown,False,3,114.0,102.0,rock
2810,q,k,check,"['check', 'fold']","[('p1', 'check'), ('p2', 'max_raise'), ('p1', 'fold')]",-6.0,1938.0,24.0,p2,fold,False,3,114.0,102.0,rock
2811,k,k,check,"['check', 'call']","[('p1', 'check'), ('p2', 'max_raise'), ('p1', 'call')]",0.0,1938.0,0.0,tie,showdown,False,3,114.0,102.0,rock
2812,j,q,min_raise,['min_raise'],"[('p1', 'min_raise'), ('p2', 'fold')]",6.0,1944.0,18.0,p1,fold,True,2,108.0,114.0,rock
2813,k,k,check,"['check', 'call']","[('p1', 'check'), ('p2', 'max_raise'), ('p1', 'call')]",0.0,1944.0,0.0,tie,showdown,False,3,114.0,102.0,rock
2814,k,j,check,['check'],"[('p1', 'check'), ('p2', 'check')]",6.0,1950.0,12.0,p1,showdown,False,2,114.0,114.0,rock
2815,j,j,min_raise,['min_raise'],"[('p1', 'min_raise'), ('p2', 'fold')]",6.0,1956.0,18.0,p1,fold,True,2,108.0,114.0,rock
2816,k,q,check,['check'],"[('p1', 'check'), ('p2', 'check')]",6.0,1962.0,12.0,p1,showdown,False,2,114.0,114.0,rock
2817,j,k,min_raise,['min_raise'],"[('p1', 'min_raise'), ('p2', 'call')]",-12.0,1950.0,24.0,p2,showdown,True,2,108.0,114.0,rock
2818,k,k,check,"['check', 'call']","[('p1', 'check'), ('p2', 'max_raise'), ('p1', 'call')]",0.0,1950.0,0.0,tie,showdown,False,3,114.0,102.0,rock
2819,q,j,check,['check'],"[('p1', 'check'), ('p2', 'check')]",6.0,1956.0,12.0,p1,showdown,False,2,114.0,114.0,rock
2820,k,q,check,['check'],"[('p1', 'check'), ('p2', 'check')]",6.0,1962.0,12.0,p1,showdown,False,2,114.0,114.0,rock
2821,k,j,check,['check'],"[('p1', 'check'), ('p2', 'check')]",6.0,1968.0,12.0,p1,showdown,False,2,114.0,114.0,rock
2822,j,q,min_raise,['min_raise'],"[('p1', 'min_raise'), ('p2', 'fold')]",6.0,1974.0,18.0,p1,fold,True,2,108.0,114.0,rock
2823,j,j,min_raise,['min_raise'],"[('p1', 'min_raise'), ('p2', 'fold')]",6.0,1980.0,18.0,p1,fold,True,2,108.0,114.0,rock
2824,j,j,min_raise,['min_raise'],"[('p1', 'min_raise'), ('p2', 'fold')]",6.0,1986.0,18.0,p1,fold,True,2,108.0,114.0,rock
2825,q,q,check,['check'],"[('p1', 'check'), ('p2', 'check')]",0.0,1986.0,0.0,tie,showdown,False,2,114.0,114.0,rock
2826,q,k,check,"['check', 'fold']","[('p1', 'check'), ('p2', 'max_raise'), ('p1', 'fold')]",-6.0,1980.0,24.0,p2,fold,False,3,114.0,102.0,rock
2827,k,q,check,['check'],"[('p1', 'check'), ('p2', 'check')]",6.0,1986.0,12.0,p1,showdown,False,2,114.0,114.0,rock
2828,k,j,check,['check'],"[('p1', 'check'), ('p2', 'check')]",6.0,1992.0,12.0,p1,showdown,False,2,114.0,114.0,rock
2829,q,q,check,['check'],"[('p1', 'check'), ('p2', 'check')]",0.0,1992.0,0.0,tie,showdown,False,2,114.0,114.0,rock
2830,j,k,min_raise,['min_raise'],"[('p1', 'min_raise'), ('p2', 'call')]",-12.0,1980.0,24.0,p2,showdown,True,2,108.0,114.0,rock
2831,q,q,check,['check'],"[('p1', 'check'), ('p2', 'check')]",0.0,1980.0,0.0,tie,showdown,False,2,114.0,114.0,rock
2832,q,j,check,['check'],"[('p1', 'check'), ('p2', 'check')]",6.0,1986.0,12.0,p1,showdown,False,2,114.0,114.0,rock
2833,k,q,check,['check'],"[('p1', 'check'), ('p2', 'check')]",6.0,1992.0,12.0,p1,showdown,False,2,114.0,114.0,rock
2834,j,j,min_raise,['min_raise'],"[('p1', 'min_raise'), ('p2', 'fold')]",6.0,1998.0,18.0,p1,fold,True,2,108.0,114.0,rock
2835,k,j,check,['check'],"[('p1', 'check'), ('p2', 'check')]",6.0,2004.0,12.0,p1,showdown,False,2,114.0,114.0,rock
2836,j,j,min_raise,['min_raise'],"[('p1', 'min_raise'), ('p2', 'fold')]",6.0,2010.0,18.0,p1,fold,True,2,108.0,114.0,rock
2837,j,q,min_raise,['min_raise'],"[('p1', 'min_raise'), ('p2', 'fold')]",6.0,2016.0,18.0,p1,fold,True,2,108.0,114.0,rock
2838,j,k,min_raise,['min_raise'],"[('p1', 'min_raise'), ('p2', 'call')]",-12.0,2004.0,24.0,p2,showdown,True,2,108.0,114.0,rock
2839,q,k,check,"['check', 'fold']","[('p1', 'check'), ('p2', 'max_raise'), ('p1', 'fold')]",-6.0,1998.0,24.0,p2,fold,False,3,114.0,102.0,rock
2840,k,q,check,['check'],"[('p1', 'check'), ('p2', 'check')]",6.0,2004.0,12.0,p1,showdown,False,2,114.0,114.0,rock
2841,k,q,check,['check'],"[('p1', 'check'), ('p2', 'check')]",6.0,2010.0,12.0,p1,showdown,False,2,114.0,114.0,rock
2842,k,q,check,['check'],"[('p1', 'check'), ('p2', 'check')]",6.0,2016.0,12.0,p1,showdown,False,2,114.0,114.0,rock
2843,q,j,check,['check'],"[('p1', 'check'), ('p2', 'check')]",6.0,2022.0,12.0,p1,showdown,False,2,114.0,114.0,rock
2844,k,j,check,['check'],"[('p1', 'check'), ('p2', 'check')]",6.0,2028.0,12.0,p1,showdown,False,2,114.0,114.0,rock
2845,k,j,check,['check'],"[('p1', 'check'), ('p2', 'check')]",6.0,2034.0,12.0,p1,showdown,False,2,114.0,114.0,rock
2846,q,j,check,['check'],"[('p1', 'check'), ('p2', 'check')]",6.0,2040.0,12.0,p1,showdown,False,2,114.0,114.0,rock
2847,q,j,check,['check'],"[('p1', 'check'), ('p2', 'check')]",6.0,2046.0,12.0,p1,showdown,False,2,114.0,114.0,rock
2848,j,q,min_raise,['min_raise'],"[('p1', 'min_raise'), ('p2', 'fold')]",6.0,2052.0,18.0,p1,fold,True,2,108.0,114.0,rock
2849,k,k,check,"['check', 'call']","[('p1', 'check'), ('p2', 'max_raise'), ('p1', 'call')]",0.0,2052.0,0.0,tie,showdown,False,3,114.0,102.0,rock
2850,q,k,check,"['check', 'fold']","[('p1', 'check'), ('p2', 'max_raise'), ('p1', 'fold')]",-6.0,2046.0,24.0,p2,fold,False,3,114.0,102.0,rock
2851,j,q,min_raise,['min_raise'],"[('p1', 'min_raise'), ('p2', 'fold')]",6.0,2052.0,18.0,p1,fold,True,2,108.0,114.0,rock
2852,k,j,check,['check'],"[('p1', 'check'), ('p2', 'check')]",6.0,2058.0,12.0,p1,showdown,False,2,114.0,114.0,rock
2853,j,j,min_raise,['min_raise'],"[('p1', 'min_raise'), ('p2', 'fold')]",6.0,2064.0,18.0,p1,fold,True,2,108.0,114.0,rock
2854,k,q,check,['check'],"[('p1', 'check'), ('p2', 'check')]",6.0,2070.0,12.0,p1,showdown,False,2,114.0,114.0,rock
2855,q,k,check,"['check', 'fold']","[('p1', 'check'), ('p2', 'max_raise'), ('p1', 'fold')]",-6.0,2064.0,24.0,p2,fold,False,3,114.0,102.0,rock
2856,j,j,min_raise,['min_raise'],"[('p1', 'min_raise'), ('p2', 'fold')]",6.0,2070.0,18.0,p1,fold,True,2,108.0,114.0,rock
2857,q,k,check,"['check', 'fold']","[('p1', 'check'), ('p2', 'max_raise'), ('p1', 'fold')]",-6.0,2064.0,24.0,p2,fold,False,3,114.0,102.0,rock
2858,k,q,check,['check'],"[('p1', 'check'), ('p2', 'check')]",6.0,2070.0,12.0,p1,showdown,False,2,114.0,114.0,rock
2859,q,q,check,['check'],"[('p1', 'check'), ('p2', 'check')]",0.0,2070.0,0.0,tie,showdown,False,2,114.0,114.0,rock
2860,j,q,min_raise,['min_raise'],"[('p1', 'min_raise'), ('p2', 'fold')]",6.0,2076.0,18.0,p1,fold,True,2,108.0,114.0,rock
2861,k,k,check,"['check', 'call']","[('p1', 'check'), ('p2', 'max_raise'), ('p1', 'call')]",0.0,2076.0,0.0,tie,showdown,False,3,114.0,102.0,rock
2862,q,k,check,"['check', 'fold']","[('p1', 'check'), ('p2', 'max_raise'), ('p1', 'fold')]",-6.0,2070.0,24.0,p2,fold,False,3,114.0,102.0,rock
2863,j,k,min_raise,['min_raise'],"[('p1', 'min_raise'), ('p2', 'call')]",-12.0,2058.0,24.0,p2,showdown,True,2,108.0,114.0,rock
2864,q,q,check,['check'],"[('p1', 'check'), ('p2', 'check')]",0.0,2058.0,0.0,tie,showdown,False,2,114.0,114.0,rock
2865,q,q,check,['check'],"[('p1', 'check'), ('p2', 'check')]",0.0,2058.0,0.0,tie,showdown,False,2,114.0,114.0,rock
2866,q,j,check,['check'],"[('p1', 'check'), ('p2', 'check')]",6.0,2064.0,12.0,p1,showdown,False,2,114.0,114.0,rock
2867,j,k,min_raise,['min_raise'],"[('p1', 'min_raise'), ('p2', 'call')]",-12.0,2052.0,24.0,p2,showdown,True,2,108.0,114.0,rock
2868,q,k,check,"['check', 'fold']","[('p1', 'check'), ('p2', 'max_raise'), ('p1', 'fold')]",-6.0,2046.0,24.0,p2,fold,False,3,114.0,102.0,rock
2869,k,k,check,"['check', 'call']","[('p1', 'check'), ('p2', 'max_raise'), ('p1', 'call')]",0.0,2046.0,0.0,tie,showdown,False,3,114.0,102.0,rock
2870,j,q,min_raise,['min_raise'],"[('p1', 'min_raise'), ('p2', 'fold')]",6.0,2052.0,18.0,p1,fold,True,2,108.0,114.0,rock
2871,k,j,check,['check'],"[('p1', 'check'), ('p2', 'check')]",6.0,2058.0,12.0,p1,showdown,False,2,114.0,114.0,rock
2872,q,k,check,"['check', 'fold']","[('p1', 'check'), ('p2', 'max_raise'), ('p1', 'fold')]",-6.0,2052.0,24.0,p2,fold,False,3,114.0,102.0,rock
2873,j,q,min_raise,['min_raise'],"[('p1', 'min_raise'), ('p2', 'fold')]",6.0,2058.0,18.0,p1,fold,True,2,108.0,114.0,rock
2874,q,q,check,['check'],"[('p1', 'check'), ('p2', 'check')]",0.0,2058.0,0.0,tie,showdown,False,2,114.0,114.0,rock
2875,q,k,check,"['check', 'fold']","[('p1', 'check'), ('p2', 'max_raise'), ('p1', 'fold')]",-6.0,2052.0,24.0,p2,fold,False,3,114.0,102.0,rock
2876,q,j,check,['check'],"[('p1', 'check'), ('p2', 'check')]",6.0,2058.0,12.0,p1,showdown,False,2,114.0,114.0,rock
2877,j,k,min_raise,['min_raise'],"[('p1', 'min_raise'), ('p2', 'call')]",-12.0,2046.0,24.0,p2,showdown,True,2,108.0,114.0,rock
2878,q,q,check,['check'],"[('p1', 'check'), ('p2', 'check')]",0.0,2046.0,0.0,tie,showdown,False,2,114.0,114.0,rock
2879,q,q,check,['check'],"[('p1', 'check'), ('p2', 'check')]",0.0,2046.0,0.0,tie,showdown,False,2,114.0,114.0,rock
2880,k,q,check,['check'],"[('p1', 'check'), ('p2', 'check')]",6.0,2052.0,12.0,p1,showdown,False,2,114.0,114.0,rock
2881,k,j,check,['check'],"[('p1', 'check'), ('p2', 'check')]",6.0,2058.0,12.0,p1,showdown,False,2,114.0,114.0,rock
2882,j,q,min_raise,['min_raise'],"[('p1', 'min_raise'), ('p2', 'fold')]",6.0,2064.0,18.0,p1,fold,True,2,108.0,114.0,rock
2883,k,q,check,['check'],"[('p1', 'check'), ('p2', 'check')]",6.0,2070.0,12.0,p1,showdown,False,2,114.0,114.0,rock
2884,q,j,check,['check'],"[('p1', 'check'), ('p2', 'check')]",6.0,2076.0,12.0,p1,showdown,False,2,114.0,114.0,rock
2885,k,q,check,['check'],"[('p1', 'check'), ('p2', 'check')]",6.0,2082.0,12.0,p1,showdown,False,2,114.0,114.0,rock
2886,q,k,check,"['check', 'fold']","[('p1', 'check'), ('p2', 'max_raise'), ('p1', 'fold')]",-6.0,2076.0,24.0,p2,fold,False,3,114.0,102.0,rock
2887,q,j,check,['check'],"[('p1', 'check'), ('p2', 'check')]",6.0,2082.0,12.0,p1,showdown,False,2,114.0,114.0,rock
2888,k,q,check,['check'],"[('p1', 'check'), ('p2', 'check')]",6.0,2088.0,12.0,p1,showdown,False,2,114.0,114.0,rock
2889,j,q,min_raise,['min_raise'],"[('p1', 'min_raise'), ('p2', 'fold')]",6.0,2094.0,18.0,p1,fold,True,2,108.0,114.0,rock
2890,k,k,check,"['check', 'call']","[('p1', 'check'), ('p2', 'max_raise'), ('p1', 'call')]",0.0,2094.0,0.0,tie,showdown,False,3,114.0,102.0,rock
2891,q,q,check,['check'],"[('p1', 'check'), ('p2', 'check')]",0.0,2094.0,0.0,tie,showdown,False,2,114.0,114.0,rock
2892,k,q,check,['check'],"[('p1', 'check'), ('p2', 'check')]",6.0,2100.0,12.0,p1,showdown,False,2,114.0,114.0,rock
2893,j,j,min_raise,['min_raise'],"[('p1', 'min_raise'), ('p2', 'fold')]",6.0,2106.0,18.0,p1,fold,True,2,108.0,114.0,rock
2894,k,j,check,['check'],"[('p1', 'check'), ('p2', 'check')]",6.0,2112.0,12.0,p1,showdown,False,2,114.0,114.0,rock
2895,k,j,check,['check'],"[('p1', 'check'), ('p2', 'check')]",6.0,2118.0,12.0,p1,showdown,False,2,114.0,114.0,rock
2896,k,j,check,['check'],"[('p1', 'check'), ('p2', 'check')]",6.0,2124.0,12.0,p1,showdown,False,2,114.0,114.0,rock
2897,q,q,check,['check'],"[('p1', 'check'), ('p2', 'check')]",0.0,2124.0,0.0,tie,showdown,False,2,114.0,114.0,rock
2898,k,q,check,['check'],"[('p1', 'check'), ('p2', 'check')]",6.0,2130.0,12.0,p1,showdown,False,2,114.0,114.0,rock
2899,k,j,check,['check'],"[('p1', 'check'), ('p2', 'check')]",6.0,2136.0,12.0,p1,showdown,False,2,114.0,114.0,rock
2900,q,k,check,"['check', 'fold']","[('p1', 'check'), ('p2', 'max_raise'), ('p1', 'fold')]",-6.0,2130.0,24.0,p2,fold,False,3,114.0,102.0,rock
2901,k,k,check,"['check', 'call']","[('p1', 'check'), ('p2', 'max_raise'), ('p1', 'call')]",0.0,2130.0,0.0,tie,showdown,False,3,114.0,102.0,rock
2902,k,j,check,['check'],"[('p1', 'check'), ('p2', 'check')]",6.0,2136.0,12.0,p1,showdown,False,2,114.0,114.0,rock
2903,j,k,min_raise,['min_raise'],"[('p1', 'min_raise'), ('p2', 'call')]",-12.0,2124.0,24.0,p2,showdown,True,2,108.0,114.0,rock
2904,k,j,check,['check'],"[('p1', 'check'), ('p2', 'check')]",6.0,2130.0,12.0,p1,showdown,False,2,114.0,114.0,rock
2905,j,j,min_raise,['min_raise'],"[('p1', 'min_raise'), ('p2', 'fold')]",6.0,2136.0,18.0,p1,fold,True,2,108.0,114.0,rock
2906,q,q,check,['check'],"[('p1', 'check'), ('p2', 'check')]",0.0,2136.0,0.0,tie,showdown,False,2,114.0,114.0,rock
2907,k,k,check,"['check', 'call']","[('p1', 'check'), ('p2', 'max_raise'), ('p1', 'call')]",0.0,2136.0,0.0,tie,showdown,False,3,114.0,102.0,rock
2908,k,q,check,['check'],"[('p1', 'check'), ('p2', 'check')]",6.0,2142.0,12.0,p1,showdown,False,2,114.0,114.0,rock
2909,j,q,min_raise,['min_raise'],"[('p1', 'min_raise'), ('p2', 'fold')]",6.0,2148.0,18.0,p1,fold,True,2,108.0,114.0,rock
2910,k,j,check,['check'],"[('p1', 'check'), ('p2', 'check')]",6.0,2154.0,12.0,p1,showdown,False,2,114.0,114.0,rock
2911,j,j,min_raise,['min_raise'],"[('p1', 'min_raise'), ('p2', 'fold')]",6.0,2160.0,18.0,p1,fold,True,2,108.0,114.0,rock
2912,q,k,check,"['check', 'fold']","[('p1', 'check'), ('p2', 'max_raise'), ('p1', 'fold')]",-6.0,2154.0,24.0,p2,fold,False,3,114.0,102.0,rock
2913,q,j,check,['check'],"[('p1', 'check'), ('p2', 'check')]",6.0,2160.0,12.0,p1,showdown,False,2,114.0,114.0,rock
2914,k,j,check,['check'],"[('p1', 'check'), ('p2', 'check')]",6.0,2166.0,12.0,p1,showdown,False,2,114.0,114.0,rock
2915,k,q,check,['check'],"[('p1', 'check'), ('p2', 'check')]",6.0,2172.0,12.0,p1,showdown,False,2,114.0,114.0,rock
2916,q,j,check,['check'],"[('p1', 'check'), ('p2', 'check')]",6.0,2178.0,12.0,p1,showdown,False,2,114.0,114.0,rock
2917,k,q,check,['check'],"[('p1', 'check'), ('p2', 'check')]",6.0,2184.0,12.0,p1,showdown,False,2,114.0,114.0,rock
2918,k,j,check,['check'],"[('p1', 'check'), ('p2', 'check')]",6.0,2190.0,12.0,p1,showdown,False,2,114.0,114.0,rock
2919,q,j,check,['check'],"[('p1', 'check'), ('p2', 'check')]",6.0,2196.0,12.0,p1,showdown,False,2,114.0,114.0,rock
2920,q,j,check,['check'],"[('p1', 'check'), ('p2', 'check')]",6.0,2202.0,12.0,p1,showdown,False,2,114.0,114.0,rock
2921,k,j,check,['check'],"[('p1', 'check'), ('p2', 'check')]",6.0,2208.0,12.0,p1,showdown,False,2,114.0,114.0,rock
2922,j,k,min_raise,['min_raise'],"[('p1', 'min_raise'), ('p2', 'call')]",-12.0,2196.0,24.0,p2,showdown,True,2,108.0,114.0,rock
2923,q,j,check,['check'],"[('p1', 'check'), ('p2', 'check')]",6.0,2202.0,12.0,p1,showdown,False,2,114.0,114.0,rock
2924,j,k,min_raise,['min_raise'],"[('p1', 'min_raise'), ('p2', 'call')]",-12.0,2190.0,24.0,p2,showdown,True,2,108.0,114.0,rock
2925,q,q,check,['check'],"[('p1', 'check'), ('p2', 'check')]",0.0,2190.0,0.0,tie,showdown,False,2,114.0,114.0,rock
2926,k,k,check,"['check', 'call']","[('p1', 'check'), ('p2', 'max_raise'), ('p1', 'call')]",0.0,2190.0,0.0,tie,showdown,False,3,114.0,102.0,rock
2927,j,q,min_raise,['min_raise'],"[('p1', 'min_raise'), ('p2', 'fold')]",6.0,2196.0,18.0,p1,fold,True,2,108.0,114.0,rock
2928,q,k,check,"['check', 'fold']","[('p1', 'check'), ('p2', 'max_raise'), ('p1', 'fold')]",-6.0,2190.0,24.0,p2,fold,False,3,114.0,102.0,rock
2929,j,q,min_raise,['min_raise'],"[('p1', 'min_raise'), ('p2', 'fold')]",6.0,2196.0,18.0,p1,fold,True,2,108.0,114.0,rock
2930,j,q,min_raise,['min_raise'],"[('p1', 'min_raise'), ('p2', 'fold')]",6.0,2202.0,18.0,p1,fold,True,2,108.0,114.0,rock
2931,q,j,check,['check'],"[('p1', 'check'), ('p2', 'check')]",6.0,2208.0,12.0,p1,showdown,False,2,114.0,114.0,rock
2932,q,k,check,"['check', 'fold']","[('p1', 'check'), ('p2', 'max_raise'), ('p1', 'fold')]",-6.0,2202.0,24.0,p2,fold,False,3,114.0,102.0,rock
2933,j,q,min_raise,['min_raise'],"[('p1', 'min_raise'), ('p2', 'fold')]",6.0,2208.0,18.0,p1,fold,True,2,108.0,114.0,rock
2934,j,q,min_raise,['min_raise'],"[('p1', 'min_raise'), ('p2', 'fold')]",6.0,2214.0,18.0,p1,fold,True,2,108.0,114.0,rock
2935,q,k,check,"['check', 'fold']","[('p1', 'check'), ('p2', 'max_raise'), ('p1', 'fold')]",-6.0,2208.0,24.0,p2,fold,False,3,114.0,102.0,rock
2936,q,k,check,"['check', 'fold']","[('p1', 'check'), ('p2', 'max_raise'), ('p1', 'fold')]",-6.0,2202.0,24.0,p2,fold,False,3,114.0,102.0,rock
2937,j,k,min_raise,['min_raise'],"[('p1', 'min_raise'), ('p2', 'call')]",-12.0,2190.0,24.0,p2,showdown,True,2,108.0,114.0,rock
2938,k,j,check,['check'],"[('p1', 'check'), ('p2', 'check')]",6.0,2196.0,12.0,p1,showdown,False,2,114.0,114.0,rock
2939,q,j,check,['check'],"[('p1', 'check'), ('p2', 'check')]",6.0,2202.0,12.0,p1,showdown,False,2,114.0,114.0,rock
2940,k,q,check,['check'],"[('p1', 'check'), ('p2', 'check')]",6.0,2208.0,12.0,p1,showdown,False,2,114.0,114.0,rock
2941,j,k,min_raise,['min_raise'],"[('p1', 'min_raise'), ('p2', 'call')]",-12.0,2196.0,24.0,p2,showdown,True,2,108.0,114.0,rock
2942,k,j,check,['check'],"[('p1', 'check'), ('p2', 'check')]",6.0,2202.0,12.0,p1,showdown,False,2,114.0,114.0,rock
2943,q,k,check,"['check', 'fold']","[('p1', 'check'), ('p2', 'max_raise'), ('p1', 'fold')]",-6.0,2196.0,24.0,p2,fold,False,3,114.0,102.0,rock
2944,q,k,check,"['check', 'fold']","[('p1', 'check'), ('p2', 'max_raise'), ('p1', 'fold')]",-6.0,2190.0,24.0,p2,fold,False,3,114.0,102.0,rock
2945,q,k,check,"['check', 'fold']","[('p1', 'check'), ('p2', 'max_raise'), ('p1', 'fold')]",-6.0,2184.0,24.0,p2,fold,False,3,114.0,102.0,rock
2946,k,j,check,['check'],"[('p1', 'check'), ('p2', 'check')]",6.0,2190.0,12.0,p1,showdown,False,2,114.0,114.0,rock
2947,j,j,min_raise,['min_raise'],"[('p1', 'min_raise'), ('p2', 'fold')]",6.0,2196.0,18.0,p1,fold,True,2,108.0,114.0,rock
2948,j,q,min_raise,['min_raise'],"[('p1', 'min_raise'), ('p2', 'fold')]",6.0,2202.0,18.0,p1,fold,True,2,108.0,114.0,rock
2949,j,j,min_raise,['min_raise'],"[('p1', 'min_raise'), ('p2', 'fold')]",6.0,2208.0,18.0,p1,fold,True,2,108.0,114.0,rock
2950,k,j,check,['check'],"[('p1', 'check'), ('p2', 'check')]",6.0,2214.0,12.0,p1,showdown,False,2,114.0,114.0,rock
2951,k,j,check,['check'],"[('p1', 'check'), ('p2', 'check')]",6.0,2220.0,12.0,p1,showdown,False,2,114.0,114.0,rock
2952,j,k,min_raise,['min_raise'],"[('p1', 'min_raise'), ('p2', 'call')]",-12.0,2208.0,24.0,p2,showdown,True,2,108.0,114.0,rock
2953,k,j,check,['check'],"[('p1', 'check'), ('p2', 'check')]",6.0,2214.0,12.0,p1,showdown,False,2,114.0,114.0,rock
2954,j,k,min_raise,['min_raise'],"[('p1', 'min_raise'), ('p2', 'call')]",-12.0,2202.0,24.0,p2,showdown,True,2,108.0,114.0,rock
2955,q,j,check,['check'],"[('p1', 'check'), ('p2', 'check')]",6.0,2208.0,12.0,p1,showdown,False,2,114.0,114.0,rock
2956,q,k,check,"['check', 'fold']","[('p1', 'check'), ('p2', 'max_raise'), ('p1', 'fold')]",-6.0,2202.0,24.0,p2,fold,False,3,114.0,102.0,rock
2957,q,q,check,['check'],"[('p1', 'check'), ('p2', 'check')]",0.0,2202.0,0.0,tie,showdown,False,2,114.0,114.0,rock
2958,j,j,min_raise,['min_raise'],"[('p1', 'min_raise'), ('p2', 'fold')]",6.0,2208.0,18.0,p1,fold,True,2,108.0,114.0,rock
2959,j,k,min_raise,['min_raise'],"[('p1', 'min_raise'), ('p2', 'call')]",-12.0,2196.0,24.0,p2,showdown,True,2,108.0,114.0,rock
2960,q,j,check,['check'],"[('p1', 'check'), ('p2', 'check')]",6.0,2202.0,12.0,p1,showdown,False,2,114.0,114.0,rock
2961,k,q,check,['check'],"[('p1', 'check'), ('p2', 'check')]",6.0,2208.0,12.0,p1,showdown,False,2,114.0,114.0,rock
2962,q,q,check,['check'],"[('p1', 'check'), ('p2', 'check')]",0.0,2208.0,0.0,tie,showdown,False,2,114.0,114.0,rock
2963,k,j,check,['check'],"[('p1', 'check'), ('p2', 'check')]",6.0,2214.0,12.0,p1,showdown,False,2,114.0,114.0,rock
2964,k,k,check,"['check', 'call']","[('p1', 'check'), ('p2', 'max_raise'), ('p1', 'call')]",0.0,2214.0,0.0,tie,showdown,False,3,114.0,102.0,rock
2965,j,k,min_raise,['min_raise'],"[('p1', 'min_raise'), ('p2', 'call')]",-12.0,2202.0,24.0,p2,showdown,True,2,108.0,114.0,rock
2966,j,j,min_raise,['min_raise'],"[('p1', 'min_raise'), ('p2', 'fold')]",6.0,2208.0,18.0,p1,fold,True,2,108.0,114.0,rock
2967,k,q,check,['check'],"[('p1', 'check'), ('p2', 'check')]",6.0,2214.0,12.0,p1,showdown,False,2,114.0,114.0,rock
2968,j,q,min_raise,['min_raise'],"[('p1', 'min_raise'), ('p2', 'fold')]",6.0,2220.0,18.0,p1,fold,True,2,108.0,114.0,rock
2969,j,j,min_raise,['min_raise'],"[('p1', 'min_raise'), ('p2', 'fold')]",6.0,2226.0,18.0,p1,fold,True,2,108.0,114.0,rock
2970,k,q,check,['check'],"[('p1', 'check'), ('p2', 'check')]",6.0,2232.0,12.0,p1,showdown,False,2,114.0,114.0,rock
2971,j,q,min_raise,['min_raise'],"[('p1', 'min_raise'), ('p2', 'fold')]",6.0,2238.0,18.0,p1,fold,True,2,108.0,114.0,rock
2972,q,j,check,['check'],"[('p1', 'check'), ('p2', 'check')]",6.0,2244.0,12.0,p1,showdown,False,2,114.0,114.0,rock
2973,q,j,check,['check'],"[('p1', 'check'), ('p2', 'check')]",6.0,2250.0,12.0,p1,showdown,False,2,114.0,114.0,rock
2974,q,k,check,"['check', 'fold']","[('p1', 'check'), ('p2', 'max_raise'), ('p1', 'fold')]",-6.0,2244.0,24.0,p2,fold,False,3,114.0,102.0,rock
2975,k,q,check,['check'],"[('p1', 'check'), ('p2', 'check')]",6.0,2250.0,12.0,p1,showdown,False,2,114.0,114.0,rock
2976,k,j,check,['check'],"[('p1', 'check'), ('p2', 'check')]",6.0,2256.0,12.0,p1,showdown,False,2,114.0,114.0,rock
2977,j,q,min_raise,['min_raise'],"[('p1', 'min_raise'), ('p2', 'fold')]",6.0,2262.0,18.0,p1,fold,True,2,108.0,114.0,rock
2978,q,j,check,['check'],"[('p1', 'check'), ('p2', 'check')]",6.0,2268.0,12.0,p1,showdown,False,2,114.0,114.0,rock
2979,q,q,check,['check'],"[('p1', 'check'), ('p2', 'check')]",0.0,2268.0,0.0,tie,showdown,False,2,114.0,114.0,rock
2980,j,j,min_raise,['min_raise'],"[('p1', 'min_raise'), ('p2', 'fold')]",6.0,2274.0,18.0,p1,fold,True,2,108.0,114.0,rock
2981,q,q,check,['check'],"[('p1', 'check'), ('p2', 'check')]",0.0,2274.0,0.0,tie,showdown,False,2,114.0,114.0,rock
2982,k,j,check,['check'],"[('p1', 'check'), ('p2', 'check')]",6.0,2280.0,12.0,p1,showdown,False,2,114.0,114.0,rock
2983,k,j,check,['check'],"[('p1', 'check'), ('p2', 'check')]",6.0,2286.0,12.0,p1,showdown,False,2,114.0,114.0,rock
2984,k,j,check,['check'],"[('p1', 'check'), ('p2', 'check')]",6.0,2292.0,12.0,p1,showdown,False,2,114.0,114.0,rock
2985,k,j,check,['check'],"[('p1', 'check'), ('p2', 'check')]",6.0,2298.0,12.0,p1,showdown,False,2,114.0,114.0,rock
2986,j,j,min_raise,['min_raise'],"[('p1', 'min_raise'), ('p2', 'fold')]",6.0,2304.0,18.0,p1,fold,True,2,108.0,114.0,rock
2987,k,q,check,['check'],"[('p1', 'check'), ('p2', 'check')]",6.0,2310.0,12.0,p1,showdown,False,2,114.0,114.0,rock
2988,q,j,check,['check'],"[('p1', 'check'), ('p2', 'check')]",6.0,2316.0,12.0,p1,showdown,False,2,114.0,114.0,rock
2989,k,q,check,['check'],"[('p1', 'check'), ('p2', 'check')]",6.0,2322.0,12.0,p1,showdown,False,2,114.0,114.0,rock
2990,k,k,check,"['check', 'call']","[('p1', 'check'), ('p2', 'max_raise'), ('p1', 'call')]",0.0,2322.0,0.0,tie,showdown,False,3,114.0,102.0,rock
2991,j,k,min_raise,['min_raise'],"[('p1', 'min_raise'), ('p2', 'call')]",-12.0,2310.0,24.0,p2,showdown,True,2,108.0,114.0,rock
2992,q,j,check,['check'],"[('p1', 'check'), ('p2', 'check')]",6.0,2316.0,12.0,p1,showdown,False,2,114.0,114.0,rock
2993,k,j,check,['check'],"[('p1', 'check'), ('p2', 'check')]",6.0,2322.0,12.0,p1,showdown,False,2,114.0,114.0,rock
2994,k,k,check,"['check', 'call']","[('p1', 'check'), ('p2', 'max_raise'), ('p1', 'call')]",0.0,2322.0,0.0,tie,showdown,False,3,114.0,102.0,rock
2995,j,k,min_raise,['min_raise'],"[('p1', 'min_raise'), ('p2', 'call')]",-12.0,2310.0,24.0,p2,showdown,True,2,108.0,114.0,rock
2996,q,k,check,"['check', 'fold']","[('p1', 'check'), ('p2', 'max_raise'), ('p1', 'fold')]",-6.0,2304.0,24.0,p2,fold,False,3,114.0,102.0,rock
2997,k,k,check,"['check', 'call']","[('p1', 'check'), ('p2', 'max_raise'), ('p1', 'call')]",0.0,2304.0,0.0,tie,showdown,False,3,114.0,102.0,rock
2998,j,k,min_raise,['min_raise'],"[('p1', 'min_raise'), ('p2', 'call')]",-12.0,2292.0,24.0,p2,showdown,True,2,108.0,114.0,rock
2999,k,j,check,['check'],"[('p1', 'check'), ('p2', 'check')]",6.0,2298.0,12.0,p1,showdown,False,2,114.0,114.0,rock
3000,k,j,check,['check'],"[('p1', 'check'), ('p2', 'check')]",6.0,2304.0,12.0,p1,showdown,False,2,114.0,114.0,rock
3001,k,j,check,['check'],"[('p1', 'check'), ('p2', 'check')]",6.0,2310.0,12.0,p1,showdown,False,2,114.0,114.0,rock
3002,k,j,check,['check'],"[('p1', 'check'), ('p2', 'check')]",6.0,2316.0,12.0,p1,showdown,False,2,114.0,114.0,rock
3003,q,k,check,"['check', 'fold']","[('p1', 'check'), ('p2', 'max_raise'), ('p1', 'fold')]",-6.0,2310.0,24.0,p2,fold,False,3,114.0,102.0,rock
3004,j,q,min_raise,['min_raise'],"[('p1', 'min_raise'), ('p2', 'fold')]",6.0,2316.0,18.0,p1,fold,True,2,108.0,114.0,rock
3005,k,j,check,['check'],"[('p1', 'check'), ('p2', 'check')]",6.0,2322.0,12.0,p1,showdown,False,2,114.0,114.0,rock
3006,q,j,check,['check'],"[('p1', 'check'), ('p2', 'check')]",6.0,2328.0,12.0,p1,showdown,False,2,114.0,114.0,rock
3007,q,q,check,['check'],"[('p1', 'check'), ('p2', 'check')]",0.0,2328.0,0.0,tie,showdown,False,2,114.0,114.0,rock
3008,q,k,check,"['check', 'fold']","[('p1', 'check'), ('p2', 'max_raise'), ('p1', 'fold')]",-6.0,2322.0,24.0,p2,fold,False,3,114.0,102.0,rock
3009,j,j,min_raise,['min_raise'],"[('p1', 'min_raise'), ('p2', 'fold')]",6.0,2328.0,18.0,p1,fold,True,2,108.0,114.0,rock
3010,k,q,check,['check'],"[('p1', 'check'), ('p2', 'check')]",6.0,2334.0,12.0,p1,showdown,False,2,114.0,114.0,rock
3011,k,q,check,['check'],"[('p1', 'check'), ('p2', 'check')]",6.0,2340.0,12.0,p1,showdown,False,2,114.0,114.0,rock
3012,j,k,min_raise,['min_raise'],"[('p1', 'min_raise'), ('p2', 'call')]",-12.0,2328.0,24.0,p2,showdown,True,2,108.0,114.0,rock
3013,j,k,min_raise,['min_raise'],"[('p1', 'min_raise'), ('p2', 'call')]",-12.0,2316.0,24.0,p2,showdown,True,2,108.0,114.0,rock
3014,q,q,check,['check'],"[('p1', 'check'), ('p2', 'check')]",0.0,2316.0,0.0,tie,showdown,False,2,114.0,114.0,rock
3015,q,q,check,['check'],"[('p1', 'check'), ('p2', 'check')]",0.0,2316.0,0.0,tie,showdown,False,2,114.0,114.0,rock
3016,q,q,check,['check'],"[('p1', 'check'), ('p2', 'check')]",0.0,2316.0,0.0,tie,showdown,False,2,114.0,114.0,rock
3017,q,j,check,['check'],"[('p1', 'check'), ('p2', 'check')]",6.0,2322.0,12.0,p1,showdown,False,2,114.0,114.0,rock
3018,k,q,check,['check'],"[('p1', 'check'), ('p2', 'check')]",6.0,2328.0,12.0,p1,showdown,False,2,114.0,114.0,rock
3019,j,q,min_raise,['min_raise'],"[('p1', 'min_raise'), ('p2', 'fold')]",6.0,2334.0,18.0,p1,fold,True,2,108.0,114.0,rock
3020,j,k,min_raise,['min_raise'],"[('p1', 'min_raise'), ('p2', 'call')]",-12.0,2322.0,24.0,p2,showdown,True,2,108.0,114.0,rock
3021,q,j,check,['check'],"[('p1', 'check'), ('p2', 'check')]",6.0,2328.0,12.0,p1,showdown,False,2,114.0,114.0,rock
3022,k,k,check,"['check', 'call']","[('p1', 'check'), ('p2', 'max_raise'), ('p1', 'call')]",0.0,2328.0,0.0,tie,showdown,False,3,114.0,102.0,rock
3023,q,j,check,['check'],"[('p1', 'check'), ('p2', 'check')]",6.0,2334.0,12.0,p1,showdown,False,2,114.0,114.0,rock
3024,q,k,check,"['check', 'fold']","[('p1', 'check'), ('p2', 'max_raise'), ('p1', 'fold')]",-6.0,2328.0,24.0,p2,fold,False,3,114.0,102.0,rock
3025,k,q,check,['check'],"[('p1', 'check'), ('p2', 'check')]",6.0,2334.0,12.0,p1,showdown,False,2,114.0,114.0,rock
3026,j,k,min_raise,['min_raise'],"[('p1', 'min_raise'), ('p2', 'call')]",-12.0,2322.0,24.0,p2,showdown,True,2,108.0,114.0,rock
3027,j,k,min_raise,['min_raise'],"[('p1', 'min_raise'), ('p2', 'call')]",-12.0,2310.0,24.0,p2,showdown,True,2,108.0,114.0,rock
3028,j,j,check,['check'],"[('p1', 'check'), ('p2', 'check')]",0.0,2310.0,0.0,tie,showdown,False,2,114.0,114.0,rock
3029,q,j,check,['check'],"[('p1', 'check'), ('p2', 'check')]",6.0,2316.0,12.0,p1,showdown,False,2,114.0,114.0,rock
3030,q,j,check,['check'],"[('p1', 'check'), ('p2', 'check')]",6.0,2322.0,12.0,p1,showdown,False,2,114.0,114.0,rock
3031,k,j,check,['check'],"[('p1', 'check'), ('p2', 'check')]",6.0,2328.0,12.0,p1,showdown,False,2,114.0,114.0,rock
3032,j,q,min_raise,['min_raise'],"[('p1', 'min_raise'), ('p2', 'fold')]",6.0,2334.0,18.0,p1,fold,True,2,108.0,114.0,rock
3033,q,j,check,['check'],"[('p1', 'check'), ('p2', 'check')]",6.0,2340.0,12.0,p1,showdown,False,2,114.0,114.0,rock
3034,q,j,check,['check'],"[('p1', 'check'), ('p2', 'check')]",6.0,2346.0,12.0,p1,showdown,False,2,114.0,114.0,rock
3035,j,q,min_raise,['min_raise'],"[('p1', 'min_raise'), ('p2', 'fold')]",6.0,2352.0,18.0,p1,fold,True,2,108.0,114.0,rock
3036,k,q,check,['check'],"[('p1', 'check'), ('p2', 'check')]",6.0,2358.0,12.0,p1,showdown,False,2,114.0,114.0,rock
3037,k,k,check,"['check', 'call']","[('p1', 'check'), ('p2', 'max_raise'), ('p1', 'call')]",0.0,2358.0,0.0,tie,showdown,False,3,114.0,102.0,rock
3038,k,k,check,"['check', 'call']","[('p1', 'check'), ('p2', 'max_raise'), ('p1', 'call')]",0.0,2358.0,0.0,tie,showdown,False,3,114.0,102.0,rock
3039,j,q,check,['check'],"[('p1', 'check'), ('p2', 'check')]",-6.0,2352.0,12.0,p2,showdown,False,2,114.0,114.0,rock
3040,j,j,min_raise,['min_raise'],"[('p1', 'min_raise'), ('p2', 'fold')]",6.0,2358.0,18.0,p1,fold,True,2,108.0,114.0,rock
3041,j,q,min_raise,['min_raise'],"[('p1', 'min_raise'), ('p2', 'fold')]",6.0,2364.0,18.0,p1,fold,True,2,108.0,114.0,rock
3042,j,q,min_raise,['min_raise'],"[('p1', 'min_raise'), ('p2', 'fold')]",6.0,2370.0,18.0,p1,fold,True,2,108.0,114.0,rock
3043,k,j,check,['check'],"[('p1', 'check'), ('p2', 'check')]",6.0,2376.0,12.0,p1,showdown,False,2,114.0,114.0,rock
3044,k,k,check,"['check', 'call']","[('p1', 'check'), ('p2', 'max_raise'), ('p1', 'call')]",0.0,2376.0,0.0,tie,showdown,False,3,114.0,102.0,rock
3045,k,j,check,['check'],"[('p1', 'check'), ('p2', 'check')]",6.0,2382.0,12.0,p1,showdown,False,2,114.0,114.0,rock
3046,q,k,check,"['check', 'fold']","[('p1', 'check'), ('p2', 'max_raise'), ('p1', 'fold')]",-6.0,2376.0,24.0,p2,fold,False,3,114.0,102.0,rock
3047,q,j,check,['check'],"[('p1', 'check'), ('p2', 'check')]",6.0,2382.0,12.0,p1,showdown,False,2,114.0,114.0,rock
3048,k,k,check,"['check', 'call']","[('p1', 'check'), ('p2', 'max_raise'), ('p1', 'call')]",0.0,2382.0,0.0,tie,showdown,False,3,114.0,102.0,rock
3049,k,q,check,['check'],"[('p1', 'check'), ('p2', 'check')]",6.0,2388.0,12.0,p1,showdown,False,2,114.0,114.0,rock
3050,k,j,check,['check'],"[('p1', 'check'), ('p2', 'check')]",6.0,2394.0,12.0,p1,showdown,False,2,114.0,114.0,rock
3051,k,k,check,"['check', 'call']","[('p1', 'check'), ('p2', 'max_raise'), ('p1', 'call')]",0.0,2394.0,0.0,tie,showdown,False,3,114.0,102.0,rock
3052,j,j,min_raise,['min_raise'],"[('p1', 'min_raise'), ('p2', 'fold')]",6.0,2400.0,18.0,p1,fold,True,2,108.0,114.0,rock
3053,k,j,check,['check'],"[('p1', 'check'), ('p2', 'check')]",6.0,2406.0,12.0,p1,showdown,False,2,114.0,114.0,rock
3054,j,k,min_raise,['min_raise'],"[('p1', 'min_raise'), ('p2', 'call')]",-12.0,2394.0,24.0,p2,showdown,True,2,108.0,114.0,rock
3055,q,j,check,['check'],"[('p1', 'check'), ('p2', 'check')]",6.0,2400.0,12.0,p1,showdown,False,2,114.0,114.0,rock
3056,q,k,check,"['check', 'fold']","[('p1', 'check'), ('p2', 'max_raise'), ('p1', 'fold')]",-6.0,2394.0,24.0,p2,fold,False,3,114.0,102.0,rock
3057,k,q,check,['check'],"[('p1', 'check'), ('p2', 'check')]",6.0,2400.0,12.0,p1,showdown,False,2,114.0,114.0,rock
3058,j,k,min_raise,['min_raise'],"[('p1', 'min_raise'), ('p2', 'call')]",-12.0,2388.0,24.0,p2,showdown,True,2,108.0,114.0,rock
3059,q,q,check,['check'],"[('p1', 'check'), ('p2', 'check')]",0.0,2388.0,0.0,tie,showdown,False,2,114.0,114.0,rock
3060,q,j,check,['check'],"[('p1', 'check'), ('p2', 'check')]",6.0,2394.0,12.0,p1,showdown,False,2,114.0,114.0,rock
3061,k,j,check,['check'],"[('p1', 'check'), ('p2', 'check')]",6.0,2400.0,12.0,p1,showdown,False,2,114.0,114.0,rock
3062,j,j,min_raise,['min_raise'],"[('p1', 'min_raise'), ('p2', 'fold')]",6.0,2406.0,18.0,p1,fold,True,2,108.0,114.0,rock
3063,q,k,check,"['check', 'fold']","[('p1', 'check'), ('p2', 'max_raise'), ('p1', 'fold')]",-6.0,2400.0,24.0,p2,fold,False,3,114.0,102.0,rock
3064,j,q,min_raise,['min_raise'],"[('p1', 'min_raise'), ('p2', 'fold')]",6.0,2406.0,18.0,p1,fold,True,2,108.0,114.0,rock
3065,k,j,check,['check'],"[('p1', 'check'), ('p2', 'check')]",6.0,2412.0,12.0,p1,showdown,False,2,114.0,114.0,rock
3066,q,q,check,['check'],"[('p1', 'check'), ('p2', 'check')]",0.0,2412.0,0.0,tie,showdown,False,2,114.0,114.0,rock
3067,j,k,min_raise,['min_raise'],"[('p1', 'min_raise'), ('p2', 'call')]",-12.0,2400.0,24.0,p2,showdown,True,2,108.0,114.0,rock
3068,j,j,min_raise,['min_raise'],"[('p1', 'min_raise'), ('p2', 'fold')]",6.0,2406.0,18.0,p1,fold,True,2,108.0,114.0,rock
3069,q,j,check,['check'],"[('p1', 'check'), ('p2', 'check')]",6.0,2412.0,12.0,p1,showdown,False,2,114.0,114.0,rock
3070,q,q,check,['check'],"[('p1', 'check'), ('p2', 'check')]",0.0,2412.0,0.0,tie,showdown,False,2,114.0,114.0,rock
3071,j,q,min_raise,['min_raise'],"[('p1', 'min_raise'), ('p2', 'fold')]",6.0,2418.0,18.0,p1,fold,True,2,108.0,114.0,rock
3072,j,q,min_raise,['min_raise'],"[('p1', 'min_raise'), ('p2', 'fold')]",6.0,2424.0,18.0,p1,fold,True,2,108.0,114.0,rock
3073,q,k,check,"['check', 'fold']","[('p1', 'check'), ('p2', 'max_raise'), ('p1', 'fold')]",-6.0,2418.0,24.0,p2,fold,False,3,114.0,102.0,rock
3074,k,q,check,['check'],"[('p1', 'check'), ('p2', 'check')]",6.0,2424.0,12.0,p1,showdown,False,2,114.0,114.0,rock
3075,j,k,min_raise,['min_raise'],"[('p1', 'min_raise'), ('p2', 'call')]",-12.0,2412.0,24.0,p2,showdown,True,2,108.0,114.0,rock
3076,j,k,min_raise,['min_raise'],"[('p1', 'min_raise'), ('p2', 'call')]",-12.0,2400.0,24.0,p2,showdown,True,2,108.0,114.0,rock
3077,q,j,check,['check'],"[('p1', 'check'), ('p2', 'check')]",6.0,2406.0,12.0,p1,showdown,False,2,114.0,114.0,rock
3078,k,j,check,['check'],"[('p1', 'check'), ('p2', 'check')]",6.0,2412.0,12.0,p1,showdown,False,2,114.0,114.0,rock
3079,q,k,check,"['check', 'fold']","[('p1', 'check'), ('p2', 'max_raise'), ('p1', 'fold')]",-6.0,2406.0,24.0,p2,fold,False,3,114.0,102.0,rock
3080,k,j,check,['check'],"[('p1', 'check'), ('p2', 'check')]",6.0,2412.0,12.0,p1,showdown,False,2,114.0,114.0,rock
3081,k,j,check,['check'],"[('p1', 'check'), ('p2', 'check')]",6.0,2418.0,12.0,p1,showdown,False,2,114.0,114.0,rock
3082,q,k,check,"['check', 'fold']","[('p1', 'check'), ('p2', 'max_raise'), ('p1', 'fold')]",-6.0,2412.0,24.0,p2,fold,False,3,114.0,102.0,rock
3083,j,j,min_raise,['min_raise'],"[('p1', 'min_raise'), ('p2', 'fold')]",6.0,2418.0,18.0,p1,fold,True,2,108.0,114.0,rock
3084,q,k,check,"['check', 'fold']","[('p1', 'check'), ('p2', 'max_raise'), ('p1', 'fold')]",-6.0,2412.0,24.0,p2,fold,False,3,114.0,102.0,rock
3085,k,q,check,['check'],"[('p1', 'check'), ('p2', 'check')]",6.0,2418.0,12.0,p1,showdown,False,2,114.0,114.0,rock
3086,k,k,check,"['check', 'call']","[('p1', 'check'), ('p2', 'max_raise'), ('p1', 'call')]",0.0,2418.0,0.0,tie,showdown,False,3,114.0,102.0,rock
3087,q,k,check,"['check', 'fold']","[('p1', 'check'), ('p2', 'max_raise'), ('p1', 'fold')]",-6.0,2412.0,24.0,p2,fold,False,3,114.0,102.0,rock
3088,j,q,min_raise,['min_raise'],"[('p1', 'min_raise'), ('p2', 'fold')]",6.0,2418.0,18.0,p1,fold,True,2,108.0,114.0,rock
3089,q,j,check,['check'],"[('p1', 'check'), ('p2', 'check')]",6.0,2424.0,12.0,p1,showdown,False,2,114.0,114.0,rock
3090,j,k,min_raise,['min_raise'],"[('p1', 'min_raise'), ('p2', 'call')]",-12.0,2412.0,24.0,p2,showdown,True,2,108.0,114.0,rock
3091,k,k,check,"['check', 'call']","[('p1', 'check'), ('p2', 'max_raise'), ('p1', 'call')]",0.0,2412.0,0.0,tie,showdown,False,3,114.0,102.0,rock
3092,j,j,min_raise,['min_raise'],"[('p1', 'min_raise'), ('p2', 'fold')]",6.0,2418.0,18.0,p1,fold,True,2,108.0,114.0,rock
3093,j,k,min_raise,['min_raise'],"[('p1', 'min_raise'), ('p2', 'call')]",-12.0,2406.0,24.0,p2,showdown,True,2,108.0,114.0,rock
3094,k,j,check,['check'],"[('p1', 'check'), ('p2', 'check')]",6.0,2412.0,12.0,p1,showdown,False,2,114.0,114.0,rock
3095,q,j,check,['check'],"[('p1', 'check'), ('p2', 'check')]",6.0,2418.0,12.0,p1,showdown,False,2,114.0,114.0,rock
3096,q,q,check,['check'],"[('p1', 'check'), ('p2', 'check')]",0.0,2418.0,0.0,tie,showdown,False,2,114.0,114.0,rock
3097,j,q,min_raise,['min_raise'],"[('p1', 'min_raise'), ('p2', 'fold')]",6.0,2424.0,18.0,p1,fold,True,2,108.0,114.0,rock
3098,q,q,check,['check'],"[('p1', 'check'), ('p2', 'check')]",0.0,2424.0,0.0,tie,showdown,False,2,114.0,114.0,rock
3099,j,q,min_raise,['min_raise'],"[('p1', 'min_raise'), ('p2', 'fold')]",6.0,2430.0,18.0,p1,fold,True,2,108.0,114.0,rock
3100,q,k,check,"['check', 'fold']","[('p1', 'check'), ('p2', 'max_raise'), ('p1', 'fold')]",-6.0,2424.0,24.0,p2,fold,False,3,114.0,102.0,rock
3101,k,k,check,"['check', 'call']","[('p1', 'check'), ('p2', 'max_raise'), ('p1', 'call')]",0.0,2424.0,0.0,tie,showdown,False,3,114.0,102.0,rock
3102,q,j,check,['check'],"[('p1', 'check'), ('p2', 'check')]",6.0,2430.0,12.0,p1,showdown,False,2,114.0,114.0,rock
3103,j,q,min_raise,['min_raise'],"[('p1', 'min_raise'), ('p2', 'fold')]",6.0,2436.0,18.0,p1,fold,True,2,108.0,114.0,rock
3104,j,q,min_raise,['min_raise'],"[('p1', 'min_raise'), ('p2', 'fold')]",6.0,2442.0,18.0,p1,fold,True,2,108.0,114.0,rock
3105,q,k,check,"['check', 'fold']","[('p1', 'check'), ('p2', 'max_raise'), ('p1', 'fold')]",-6.0,2436.0,24.0,p2,fold,False,3,114.0,102.0,rock
3106,k,j,check,['check'],"[('p1', 'check'), ('p2', 'check')]",6.0,2442.0,12.0,p1,showdown,False,2,114.0,114.0,rock
3107,k,k,check,"['check', 'call']","[('p1', 'check'), ('p2', 'max_raise'), ('p1', 'call')]",0.0,2442.0,0.0,tie,showdown,False,3,114.0,102.0,rock
3108,k,j,check,['check'],"[('p1', 'check'), ('p2', 'check')]",6.0,2448.0,12.0,p1,showdown,False,2,114.0,114.0,rock
3109,k,j,check,['check'],"[('p1', 'check'), ('p2', 'check')]",6.0,2454.0,12.0,p1,showdown,False,2,114.0,114.0,rock
3110,q,j,check,['check'],"[('p1', 'check'), ('p2', 'check')]",6.0,2460.0,12.0,p1,showdown,False,2,114.0,114.0,rock
3111,j,k,min_raise,['min_raise'],"[('p1', 'min_raise'), ('p2', 'call')]",-12.0,2448.0,24.0,p2,showdown,True,2,108.0,114.0,rock
3112,q,j,check,['check'],"[('p1', 'check'), ('p2', 'check')]",6.0,2454.0,12.0,p1,showdown,False,2,114.0,114.0,rock
3113,k,j,check,['check'],"[('p1', 'check'), ('p2', 'check')]",6.0,2460.0,12.0,p1,showdown,False,2,114.0,114.0,rock
3114,j,j,min_raise,['min_raise'],"[('p1', 'min_raise'), ('p2', 'fold')]",6.0,2466.0,18.0,p1,fold,True,2,108.0,114.0,rock
3115,j,k,min_raise,['min_raise'],"[('p1', 'min_raise'), ('p2', 'call')]",-12.0,2454.0,24.0,p2,showdown,True,2,108.0,114.0,rock
3116,q,k,check,"['check', 'fold']","[('p1', 'check'), ('p2', 'max_raise'), ('p1', 'fold')]",-6.0,2448.0,24.0,p2,fold,False,3,114.0,102.0,rock
3117,k,j,check,['check'],"[('p1', 'check'), ('p2', 'check')]",6.0,2454.0,12.0,p1,showdown,False,2,114.0,114.0,rock
3118,j,j,min_raise,['min_raise'],"[('p1', 'min_raise'), ('p2', 'fold')]",6.0,2460.0,18.0,p1,fold,True,2,108.0,114.0,rock
3119,q,q,check,['check'],"[('p1', 'check'), ('p2', 'check')]",0.0,2460.0,0.0,tie,showdown,False,2,114.0,114.0,rock
3120,q,k,check,"['check', 'fold']","[('p1', 'check'), ('p2', 'max_raise'), ('p1', 'fold')]",-6.0,2454.0,24.0,p2,fold,False,3,114.0,102.0,rock
3121,j,q,min_raise,['min_raise'],"[('p1', 'min_raise'), ('p2', 'fold')]",6.0,2460.0,18.0,p1,fold,True,2,108.0,114.0,rock
3122,q,q,check,['check'],"[('p1', 'check'), ('p2', 'check')]",0.0,2460.0,0.0,tie,showdown,False,2,114.0,114.0,rock
3123,j,k,min_raise,['min_raise'],"[('p1', 'min_raise'), ('p2', 'call')]",-12.0,2448.0,24.0,p2,showdown,True,2,108.0,114.0,rock
3124,k,j,check,['check'],"[('p1', 'check'), ('p2', 'check')]",6.0,2454.0,12.0,p1,showdown,False,2,114.0,114.0,rock
3125,k,k,check,"['check', 'call']","[('p1', 'check'), ('p2', 'max_raise'), ('p1', 'call')]",0.0,2454.0,0.0,tie,showdown,False,3,114.0,102.0,rock
3126,j,j,check,['check'],"[('p1', 'check'), ('p2', 'check')]",0.0,2454.0,0.0,tie,showdown,False,2,114.0,114.0,rock
3127,j,k,min_raise,['min_raise'],"[('p1', 'min_raise'), ('p2', 'call')]",-12.0,2442.0,24.0,p2,showdown,True,2,108.0,114.0,rock
3128,j,j,min_raise,['min_raise'],"[('p1', 'min_raise'), ('p2', 'fold')]",6.0,2448.0,18.0,p1,fold,True,2,108.0,114.0,rock
3129,k,q,check,['check'],"[('p1', 'check'), ('p2', 'check')]",6.0,2454.0,12.0,p1,showdown,False,2,114.0,114.0,rock
3130,k,q,check,['check'],"[('p1', 'check'), ('p2', 'check')]",6.0,2460.0,12.0,p1,showdown,False,2,114.0,114.0,rock
3131,j,k,min_raise,['min_raise'],"[('p1', 'min_raise'), ('p2', 'call')]",-12.0,2448.0,24.0,p2,showdown,True,2,108.0,114.0,rock
3132,q,j,check,['check'],"[('p1', 'check'), ('p2', 'check')]",6.0,2454.0,12.0,p1,showdown,False,2,114.0,114.0,rock
3133,j,k,min_raise,['min_raise'],"[('p1', 'min_raise'), ('p2', 'call')]",-12.0,2442.0,24.0,p2,showdown,True,2,108.0,114.0,rock
3134,k,k,check,"['check', 'call']","[('p1', 'check'), ('p2', 'max_raise'), ('p1', 'call')]",0.0,2442.0,0.0,tie,showdown,False,3,114.0,102.0,rock
3135,j,q,min_raise,['min_raise'],"[('p1', 'min_raise'), ('p2', 'fold')]",6.0,2448.0,18.0,p1,fold,True,2,108.0,114.0,rock
3136,j,j,min_raise,['min_raise'],"[('p1', 'min_raise'), ('p2', 'fold')]",6.0,2454.0,18.0,p1,fold,True,2,108.0,114.0,rock
3137,j,k,min_raise,['min_raise'],"[('p1', 'min_raise'), ('p2', 'call')]",-12.0,2442.0,24.0,p2,showdown,True,2,108.0,114.0,rock
3138,j,q,min_raise,['min_raise'],"[('p1', 'min_raise'), ('p2', 'fold')]",6.0,2448.0,18.0,p1,fold,True,2,108.0,114.0,rock
3139,q,j,check,['check'],"[('p1', 'check'), ('p2', 'check')]",6.0,2454.0,12.0,p1,showdown,False,2,114.0,114.0,rock
3140,q,k,check,"['check', 'fold']","[('p1', 'check'), ('p2', 'max_raise'), ('p1', 'fold')]",-6.0,2448.0,24.0,p2,fold,False,3,114.0,102.0,rock
3141,j,k,min_raise,['min_raise'],"[('p1', 'min_raise'), ('p2', 'call')]",-12.0,2436.0,24.0,p2,showdown,True,2,108.0,114.0,rock
3142,j,q,min_raise,['min_raise'],"[('p1', 'min_raise'), ('p2', 'fold')]",6.0,2442.0,18.0,p1,fold,True,2,108.0,114.0,rock
3143,k,j,check,['check'],"[('p1', 'check'), ('p2', 'check')]",6.0,2448.0,12.0,p1,showdown,False,2,114.0,114.0,rock
3144,j,j,min_raise,['min_raise'],"[('p1', 'min_raise'), ('p2', 'fold')]",6.0,2454.0,18.0,p1,fold,True,2,108.0,114.0,rock
3145,q,q,check,['check'],"[('p1', 'check'), ('p2', 'check')]",0.0,2454.0,0.0,tie,showdown,False,2,114.0,114.0,rock
3146,j,q,min_raise,['min_raise'],"[('p1', 'min_raise'), ('p2', 'fold')]",6.0,2460.0,18.0,p1,fold,True,2,108.0,114.0,rock
3147,j,j,min_raise,['min_raise'],"[('p1', 'min_raise'), ('p2', 'fold')]",6.0,2466.0,18.0,p1,fold,True,2,108.0,114.0,rock
3148,q,k,check,"['check', 'fold']","[('p1', 'check'), ('p2', 'max_raise'), ('p1', 'fold')]",-6.0,2460.0,24.0,p2,fold,False,3,114.0,102.0,rock
3149,k,j,check,['check'],"[('p1', 'check'), ('p2', 'check')]",6.0,2466.0,12.0,p1,showdown,False,2,114.0,114.0,rock
3150,k,q,check,['check'],"[('p1', 'check'), ('p2', 'check')]",6.0,2472.0,12.0,p1,showdown,False,2,114.0,114.0,rock
3151,k,k,check,"['check', 'call']","[('p1', 'check'), ('p2', 'max_raise'), ('p1', 'call')]",0.0,2472.0,0.0,tie,showdown,False,3,114.0,102.0,rock
3152,q,j,check,['check'],"[('p1', 'check'), ('p2', 'check')]",6.0,2478.0,12.0,p1,showdown,False,2,114.0,114.0,rock
3153,k,q,check,['check'],"[('p1', 'check'), ('p2', 'check')]",6.0,2484.0,12.0,p1,showdown,False,2,114.0,114.0,rock
3154,q,j,check,['check'],"[('p1', 'check'), ('p2', 'check')]",6.0,2490.0,12.0,p1,showdown,False,2,114.0,114.0,rock
3155,j,k,min_raise,['min_raise'],"[('p1', 'min_raise'), ('p2', 'call')]",-12.0,2478.0,24.0,p2,showdown,True,2,108.0,114.0,rock
3156,k,j,check,['check'],"[('p1', 'check'), ('p2', 'check')]",6.0,2484.0,12.0,p1,showdown,False,2,114.0,114.0,rock
3157,q,j,check,['check'],"[('p1', 'check'), ('p2', 'check')]",6.0,2490.0,12.0,p1,showdown,False,2,114.0,114.0,rock
3158,j,k,min_raise,['min_raise'],"[('p1', 'min_raise'), ('p2', 'call')]",-12.0,2478.0,24.0,p2,showdown,True,2,108.0,114.0,rock
3159,k,k,check,"['check', 'call']","[('p1', 'check'), ('p2', 'max_raise'), ('p1', 'call')]",0.0,2478.0,0.0,tie,showdown,False,3,114.0,102.0,rock
3160,j,j,min_raise,['min_raise'],"[('p1', 'min_raise'), ('p2', 'fold')]",6.0,2484.0,18.0,p1,fold,True,2,108.0,114.0,rock
3161,k,q,check,['check'],"[('p1', 'check'), ('p2', 'check')]",6.0,2490.0,12.0,p1,showdown,False,2,114.0,114.0,rock
3162,k,j,check,['check'],"[('p1', 'check'), ('p2', 'check')]",6.0,2496.0,12.0,p1,showdown,False,2,114.0,114.0,rock
3163,j,j,min_raise,['min_raise'],"[('p1', 'min_raise'), ('p2', 'fold')]",6.0,2502.0,18.0,p1,fold,True,2,108.0,114.0,rock
3164,k,k,check,"['check', 'call']","[('p1', 'check'), ('p2', 'max_raise'), ('p1', 'call')]",0.0,2502.0,0.0,tie,showdown,False,3,114.0,102.0,rock
3165,k,k,check,"['check', 'call']","[('p1', 'check'), ('p2', 'max_raise'), ('p1', 'call')]",0.0,2502.0,0.0,tie,showdown,False,3,114.0,102.0,rock
3166,q,k,check,"['check', 'fold']","[('p1', 'check'), ('p2', 'max_raise'), ('p1', 'fold')]",-6.0,2496.0,24.0,p2,fold,False,3,114.0,102.0,rock
3167,k,k,check,"['check', 'call']","[('p1', 'check'), ('p2', 'max_raise'), ('p1', 'call')]",0.0,2496.0,0.0,tie,showdown,False,3,114.0,102.0,rock
3168,j,k,min_raise,['min_raise'],"[('p1', 'min_raise'), ('p2', 'call')]",-12.0,2484.0,24.0,p2,showdown,True,2,108.0,114.0,rock
3169,k,j,check,['check'],"[('p1', 'check'), ('p2', 'check')]",6.0,2490.0,12.0,p1,showdown,False,2,114.0,114.0,rock
3170,j,q,min_raise,['min_raise'],"[('p1', 'min_raise'), ('p2', 'fold')]",6.0,2496.0,18.0,p1,fold,True,2,108.0,114.0,rock
3171,j,k,min_raise,['min_raise'],"[('p1', 'min_raise'), ('p2', 'call')]",-12.0,2484.0,24.0,p2,showdown,True,2,108.0,114.0,rock
3172,j,j,min_raise,['min_raise'],"[('p1', 'min_raise'), ('p2', 'fold')]",6.0,2490.0,18.0,p1,fold,True,2,108.0,114.0,rock
3173,k,j,check,['check'],"[('p1', 'check'), ('p2', 'check')]",6.0,2496.0,12.0,p1,showdown,False,2,114.0,114.0,rock
3174,k,j,check,['check'],"[('p1', 'check'), ('p2', 'check')]",6.0,2502.0,12.0,p1,showdown,False,2,114.0,114.0,rock
3175,k,j,check,['check'],"[('p1', 'check'), ('p2', 'check')]",6.0,2508.0,12.0,p1,showdown,False,2,114.0,114.0,rock
3176,q,q,check,['check'],"[('p1', 'check'), ('p2', 'check')]",0.0,2508.0,0.0,tie,showdown,False,2,114.0,114.0,rock
3177,j,j,min_raise,['min_raise'],"[('p1', 'min_raise'), ('p2', 'fold')]",6.0,2514.0,18.0,p1,fold,True,2,108.0,114.0,rock
3178,q,k,check,"['check', 'fold']","[('p1', 'check'), ('p2', 'max_raise'), ('p1', 'fold')]",-6.0,2508.0,24.0,p2,fold,False,3,114.0,102.0,rock
3179,j,q,min_raise,['min_raise'],"[('p1', 'min_raise'), ('p2', 'fold')]",6.0,2514.0,18.0,p1,fold,True,2,108.0,114.0,rock
3180,j,k,min_raise,['min_raise'],"[('p1', 'min_raise'), ('p2', 'call')]",-12.0,2502.0,24.0,p2,showdown,True,2,108.0,114.0,rock
3181,q,k,check,"['check', 'fold']","[('p1', 'check'), ('p2', 'max_raise'), ('p1', 'fold')]",-6.0,2496.0,24.0,p2,fold,False,3,114.0,102.0,rock
3182,j,k,min_raise,['min_raise'],"[('p1', 'min_raise'), ('p2', 'call')]",-12.0,2484.0,24.0,p2,showdown,True,2,108.0,114.0,rock
3183,q,j,check,['check'],"[('p1', 'check'), ('p2', 'check')]",6.0,2490.0,12.0,p1,showdown,False,2,114.0,114.0,rock
3184,j,j,min_raise,['min_raise'],"[('p1', 'min_raise'), ('p2', 'fold')]",6.0,2496.0,18.0,p1,fold,True,2,108.0,114.0,rock
3185,j,j,min_raise,['min_raise'],"[('p1', 'min_raise'), ('p2', 'fold')]",6.0,2502.0,18.0,p1,fold,True,2,108.0,114.0,rock
3186,q,q,check,['check'],"[('p1', 'check'), ('p2', 'check')]",0.0,2502.0,0.0,tie,showdown,False,2,114.0,114.0,rock
3187,j,q,min_raise,['min_raise'],"[('p1', 'min_raise'), ('p2', 'fold')]",6.0,2508.0,18.0,p1,fold,True,2,108.0,114.0,rock
3188,j,q,min_raise,['min_raise'],"[('p1', 'min_raise'), ('p2', 'fold')]",6.0,2514.0,18.0,p1,fold,True,2,108.0,114.0,rock
3189,q,q,check,['check'],"[('p1', 'check'), ('p2', 'check')]",0.0,2514.0,0.0,tie,showdown,False,2,114.0,114.0,rock
3190,q,k,check,"['check', 'fold']","[('p1', 'check'), ('p2', 'max_raise'), ('p1', 'fold')]",-6.0,2508.0,24.0,p2,fold,False,3,114.0,102.0,rock
3191,j,j,min_raise,['min_raise'],"[('p1', 'min_raise'), ('p2', 'fold')]",6.0,2514.0,18.0,p1,fold,True,2,108.0,114.0,rock
3192,q,k,check,"['check', 'fold']","[('p1', 'check'), ('p2', 'max_raise'), ('p1', 'fold')]",-6.0,2508.0,24.0,p2,fold,False,3,114.0,102.0,rock
3193,j,j,min_raise,['min_raise'],"[('p1', 'min_raise'), ('p2', 'fold')]",6.0,2514.0,18.0,p1,fold,True,2,108.0,114.0,rock
3194,j,k,min_raise,['min_raise'],"[('p1', 'min_raise'), ('p2', 'call')]",-12.0,2502.0,24.0,p2,showdown,True,2,108.0,114.0,rock
3195,q,q,check,['check'],"[('p1', 'check'), ('p2', 'check')]",0.0,2502.0,0.0,tie,showdown,False,2,114.0,114.0,rock
3196,j,k,min_raise,['min_raise'],"[('p1', 'min_raise'), ('p2', 'call')]",-12.0,2490.0,24.0,p2,showdown,True,2,108.0,114.0,rock
3197,q,k,check,"['check', 'fold']","[('p1', 'check'), ('p2', 'max_raise'), ('p1', 'fold')]",-6.0,2484.0,24.0,p2,fold,False,3,114.0,102.0,rock
3198,j,k,min_raise,['min_raise'],"[('p1', 'min_raise'), ('p2', 'call')]",-12.0,2472.0,24.0,p2,showdown,True,2,108.0,114.0,rock
3199,q,j,check,['check'],"[('p1', 'check'), ('p2', 'check')]",6.0,2478.0,12.0,p1,showdown,False,2,114.0,114.0,rock
3200,j,k,min_raise,['min_raise'],"[('p1', 'min_raise'), ('p2', 'call')]",-12.0,2466.0,24.0,p2,showdown,True,2,108.0,114.0,rock
3201,q,q,check,['check'],"[('p1', 'check'), ('p2', 'check')]",0.0,2466.0,0.0,tie,showdown,False,2,114.0,114.0,rock
3202,q,k,check,"['check', 'fold']","[('p1', 'check'), ('p2', 'max_raise'), ('p1', 'fold')]",-6.0,2460.0,24.0,p2,fold,False,3,114.0,102.0,rock
3203,j,q,min_raise,['min_raise'],"[('p1', 'min_raise'), ('p2', 'fold')]",6.0,2466.0,18.0,p1,fold,True,2,108.0,114.0,rock
3204,k,j,check,['check'],"[('p1', 'check'), ('p2', 'check')]",6.0,2472.0,12.0,p1,showdown,False,2,114.0,114.0,rock
3205,k,q,check,['check'],"[('p1', 'check'), ('p2', 'check')]",6.0,2478.0,12.0,p1,showdown,False,2,114.0,114.0,rock
3206,q,k,check,"['check', 'fold']","[('p1', 'check'), ('p2', 'max_raise'), ('p1', 'fold')]",-6.0,2472.0,24.0,p2,fold,False,3,114.0,102.0,rock
3207,j,k,min_raise,['min_raise'],"[('p1', 'min_raise'), ('p2', 'call')]",-12.0,2460.0,24.0,p2,showdown,True,2,108.0,114.0,rock
3208,j,q,min_raise,['min_raise'],"[('p1', 'min_raise'), ('p2', 'fold')]",6.0,2466.0,18.0,p1,fold,True,2,108.0,114.0,rock
3209,j,j,min_raise,['min_raise'],"[('p1', 'min_raise'), ('p2', 'fold')]",6.0,2472.0,18.0,p1,fold,True,2,108.0,114.0,rock
3210,q,k,check,"['check', 'fold']","[('p1', 'check'), ('p2', 'max_raise'), ('p1', 'fold')]",-6.0,2466.0,24.0,p2,fold,False,3,114.0,102.0,rock
3211,k,k,check,"['check', 'call']","[('p1', 'check'), ('p2', 'max_raise'), ('p1', 'call')]",0.0,2466.0,0.0,tie,showdown,False,3,114.0,102.0,rock
3212,k,j,check,['check'],"[('p1', 'check'), ('p2', 'check')]",6.0,2472.0,12.0,p1,showdown,False,2,114.0,114.0,rock
3213,j,q,min_raise,['min_raise'],"[('p1', 'min_raise'), ('p2', 'fold')]",6.0,2478.0,18.0,p1,fold,True,2,108.0,114.0,rock
3214,k,k,check,"['check', 'call']","[('p1', 'check'), ('p2', 'max_raise'), ('p1', 'call')]",0.0,2478.0,0.0,tie,showdown,False,3,114.0,102.0,rock
3215,j,j,min_raise,['min_raise'],"[('p1', 'min_raise'), ('p2', 'fold')]",6.0,2484.0,18.0,p1,fold,True,2,108.0,114.0,rock
3216,q,k,check,"['check', 'fold']","[('p1', 'check'), ('p2', 'max_raise'), ('p1', 'fold')]",-6.0,2478.0,24.0,p2,fold,False,3,114.0,102.0,rock
3217,k,k,check,"['check', 'call']","[('p1', 'check'), ('p2', 'max_raise'), ('p1', 'call')]",0.0,2478.0,0.0,tie,showdown,False,3,114.0,102.0,rock
3218,k,k,check,"['check', 'call']","[('p1', 'check'), ('p2', 'max_raise'), ('p1', 'call')]",0.0,2478.0,0.0,tie,showdown,False,3,114.0,102.0,rock
3219,j,j,min_raise,['min_raise'],"[('p1', 'min_raise'), ('p2', 'fold')]",6.0,2484.0,18.0,p1,fold,True,2,108.0,114.0,rock
3220,k,j,check,['check'],"[('p1', 'check'), ('p2', 'check')]",6.0,2490.0,12.0,p1,showdown,False,2,114.0,114.0,rock
3221,k,q,check,['check'],"[('p1', 'check'), ('p2', 'check')]",6.0,2496.0,12.0,p1,showdown,False,2,114.0,114.0,rock
3222,j,k,min_raise,['min_raise'],"[('p1', 'min_raise'), ('p2', 'call')]",-12.0,2484.0,24.0,p2,showdown,True,2,108.0,114.0,rock
3223,j,j,min_raise,['min_raise'],"[('p1', 'min_raise'), ('p2', 'fold')]",6.0,2490.0,18.0,p1,fold,True,2,108.0,114.0,rock
3224,k,k,check,"['check', 'call']","[('p1', 'check'), ('p2', 'max_raise'), ('p1', 'call')]",0.0,2490.0,0.0,tie,showdown,False,3,114.0,102.0,rock
3225,q,k,check,"['check', 'fold']","[('p1', 'check'), ('p2', 'max_raise'), ('p1', 'fold')]",-6.0,2484.0,24.0,p2,fold,False,3,114.0,102.0,rock
3226,j,k,min_raise,['min_raise'],"[('p1', 'min_raise'), ('p2', 'call')]",-12.0,2472.0,24.0,p2,showdown,True,2,108.0,114.0,rock
3227,j,k,min_raise,['min_raise'],"[('p1', 'min_raise'), ('p2', 'call')]",-12.0,2460.0,24.0,p2,showdown,True,2,108.0,114.0,rock
3228,k,j,check,['check'],"[('p1', 'check'), ('p2', 'check')]",6.0,2466.0,12.0,p1,showdown,False,2,114.0,114.0,rock
3229,j,k,min_raise,['min_raise'],"[('p1', 'min_raise'), ('p2', 'call')]",-12.0,2454.0,24.0,p2,showdown,True,2,108.0,114.0,rock
3230,k,j,check,['check'],"[('p1', 'check'), ('p2', 'check')]",6.0,2460.0,12.0,p1,showdown,False,2,114.0,114.0,rock
3231,j,q,min_raise,['min_raise'],"[('p1', 'min_raise'), ('p2', 'fold')]",6.0,2466.0,18.0,p1,fold,True,2,108.0,114.0,rock
3232,k,q,check,['check'],"[('p1', 'check'), ('p2', 'check')]",6.0,2472.0,12.0,p1,showdown,False,2,114.0,114.0,rock
3233,q,q,check,['check'],"[('p1', 'check'), ('p2', 'check')]",0.0,2472.0,0.0,tie,showdown,False,2,114.0,114.0,rock
3234,k,q,check,['check'],"[('p1', 'check'), ('p2', 'check')]",6.0,2478.0,12.0,p1,showdown,False,2,114.0,114.0,rock
3235,j,k,min_raise,['min_raise'],"[('p1', 'min_raise'), ('p2', 'call')]",-12.0,2466.0,24.0,p2,showdown,True,2,108.0,114.0,rock
3236,j,q,min_raise,['min_raise'],"[('p1', 'min_raise'), ('p2', 'fold')]",6.0,2472.0,18.0,p1,fold,True,2,108.0,114.0,rock
3237,k,q,check,['check'],"[('p1', 'check'), ('p2', 'check')]",6.0,2478.0,12.0,p1,showdown,False,2,114.0,114.0,rock
3238,j,q,min_raise,['min_raise'],"[('p1', 'min_raise'), ('p2', 'fold')]",6.0,2484.0,18.0,p1,fold,True,2,108.0,114.0,rock
3239,q,q,check,['check'],"[('p1', 'check'), ('p2', 'check')]",0.0,2484.0,0.0,tie,showdown,False,2,114.0,114.0,rock
3240,q,j,check,['check'],"[('p1', 'check'), ('p2', 'check')]",6.0,2490.0,12.0,p1,showdown,False,2,114.0,114.0,rock
3241,j,k,min_raise,['min_raise'],"[('p1', 'min_raise'), ('p2', 'call')]",-12.0,2478.0,24.0,p2,showdown,True,2,108.0,114.0,rock
3242,q,j,check,['check'],"[('p1', 'check'), ('p2', 'check')]",6.0,2484.0,12.0,p1,showdown,False,2,114.0,114.0,rock
3243,k,j,check,['check'],"[('p1', 'check'), ('p2', 'check')]",6.0,2490.0,12.0,p1,showdown,False,2,114.0,114.0,rock
3244,k,k,check,"['check', 'call']","[('p1', 'check'), ('p2', 'max_raise'), ('p1', 'call')]",0.0,2490.0,0.0,tie,showdown,False,3,114.0,102.0,rock
3245,q,q,check,['check'],"[('p1', 'check'), ('p2', 'check')]",0.0,2490.0,0.0,tie,showdown,False,2,114.0,114.0,rock
3246,q,j,check,['check'],"[('p1', 'check'), ('p2', 'check')]",6.0,2496.0,12.0,p1,showdown,False,2,114.0,114.0,rock
3247,k,j,check,['check'],"[('p1', 'check'), ('p2', 'check')]",6.0,2502.0,12.0,p1,showdown,False,2,114.0,114.0,rock
3248,j,q,min_raise,['min_raise'],"[('p1', 'min_raise'), ('p2', 'fold')]",6.0,2508.0,18.0,p1,fold,True,2,108.0,114.0,rock
3249,j,j,min_raise,['min_raise'],"[('p1', 'min_raise'), ('p2', 'fold')]",6.0,2514.0,18.0,p1,fold,True,2,108.0,114.0,rock
3250,k,k,check,"['check', 'call']","[('p1', 'check'), ('p2', 'max_raise'), ('p1', 'call')]",0.0,2514.0,0.0,tie,showdown,False,3,114.0,102.0,rock
3251,j,q,min_raise,['min_raise'],"[('p1', 'min_raise'), ('p2', 'fold')]",6.0,2520.0,18.0,p1,fold,True,2,108.0,114.0,rock
3252,q,q,check,['check'],"[('p1', 'check'), ('p2', 'check')]",0.0,2520.0,0.0,tie,showdown,False,2,114.0,114.0,rock
3253,k,j,check,['check'],"[('p1', 'check'), ('p2', 'check')]",6.0,2526.0,12.0,p1,showdown,False,2,114.0,114.0,rock
3254,k,k,check,"['check', 'call']","[('p1', 'check'), ('p2', 'max_raise'), ('p1', 'call')]",0.0,2526.0,0.0,tie,showdown,False,3,114.0,102.0,rock
3255,k,q,check,['check'],"[('p1', 'check'), ('p2', 'check')]",6.0,2532.0,12.0,p1,showdown,False,2,114.0,114.0,rock
3256,j,k,min_raise,['min_raise'],"[('p1', 'min_raise'), ('p2', 'call')]",-12.0,2520.0,24.0,p2,showdown,True,2,108.0,114.0,rock
3257,j,q,min_raise,['min_raise'],"[('p1', 'min_raise'), ('p2', 'fold')]",6.0,2526.0,18.0,p1,fold,True,2,108.0,114.0,rock
3258,q,q,check,['check'],"[('p1', 'check'), ('p2', 'check')]",0.0,2526.0,0.0,tie,showdown,False,2,114.0,114.0,rock
3259,j,k,min_raise,['min_raise'],"[('p1', 'min_raise'), ('p2', 'call')]",-12.0,2514.0,24.0,p2,showdown,True,2,108.0,114.0,rock
3260,k,q,check,['check'],"[('p1', 'check'), ('p2', 'check')]",6.0,2520.0,12.0,p1,showdown,False,2,114.0,114.0,rock
3261,k,j,check,['check'],"[('p1', 'check'), ('p2', 'check')]",6.0,2526.0,12.0,p1,showdown,False,2,114.0,114.0,rock
3262,j,k,min_raise,['min_raise'],"[('p1', 'min_raise'), ('p2', 'call')]",-12.0,2514.0,24.0,p2,showdown,True,2,108.0,114.0,rock
3263,k,q,check,['check'],"[('p1', 'check'), ('p2', 'check')]",6.0,2520.0,12.0,p1,showdown,False,2,114.0,114.0,rock
3264,k,q,check,['check'],"[('p1', 'check'), ('p2', 'check')]",6.0,2526.0,12.0,p1,showdown,False,2,114.0,114.0,rock
3265,q,k,check,"['check', 'fold']","[('p1', 'check'), ('p2', 'max_raise'), ('p1', 'fold')]",-6.0,2520.0,24.0,p2,fold,False,3,114.0,102.0,rock
3266,k,j,check,['check'],"[('p1', 'check'), ('p2', 'check')]",6.0,2526.0,12.0,p1,showdown,False,2,114.0,114.0,rock
3267,q,q,check,['check'],"[('p1', 'check'), ('p2', 'check')]",0.0,2526.0,0.0,tie,showdown,False,2,114.0,114.0,rock
3268,q,k,check,"['check', 'fold']","[('p1', 'check'), ('p2', 'max_raise'), ('p1', 'fold')]",-6.0,2520.0,24.0,p2,fold,False,3,114.0,102.0,rock
3269,k,j,check,['check'],"[('p1', 'check'), ('p2', 'check')]",6.0,2526.0,12.0,p1,showdown,False,2,114.0,114.0,rock
3270,q,j,check,['check'],"[('p1', 'check'), ('p2', 'check')]",6.0,2532.0,12.0,p1,showdown,False,2,114.0,114.0,rock
3271,q,k,check,"['check', 'fold']","[('p1', 'check'), ('p2', 'max_raise'), ('p1', 'fold')]",-6.0,2526.0,24.0,p2,fold,False,3,114.0,102.0,rock
3272,j,q,min_raise,['min_raise'],"[('p1', 'min_raise'), ('p2', 'fold')]",6.0,2532.0,18.0,p1,fold,True,2,108.0,114.0,rock
3273,j,k,min_raise,['min_raise'],"[('p1', 'min_raise'), ('p2', 'call')]",-12.0,2520.0,24.0,p2,showdown,True,2,108.0,114.0,rock
3274,k,q,check,['check'],"[('p1', 'check'), ('p2', 'check')]",6.0,2526.0,12.0,p1,showdown,False,2,114.0,114.0,rock
3275,q,q,check,['check'],"[('p1', 'check'), ('p2', 'check')]",0.0,2526.0,0.0,tie,showdown,False,2,114.0,114.0,rock
3276,j,k,min_raise,['min_raise'],"[('p1', 'min_raise'), ('p2', 'call')]",-12.0,2514.0,24.0,p2,showdown,True,2,108.0,114.0,rock
3277,k,q,check,['check'],"[('p1', 'check'), ('p2', 'check')]",6.0,2520.0,12.0,p1,showdown,False,2,114.0,114.0,rock
3278,j,k,min_raise,['min_raise'],"[('p1', 'min_raise'), ('p2', 'call')]",-12.0,2508.0,24.0,p2,showdown,True,2,108.0,114.0,rock
3279,q,q,check,['check'],"[('p1', 'check'), ('p2', 'check')]",0.0,2508.0,0.0,tie,showdown,False,2,114.0,114.0,rock
3280,j,j,min_raise,['min_raise'],"[('p1', 'min_raise'), ('p2', 'fold')]",6.0,2514.0,18.0,p1,fold,True,2,108.0,114.0,rock
3281,q,j,check,['check'],"[('p1', 'check'), ('p2', 'check')]",6.0,2520.0,12.0,p1,showdown,False,2,114.0,114.0,rock
3282,q,k,check,"['check', 'fold']","[('p1', 'check'), ('p2', 'max_raise'), ('p1', 'fold')]",-6.0,2514.0,24.0,p2,fold,False,3,114.0,102.0,rock
3283,q,k,check,"['check', 'fold']","[('p1', 'check'), ('p2', 'max_raise'), ('p1', 'fold')]",-6.0,2508.0,24.0,p2,fold,False,3,114.0,102.0,rock
3284,k,q,check,['check'],"[('p1', 'check'), ('p2', 'check')]",6.0,2514.0,12.0,p1,showdown,False,2,114.0,114.0,rock
3285,k,j,check,['check'],"[('p1', 'check'), ('p2', 'check')]",6.0,2520.0,12.0,p1,showdown,False,2,114.0,114.0,rock
3286,k,q,check,['check'],"[('p1', 'check'), ('p2', 'check')]",6.0,2526.0,12.0,p1,showdown,False,2,114.0,114.0,rock
3287,j,j,min_raise,['min_raise'],"[('p1', 'min_raise'), ('p2', 'fold')]",6.0,2532.0,18.0,p1,fold,True,2,108.0,114.0,rock
3288,j,k,min_raise,['min_raise'],"[('p1', 'min_raise'), ('p2', 'call')]",-12.0,2520.0,24.0,p2,showdown,True,2,108.0,114.0,rock
3289,q,j,check,['check'],"[('p1', 'check'), ('p2', 'check')]",6.0,2526.0,12.0,p1,showdown,False,2,114.0,114.0,rock
3290,q,j,check,['check'],"[('p1', 'check'), ('p2', 'check')]",6.0,2532.0,12.0,p1,showdown,False,2,114.0,114.0,rock
3291,k,k,check,"['check', 'call']","[('p1', 'check'), ('p2', 'max_raise'), ('p1', 'call')]",0.0,2532.0,0.0,tie,showdown,False,3,114.0,102.0,rock
3292,k,q,check,['check'],"[('p1', 'check'), ('p2', 'check')]",6.0,2538.0,12.0,p1,showdown,False,2,114.0,114.0,rock
3293,q,j,check,['check'],"[('p1', 'check'), ('p2', 'check')]",6.0,2544.0,12.0,p1,showdown,False,2,114.0,114.0,rock
3294,j,k,min_raise,['min_raise'],"[('p1', 'min_raise'), ('p2', 'call')]",-12.0,2532.0,24.0,p2,showdown,True,2,108.0,114.0,rock
3295,q,j,check,['check'],"[('p1', 'check'), ('p2', 'check')]",6.0,2538.0,12.0,p1,showdown,False,2,114.0,114.0,rock
3296,k,j,check,['check'],"[('p1', 'check'), ('p2', 'check')]",6.0,2544.0,12.0,p1,showdown,False,2,114.0,114.0,rock
3297,j,j,min_raise,['min_raise'],"[('p1', 'min_raise'), ('p2', 'fold')]",6.0,2550.0,18.0,p1,fold,True,2,108.0,114.0,rock
3298,j,k,min_raise,['min_raise'],"[('p1', 'min_raise'), ('p2', 'call')]",-12.0,2538.0,24.0,p2,showdown,True,2,108.0,114.0,rock
3299,q,j,check,['check'],"[('p1', 'check'), ('p2', 'check')]",6.0,2544.0,12.0,p1,showdown,False,2,114.0,114.0,rock
3300,q,q,check,['check'],"[('p1', 'check'), ('p2', 'check')]",0.0,2544.0,0.0,tie,showdown,False,2,114.0,114.0,rock
3301,j,j,min_raise,['min_raise'],"[('p1', 'min_raise'), ('p2', 'fold')]",6.0,2550.0,18.0,p1,fold,True,2,108.0,114.0,rock
3302,k,j,check,['check'],"[('p1', 'check'), ('p2', 'check')]",6.0,2556.0,12.0,p1,showdown,False,2,114.0,114.0,rock
3303,k,j,check,['check'],"[('p1', 'check'), ('p2', 'check')]",6.0,2562.0,12.0,p1,showdown,False,2,114.0,114.0,rock
3304,k,j,check,['check'],"[('p1', 'check'), ('p2', 'check')]",6.0,2568.0,12.0,p1,showdown,False,2,114.0,114.0,rock
3305,q,k,check,"['check', 'fold']","[('p1', 'check'), ('p2', 'max_raise'), ('p1', 'fold')]",-6.0,2562.0,24.0,p2,fold,False,3,114.0,102.0,rock
3306,j,q,min_raise,['min_raise'],"[('p1', 'min_raise'), ('p2', 'fold')]",6.0,2568.0,18.0,p1,fold,True,2,108.0,114.0,rock
3307,j,j,min_raise,['min_raise'],"[('p1', 'min_raise'), ('p2', 'fold')]",6.0,2574.0,18.0,p1,fold,True,2,108.0,114.0,rock
3308,k,j,check,['check'],"[('p1', 'check'), ('p2', 'check')]",6.0,2580.0,12.0,p1,showdown,False,2,114.0,114.0,rock
3309,q,k,check,"['check', 'fold']","[('p1', 'check'), ('p2', 'max_raise'), ('p1', 'fold')]",-6.0,2574.0,24.0,p2,fold,False,3,114.0,102.0,rock
3310,k,j,check,['check'],"[('p1', 'check'), ('p2', 'check')]",6.0,2580.0,12.0,p1,showdown,False,2,114.0,114.0,rock
3311,k,q,check,['check'],"[('p1', 'check'), ('p2', 'check')]",6.0,2586.0,12.0,p1,showdown,False,2,114.0,114.0,rock
3312,q,k,check,"['check', 'fold']","[('p1', 'check'), ('p2', 'max_raise'), ('p1', 'fold')]",-6.0,2580.0,24.0,p2,fold,False,3,114.0,102.0,rock
3313,j,j,min_raise,['min_raise'],"[('p1', 'min_raise'), ('p2', 'fold')]",6.0,2586.0,18.0,p1,fold,True,2,108.0,114.0,rock
3314,q,q,check,['check'],"[('p1', 'check'), ('p2', 'check')]",0.0,2586.0,0.0,tie,showdown,False,2,114.0,114.0,rock
3315,k,k,check,"['check', 'call']","[('p1', 'check'), ('p2', 'max_raise'), ('p1', 'call')]",0.0,2586.0,0.0,tie,showdown,False,3,114.0,102.0,rock
3316,k,k,check,"['check', 'call']","[('p1', 'check'), ('p2', 'max_raise'), ('p1', 'call')]",0.0,2586.0,0.0,tie,showdown,False,3,114.0,102.0,rock
3317,k,j,check,['check'],"[('p1', 'check'), ('p2', 'check')]",6.0,2592.0,12.0,p1,showdown,False,2,114.0,114.0,rock
3318,k,q,check,['check'],"[('p1', 'check'), ('p2', 'check')]",6.0,2598.0,12.0,p1,showdown,False,2,114.0,114.0,rock
3319,k,j,check,['check'],"[('p1', 'check'), ('p2', 'check')]",6.0,2604.0,12.0,p1,showdown,False,2,114.0,114.0,rock
3320,j,q,min_raise,['min_raise'],"[('p1', 'min_raise'), ('p2', 'fold')]",6.0,2610.0,18.0,p1,fold,True,2,108.0,114.0,rock
3321,j,k,min_raise,['min_raise'],"[('p1', 'min_raise'), ('p2', 'call')]",-12.0,2598.0,24.0,p2,showdown,True,2,108.0,114.0,rock
3322,j,q,min_raise,['min_raise'],"[('p1', 'min_raise'), ('p2', 'fold')]",6.0,2604.0,18.0,p1,fold,True,2,108.0,114.0,rock
3323,j,j,min_raise,['min_raise'],"[('p1', 'min_raise'), ('p2', 'fold')]",6.0,2610.0,18.0,p1,fold,True,2,108.0,114.0,rock
3324,q,q,check,['check'],"[('p1', 'check'), ('p2', 'check')]",0.0,2610.0,0.0,tie,showdown,False,2,114.0,114.0,rock
3325,k,q,check,['check'],"[('p1', 'check'), ('p2', 'check')]",6.0,2616.0,12.0,p1,showdown,False,2,114.0,114.0,rock
3326,k,j,check,['check'],"[('p1', 'check'), ('p2', 'check')]",6.0,2622.0,12.0,p1,showdown,False,2,114.0,114.0,rock
3327,k,k,check,"['check', 'call']","[('p1', 'check'), ('p2', 'max_raise'), ('p1', 'call')]",0.0,2622.0,0.0,tie,showdown,False,3,114.0,102.0,rock
3328,j,q,min_raise,['min_raise'],"[('p1', 'min_raise'), ('p2', 'fold')]",6.0,2628.0,18.0,p1,fold,True,2,108.0,114.0,rock
3329,j,j,min_raise,['min_raise'],"[('p1', 'min_raise'), ('p2', 'fold')]",6.0,2634.0,18.0,p1,fold,True,2,108.0,114.0,rock
3330,j,k,min_raise,['min_raise'],"[('p1', 'min_raise'), ('p2', 'call')]",-12.0,2622.0,24.0,p2,showdown,True,2,108.0,114.0,rock
3331,q,j,check,['check'],"[('p1', 'check'), ('p2', 'check')]",6.0,2628.0,12.0,p1,showdown,False,2,114.0,114.0,rock
3332,q,j,check,['check'],"[('p1', 'check'), ('p2', 'check')]",6.0,2634.0,12.0,p1,showdown,False,2,114.0,114.0,rock
3333,j,q,min_raise,['min_raise'],"[('p1', 'min_raise'), ('p2', 'fold')]",6.0,2640.0,18.0,p1,fold,True,2,108.0,114.0,rock
3334,j,q,min_raise,['min_raise'],"[('p1', 'min_raise'), ('p2', 'fold')]",6.0,2646.0,18.0,p1,fold,True,2,108.0,114.0,rock
3335,q,j,check,['check'],"[('p1', 'check'), ('p2', 'check')]",6.0,2652.0,12.0,p1,showdown,False,2,114.0,114.0,rock
3336,j,k,min_raise,['min_raise'],"[('p1', 'min_raise'), ('p2', 'call')]",-12.0,2640.0,24.0,p2,showdown,True,2,108.0,114.0,rock
3337,j,j,min_raise,['min_raise'],"[('p1', 'min_raise'), ('p2', 'fold')]",6.0,2646.0,18.0,p1,fold,True,2,108.0,114.0,rock
3338,q,k,check,"['check', 'fold']","[('p1', 'check'), ('p2', 'max_raise'), ('p1', 'fold')]",-6.0,2640.0,24.0,p2,fold,False,3,114.0,102.0,rock
3339,q,j,check,['check'],"[('p1', 'check'), ('p2', 'check')]",6.0,2646.0,12.0,p1,showdown,False,2,114.0,114.0,rock
3340,k,j,check,['check'],"[('p1', 'check'), ('p2', 'check')]",6.0,2652.0,12.0,p1,showdown,False,2,114.0,114.0,rock
3341,k,k,check,"['check', 'call']","[('p1', 'check'), ('p2', 'max_raise'), ('p1', 'call')]",0.0,2652.0,0.0,tie,showdown,False,3,114.0,102.0,rock
3342,k,q,check,['check'],"[('p1', 'check'), ('p2', 'check')]",6.0,2658.0,12.0,p1,showdown,False,2,114.0,114.0,rock
3343,j,q,min_raise,['min_raise'],"[('p1', 'min_raise'), ('p2', 'fold')]",6.0,2664.0,18.0,p1,fold,True,2,108.0,114.0,rock
3344,k,q,check,['check'],"[('p1', 'check'), ('p2', 'check')]",6.0,2670.0,12.0,p1,showdown,False,2,114.0,114.0,rock
3345,k,j,check,['check'],"[('p1', 'check'), ('p2', 'check')]",6.0,2676.0,12.0,p1,showdown,False,2,114.0,114.0,rock
3346,k,j,check,['check'],"[('p1', 'check'), ('p2', 'check')]",6.0,2682.0,12.0,p1,showdown,False,2,114.0,114.0,rock
3347,k,q,check,['check'],"[('p1', 'check'), ('p2', 'check')]",6.0,2688.0,12.0,p1,showdown,False,2,114.0,114.0,rock
3348,j,k,min_raise,['min_raise'],"[('p1', 'min_raise'), ('p2', 'call')]",-12.0,2676.0,24.0,p2,showdown,True,2,108.0,114.0,rock
3349,q,j,check,['check'],"[('p1', 'check'), ('p2', 'check')]",6.0,2682.0,12.0,p1,showdown,False,2,114.0,114.0,rock
3350,k,q,check,['check'],"[('p1', 'check'), ('p2', 'check')]",6.0,2688.0,12.0,p1,showdown,False,2,114.0,114.0,rock
3351,q,j,check,['check'],"[('p1', 'check'), ('p2', 'check')]",6.0,2694.0,12.0,p1,showdown,False,2,114.0,114.0,rock
3352,q,q,check,['check'],"[('p1', 'check'), ('p2', 'check')]",0.0,2694.0,0.0,tie,showdown,False,2,114.0,114.0,rock
3353,k,j,check,['check'],"[('p1', 'check'), ('p2', 'check')]",6.0,2700.0,12.0,p1,showdown,False,2,114.0,114.0,rock
3354,k,k,check,"['check', 'call']","[('p1', 'check'), ('p2', 'max_raise'), ('p1', 'call')]",0.0,2700.0,0.0,tie,showdown,False,3,114.0,102.0,rock
3355,k,q,check,['check'],"[('p1', 'check'), ('p2', 'check')]",6.0,2706.0,12.0,p1,showdown,False,2,114.0,114.0,rock
3356,j,k,min_raise,['min_raise'],"[('p1', 'min_raise'), ('p2', 'call')]",-12.0,2694.0,24.0,p2,showdown,True,2,108.0,114.0,rock
3357,k,q,check,['check'],"[('p1', 'check'), ('p2', 'check')]",6.0,2700.0,12.0,p1,showdown,False,2,114.0,114.0,rock
3358,q,q,check,['check'],"[('p1', 'check'), ('p2', 'check')]",0.0,2700.0,0.0,tie,showdown,False,2,114.0,114.0,rock
3359,j,q,min_raise,['min_raise'],"[('p1', 'min_raise'), ('p2', 'fold')]",6.0,2706.0,18.0,p1,fold,True,2,108.0,114.0,rock
3360,k,j,check,['check'],"[('p1', 'check'), ('p2', 'check')]",6.0,2712.0,12.0,p1,showdown,False,2,114.0,114.0,rock
3361,q,j,check,['check'],"[('p1', 'check'), ('p2', 'check')]",6.0,2718.0,12.0,p1,showdown,False,2,114.0,114.0,rock
3362,j,q,min_raise,['min_raise'],"[('p1', 'min_raise'), ('p2', 'fold')]",6.0,2724.0,18.0,p1,fold,True,2,108.0,114.0,rock
3363,j,q,min_raise,['min_raise'],"[('p1', 'min_raise'), ('p2', 'fold')]",6.0,2730.0,18.0,p1,fold,True,2,108.0,114.0,rock
3364,j,j,min_raise,['min_raise'],"[('p1', 'min_raise'), ('p2', 'fold')]",6.0,2736.0,18.0,p1,fold,True,2,108.0,114.0,rock
3365,q,q,check,['check'],"[('p1', 'check'), ('p2', 'check')]",0.0,2736.0,0.0,tie,showdown,False,2,114.0,114.0,rock
3366,j,q,min_raise,['min_raise'],"[('p1', 'min_raise'), ('p2', 'fold')]",6.0,2742.0,18.0,p1,fold,True,2,108.0,114.0,rock
3367,j,j,min_raise,['min_raise'],"[('p1', 'min_raise'), ('p2', 'fold')]",6.0,2748.0,18.0,p1,fold,True,2,108.0,114.0,rock
3368,q,k,check,"['check', 'fold']","[('p1', 'check'), ('p2', 'max_raise'), ('p1', 'fold')]",-6.0,2742.0,24.0,p2,fold,False,3,114.0,102.0,rock
3369,k,k,check,"['check', 'call']","[('p1', 'check'), ('p2', 'max_raise'), ('p1', 'call')]",0.0,2742.0,0.0,tie,showdown,False,3,114.0,102.0,rock
3370,q,k,check,"['check', 'fold']","[('p1', 'check'), ('p2', 'max_raise'), ('p1', 'fold')]",-6.0,2736.0,24.0,p2,fold,False,3,114.0,102.0,rock
3371,j,q,min_raise,['min_raise'],"[('p1', 'min_raise'), ('p2', 'fold')]",6.0,2742.0,18.0,p1,fold,True,2,108.0,114.0,rock
3372,q,k,check,"['check', 'fold']","[('p1', 'check'), ('p2', 'max_raise'), ('p1', 'fold')]",-6.0,2736.0,24.0,p2,fold,False,3,114.0,102.0,rock
3373,k,j,check,['check'],"[('p1', 'check'), ('p2', 'check')]",6.0,2742.0,12.0,p1,showdown,False,2,114.0,114.0,rock
3374,k,q,check,['check'],"[('p1', 'check'), ('p2', 'check')]",6.0,2748.0,12.0,p1,showdown,False,2,114.0,114.0,rock
3375,k,j,check,['check'],"[('p1', 'check'), ('p2', 'check')]",6.0,2754.0,12.0,p1,showdown,False,2,114.0,114.0,rock
3376,k,k,check,"['check', 'call']","[('p1', 'check'), ('p2', 'max_raise'), ('p1', 'call')]",0.0,2754.0,0.0,tie,showdown,False,3,114.0,102.0,rock
3377,j,j,min_raise,['min_raise'],"[('p1', 'min_raise'), ('p2', 'fold')]",6.0,2760.0,18.0,p1,fold,True,2,108.0,114.0,rock
3378,k,j,check,['check'],"[('p1', 'check'), ('p2', 'check')]",6.0,2766.0,12.0,p1,showdown,False,2,114.0,114.0,rock
3379,k,q,check,['check'],"[('p1', 'check'), ('p2', 'check')]",6.0,2772.0,12.0,p1,showdown,False,2,114.0,114.0,rock
3380,q,q,check,['check'],"[('p1', 'check'), ('p2', 'check')]",0.0,2772.0,0.0,tie,showdown,False,2,114.0,114.0,rock
3381,k,j,check,['check'],"[('p1', 'check'), ('p2', 'check')]",6.0,2778.0,12.0,p1,showdown,False,2,114.0,114.0,rock
3382,j,k,min_raise,['min_raise'],"[('p1', 'min_raise'), ('p2', 'call')]",-12.0,2766.0,24.0,p2,showdown,True,2,108.0,114.0,rock
3383,j,k,min_raise,['min_raise'],"[('p1', 'min_raise'), ('p2', 'call')]",-12.0,2754.0,24.0,p2,showdown,True,2,108.0,114.0,rock
3384,k,q,check,['check'],"[('p1', 'check'), ('p2', 'check')]",6.0,2760.0,12.0,p1,showdown,False,2,114.0,114.0,rock
3385,j,q,min_raise,['min_raise'],"[('p1', 'min_raise'), ('p2', 'fold')]",6.0,2766.0,18.0,p1,fold,True,2,108.0,114.0,rock
3386,q,j,check,['check'],"[('p1', 'check'), ('p2', 'check')]",6.0,2772.0,12.0,p1,showdown,False,2,114.0,114.0,rock
3387,k,j,check,['check'],"[('p1', 'check'), ('p2', 'check')]",6.0,2778.0,12.0,p1,showdown,False,2,114.0,114.0,rock
3388,k,j,check,['check'],"[('p1', 'check'), ('p2', 'check')]",6.0,2784.0,12.0,p1,showdown,False,2,114.0,114.0,rock
3389,k,q,check,['check'],"[('p1', 'check'), ('p2', 'check')]",6.0,2790.0,12.0,p1,showdown,False,2,114.0,114.0,rock
3390,j,k,min_raise,['min_raise'],"[('p1', 'min_raise'), ('p2', 'call')]",-12.0,2778.0,24.0,p2,showdown,True,2,108.0,114.0,rock
3391,k,k,check,"['check', 'call']","[('p1', 'check'), ('p2', 'max_raise'), ('p1', 'call')]",0.0,2778.0,0.0,tie,showdown,False,3,114.0,102.0,rock
3392,j,k,min_raise,['min_raise'],"[('p1', 'min_raise'), ('p2', 'call')]",-12.0,2766.0,24.0,p2,showdown,True,2,108.0,114.0,rock
3393,q,q,check,['check'],"[('p1', 'check'), ('p2', 'check')]",0.0,2766.0,0.0,tie,showdown,False,2,114.0,114.0,rock
3394,q,k,check,"['check', 'fold']","[('p1', 'check'), ('p2', 'max_raise'), ('p1', 'fold')]",-6.0,2760.0,24.0,p2,fold,False,3,114.0,102.0,rock
3395,k,k,check,"['check', 'call']","[('p1', 'check'), ('p2', 'max_raise'), ('p1', 'call')]",0.0,2760.0,0.0,tie,showdown,False,3,114.0,102.0,rock
3396,k,q,check,['check'],"[('p1', 'check'), ('p2', 'check')]",6.0,2766.0,12.0,p1,showdown,False,2,114.0,114.0,rock
3397,k,j,check,['check'],"[('p1', 'check'), ('p2', 'check')]",6.0,2772.0,12.0,p1,showdown,False,2,114.0,114.0,rock
3398,j,j,min_raise,['min_raise'],"[('p1', 'min_raise'), ('p2', 'fold')]",6.0,2778.0,18.0,p1,fold,True,2,108.0,114.0,rock
3399,k,j,check,['check'],"[('p1', 'check'), ('p2', 'check')]",6.0,2784.0,12.0,p1,showdown,False,2,114.0,114.0,rock
3400,k,q,check,['check'],"[('p1', 'check'), ('p2', 'check')]",6.0,2790.0,12.0,p1,showdown,False,2,114.0,114.0,rock
3401,k,k,check,"['check', 'call']","[('p1', 'check'), ('p2', 'max_raise'), ('p1', 'call')]",0.0,2790.0,0.0,tie,showdown,False,3,114.0,102.0,rock
3402,k,j,check,['check'],"[('p1', 'check'), ('p2', 'check')]",6.0,2796.0,12.0,p1,showdown,False,2,114.0,114.0,rock
3403,q,k,check,"['check', 'fold']","[('p1', 'check'), ('p2', 'max_raise'), ('p1', 'fold')]",-6.0,2790.0,24.0,p2,fold,False,3,114.0,102.0,rock
3404,k,j,check,['check'],"[('p1', 'check'), ('p2', 'check')]",6.0,2796.0,12.0,p1,showdown,False,2,114.0,114.0,rock
3405,j,k,min_raise,['min_raise'],"[('p1', 'min_raise'), ('p2', 'call')]",-12.0,2784.0,24.0,p2,showdown,True,2,108.0,114.0,rock
3406,q,j,check,['check'],"[('p1', 'check'), ('p2', 'check')]",6.0,2790.0,12.0,p1,showdown,False,2,114.0,114.0,rock
3407,j,q,min_raise,['min_raise'],"[('p1', 'min_raise'), ('p2', 'fold')]",6.0,2796.0,18.0,p1,fold,True,2,108.0,114.0,rock
3408,k,j,check,['check'],"[('p1', 'check'), ('p2', 'check')]",6.0,2802.0,12.0,p1,showdown,False,2,114.0,114.0,rock
3409,q,q,check,['check'],"[('p1', 'check'), ('p2', 'check')]",0.0,2802.0,0.0,tie,showdown,False,2,114.0,114.0,rock
3410,q,q,check,['check'],"[('p1', 'check'), ('p2', 'check')]",0.0,2802.0,0.0,tie,showdown,False,2,114.0,114.0,rock
3411,j,k,min_raise,['min_raise'],"[('p1', 'min_raise'), ('p2', 'call')]",-12.0,2790.0,24.0,p2,showdown,True,2,108.0,114.0,rock
3412,q,j,check,['check'],"[('p1', 'check'), ('p2', 'check')]",6.0,2796.0,12.0,p1,showdown,False,2,114.0,114.0,rock
3413,k,k,check,"['check', 'call']","[('p1', 'check'), ('p2', 'max_raise'), ('p1', 'call')]",0.0,2796.0,0.0,tie,showdown,False,3,114.0,102.0,rock
3414,j,k,min_raise,['min_raise'],"[('p1', 'min_raise'), ('p2', 'call')]",-12.0,2784.0,24.0,p2,showdown,True,2,108.0,114.0,rock
3415,q,j,check,['check'],"[('p1', 'check'), ('p2', 'check')]",6.0,2790.0,12.0,p1,showdown,False,2,114.0,114.0,rock
3416,q,k,check,"['check', 'fold']","[('p1', 'check'), ('p2', 'max_raise'), ('p1', 'fold')]",-6.0,2784.0,24.0,p2,fold,False,3,114.0,102.0,rock
3417,k,q,check,['check'],"[('p1', 'check'), ('p2', 'check')]",6.0,2790.0,12.0,p1,showdown,False,2,114.0,114.0,rock
3418,q,k,check,"['check', 'fold']","[('p1', 'check'), ('p2', 'max_raise'), ('p1', 'fold')]",-6.0,2784.0,24.0,p2,fold,False,3,114.0,102.0,rock
3419,q,j,check,['check'],"[('p1', 'check'), ('p2', 'check')]",6.0,2790.0,12.0,p1,showdown,False,2,114.0,114.0,rock
3420,j,j,min_raise,['min_raise'],"[('p1', 'min_raise'), ('p2', 'fold')]",6.0,2796.0,18.0,p1,fold,True,2,108.0,114.0,rock
3421,q,q,check,['check'],"[('p1', 'check'), ('p2', 'check')]",0.0,2796.0,0.0,tie,showdown,False,2,114.0,114.0,rock
3422,k,q,check,['check'],"[('p1', 'check'), ('p2', 'check')]",6.0,2802.0,12.0,p1,showdown,False,2,114.0,114.0,rock
3423,q,k,check,"['check', 'fold']","[('p1', 'check'), ('p2', 'max_raise'), ('p1', 'fold')]",-6.0,2796.0,24.0,p2,fold,False,3,114.0,102.0,rock
3424,k,q,check,['check'],"[('p1', 'check'), ('p2', 'check')]",6.0,2802.0,12.0,p1,showdown,False,2,114.0,114.0,rock
3425,k,q,check,['check'],"[('p1', 'check'), ('p2', 'check')]",6.0,2808.0,12.0,p1,showdown,False,2,114.0,114.0,rock
3426,k,k,check,"['check', 'call']","[('p1', 'check'), ('p2', 'max_raise'), ('p1', 'call')]",0.0,2808.0,0.0,tie,showdown,False,3,114.0,102.0,rock
3427,k,k,check,"['check', 'call']","[('p1', 'check'), ('p2', 'max_raise'), ('p1', 'call')]",0.0,2808.0,0.0,tie,showdown,False,3,114.0,102.0,rock
3428,k,j,check,['check'],"[('p1', 'check'), ('p2', 'check')]",6.0,2814.0,12.0,p1,showdown,False,2,114.0,114.0,rock
3429,q,q,check,['check'],"[('p1', 'check'), ('p2', 'check')]",0.0,2814.0,0.0,tie,showdown,False,2,114.0,114.0,rock
3430,k,k,check,"['check', 'call']","[('p1', 'check'), ('p2', 'max_raise'), ('p1', 'call')]",0.0,2814.0,0.0,tie,showdown,False,3,114.0,102.0,rock
3431,q,q,check,['check'],"[('p1', 'check'), ('p2', 'check')]",0.0,2814.0,0.0,tie,showdown,False,2,114.0,114.0,rock
3432,q,j,check,['check'],"[('p1', 'check'), ('p2', 'check')]",6.0,2820.0,12.0,p1,showdown,False,2,114.0,114.0,rock
3433,q,k,check,"['check', 'fold']","[('p1', 'check'), ('p2', 'max_raise'), ('p1', 'fold')]",-6.0,2814.0,24.0,p2,fold,False,3,114.0,102.0,rock
3434,j,q,min_raise,['min_raise'],"[('p1', 'min_raise'), ('p2', 'fold')]",6.0,2820.0,18.0,p1,fold,True,2,108.0,114.0,rock
3435,q,j,check,['check'],"[('p1', 'check'), ('p2', 'check')]",6.0,2826.0,12.0,p1,showdown,False,2,114.0,114.0,rock
3436,q,j,check,['check'],"[('p1', 'check'), ('p2', 'check')]",6.0,2832.0,12.0,p1,showdown,False,2,114.0,114.0,rock
3437,k,k,check,"['check', 'call']","[('p1', 'check'), ('p2', 'max_raise'), ('p1', 'call')]",0.0,2832.0,0.0,tie,showdown,False,3,114.0,102.0,rock
3438,j,q,min_raise,['min_raise'],"[('p1', 'min_raise'), ('p2', 'fold')]",6.0,2838.0,18.0,p1,fold,True,2,108.0,114.0,rock
3439,k,j,check,['check'],"[('p1', 'check'), ('p2', 'check')]",6.0,2844.0,12.0,p1,showdown,False,2,114.0,114.0,rock
3440,j,q,min_raise,['min_raise'],"[('p1', 'min_raise'), ('p2', 'fold')]",6.0,2850.0,18.0,p1,fold,True,2,108.0,114.0,rock
3441,j,q,min_raise,['min_raise'],"[('p1', 'min_raise'), ('p2', 'fold')]",6.0,2856.0,18.0,p1,fold,True,2,108.0,114.0,rock
3442,j,j,min_raise,['min_raise'],"[('p1', 'min_raise'), ('p2', 'fold')]",6.0,2862.0,18.0,p1,fold,True,2,108.0,114.0,rock
3443,k,k,check,"['check', 'call']","[('p1', 'check'), ('p2', 'max_raise'), ('p1', 'call')]",0.0,2862.0,0.0,tie,showdown,False,3,114.0,102.0,rock
3444,j,k,min_raise,['min_raise'],"[('p1', 'min_raise'), ('p2', 'call')]",-12.0,2850.0,24.0,p2,showdown,True,2,108.0,114.0,rock
3445,k,q,check,['check'],"[('p1', 'check'), ('p2', 'check')]",6.0,2856.0,12.0,p1,showdown,False,2,114.0,114.0,rock
3446,k,q,check,['check'],"[('p1', 'check'), ('p2', 'check')]",6.0,2862.0,12.0,p1,showdown,False,2,114.0,114.0,rock
3447,j,j,min_raise,['min_raise'],"[('p1', 'min_raise'), ('p2', 'fold')]",6.0,2868.0,18.0,p1,fold,True,2,108.0,114.0,rock
3448,q,q,check,['check'],"[('p1', 'check'), ('p2', 'check')]",0.0,2868.0,0.0,tie,showdown,False,2,114.0,114.0,rock
3449,q,q,check,['check'],"[('p1', 'check'), ('p2', 'check')]",0.0,2868.0,0.0,tie,showdown,False,2,114.0,114.0,rock
3450,k,k,check,"['check', 'call']","[('p1', 'check'), ('p2', 'max_raise'), ('p1', 'call')]",0.0,2868.0,0.0,tie,showdown,False,3,114.0,102.0,rock
3451,q,k,check,"['check', 'fold']","[('p1', 'check'), ('p2', 'max_raise'), ('p1', 'fold')]",-6.0,2862.0,24.0,p2,fold,False,3,114.0,102.0,rock
3452,q,k,check,"['check', 'fold']","[('p1', 'check'), ('p2', 'max_raise'), ('p1', 'fold')]",-6.0,2856.0,24.0,p2,fold,False,3,114.0,102.0,rock
3453,q,j,check,['check'],"[('p1', 'check'), ('p2', 'check')]",6.0,2862.0,12.0,p1,showdown,False,2,114.0,114.0,rock
3454,q,k,check,"['check', 'fold']","[('p1', 'check'), ('p2', 'max_raise'), ('p1', 'fold')]",-6.0,2856.0,24.0,p2,fold,False,3,114.0,102.0,rock
3455,j,k,min_raise,['min_raise'],"[('p1', 'min_raise'), ('p2', 'call')]",-12.0,2844.0,24.0,p2,showdown,True,2,108.0,114.0,rock
3456,q,q,check,['check'],"[('p1', 'check'), ('p2', 'check')]",0.0,2844.0,0.0,tie,showdown,False,2,114.0,114.0,rock
3457,j,q,min_raise,['min_raise'],"[('p1', 'min_raise'), ('p2', 'fold')]",6.0,2850.0,18.0,p1,fold,True,2,108.0,114.0,rock
3458,j,k,min_raise,['min_raise'],"[('p1', 'min_raise'), ('p2', 'call')]",-12.0,2838.0,24.0,p2,showdown,True,2,108.0,114.0,rock
3459,q,j,check,['check'],"[('p1', 'check'), ('p2', 'check')]",6.0,2844.0,12.0,p1,showdown,False,2,114.0,114.0,rock
3460,q,k,check,"['check', 'fold']","[('p1', 'check'), ('p2', 'max_raise'), ('p1', 'fold')]",-6.0,2838.0,24.0,p2,fold,False,3,114.0,102.0,rock
3461,j,k,min_raise,['min_raise'],"[('p1', 'min_raise'), ('p2', 'call')]",-12.0,2826.0,24.0,p2,showdown,True,2,108.0,114.0,rock
3462,q,k,check,"['check', 'fold']","[('p1', 'check'), ('p2', 'max_raise'), ('p1', 'fold')]",-6.0,2820.0,24.0,p2,fold,False,3,114.0,102.0,rock
3463,k,j,check,['check'],"[('p1', 'check'), ('p2', 'check')]",6.0,2826.0,12.0,p1,showdown,False,2,114.0,114.0,rock
3464,q,k,check,"['check', 'fold']","[('p1', 'check'), ('p2', 'max_raise'), ('p1', 'fold')]",-6.0,2820.0,24.0,p2,fold,False,3,114.0,102.0,rock
3465,k,k,check,"['check', 'call']","[('p1', 'check'), ('p2', 'max_raise'), ('p1', 'call')]",0.0,2820.0,0.0,tie,showdown,False,3,114.0,102.0,rock
3466,q,k,check,"['check', 'fold']","[('p1', 'check'), ('p2', 'max_raise'), ('p1', 'fold')]",-6.0,2814.0,24.0,p2,fold,False,3,114.0,102.0,rock
3467,j,k,min_raise,['min_raise'],"[('p1', 'min_raise'), ('p2', 'call')]",-12.0,2802.0,24.0,p2,showdown,True,2,108.0,114.0,rock
3468,q,j,check,['check'],"[('p1', 'check'), ('p2', 'check')]",6.0,2808.0,12.0,p1,showdown,False,2,114.0,114.0,rock
3469,q,j,check,['check'],"[('p1', 'check'), ('p2', 'check')]",6.0,2814.0,12.0,p1,showdown,False,2,114.0,114.0,rock
3470,j,q,min_raise,['min_raise'],"[('p1', 'min_raise'), ('p2', 'fold')]",6.0,2820.0,18.0,p1,fold,True,2,108.0,114.0,rock
3471,k,q,check,['check'],"[('p1', 'check'), ('p2', 'check')]",6.0,2826.0,12.0,p1,showdown,False,2,114.0,114.0,rock
3472,k,j,check,['check'],"[('p1', 'check'), ('p2', 'check')]",6.0,2832.0,12.0,p1,showdown,False,2,114.0,114.0,rock
3473,j,k,min_raise,['min_raise'],"[('p1', 'min_raise'), ('p2', 'call')]",-12.0,2820.0,24.0,p2,showdown,True,2,108.0,114.0,rock
3474,j,j,min_raise,['min_raise'],"[('p1', 'min_raise'), ('p2', 'fold')]",6.0,2826.0,18.0,p1,fold,True,2,108.0,114.0,rock
3475,j,j,min_raise,['min_raise'],"[('p1', 'min_raise'), ('p2', 'fold')]",6.0,2832.0,18.0,p1,fold,True,2,108.0,114.0,rock
3476,k,j,check,['check'],"[('p1', 'check'), ('p2', 'check')]",6.0,2838.0,12.0,p1,showdown,False,2,114.0,114.0,rock
3477,q,q,check,['check'],"[('p1', 'check'), ('p2', 'check')]",0.0,2838.0,0.0,tie,showdown,False,2,114.0,114.0,rock
3478,q,j,check,['check'],"[('p1', 'check'), ('p2', 'check')]",6.0,2844.0,12.0,p1,showdown,False,2,114.0,114.0,rock
3479,j,q,min_raise,['min_raise'],"[('p1', 'min_raise'), ('p2', 'fold')]",6.0,2850.0,18.0,p1,fold,True,2,108.0,114.0,rock
3480,k,j,check,['check'],"[('p1', 'check'), ('p2', 'check')]",6.0,2856.0,12.0,p1,showdown,False,2,114.0,114.0,rock
3481,q,q,check,['check'],"[('p1', 'check'), ('p2', 'check')]",0.0,2856.0,0.0,tie,showdown,False,2,114.0,114.0,rock
3482,j,q,min_raise,['min_raise'],"[('p1', 'min_raise'), ('p2', 'fold')]",6.0,2862.0,18.0,p1,fold,True,2,108.0,114.0,rock
3483,j,q,min_raise,['min_raise'],"[('p1', 'min_raise'), ('p2', 'fold')]",6.0,2868.0,18.0,p1,fold,True,2,108.0,114.0,rock
3484,k,q,check,['check'],"[('p1', 'check'), ('p2', 'check')]",6.0,2874.0,12.0,p1,showdown,False,2,114.0,114.0,rock
3485,k,j,check,['check'],"[('p1', 'check'), ('p2', 'check')]",6.0,2880.0,12.0,p1,showdown,False,2,114.0,114.0,rock
3486,j,q,min_raise,['min_raise'],"[('p1', 'min_raise'), ('p2', 'fold')]",6.0,2886.0,18.0,p1,fold,True,2,108.0,114.0,rock
3487,k,q,check,['check'],"[('p1', 'check'), ('p2', 'check')]",6.0,2892.0,12.0,p1,showdown,False,2,114.0,114.0,rock
3488,k,j,check,['check'],"[('p1', 'check'), ('p2', 'check')]",6.0,2898.0,12.0,p1,showdown,False,2,114.0,114.0,rock
3489,q,j,check,['check'],"[('p1', 'check'), ('p2', 'check')]",6.0,2904.0,12.0,p1,showdown,False,2,114.0,114.0,rock
3490,q,k,check,"['check', 'fold']","[('p1', 'check'), ('p2', 'max_raise'), ('p1', 'fold')]",-6.0,2898.0,24.0,p2,fold,False,3,114.0,102.0,rock
3491,q,k,check,"['check', 'fold']","[('p1', 'check'), ('p2', 'max_raise'), ('p1', 'fold')]",-6.0,2892.0,24.0,p2,fold,False,3,114.0,102.0,rock
3492,j,q,min_raise,['min_raise'],"[('p1', 'min_raise'), ('p2', 'fold')]",6.0,2898.0,18.0,p1,fold,True,2,108.0,114.0,rock
3493,k,k,check,"['check', 'call']","[('p1', 'check'), ('p2', 'max_raise'), ('p1', 'call')]",0.0,2898.0,0.0,tie,showdown,False,3,114.0,102.0,rock
3494,q,k,check,"['check', 'fold']","[('p1', 'check'), ('p2', 'max_raise'), ('p1', 'fold')]",-6.0,2892.0,24.0,p2,fold,False,3,114.0,102.0,rock
3495,j,q,min_raise,['min_raise'],"[('p1', 'min_raise'), ('p2', 'fold')]",6.0,2898.0,18.0,p1,fold,True,2,108.0,114.0,rock
3496,k,k,check,"['check', 'call']","[('p1', 'check'), ('p2', 'max_raise'), ('p1', 'call')]",0.0,2898.0,0.0,tie,showdown,False,3,114.0,102.0,rock
3497,k,j,check,['check'],"[('p1', 'check'), ('p2', 'check')]",6.0,2904.0,12.0,p1,showdown,False,2,114.0,114.0,rock
3498,k,q,check,['check'],"[('p1', 'check'), ('p2', 'check')]",6.0,2910.0,12.0,p1,showdown,False,2,114.0,114.0,rock
3499,j,k,min_raise,['min_raise'],"[('p1', 'min_raise'), ('p2', 'call')]",-12.0,2898.0,24.0,p2,showdown,True,2,108.0,114.0,rock
3500,q,j,check,['check'],"[('p1', 'check'), ('p2', 'check')]",6.0,2904.0,12.0,p1,showdown,False,2,114.0,114.0,rock
3501,q,k,check,"['check', 'fold']","[('p1', 'check'), ('p2', 'max_raise'), ('p1', 'fold')]",-6.0,2898.0,24.0,p2,fold,False,3,114.0,102.0,rock
3502,q,k,check,"['check', 'fold']","[('p1', 'check'), ('p2', 'max_raise'), ('p1', 'fold')]",-6.0,2892.0,24.0,p2,fold,False,3,114.0,102.0,rock
3503,k,j,check,['check'],"[('p1', 'check'), ('p2', 'check')]",6.0,2898.0,12.0,p1,showdown,False,2,114.0,114.0,rock
3504,k,j,check,['check'],"[('p1', 'check'), ('p2', 'check')]",6.0,2904.0,12.0,p1,showdown,False,2,114.0,114.0,rock
3505,j,k,min_raise,['min_raise'],"[('p1', 'min_raise'), ('p2', 'call')]",-12.0,2892.0,24.0,p2,showdown,True,2,108.0,114.0,rock
3506,q,k,check,"['check', 'fold']","[('p1', 'check'), ('p2', 'max_raise'), ('p1', 'fold')]",-6.0,2886.0,24.0,p2,fold,False,3,114.0,102.0,rock
3507,j,q,min_raise,['min_raise'],"[('p1', 'min_raise'), ('p2', 'fold')]",6.0,2892.0,18.0,p1,fold,True,2,108.0,114.0,rock
3508,k,j,check,['check'],"[('p1', 'check'), ('p2', 'check')]",6.0,2898.0,12.0,p1,showdown,False,2,114.0,114.0,rock
3509,j,k,min_raise,['min_raise'],"[('p1', 'min_raise'), ('p2', 'call')]",-12.0,2886.0,24.0,p2,showdown,True,2,108.0,114.0,rock
3510,j,k,min_raise,['min_raise'],"[('p1', 'min_raise'), ('p2', 'call')]",-12.0,2874.0,24.0,p2,showdown,True,2,108.0,114.0,rock
3511,j,k,min_raise,['min_raise'],"[('p1', 'min_raise'), ('p2', 'call')]",-12.0,2862.0,24.0,p2,showdown,True,2,108.0,114.0,rock
3512,k,q,check,['check'],"[('p1', 'check'), ('p2', 'check')]",6.0,2868.0,12.0,p1,showdown,False,2,114.0,114.0,rock
3513,j,k,min_raise,['min_raise'],"[('p1', 'min_raise'), ('p2', 'call')]",-12.0,2856.0,24.0,p2,showdown,True,2,108.0,114.0,rock
3514,k,q,check,['check'],"[('p1', 'check'), ('p2', 'check')]",6.0,2862.0,12.0,p1,showdown,False,2,114.0,114.0,rock
3515,j,k,min_raise,['min_raise'],"[('p1', 'min_raise'), ('p2', 'call')]",-12.0,2850.0,24.0,p2,showdown,True,2,108.0,114.0,rock
3516,k,q,check,['check'],"[('p1', 'check'), ('p2', 'check')]",6.0,2856.0,12.0,p1,showdown,False,2,114.0,114.0,rock
3517,k,q,check,['check'],"[('p1', 'check'), ('p2', 'check')]",6.0,2862.0,12.0,p1,showdown,False,2,114.0,114.0,rock
3518,j,q,min_raise,['min_raise'],"[('p1', 'min_raise'), ('p2', 'fold')]",6.0,2868.0,18.0,p1,fold,True,2,108.0,114.0,rock
3519,q,k,check,"['check', 'fold']","[('p1', 'check'), ('p2', 'max_raise'), ('p1', 'fold')]",-6.0,2862.0,24.0,p2,fold,False,3,114.0,102.0,rock
3520,k,j,check,['check'],"[('p1', 'check'), ('p2', 'check')]",6.0,2868.0,12.0,p1,showdown,False,2,114.0,114.0,rock
3521,q,j,check,['check'],"[('p1', 'check'), ('p2', 'check')]",6.0,2874.0,12.0,p1,showdown,False,2,114.0,114.0,rock
3522,j,j,min_raise,['min_raise'],"[('p1', 'min_raise'), ('p2', 'fold')]",6.0,2880.0,18.0,p1,fold,True,2,108.0,114.0,rock
3523,k,q,check,['check'],"[('p1', 'check'), ('p2', 'check')]",6.0,2886.0,12.0,p1,showdown,False,2,114.0,114.0,rock
3524,j,j,min_raise,['min_raise'],"[('p1', 'min_raise'), ('p2', 'fold')]",6.0,2892.0,18.0,p1,fold,True,2,108.0,114.0,rock
3525,q,q,check,['check'],"[('p1', 'check'), ('p2', 'check')]",0.0,2892.0,0.0,tie,showdown,False,2,114.0,114.0,rock
3526,q,k,check,"['check', 'fold']","[('p1', 'check'), ('p2', 'max_raise'), ('p1', 'fold')]",-6.0,2886.0,24.0,p2,fold,False,3,114.0,102.0,rock
3527,j,q,min_raise,['min_raise'],"[('p1', 'min_raise'), ('p2', 'fold')]",6.0,2892.0,18.0,p1,fold,True,2,108.0,114.0,rock
3528,j,j,min_raise,['min_raise'],"[('p1', 'min_raise'), ('p2', 'fold')]",6.0,2898.0,18.0,p1,fold,True,2,108.0,114.0,rock
3529,k,j,check,['check'],"[('p1', 'check'), ('p2', 'check')]",6.0,2904.0,12.0,p1,showdown,False,2,114.0,114.0,rock
3530,k,j,check,['check'],"[('p1', 'check'), ('p2', 'check')]",6.0,2910.0,12.0,p1,showdown,False,2,114.0,114.0,rock
3531,k,k,check,"['check', 'call']","[('p1', 'check'), ('p2', 'max_raise'), ('p1', 'call')]",0.0,2910.0,0.0,tie,showdown,False,3,114.0,102.0,rock
3532,j,k,min_raise,['min_raise'],"[('p1', 'min_raise'), ('p2', 'call')]",-12.0,2898.0,24.0,p2,showdown,True,2,108.0,114.0,rock
3533,j,k,min_raise,['min_raise'],"[('p1', 'min_raise'), ('p2', 'call')]",-12.0,2886.0,24.0,p2,showdown,True,2,108.0,114.0,rock
3534,k,q,check,['check'],"[('p1', 'check'), ('p2', 'check')]",6.0,2892.0,12.0,p1,showdown,False,2,114.0,114.0,rock
3535,q,k,check,"['check', 'fold']","[('p1', 'check'), ('p2', 'max_raise'), ('p1', 'fold')]",-6.0,2886.0,24.0,p2,fold,False,3,114.0,102.0,rock
3536,j,j,min_raise,['min_raise'],"[('p1', 'min_raise'), ('p2', 'fold')]",6.0,2892.0,18.0,p1,fold,True,2,108.0,114.0,rock
3537,k,k,check,"['check', 'call']","[('p1', 'check'), ('p2', 'max_raise'), ('p1', 'call')]",0.0,2892.0,0.0,tie,showdown,False,3,114.0,102.0,rock
3538,k,q,check,['check'],"[('p1', 'check'), ('p2', 'check')]",6.0,2898.0,12.0,p1,showdown,False,2,114.0,114.0,rock
3539,j,k,min_raise,['min_raise'],"[('p1', 'min_raise'), ('p2', 'call')]",-12.0,2886.0,24.0,p2,showdown,True,2,108.0,114.0,rock
3540,q,j,check,['check'],"[('p1', 'check'), ('p2', 'check')]",6.0,2892.0,12.0,p1,showdown,False,2,114.0,114.0,rock
3541,q,j,check,['check'],"[('p1', 'check'), ('p2', 'check')]",6.0,2898.0,12.0,p1,showdown,False,2,114.0,114.0,rock
3542,q,k,check,"['check', 'fold']","[('p1', 'check'), ('p2', 'max_raise'), ('p1', 'fold')]",-6.0,2892.0,24.0,p2,fold,False,3,114.0,102.0,rock
3543,k,q,check,['check'],"[('p1', 'check'), ('p2', 'check')]",6.0,2898.0,12.0,p1,showdown,False,2,114.0,114.0,rock
3544,j,q,min_raise,['min_raise'],"[('p1', 'min_raise'), ('p2', 'fold')]",6.0,2904.0,18.0,p1,fold,True,2,108.0,114.0,rock
3545,k,k,check,"['check', 'call']","[('p1', 'check'), ('p2', 'max_raise'), ('p1', 'call')]",0.0,2904.0,0.0,tie,showdown,False,3,114.0,102.0,rock
3546,j,j,min_raise,['min_raise'],"[('p1', 'min_raise'), ('p2', 'fold')]",6.0,2910.0,18.0,p1,fold,True,2,108.0,114.0,rock
3547,k,j,check,['check'],"[('p1', 'check'), ('p2', 'check')]",6.0,2916.0,12.0,p1,showdown,False,2,114.0,114.0,rock
3548,k,j,check,['check'],"[('p1', 'check'), ('p2', 'check')]",6.0,2922.0,12.0,p1,showdown,False,2,114.0,114.0,rock
3549,k,k,check,"['check', 'call']","[('p1', 'check'), ('p2', 'max_raise'), ('p1', 'call')]",0.0,2922.0,0.0,tie,showdown,False,3,114.0,102.0,rock
3550,q,j,check,['check'],"[('p1', 'check'), ('p2', 'check')]",6.0,2928.0,12.0,p1,showdown,False,2,114.0,114.0,rock
3551,q,j,check,['check'],"[('p1', 'check'), ('p2', 'check')]",6.0,2934.0,12.0,p1,showdown,False,2,114.0,114.0,rock
3552,j,q,min_raise,['min_raise'],"[('p1', 'min_raise'), ('p2', 'fold')]",6.0,2940.0,18.0,p1,fold,True,2,108.0,114.0,rock
3553,q,k,check,"['check', 'fold']","[('p1', 'check'), ('p2', 'max_raise'), ('p1', 'fold')]",-6.0,2934.0,24.0,p2,fold,False,3,114.0,102.0,rock
3554,q,q,check,['check'],"[('p1', 'check'), ('p2', 'check')]",0.0,2934.0,0.0,tie,showdown,False,2,114.0,114.0,rock
3555,k,j,check,['check'],"[('p1', 'check'), ('p2', 'check')]",6.0,2940.0,12.0,p1,showdown,False,2,114.0,114.0,rock
3556,j,q,min_raise,['min_raise'],"[('p1', 'min_raise'), ('p2', 'fold')]",6.0,2946.0,18.0,p1,fold,True,2,108.0,114.0,rock
3557,k,q,check,['check'],"[('p1', 'check'), ('p2', 'check')]",6.0,2952.0,12.0,p1,showdown,False,2,114.0,114.0,rock
3558,k,k,check,"['check', 'call']","[('p1', 'check'), ('p2', 'max_raise'), ('p1', 'call')]",0.0,2952.0,0.0,tie,showdown,False,3,114.0,102.0,rock
3559,k,k,check,"['check', 'call']","[('p1', 'check'), ('p2', 'max_raise'), ('p1', 'call')]",0.0,2952.0,0.0,tie,showdown,False,3,114.0,102.0,rock
3560,k,j,check,['check'],"[('p1', 'check'), ('p2', 'check')]",6.0,2958.0,12.0,p1,showdown,False,2,114.0,114.0,rock
3561,k,q,check,['check'],"[('p1', 'check'), ('p2', 'check')]",6.0,2964.0,12.0,p1,showdown,False,2,114.0,114.0,rock
3562,q,q,check,['check'],"[('p1', 'check'), ('p2', 'check')]",0.0,2964.0,0.0,tie,showdown,False,2,114.0,114.0,rock
3563,j,k,min_raise,['min_raise'],"[('p1', 'min_raise'), ('p2', 'call')]",-12.0,2952.0,24.0,p2,showdown,True,2,108.0,114.0,rock
3564,q,q,check,['check'],"[('p1', 'check'), ('p2', 'check')]",0.0,2952.0,0.0,tie,showdown,False,2,114.0,114.0,rock
3565,k,k,check,"['check', 'call']","[('p1', 'check'), ('p2', 'max_raise'), ('p1', 'call')]",0.0,2952.0,0.0,tie,showdown,False,3,114.0,102.0,rock
3566,j,q,min_raise,['min_raise'],"[('p1', 'min_raise'), ('p2', 'fold')]",6.0,2958.0,18.0,p1,fold,True,2,108.0,114.0,rock
3567,j,k,min_raise,['min_raise'],"[('p1', 'min_raise'), ('p2', 'call')]",-12.0,2946.0,24.0,p2,showdown,True,2,108.0,114.0,rock
3568,k,k,check,"['check', 'call']","[('p1', 'check'), ('p2', 'max_raise'), ('p1', 'call')]",0.0,2946.0,0.0,tie,showdown,False,3,114.0,102.0,rock
3569,k,j,check,['check'],"[('p1', 'check'), ('p2', 'check')]",6.0,2952.0,12.0,p1,showdown,False,2,114.0,114.0,rock
3570,q,j,check,['check'],"[('p1', 'check'), ('p2', 'check')]",6.0,2958.0,12.0,p1,showdown,False,2,114.0,114.0,rock
3571,j,q,min_raise,['min_raise'],"[('p1', 'min_raise'), ('p2', 'fold')]",6.0,2964.0,18.0,p1,fold,True,2,108.0,114.0,rock
3572,j,q,min_raise,['min_raise'],"[('p1', 'min_raise'), ('p2', 'fold')]",6.0,2970.0,18.0,p1,fold,True,2,108.0,114.0,rock
3573,j,q,min_raise,['min_raise'],"[('p1', 'min_raise'), ('p2', 'fold')]",6.0,2976.0,18.0,p1,fold,True,2,108.0,114.0,rock
3574,k,j,check,['check'],"[('p1', 'check'), ('p2', 'check')]",6.0,2982.0,12.0,p1,showdown,False,2,114.0,114.0,rock
3575,q,j,check,['check'],"[('p1', 'check'), ('p2', 'check')]",6.0,2988.0,12.0,p1,showdown,False,2,114.0,114.0,rock
3576,k,k,check,"['check', 'call']","[('p1', 'check'), ('p2', 'max_raise'), ('p1', 'call')]",0.0,2988.0,0.0,tie,showdown,False,3,114.0,102.0,rock
3577,k,k,check,"['check', 'call']","[('p1', 'check'), ('p2', 'max_raise'), ('p1', 'call')]",0.0,2988.0,0.0,tie,showdown,False,3,114.0,102.0,rock
3578,j,k,min_raise,['min_raise'],"[('p1', 'min_raise'), ('p2', 'call')]",-12.0,2976.0,24.0,p2,showdown,True,2,108.0,114.0,rock
3579,j,k,min_raise,['min_raise'],"[('p1', 'min_raise'), ('p2', 'call')]",-12.0,2964.0,24.0,p2,showdown,True,2,108.0,114.0,rock
3580,q,k,check,"['check', 'fold']","[('p1', 'check'), ('p2', 'max_raise'), ('p1', 'fold')]",-6.0,2958.0,24.0,p2,fold,False,3,114.0,102.0,rock
3581,q,q,check,['check'],"[('p1', 'check'), ('p2', 'check')]",0.0,2958.0,0.0,tie,showdown,False,2,114.0,114.0,rock
3582,k,k,check,"['check', 'call']","[('p1', 'check'), ('p2', 'max_raise'), ('p1', 'call')]",0.0,2958.0,0.0,tie,showdown,False,3,114.0,102.0,rock
3583,q,k,check,"['check', 'fold']","[('p1', 'check'), ('p2', 'max_raise'), ('p1', 'fold')]",-6.0,2952.0,24.0,p2,fold,False,3,114.0,102.0,rock
3584,j,k,min_raise,['min_raise'],"[('p1', 'min_raise'), ('p2', 'call')]",-12.0,2940.0,24.0,p2,showdown,True,2,108.0,114.0,rock
3585,k,j,check,['check'],"[('p1', 'check'), ('p2', 'check')]",6.0,2946.0,12.0,p1,showdown,False,2,114.0,114.0,rock
3586,j,k,min_raise,['min_raise'],"[('p1', 'min_raise'), ('p2', 'call')]",-12.0,2934.0,24.0,p2,showdown,True,2,108.0,114.0,rock
3587,q,k,check,"['check', 'fold']","[('p1', 'check'), ('p2', 'max_raise'), ('p1', 'fold')]",-6.0,2928.0,24.0,p2,fold,False,3,114.0,102.0,rock
3588,q,k,check,"['check', 'fold']","[('p1', 'check'), ('p2', 'max_raise'), ('p1', 'fold')]",-6.0,2922.0,24.0,p2,fold,False,3,114.0,102.0,rock
3589,q,j,check,['check'],"[('p1', 'check'), ('p2', 'check')]",6.0,2928.0,12.0,p1,showdown,False,2,114.0,114.0,rock
3590,q,q,check,['check'],"[('p1', 'check'), ('p2', 'check')]",0.0,2928.0,0.0,tie,showdown,False,2,114.0,114.0,rock
3591,q,k,check,"['check', 'fold']","[('p1', 'check'), ('p2', 'max_raise'), ('p1', 'fold')]",-6.0,2922.0,24.0,p2,fold,False,3,114.0,102.0,rock
3592,j,k,min_raise,['min_raise'],"[('p1', 'min_raise'), ('p2', 'call')]",-12.0,2910.0,24.0,p2,showdown,True,2,108.0,114.0,rock
3593,j,j,min_raise,['min_raise'],"[('p1', 'min_raise'), ('p2', 'fold')]",6.0,2916.0,18.0,p1,fold,True,2,108.0,114.0,rock
3594,q,j,check,['check'],"[('p1', 'check'), ('p2', 'check')]",6.0,2922.0,12.0,p1,showdown,False,2,114.0,114.0,rock
3595,j,k,min_raise,['min_raise'],"[('p1', 'min_raise'), ('p2', 'call')]",-12.0,2910.0,24.0,p2,showdown,True,2,108.0,114.0,rock
3596,q,k,check,"['check', 'fold']","[('p1', 'check'), ('p2', 'max_raise'), ('p1', 'fold')]",-6.0,2904.0,24.0,p2,fold,False,3,114.0,102.0,rock
3597,j,k,min_raise,['min_raise'],"[('p1', 'min_raise'), ('p2', 'call')]",-12.0,2892.0,24.0,p2,showdown,True,2,108.0,114.0,rock
3598,q,j,check,['check'],"[('p1', 'check'), ('p2', 'check')]",6.0,2898.0,12.0,p1,showdown,False,2,114.0,114.0,rock
3599,q,j,check,['check'],"[('p1', 'check'), ('p2', 'check')]",6.0,2904.0,12.0,p1,showdown,False,2,114.0,114.0,rock
3600,q,j,check,['check'],"[('p1', 'check'), ('p2', 'check')]",6.0,2910.0,12.0,p1,showdown,False,2,114.0,114.0,rock
3601,q,j,check,['check'],"[('p1', 'check'), ('p2', 'check')]",6.0,2916.0,12.0,p1,showdown,False,2,114.0,114.0,rock
3602,j,q,min_raise,['min_raise'],"[('p1', 'min_raise'), ('p2', 'fold')]",6.0,2922.0,18.0,p1,fold,True,2,108.0,114.0,rock
3603,q,j,check,['check'],"[('p1', 'check'), ('p2', 'check')]",6.0,2928.0,12.0,p1,showdown,False,2,114.0,114.0,rock
3604,j,j,min_raise,['min_raise'],"[('p1', 'min_raise'), ('p2', 'fold')]",6.0,2934.0,18.0,p1,fold,True,2,108.0,114.0,rock
3605,k,j,check,['check'],"[('p1', 'check'), ('p2', 'check')]",6.0,2940.0,12.0,p1,showdown,False,2,114.0,114.0,rock
3606,k,j,check,['check'],"[('p1', 'check'), ('p2', 'check')]",6.0,2946.0,12.0,p1,showdown,False,2,114.0,114.0,rock
3607,k,j,check,['check'],"[('p1', 'check'), ('p2', 'check')]",6.0,2952.0,12.0,p1,showdown,False,2,114.0,114.0,rock
3608,q,k,check,"['check', 'fold']","[('p1', 'check'), ('p2', 'max_raise'), ('p1', 'fold')]",-6.0,2946.0,24.0,p2,fold,False,3,114.0,102.0,rock
3609,k,j,check,['check'],"[('p1', 'check'), ('p2', 'check')]",6.0,2952.0,12.0,p1,showdown,False,2,114.0,114.0,rock
3610,j,k,min_raise,['min_raise'],"[('p1', 'min_raise'), ('p2', 'call')]",-12.0,2940.0,24.0,p2,showdown,True,2,108.0,114.0,rock
3611,k,q,check,['check'],"[('p1', 'check'), ('p2', 'check')]",6.0,2946.0,12.0,p1,showdown,False,2,114.0,114.0,rock
3612,j,k,min_raise,['min_raise'],"[('p1', 'min_raise'), ('p2', 'call')]",-12.0,2934.0,24.0,p2,showdown,True,2,108.0,114.0,rock
3613,k,q,check,['check'],"[('p1', 'check'), ('p2', 'check')]",6.0,2940.0,12.0,p1,showdown,False,2,114.0,114.0,rock
3614,j,q,min_raise,['min_raise'],"[('p1', 'min_raise'), ('p2', 'fold')]",6.0,2946.0,18.0,p1,fold,True,2,108.0,114.0,rock
3615,q,k,check,"['check', 'fold']","[('p1', 'check'), ('p2', 'max_raise'), ('p1', 'fold')]",-6.0,2940.0,24.0,p2,fold,False,3,114.0,102.0,rock
3616,j,k,min_raise,['min_raise'],"[('p1', 'min_raise'), ('p2', 'call')]",-12.0,2928.0,24.0,p2,showdown,True,2,108.0,114.0,rock
3617,k,k,check,"['check', 'call']","[('p1', 'check'), ('p2', 'max_raise'), ('p1', 'call')]",0.0,2928.0,0.0,tie,showdown,False,3,114.0,102.0,rock
3618,j,q,min_raise,['min_raise'],"[('p1', 'min_raise'), ('p2', 'fold')]",6.0,2934.0,18.0,p1,fold,True,2,108.0,114.0,rock
3619,q,k,check,"['check', 'fold']","[('p1', 'check'), ('p2', 'max_raise'), ('p1', 'fold')]",-6.0,2928.0,24.0,p2,fold,False,3,114.0,102.0,rock
3620,j,q,min_raise,['min_raise'],"[('p1', 'min_raise'), ('p2', 'fold')]",6.0,2934.0,18.0,p1,fold,True,2,108.0,114.0,rock
3621,q,j,check,['check'],"[('p1', 'check'), ('p2', 'check')]",6.0,2940.0,12.0,p1,showdown,False,2,114.0,114.0,rock
3622,q,k,check,"['check', 'fold']","[('p1', 'check'), ('p2', 'max_raise'), ('p1', 'fold')]",-6.0,2934.0,24.0,p2,fold,False,3,114.0,102.0,rock
3623,k,k,check,"['check', 'call']","[('p1', 'check'), ('p2', 'max_raise'), ('p1', 'call')]",0.0,2934.0,0.0,tie,showdown,False,3,114.0,102.0,rock
3624,k,j,check,['check'],"[('p1', 'check'), ('p2', 'check')]",6.0,2940.0,12.0,p1,showdown,False,2,114.0,114.0,rock
3625,q,q,check,['check'],"[('p1', 'check'), ('p2', 'check')]",0.0,2940.0,0.0,tie,showdown,False,2,114.0,114.0,rock
3626,q,j,check,['check'],"[('p1', 'check'), ('p2', 'check')]",6.0,2946.0,12.0,p1,showdown,False,2,114.0,114.0,rock
3627,j,k,min_raise,['min_raise'],"[('p1', 'min_raise'), ('p2', 'call')]",-12.0,2934.0,24.0,p2,showdown,True,2,108.0,114.0,rock
3628,k,q,check,['check'],"[('p1', 'check'), ('p2', 'check')]",6.0,2940.0,12.0,p1,showdown,False,2,114.0,114.0,rock
3629,k,j,check,['check'],"[('p1', 'check'), ('p2', 'check')]",6.0,2946.0,12.0,p1,showdown,False,2,114.0,114.0,rock
3630,q,j,check,['check'],"[('p1', 'check'), ('p2', 'check')]",6.0,2952.0,12.0,p1,showdown,False,2,114.0,114.0,rock
3631,q,j,check,['check'],"[('p1', 'check'), ('p2', 'check')]",6.0,2958.0,12.0,p1,showdown,False,2,114.0,114.0,rock
3632,q,k,check,"['check', 'fold']","[('p1', 'check'), ('p2', 'max_raise'), ('p1', 'fold')]",-6.0,2952.0,24.0,p2,fold,False,3,114.0,102.0,rock
3633,j,j,min_raise,['min_raise'],"[('p1', 'min_raise'), ('p2', 'fold')]",6.0,2958.0,18.0,p1,fold,True,2,108.0,114.0,rock
3634,j,j,min_raise,['min_raise'],"[('p1', 'min_raise'), ('p2', 'fold')]",6.0,2964.0,18.0,p1,fold,True,2,108.0,114.0,rock
3635,j,k,min_raise,['min_raise'],"[('p1', 'min_raise'), ('p2', 'call')]",-12.0,2952.0,24.0,p2,showdown,True,2,108.0,114.0,rock
3636,j,j,min_raise,['min_raise'],"[('p1', 'min_raise'), ('p2', 'fold')]",6.0,2958.0,18.0,p1,fold,True,2,108.0,114.0,rock
3637,q,j,check,['check'],"[('p1', 'check'), ('p2', 'check')]",6.0,2964.0,12.0,p1,showdown,False,2,114.0,114.0,rock
3638,k,j,check,['check'],"[('p1', 'check'), ('p2', 'check')]",6.0,2970.0,12.0,p1,showdown,False,2,114.0,114.0,rock
3639,j,k,min_raise,['min_raise'],"[('p1', 'min_raise'), ('p2', 'call')]",-12.0,2958.0,24.0,p2,showdown,True,2,108.0,114.0,rock
3640,k,j,check,['check'],"[('p1', 'check'), ('p2', 'check')]",6.0,2964.0,12.0,p1,showdown,False,2,114.0,114.0,rock
3641,k,k,check,"['check', 'call']","[('p1', 'check'), ('p2', 'max_raise'), ('p1', 'call')]",0.0,2964.0,0.0,tie,showdown,False,3,114.0,102.0,rock
3642,j,q,min_raise,['min_raise'],"[('p1', 'min_raise'), ('p2', 'fold')]",6.0,2970.0,18.0,p1,fold,True,2,108.0,114.0,rock
3643,k,q,check,['check'],"[('p1', 'check'), ('p2', 'check')]",6.0,2976.0,12.0,p1,showdown,False,2,114.0,114.0,rock
3644,q,k,check,"['check', 'fold']","[('p1', 'check'), ('p2', 'max_raise'), ('p1', 'fold')]",-6.0,2970.0,24.0,p2,fold,False,3,114.0,102.0,rock
3645,k,j,check,['check'],"[('p1', 'check'), ('p2', 'check')]",6.0,2976.0,12.0,p1,showdown,False,2,114.0,114.0,rock
3646,j,j,min_raise,['min_raise'],"[('p1', 'min_raise'), ('p2', 'fold')]",6.0,2982.0,18.0,p1,fold,True,2,108.0,114.0,rock
3647,q,q,check,['check'],"[('p1', 'check'), ('p2', 'check')]",0.0,2982.0,0.0,tie,showdown,False,2,114.0,114.0,rock
3648,k,q,check,['check'],"[('p1', 'check'), ('p2', 'check')]",6.0,2988.0,12.0,p1,showdown,False,2,114.0,114.0,rock
3649,k,j,check,['check'],"[('p1', 'check'), ('p2', 'check')]",6.0,2994.0,12.0,p1,showdown,False,2,114.0,114.0,rock
3650,j,q,min_raise,['min_raise'],"[('p1', 'min_raise'), ('p2', 'fold')]",6.0,3000.0,18.0,p1,fold,True,2,108.0,114.0,rock
3651,k,q,check,['check'],"[('p1', 'check'), ('p2', 'check')]",6.0,3006.0,12.0,p1,showdown,False,2,114.0,114.0,rock
3652,q,j,check,['check'],"[('p1', 'check'), ('p2', 'check')]",6.0,3012.0,12.0,p1,showdown,False,2,114.0,114.0,rock
3653,j,k,min_raise,['min_raise'],"[('p1', 'min_raise'), ('p2', 'call')]",-12.0,3000.0,24.0,p2,showdown,True,2,108.0,114.0,rock
3654,j,q,min_raise,['min_raise'],"[('p1', 'min_raise'), ('p2', 'fold')]",6.0,3006.0,18.0,p1,fold,True,2,108.0,114.0,rock
3655,q,k,check,"['check', 'fold']","[('p1', 'check'), ('p2', 'max_raise'), ('p1', 'fold')]",-6.0,3000.0,24.0,p2,fold,False,3,114.0,102.0,rock
3656,k,q,check,['check'],"[('p1', 'check'), ('p2', 'check')]",6.0,3006.0,12.0,p1,showdown,False,2,114.0,114.0,rock
3657,j,j,min_raise,['min_raise'],"[('p1', 'min_raise'), ('p2', 'fold')]",6.0,3012.0,18.0,p1,fold,True,2,108.0,114.0,rock
3658,q,k,check,"['check', 'fold']","[('p1', 'check'), ('p2', 'max_raise'), ('p1', 'fold')]",-6.0,3006.0,24.0,p2,fold,False,3,114.0,102.0,rock
3659,k,j,check,['check'],"[('p1', 'check'), ('p2', 'check')]",6.0,3012.0,12.0,p1,showdown,False,2,114.0,114.0,rock
3660,q,j,check,['check'],"[('p1', 'check'), ('p2', 'check')]",6.0,3018.0,12.0,p1,showdown,False,2,114.0,114.0,rock
3661,k,q,check,['check'],"[('p1', 'check'), ('p2', 'check')]",6.0,3024.0,12.0,p1,showdown,False,2,114.0,114.0,rock
3662,j,k,min_raise,['min_raise'],"[('p1', 'min_raise'), ('p2', 'call')]",-12.0,3012.0,24.0,p2,showdown,True,2,108.0,114.0,rock
3663,j,k,min_raise,['min_raise'],"[('p1', 'min_raise'), ('p2', 'call')]",-12.0,3000.0,24.0,p2,showdown,True,2,108.0,114.0,rock
3664,q,k,check,"['check', 'fold']","[('p1', 'check'), ('p2', 'max_raise'), ('p1', 'fold')]",-6.0,2994.0,24.0,p2,fold,False,3,114.0,102.0,rock
3665,q,j,check,['check'],"[('p1', 'check'), ('p2', 'check')]",6.0,3000.0,12.0,p1,showdown,False,2,114.0,114.0,rock
3666,k,q,check,['check'],"[('p1', 'check'), ('p2', 'check')]",6.0,3006.0,12.0,p1,showdown,False,2,114.0,114.0,rock
3667,k,k,check,"['check', 'call']","[('p1', 'check'), ('p2', 'max_raise'), ('p1', 'call')]",0.0,3006.0,0.0,tie,showdown,False,3,114.0,102.0,rock
3668,q,j,check,['check'],"[('p1', 'check'), ('p2', 'check')]",6.0,3012.0,12.0,p1,showdown,False,2,114.0,114.0,rock
3669,q,k,check,"['check', 'fold']","[('p1', 'check'), ('p2', 'max_raise'), ('p1', 'fold')]",-6.0,3006.0,24.0,p2,fold,False,3,114.0,102.0,rock
3670,q,k,check,"['check', 'fold']","[('p1', 'check'), ('p2', 'max_raise'), ('p1', 'fold')]",-6.0,3000.0,24.0,p2,fold,False,3,114.0,102.0,rock
3671,j,q,min_raise,['min_raise'],"[('p1', 'min_raise'), ('p2', 'fold')]",6.0,3006.0,18.0,p1,fold,True,2,108.0,114.0,rock
3672,j,q,min_raise,['min_raise'],"[('p1', 'min_raise'), ('p2', 'fold')]",6.0,3012.0,18.0,p1,fold,True,2,108.0,114.0,rock
3673,j,k,min_raise,['min_raise'],"[('p1', 'min_raise'), ('p2', 'call')]",-12.0,3000.0,24.0,p2,showdown,True,2,108.0,114.0,rock
3674,q,k,check,"['check', 'fold']","[('p1', 'check'), ('p2', 'max_raise'), ('p1', 'fold')]",-6.0,2994.0,24.0,p2,fold,False,3,114.0,102.0,rock
3675,k,q,check,['check'],"[('p1', 'check'), ('p2', 'check')]",6.0,3000.0,12.0,p1,showdown,False,2,114.0,114.0,rock
3676,j,q,min_raise,['min_raise'],"[('p1', 'min_raise'), ('p2', 'fold')]",6.0,3006.0,18.0,p1,fold,True,2,108.0,114.0,rock
3677,q,j,check,['check'],"[('p1', 'check'), ('p2', 'check')]",6.0,3012.0,12.0,p1,showdown,False,2,114.0,114.0,rock
3678,q,k,check,"['check', 'fold']","[('p1', 'check'), ('p2', 'max_raise'), ('p1', 'fold')]",-6.0,3006.0,24.0,p2,fold,False,3,114.0,102.0,rock
3679,k,k,check,"['check', 'call']","[('p1', 'check'), ('p2', 'max_raise'), ('p1', 'call')]",0.0,3006.0,0.0,tie,showdown,False,3,114.0,102.0,rock
3680,k,j,check,['check'],"[('p1', 'check'), ('p2', 'check')]",6.0,3012.0,12.0,p1,showdown,False,2,114.0,114.0,rock
3681,q,q,check,['check'],"[('p1', 'check'), ('p2', 'check')]",0.0,3012.0,0.0,tie,showdown,False,2,114.0,114.0,rock
3682,q,j,check,['check'],"[('p1', 'check'), ('p2', 'check')]",6.0,3018.0,12.0,p1,showdown,False,2,114.0,114.0,rock
3683,q,k,check,"['check', 'fold']","[('p1', 'check'), ('p2', 'max_raise'), ('p1', 'fold')]",-6.0,3012.0,24.0,p2,fold,False,3,114.0,102.0,rock
3684,k,q,check,['check'],"[('p1', 'check'), ('p2', 'check')]",6.0,3018.0,12.0,p1,showdown,False,2,114.0,114.0,rock
3685,k,k,check,"['check', 'call']","[('p1', 'check'), ('p2', 'max_raise'), ('p1', 'call')]",0.0,3018.0,0.0,tie,showdown,False,3,114.0,102.0,rock
3686,q,k,check,"['check', 'fold']","[('p1', 'check'), ('p2', 'max_raise'), ('p1', 'fold')]",-6.0,3012.0,24.0,p2,fold,False,3,114.0,102.0,rock
3687,k,j,check,['check'],"[('p1', 'check'), ('p2', 'check')]",6.0,3018.0,12.0,p1,showdown,False,2,114.0,114.0,rock
3688,k,q,check,['check'],"[('p1', 'check'), ('p2', 'check')]",6.0,3024.0,12.0,p1,showdown,False,2,114.0,114.0,rock
3689,k,k,check,"['check', 'call']","[('p1', 'check'), ('p2', 'max_raise'), ('p1', 'call')]",0.0,3024.0,0.0,tie,showdown,False,3,114.0,102.0,rock
3690,j,j,min_raise,['min_raise'],"[('p1', 'min_raise'), ('p2', 'fold')]",6.0,3030.0,18.0,p1,fold,True,2,108.0,114.0,rock
3691,j,q,min_raise,['min_raise'],"[('p1', 'min_raise'), ('p2', 'fold')]",6.0,3036.0,18.0,p1,fold,True,2,108.0,114.0,rock
3692,j,q,min_raise,['min_raise'],"[('p1', 'min_raise'), ('p2', 'fold')]",6.0,3042.0,18.0,p1,fold,True,2,108.0,114.0,rock
3693,j,q,min_raise,['min_raise'],"[('p1', 'min_raise'), ('p2', 'fold')]",6.0,3048.0,18.0,p1,fold,True,2,108.0,114.0,rock
3694,q,k,check,"['check', 'fold']","[('p1', 'check'), ('p2', 'max_raise'), ('p1', 'fold')]",-6.0,3042.0,24.0,p2,fold,False,3,114.0,102.0,rock
3695,q,k,check,"['check', 'fold']","[('p1', 'check'), ('p2', 'max_raise'), ('p1', 'fold')]",-6.0,3036.0,24.0,p2,fold,False,3,114.0,102.0,rock
3696,j,q,min_raise,['min_raise'],"[('p1', 'min_raise'), ('p2', 'fold')]",6.0,3042.0,18.0,p1,fold,True,2,108.0,114.0,rock
3697,q,j,check,['check'],"[('p1', 'check'), ('p2', 'check')]",6.0,3048.0,12.0,p1,showdown,False,2,114.0,114.0,rock
3698,k,j,check,['check'],"[('p1', 'check'), ('p2', 'check')]",6.0,3054.0,12.0,p1,showdown,False,2,114.0,114.0,rock
3699,q,q,check,['check'],"[('p1', 'check'), ('p2', 'check')]",0.0,3054.0,0.0,tie,showdown,False,2,114.0,114.0,rock
3700,q,j,check,['check'],"[('p1', 'check'), ('p2', 'check')]",6.0,3060.0,12.0,p1,showdown,False,2,114.0,114.0,rock
3701,k,k,check,"['check', 'call']","[('p1', 'check'), ('p2', 'max_raise'), ('p1', 'call')]",0.0,3060.0,0.0,tie,showdown,False,3,114.0,102.0,rock
3702,q,k,check,"['check', 'fold']","[('p1', 'check'), ('p2', 'max_raise'), ('p1', 'fold')]",-6.0,3054.0,24.0,p2,fold,False,3,114.0,102.0,rock
3703,k,q,check,['check'],"[('p1', 'check'), ('p2', 'check')]",6.0,3060.0,12.0,p1,showdown,False,2,114.0,114.0,rock
3704,q,q,check,['check'],"[('p1', 'check'), ('p2', 'check')]",0.0,3060.0,0.0,tie,showdown,False,2,114.0,114.0,rock
3705,k,q,check,['check'],"[('p1', 'check'), ('p2', 'check')]",6.0,3066.0,12.0,p1,showdown,False,2,114.0,114.0,rock
3706,j,q,min_raise,['min_raise'],"[('p1', 'min_raise'), ('p2', 'fold')]",6.0,3072.0,18.0,p1,fold,True,2,108.0,114.0,rock
3707,j,q,min_raise,['min_raise'],"[('p1', 'min_raise'), ('p2', 'fold')]",6.0,3078.0,18.0,p1,fold,True,2,108.0,114.0,rock
3708,k,q,check,['check'],"[('p1', 'check'), ('p2', 'check')]",6.0,3084.0,12.0,p1,showdown,False,2,114.0,114.0,rock
3709,q,j,check,['check'],"[('p1', 'check'), ('p2', 'check')]",6.0,3090.0,12.0,p1,showdown,False,2,114.0,114.0,rock
3710,j,q,min_raise,['min_raise'],"[('p1', 'min_raise'), ('p2', 'fold')]",6.0,3096.0,18.0,p1,fold,True,2,108.0,114.0,rock
3711,k,k,check,"['check', 'call']","[('p1', 'check'), ('p2', 'max_raise'), ('p1', 'call')]",0.0,3096.0,0.0,tie,showdown,False,3,114.0,102.0,rock
3712,k,k,check,"['check', 'call']","[('p1', 'check'), ('p2', 'max_raise'), ('p1', 'call')]",0.0,3096.0,0.0,tie,showdown,False,3,114.0,102.0,rock
3713,j,k,min_raise,['min_raise'],"[('p1', 'min_raise'), ('p2', 'call')]",-12.0,3084.0,24.0,p2,showdown,True,2,108.0,114.0,rock
3714,k,k,check,"['check', 'call']","[('p1', 'check'), ('p2', 'max_raise'), ('p1', 'call')]",0.0,3084.0,0.0,tie,showdown,False,3,114.0,102.0,rock
3715,k,k,check,"['check', 'call']","[('p1', 'check'), ('p2', 'max_raise'), ('p1', 'call')]",0.0,3084.0,0.0,tie,showdown,False,3,114.0,102.0,rock
3716,q,q,check,['check'],"[('p1', 'check'), ('p2', 'check')]",0.0,3084.0,0.0,tie,showdown,False,2,114.0,114.0,rock
3717,j,j,min_raise,['min_raise'],"[('p1', 'min_raise'), ('p2', 'fold')]",6.0,3090.0,18.0,p1,fold,True,2,108.0,114.0,rock
3718,k,j,check,['check'],"[('p1', 'check'), ('p2', 'check')]",6.0,3096.0,12.0,p1,showdown,False,2,114.0,114.0,rock
3719,q,q,check,['check'],"[('p1', 'check'), ('p2', 'check')]",0.0,3096.0,0.0,tie,showdown,False,2,114.0,114.0,rock
3720,j,k,min_raise,['min_raise'],"[('p1', 'min_raise'), ('p2', 'call')]",-12.0,3084.0,24.0,p2,showdown,True,2,108.0,114.0,rock
3721,q,j,check,['check'],"[('p1', 'check'), ('p2', 'check')]",6.0,3090.0,12.0,p1,showdown,False,2,114.0,114.0,rock
3722,k,j,check,['check'],"[('p1', 'check'), ('p2', 'check')]",6.0,3096.0,12.0,p1,showdown,False,2,114.0,114.0,rock
3723,q,k,check,"['check', 'fold']","[('p1', 'check'), ('p2', 'max_raise'), ('p1', 'fold')]",-6.0,3090.0,24.0,p2,fold,False,3,114.0,102.0,rock
3724,k,q,check,['check'],"[('p1', 'check'), ('p2', 'check')]",6.0,3096.0,12.0,p1,showdown,False,2,114.0,114.0,rock
3725,q,k,check,"['check', 'fold']","[('p1', 'check'), ('p2', 'max_raise'), ('p1', 'fold')]",-6.0,3090.0,24.0,p2,fold,False,3,114.0,102.0,rock
3726,k,k,check,"['check', 'call']","[('p1', 'check'), ('p2', 'max_raise'), ('p1', 'call')]",0.0,3090.0,0.0,tie,showdown,False,3,114.0,102.0,rock
3727,j,j,min_raise,['min_raise'],"[('p1', 'min_raise'), ('p2', 'fold')]",6.0,3096.0,18.0,p1,fold,True,2,108.0,114.0,rock
3728,q,k,check,"['check', 'fold']","[('p1', 'check'), ('p2', 'max_raise'), ('p1', 'fold')]",-6.0,3090.0,24.0,p2,fold,False,3,114.0,102.0,rock
3729,q,k,check,"['check', 'fold']","[('p1', 'check'), ('p2', 'max_raise'), ('p1', 'fold')]",-6.0,3084.0,24.0,p2,fold,False,3,114.0,102.0,rock
3730,j,j,min_raise,['min_raise'],"[('p1', 'min_raise'), ('p2', 'fold')]",6.0,3090.0,18.0,p1,fold,True,2,108.0,114.0,rock
3731,q,q,check,['check'],"[('p1', 'check'), ('p2', 'check')]",0.0,3090.0,0.0,tie,showdown,False,2,114.0,114.0,rock
3732,k,j,check,['check'],"[('p1', 'check'), ('p2', 'check')]",6.0,3096.0,12.0,p1,showdown,False,2,114.0,114.0,rock
3733,j,k,min_raise,['min_raise'],"[('p1', 'min_raise'), ('p2', 'call')]",-12.0,3084.0,24.0,p2,showdown,True,2,108.0,114.0,rock
3734,q,j,check,['check'],"[('p1', 'check'), ('p2', 'check')]",6.0,3090.0,12.0,p1,showdown,False,2,114.0,114.0,rock
3735,j,k,min_raise,['min_raise'],"[('p1', 'min_raise'), ('p2', 'call')]",-12.0,3078.0,24.0,p2,showdown,True,2,108.0,114.0,rock
3736,j,k,min_raise,['min_raise'],"[('p1', 'min_raise'), ('p2', 'call')]",-12.0,3066.0,24.0,p2,showdown,True,2,108.0,114.0,rock
3737,j,k,min_raise,['min_raise'],"[('p1', 'min_raise'), ('p2', 'call')]",-12.0,3054.0,24.0,p2,showdown,True,2,108.0,114.0,rock
3738,j,q,min_raise,['min_raise'],"[('p1', 'min_raise'), ('p2', 'fold')]",6.0,3060.0,18.0,p1,fold,True,2,108.0,114.0,rock
3739,j,j,min_raise,['min_raise'],"[('p1', 'min_raise'), ('p2', 'fold')]",6.0,3066.0,18.0,p1,fold,True,2,108.0,114.0,rock
3740,k,q,check,['check'],"[('p1', 'check'), ('p2', 'check')]",6.0,3072.0,12.0,p1,showdown,False,2,114.0,114.0,rock
3741,q,k,check,"['check', 'fold']","[('p1', 'check'), ('p2', 'max_raise'), ('p1', 'fold')]",-6.0,3066.0,24.0,p2,fold,False,3,114.0,102.0,rock
3742,k,k,check,"['check', 'call']","[('p1', 'check'), ('p2', 'max_raise'), ('p1', 'call')]",0.0,3066.0,0.0,tie,showdown,False,3,114.0,102.0,rock
3743,q,k,check,"['check', 'fold']","[('p1', 'check'), ('p2', 'max_raise'), ('p1', 'fold')]",-6.0,3060.0,24.0,p2,fold,False,3,114.0,102.0,rock
3744,k,k,check,"['check', 'call']","[('p1', 'check'), ('p2', 'max_raise'), ('p1', 'call')]",0.0,3060.0,0.0,tie,showdown,False,3,114.0,102.0,rock
3745,j,q,min_raise,['min_raise'],"[('p1', 'min_raise'), ('p2', 'fold')]",6.0,3066.0,18.0,p1,fold,True,2,108.0,114.0,rock
3746,k,q,check,['check'],"[('p1', 'check'), ('p2', 'check')]",6.0,3072.0,12.0,p1,showdown,False,2,114.0,114.0,rock
3747,q,k,check,"['check', 'fold']","[('p1', 'check'), ('p2', 'max_raise'), ('p1', 'fold')]",-6.0,3066.0,24.0,p2,fold,False,3,114.0,102.0,rock
3748,k,j,check,['check'],"[('p1', 'check'), ('p2', 'check')]",6.0,3072.0,12.0,p1,showdown,False,2,114.0,114.0,rock
3749,q,j,check,['check'],"[('p1', 'check'), ('p2', 'check')]",6.0,3078.0,12.0,p1,showdown,False,2,114.0,114.0,rock
3750,k,k,check,"['check', 'call']","[('p1', 'check'), ('p2', 'max_raise'), ('p1', 'call')]",0.0,3078.0,0.0,tie,showdown,False,3,114.0,102.0,rock
3751,q,j,check,['check'],"[('p1', 'check'), ('p2', 'check')]",6.0,3084.0,12.0,p1,showdown,False,2,114.0,114.0,rock
3752,j,q,min_raise,['min_raise'],"[('p1', 'min_raise'), ('p2', 'fold')]",6.0,3090.0,18.0,p1,fold,True,2,108.0,114.0,rock
3753,k,k,check,"['check', 'call']","[('p1', 'check'), ('p2', 'max_raise'), ('p1', 'call')]",0.0,3090.0,0.0,tie,showdown,False,3,114.0,102.0,rock
3754,q,k,check,"['check', 'fold']","[('p1', 'check'), ('p2', 'max_raise'), ('p1', 'fold')]",-6.0,3084.0,24.0,p2,fold,False,3,114.0,102.0,rock
3755,k,k,check,"['check', 'call']","[('p1', 'check'), ('p2', 'max_raise'), ('p1', 'call')]",0.0,3084.0,0.0,tie,showdown,False,3,114.0,102.0,rock
3756,j,k,min_raise,['min_raise'],"[('p1', 'min_raise'), ('p2', 'call')]",-12.0,3072.0,24.0,p2,showdown,True,2,108.0,114.0,rock
3757,k,q,check,['check'],"[('p1', 'check'), ('p2', 'check')]",6.0,3078.0,12.0,p1,showdown,False,2,114.0,114.0,rock
3758,j,j,min_raise,['min_raise'],"[('p1', 'min_raise'), ('p2', 'fold')]",6.0,3084.0,18.0,p1,fold,True,2,108.0,114.0,rock
3759,j,j,min_raise,['min_raise'],"[('p1', 'min_raise'), ('p2', 'fold')]",6.0,3090.0,18.0,p1,fold,True,2,108.0,114.0,rock
3760,k,q,check,['check'],"[('p1', 'check'), ('p2', 'check')]",6.0,3096.0,12.0,p1,showdown,False,2,114.0,114.0,rock
3761,k,j,check,['check'],"[('p1', 'check'), ('p2', 'check')]",6.0,3102.0,12.0,p1,showdown,False,2,114.0,114.0,rock
3762,j,q,min_raise,['min_raise'],"[('p1', 'min_raise'), ('p2', 'fold')]",6.0,3108.0,18.0,p1,fold,True,2,108.0,114.0,rock
3763,j,j,min_raise,['min_raise'],"[('p1', 'min_raise'), ('p2', 'fold')]",6.0,3114.0,18.0,p1,fold,True,2,108.0,114.0,rock
3764,k,q,check,['check'],"[('p1', 'check'), ('p2', 'check')]",6.0,3120.0,12.0,p1,showdown,False,2,114.0,114.0,rock
3765,j,q,min_raise,['min_raise'],"[('p1', 'min_raise'), ('p2', 'fold')]",6.0,3126.0,18.0,p1,fold,True,2,108.0,114.0,rock
3766,k,j,check,['check'],"[('p1', 'check'), ('p2', 'check')]",6.0,3132.0,12.0,p1,showdown,False,2,114.0,114.0,rock
3767,q,k,check,"['check', 'fold']","[('p1', 'check'), ('p2', 'max_raise'), ('p1', 'fold')]",-6.0,3126.0,24.0,p2,fold,False,3,114.0,102.0,rock
3768,q,j,check,['check'],"[('p1', 'check'), ('p2', 'check')]",6.0,3132.0,12.0,p1,showdown,False,2,114.0,114.0,rock
3769,k,q,check,['check'],"[('p1', 'check'), ('p2', 'check')]",6.0,3138.0,12.0,p1,showdown,False,2,114.0,114.0,rock
3770,q,k,check,"['check', 'fold']","[('p1', 'check'), ('p2', 'max_raise'), ('p1', 'fold')]",-6.0,3132.0,24.0,p2,fold,False,3,114.0,102.0,rock
3771,q,k,check,"['check', 'fold']","[('p1', 'check'), ('p2', 'max_raise'), ('p1', 'fold')]",-6.0,3126.0,24.0,p2,fold,False,3,114.0,102.0,rock
3772,k,j,check,['check'],"[('p1', 'check'), ('p2', 'check')]",6.0,3132.0,12.0,p1,showdown,False,2,114.0,114.0,rock
3773,j,q,min_raise,['min_raise'],"[('p1', 'min_raise'), ('p2', 'fold')]",6.0,3138.0,18.0,p1,fold,True,2,108.0,114.0,rock
3774,j,j,min_raise,['min_raise'],"[('p1', 'min_raise'), ('p2', 'fold')]",6.0,3144.0,18.0,p1,fold,True,2,108.0,114.0,rock
3775,k,k,check,"['check', 'call']","[('p1', 'check'), ('p2', 'max_raise'), ('p1', 'call')]",0.0,3144.0,0.0,tie,showdown,False,3,114.0,102.0,rock
3776,q,k,check,"['check', 'fold']","[('p1', 'check'), ('p2', 'max_raise'), ('p1', 'fold')]",-6.0,3138.0,24.0,p2,fold,False,3,114.0,102.0,rock
3777,k,j,check,['check'],"[('p1', 'check'), ('p2', 'check')]",6.0,3144.0,12.0,p1,showdown,False,2,114.0,114.0,rock
3778,j,k,min_raise,['min_raise'],"[('p1', 'min_raise'), ('p2', 'call')]",-12.0,3132.0,24.0,p2,showdown,True,2,108.0,114.0,rock
3779,j,j,min_raise,['min_raise'],"[('p1', 'min_raise'), ('p2', 'fold')]",6.0,3138.0,18.0,p1,fold,True,2,108.0,114.0,rock
3780,j,q,min_raise,['min_raise'],"[('p1', 'min_raise'), ('p2', 'fold')]",6.0,3144.0,18.0,p1,fold,True,2,108.0,114.0,rock
3781,j,j,min_raise,['min_raise'],"[('p1', 'min_raise'), ('p2', 'fold')]",6.0,3150.0,18.0,p1,fold,True,2,108.0,114.0,rock
3782,q,j,check,['check'],"[('p1', 'check'), ('p2', 'check')]",6.0,3156.0,12.0,p1,showdown,False,2,114.0,114.0,rock
3783,k,k,check,"['check', 'call']","[('p1', 'check'), ('p2', 'max_raise'), ('p1', 'call')]",0.0,3156.0,0.0,tie,showdown,False,3,114.0,102.0,rock
3784,j,j,min_raise,['min_raise'],"[('p1', 'min_raise'), ('p2', 'fold')]",6.0,3162.0,18.0,p1,fold,True,2,108.0,114.0,rock
3785,j,j,min_raise,['min_raise'],"[('p1', 'min_raise'), ('p2', 'fold')]",6.0,3168.0,18.0,p1,fold,True,2,108.0,114.0,rock
3786,q,q,check,['check'],"[('p1', 'check'), ('p2', 'check')]",0.0,3168.0,0.0,tie,showdown,False,2,114.0,114.0,rock
3787,q,j,check,['check'],"[('p1', 'check'), ('p2', 'check')]",6.0,3174.0,12.0,p1,showdown,False,2,114.0,114.0,rock
3788,q,j,check,['check'],"[('p1', 'check'), ('p2', 'check')]",6.0,3180.0,12.0,p1,showdown,False,2,114.0,114.0,rock
3789,j,q,min_raise,['min_raise'],"[('p1', 'min_raise'), ('p2', 'fold')]",6.0,3186.0,18.0,p1,fold,True,2,108.0,114.0,rock
3790,j,k,min_raise,['min_raise'],"[('p1', 'min_raise'), ('p2', 'call')]",-12.0,3174.0,24.0,p2,showdown,True,2,108.0,114.0,rock
3791,k,q,check,['check'],"[('p1', 'check'), ('p2', 'check')]",6.0,3180.0,12.0,p1,showdown,False,2,114.0,114.0,rock
3792,k,j,check,['check'],"[('p1', 'check'), ('p2', 'check')]",6.0,3186.0,12.0,p1,showdown,False,2,114.0,114.0,rock
3793,k,q,check,['check'],"[('p1', 'check'), ('p2', 'check')]",6.0,3192.0,12.0,p1,showdown,False,2,114.0,114.0,rock
3794,j,k,min_raise,['min_raise'],"[('p1', 'min_raise'), ('p2', 'call')]",-12.0,3180.0,24.0,p2,showdown,True,2,108.0,114.0,rock
3795,j,q,min_raise,['min_raise'],"[('p1', 'min_raise'), ('p2', 'fold')]",6.0,3186.0,18.0,p1,fold,True,2,108.0,114.0,rock
3796,k,j,check,['check'],"[('p1', 'check'), ('p2', 'check')]",6.0,3192.0,12.0,p1,showdown,False,2,114.0,114.0,rock
3797,k,k,check,"['check', 'call']","[('p1', 'check'), ('p2', 'max_raise'), ('p1', 'call')]",0.0,3192.0,0.0,tie,showdown,False,3,114.0,102.0,rock
3798,j,k,min_raise,['min_raise'],"[('p1', 'min_raise'), ('p2', 'call')]",-12.0,3180.0,24.0,p2,showdown,True,2,108.0,114.0,rock
3799,q,j,check,['check'],"[('p1', 'check'), ('p2', 'check')]",6.0,3186.0,12.0,p1,showdown,False,2,114.0,114.0,rock
3800,j,k,min_raise,['min_raise'],"[('p1', 'min_raise'), ('p2', 'call')]",-12.0,3174.0,24.0,p2,showdown,True,2,108.0,114.0,rock
3801,k,q,check,['check'],"[('p1', 'check'), ('p2', 'check')]",6.0,3180.0,12.0,p1,showdown,False,2,114.0,114.0,rock
3802,k,q,check,['check'],"[('p1', 'check'), ('p2', 'check')]",6.0,3186.0,12.0,p1,showdown,False,2,114.0,114.0,rock
3803,k,q,check,['check'],"[('p1', 'check'), ('p2', 'check')]",6.0,3192.0,12.0,p1,showdown,False,2,114.0,114.0,rock
3804,k,q,check,['check'],"[('p1', 'check'), ('p2', 'check')]",6.0,3198.0,12.0,p1,showdown,False,2,114.0,114.0,rock
3805,q,j,check,['check'],"[('p1', 'check'), ('p2', 'check')]",6.0,3204.0,12.0,p1,showdown,False,2,114.0,114.0,rock
3806,k,j,check,['check'],"[('p1', 'check'), ('p2', 'check')]",6.0,3210.0,12.0,p1,showdown,False,2,114.0,114.0,rock
3807,j,j,min_raise,['min_raise'],"[('p1', 'min_raise'), ('p2', 'fold')]",6.0,3216.0,18.0,p1,fold,True,2,108.0,114.0,rock
3808,q,q,check,['check'],"[('p1', 'check'), ('p2', 'check')]",0.0,3216.0,0.0,tie,showdown,False,2,114.0,114.0,rock
3809,k,q,check,['check'],"[('p1', 'check'), ('p2', 'check')]",6.0,3222.0,12.0,p1,showdown,False,2,114.0,114.0,rock
3810,j,j,min_raise,['min_raise'],"[('p1', 'min_raise'), ('p2', 'fold')]",6.0,3228.0,18.0,p1,fold,True,2,108.0,114.0,rock
3811,k,k,check,"['check', 'call']","[('p1', 'check'), ('p2', 'max_raise'), ('p1', 'call')]",0.0,3228.0,0.0,tie,showdown,False,3,114.0,102.0,rock
3812,k,q,check,['check'],"[('p1', 'check'), ('p2', 'check')]",6.0,3234.0,12.0,p1,showdown,False,2,114.0,114.0,rock
3813,j,k,min_raise,['min_raise'],"[('p1', 'min_raise'), ('p2', 'call')]",-12.0,3222.0,24.0,p2,showdown,True,2,108.0,114.0,rock
3814,j,k,min_raise,['min_raise'],"[('p1', 'min_raise'), ('p2', 'call')]",-12.0,3210.0,24.0,p2,showdown,True,2,108.0,114.0,rock
3815,k,k,check,"['check', 'call']","[('p1', 'check'), ('p2', 'max_raise'), ('p1', 'call')]",0.0,3210.0,0.0,tie,showdown,False,3,114.0,102.0,rock
3816,q,q,check,['check'],"[('p1', 'check'), ('p2', 'check')]",0.0,3210.0,0.0,tie,showdown,False,2,114.0,114.0,rock
3817,j,j,min_raise,['min_raise'],"[('p1', 'min_raise'), ('p2', 'fold')]",6.0,3216.0,18.0,p1,fold,True,2,108.0,114.0,rock
3818,k,q,check,['check'],"[('p1', 'check'), ('p2', 'check')]",6.0,3222.0,12.0,p1,showdown,False,2,114.0,114.0,rock
3819,j,q,min_raise,['min_raise'],"[('p1', 'min_raise'), ('p2', 'fold')]",6.0,3228.0,18.0,p1,fold,True,2,108.0,114.0,rock
3820,j,q,min_raise,['min_raise'],"[('p1', 'min_raise'), ('p2', 'fold')]",6.0,3234.0,18.0,p1,fold,True,2,108.0,114.0,rock
3821,j,k,min_raise,['min_raise'],"[('p1', 'min_raise'), ('p2', 'call')]",-12.0,3222.0,24.0,p2,showdown,True,2,108.0,114.0,rock
3822,q,k,check,"['check', 'fold']","[('p1', 'check'), ('p2', 'max_raise'), ('p1', 'fold')]",-6.0,3216.0,24.0,p2,fold,False,3,114.0,102.0,rock
3823,q,q,check,['check'],"[('p1', 'check'), ('p2', 'check')]",0.0,3216.0,0.0,tie,showdown,False,2,114.0,114.0,rock
3824,j,q,min_raise,['min_raise'],"[('p1', 'min_raise'), ('p2', 'fold')]",6.0,3222.0,18.0,p1,fold,True,2,108.0,114.0,rock
3825,k,j,check,['check'],"[('p1', 'check'), ('p2', 'check')]",6.0,3228.0,12.0,p1,showdown,False,2,114.0,114.0,rock
3826,q,q,check,['check'],"[('p1', 'check'), ('p2', 'check')]",0.0,3228.0,0.0,tie,showdown,False,2,114.0,114.0,rock
3827,q,k,check,"['check', 'fold']","[('p1', 'check'), ('p2', 'max_raise'), ('p1', 'fold')]",-6.0,3222.0,24.0,p2,fold,False,3,114.0,102.0,rock
3828,j,j,min_raise,['min_raise'],"[('p1', 'min_raise'), ('p2', 'fold')]",6.0,3228.0,18.0,p1,fold,True,2,108.0,114.0,rock
3829,j,q,min_raise,['min_raise'],"[('p1', 'min_raise'), ('p2', 'fold')]",6.0,3234.0,18.0,p1,fold,True,2,108.0,114.0,rock
3830,j,j,min_raise,['min_raise'],"[('p1', 'min_raise'), ('p2', 'fold')]",6.0,3240.0,18.0,p1,fold,True,2,108.0,114.0,rock
3831,k,q,check,['check'],"[('p1', 'check'), ('p2', 'check')]",6.0,3246.0,12.0,p1,showdown,False,2,114.0,114.0,rock
3832,k,q,check,['check'],"[('p1', 'check'), ('p2', 'check')]",6.0,3252.0,12.0,p1,showdown,False,2,114.0,114.0,rock
3833,k,q,check,['check'],"[('p1', 'check'), ('p2', 'check')]",6.0,3258.0,12.0,p1,showdown,False,2,114.0,114.0,rock
3834,q,q,check,['check'],"[('p1', 'check'), ('p2', 'check')]",0.0,3258.0,0.0,tie,showdown,False,2,114.0,114.0,rock
3835,q,k,check,"['check', 'fold']","[('p1', 'check'), ('p2', 'max_raise'), ('p1', 'fold')]",-6.0,3252.0,24.0,p2,fold,False,3,114.0,102.0,rock
3836,k,k,check,"['check', 'call']","[('p1', 'check'), ('p2', 'max_raise'), ('p1', 'call')]",0.0,3252.0,0.0,tie,showdown,False,3,114.0,102.0,rock
3837,j,q,min_raise,['min_raise'],"[('p1', 'min_raise'), ('p2', 'fold')]",6.0,3258.0,18.0,p1,fold,True,2,108.0,114.0,rock
3838,j,q,min_raise,['min_raise'],"[('p1', 'min_raise'), ('p2', 'fold')]",6.0,3264.0,18.0,p1,fold,True,2,108.0,114.0,rock
3839,k,q,check,['check'],"[('p1', 'check'), ('p2', 'check')]",6.0,3270.0,12.0,p1,showdown,False,2,114.0,114.0,rock
3840,j,k,min_raise,['min_raise'],"[('p1', 'min_raise'), ('p2', 'call')]",-12.0,3258.0,24.0,p2,showdown,True,2,108.0,114.0,rock
3841,k,j,check,['check'],"[('p1', 'check'), ('p2', 'check')]",6.0,3264.0,12.0,p1,showdown,False,2,114.0,114.0,rock
3842,q,k,check,"['check', 'fold']","[('p1', 'check'), ('p2', 'max_raise'), ('p1', 'fold')]",-6.0,3258.0,24.0,p2,fold,False,3,114.0,102.0,rock
3843,k,q,check,['check'],"[('p1', 'check'), ('p2', 'check')]",6.0,3264.0,12.0,p1,showdown,False,2,114.0,114.0,rock
3844,k,j,check,['check'],"[('p1', 'check'), ('p2', 'check')]",6.0,3270.0,12.0,p1,showdown,False,2,114.0,114.0,rock
3845,j,j,min_raise,['min_raise'],"[('p1', 'min_raise'), ('p2', 'fold')]",6.0,3276.0,18.0,p1,fold,True,2,108.0,114.0,rock
3846,k,q,check,['check'],"[('p1', 'check'), ('p2', 'check')]",6.0,3282.0,12.0,p1,showdown,False,2,114.0,114.0,rock
3847,k,k,check,"['check', 'call']","[('p1', 'check'), ('p2', 'max_raise'), ('p1', 'call')]",0.0,3282.0,0.0,tie,showdown,False,3,114.0,102.0,rock
3848,q,j,check,['check'],"[('p1', 'check'), ('p2', 'check')]",6.0,3288.0,12.0,p1,showdown,False,2,114.0,114.0,rock
3849,k,j,check,['check'],"[('p1', 'check'), ('p2', 'check')]",6.0,3294.0,12.0,p1,showdown,False,2,114.0,114.0,rock
3850,k,q,check,['check'],"[('p1', 'check'), ('p2', 'check')]",6.0,3300.0,12.0,p1,showdown,False,2,114.0,114.0,rock
3851,j,k,min_raise,['min_raise'],"[('p1', 'min_raise'), ('p2', 'call')]",-12.0,3288.0,24.0,p2,showdown,True,2,108.0,114.0,rock
3852,q,q,check,['check'],"[('p1', 'check'), ('p2', 'check')]",0.0,3288.0,0.0,tie,showdown,False,2,114.0,114.0,rock
3853,k,k,check,"['check', 'call']","[('p1', 'check'), ('p2', 'max_raise'), ('p1', 'call')]",0.0,3288.0,0.0,tie,showdown,False,3,114.0,102.0,rock
3854,q,k,check,"['check', 'fold']","[('p1', 'check'), ('p2', 'max_raise'), ('p1', 'fold')]",-6.0,3282.0,24.0,p2,fold,False,3,114.0,102.0,rock
3855,k,q,check,['check'],"[('p1', 'check'), ('p2', 'check')]",6.0,3288.0,12.0,p1,showdown,False,2,114.0,114.0,rock
3856,q,j,check,['check'],"[('p1', 'check'), ('p2', 'check')]",6.0,3294.0,12.0,p1,showdown,False,2,114.0,114.0,rock
3857,q,j,check,['check'],"[('p1', 'check'), ('p2', 'check')]",6.0,3300.0,12.0,p1,showdown,False,2,114.0,114.0,rock
3858,j,q,min_raise,['min_raise'],"[('p1', 'min_raise'), ('p2', 'fold')]",6.0,3306.0,18.0,p1,fold,True,2,108.0,114.0,rock
3859,k,j,check,['check'],"[('p1', 'check'), ('p2', 'check')]",6.0,3312.0,12.0,p1,showdown,False,2,114.0,114.0,rock
3860,q,j,check,['check'],"[('p1', 'check'), ('p2', 'check')]",6.0,3318.0,12.0,p1,showdown,False,2,114.0,114.0,rock
3861,q,k,check,"['check', 'fold']","[('p1', 'check'), ('p2', 'max_raise'), ('p1', 'fold')]",-6.0,3312.0,24.0,p2,fold,False,3,114.0,102.0,rock
3862,j,q,min_raise,['min_raise'],"[('p1', 'min_raise'), ('p2', 'fold')]",6.0,3318.0,18.0,p1,fold,True,2,108.0,114.0,rock
3863,k,j,check,['check'],"[('p1', 'check'), ('p2', 'check')]",6.0,3324.0,12.0,p1,showdown,False,2,114.0,114.0,rock
3864,j,q,min_raise,['min_raise'],"[('p1', 'min_raise'), ('p2', 'fold')]",6.0,3330.0,18.0,p1,fold,True,2,108.0,114.0,rock
3865,j,q,min_raise,['min_raise'],"[('p1', 'min_raise'), ('p2', 'fold')]",6.0,3336.0,18.0,p1,fold,True,2,108.0,114.0,rock
3866,q,j,check,['check'],"[('p1', 'check'), ('p2', 'check')]",6.0,3342.0,12.0,p1,showdown,False,2,114.0,114.0,rock
3867,j,k,min_raise,['min_raise'],"[('p1', 'min_raise'), ('p2', 'call')]",-12.0,3330.0,24.0,p2,showdown,True,2,108.0,114.0,rock
3868,q,k,check,"['check', 'fold']","[('p1', 'check'), ('p2', 'max_raise'), ('p1', 'fold')]",-6.0,3324.0,24.0,p2,fold,False,3,114.0,102.0,rock
3869,k,q,check,['check'],"[('p1', 'check'), ('p2', 'check')]",6.0,3330.0,12.0,p1,showdown,False,2,114.0,114.0,rock
3870,j,j,min_raise,['min_raise'],"[('p1', 'min_raise'), ('p2', 'fold')]",6.0,3336.0,18.0,p1,fold,True,2,108.0,114.0,rock
3871,j,q,min_raise,['min_raise'],"[('p1', 'min_raise'), ('p2', 'fold')]",6.0,3342.0,18.0,p1,fold,True,2,108.0,114.0,rock
3872,q,q,check,['check'],"[('p1', 'check'), ('p2', 'check')]",0.0,3342.0,0.0,tie,showdown,False,2,114.0,114.0,rock
3873,k,q,check,['check'],"[('p1', 'check'), ('p2', 'check')]",6.0,3348.0,12.0,p1,showdown,False,2,114.0,114.0,rock
3874,q,q,check,['check'],"[('p1', 'check'), ('p2', 'check')]",0.0,3348.0,0.0,tie,showdown,False,2,114.0,114.0,rock
3875,j,j,min_raise,['min_raise'],"[('p1', 'min_raise'), ('p2', 'fold')]",6.0,3354.0,18.0,p1,fold,True,2,108.0,114.0,rock
3876,q,q,check,['check'],"[('p1', 'check'), ('p2', 'check')]",0.0,3354.0,0.0,tie,showdown,False,2,114.0,114.0,rock
3877,j,q,min_raise,['min_raise'],"[('p1', 'min_raise'), ('p2', 'fold')]",6.0,3360.0,18.0,p1,fold,True,2,108.0,114.0,rock
3878,k,j,check,['check'],"[('p1', 'check'), ('p2', 'check')]",6.0,3366.0,12.0,p1,showdown,False,2,114.0,114.0,rock
3879,q,q,check,['check'],"[('p1', 'check'), ('p2', 'check')]",0.0,3366.0,0.0,tie,showdown,False,2,114.0,114.0,rock
3880,j,q,min_raise,['min_raise'],"[('p1', 'min_raise'), ('p2', 'fold')]",6.0,3372.0,18.0,p1,fold,True,2,108.0,114.0,rock
3881,k,q,check,['check'],"[('p1', 'check'), ('p2', 'check')]",6.0,3378.0,12.0,p1,showdown,False,2,114.0,114.0,rock
3882,q,k,check,"['check', 'fold']","[('p1', 'check'), ('p2', 'max_raise'), ('p1', 'fold')]",-6.0,3372.0,24.0,p2,fold,False,3,114.0,102.0,rock
3883,k,k,check,"['check', 'call']","[('p1', 'check'), ('p2', 'max_raise'), ('p1', 'call')]",0.0,3372.0,0.0,tie,showdown,False,3,114.0,102.0,rock
3884,j,k,min_raise,['min_raise'],"[('p1', 'min_raise'), ('p2', 'call')]",-12.0,3360.0,24.0,p2,showdown,True,2,108.0,114.0,rock
3885,j,q,min_raise,['min_raise'],"[('p1', 'min_raise'), ('p2', 'fold')]",6.0,3366.0,18.0,p1,fold,True,2,108.0,114.0,rock
3886,j,k,min_raise,['min_raise'],"[('p1', 'min_raise'), ('p2', 'call')]",-12.0,3354.0,24.0,p2,showdown,True,2,108.0,114.0,rock
3887,j,q,min_raise,['min_raise'],"[('p1', 'min_raise'), ('p2', 'fold')]",6.0,3360.0,18.0,p1,fold,True,2,108.0,114.0,rock
3888,j,j,min_raise,['min_raise'],"[('p1', 'min_raise'), ('p2', 'fold')]",6.0,3366.0,18.0,p1,fold,True,2,108.0,114.0,rock
3889,j,k,min_raise,['min_raise'],"[('p1', 'min_raise'), ('p2', 'call')]",-12.0,3354.0,24.0,p2,showdown,True,2,108.0,114.0,rock
3890,j,j,min_raise,['min_raise'],"[('p1', 'min_raise'), ('p2', 'fold')]",6.0,3360.0,18.0,p1,fold,True,2,108.0,114.0,rock
3891,k,q,check,['check'],"[('p1', 'check'), ('p2', 'check')]",6.0,3366.0,12.0,p1,showdown,False,2,114.0,114.0,rock
3892,j,k,min_raise,['min_raise'],"[('p1', 'min_raise'), ('p2', 'call')]",-12.0,3354.0,24.0,p2,showdown,True,2,108.0,114.0,rock
3893,j,j,min_raise,['min_raise'],"[('p1', 'min_raise'), ('p2', 'fold')]",6.0,3360.0,18.0,p1,fold,True,2,108.0,114.0,rock
3894,q,k,check,"['check', 'fold']","[('p1', 'check'), ('p2', 'max_raise'), ('p1', 'fold')]",-6.0,3354.0,24.0,p2,fold,False,3,114.0,102.0,rock
3895,q,j,check,['check'],"[('p1', 'check'), ('p2', 'check')]",6.0,3360.0,12.0,p1,showdown,False,2,114.0,114.0,rock
3896,j,k,min_raise,['min_raise'],"[('p1', 'min_raise'), ('p2', 'call')]",-12.0,3348.0,24.0,p2,showdown,True,2,108.0,114.0,rock
3897,k,q,check,['check'],"[('p1', 'check'), ('p2', 'check')]",6.0,3354.0,12.0,p1,showdown,False,2,114.0,114.0,rock
3898,q,j,check,['check'],"[('p1', 'check'), ('p2', 'check')]",6.0,3360.0,12.0,p1,showdown,False,2,114.0,114.0,rock
3899,j,q,min_raise,['min_raise'],"[('p1', 'min_raise'), ('p2', 'fold')]",6.0,3366.0,18.0,p1,fold,True,2,108.0,114.0,rock
3900,q,q,check,['check'],"[('p1', 'check'), ('p2', 'check')]",0.0,3366.0,0.0,tie,showdown,False,2,114.0,114.0,rock
3901,q,q,check,['check'],"[('p1', 'check'), ('p2', 'check')]",0.0,3366.0,0.0,tie,showdown,False,2,114.0,114.0,rock
3902,k,q,check,['check'],"[('p1', 'check'), ('p2', 'check')]",6.0,3372.0,12.0,p1,showdown,False,2,114.0,114.0,rock
3903,j,j,min_raise,['min_raise'],"[('p1', 'min_raise'), ('p2', 'fold')]",6.0,3378.0,18.0,p1,fold,True,2,108.0,114.0,rock
3904,j,k,min_raise,['min_raise'],"[('p1', 'min_raise'), ('p2', 'call')]",-12.0,3366.0,24.0,p2,showdown,True,2,108.0,114.0,rock
3905,k,j,check,['check'],"[('p1', 'check'), ('p2', 'check')]",6.0,3372.0,12.0,p1,showdown,False,2,114.0,114.0,rock
3906,k,j,check,['check'],"[('p1', 'check'), ('p2', 'check')]",6.0,3378.0,12.0,p1,showdown,False,2,114.0,114.0,rock
3907,j,q,min_raise,['min_raise'],"[('p1', 'min_raise'), ('p2', 'fold')]",6.0,3384.0,18.0,p1,fold,True,2,108.0,114.0,rock
3908,k,q,check,['check'],"[('p1', 'check'), ('p2', 'check')]",6.0,3390.0,12.0,p1,showdown,False,2,114.0,114.0,rock
3909,j,j,min_raise,['min_raise'],"[('p1', 'min_raise'), ('p2', 'fold')]",6.0,3396.0,18.0,p1,fold,True,2,108.0,114.0,rock
3910,k,k,check,"['check', 'call']","[('p1', 'check'), ('p2', 'max_raise'), ('p1', 'call')]",0.0,3396.0,0.0,tie,showdown,False,3,114.0,102.0,rock
3911,k,j,check,['check'],"[('p1', 'check'), ('p2', 'check')]",6.0,3402.0,12.0,p1,showdown,False,2,114.0,114.0,rock
3912,k,q,check,['check'],"[('p1', 'check'), ('p2', 'check')]",6.0,3408.0,12.0,p1,showdown,False,2,114.0,114.0,rock
3913,q,j,check,['check'],"[('p1', 'check'), ('p2', 'check')]",6.0,3414.0,12.0,p1,showdown,False,2,114.0,114.0,rock
3914,k,k,check,"['check', 'call']","[('p1', 'check'), ('p2', 'max_raise'), ('p1', 'call')]",0.0,3414.0,0.0,tie,showdown,False,3,114.0,102.0,rock
3915,j,k,min_raise,['min_raise'],"[('p1', 'min_raise'), ('p2', 'call')]",-12.0,3402.0,24.0,p2,showdown,True,2,108.0,114.0,rock
3916,j,k,min_raise,['min_raise'],"[('p1', 'min_raise'), ('p2', 'call')]",-12.0,3390.0,24.0,p2,showdown,True,2,108.0,114.0,rock
3917,q,q,check,['check'],"[('p1', 'check'), ('p2', 'check')]",0.0,3390.0,0.0,tie,showdown,False,2,114.0,114.0,rock
3918,j,q,min_raise,['min_raise'],"[('p1', 'min_raise'), ('p2', 'fold')]",6.0,3396.0,18.0,p1,fold,True,2,108.0,114.0,rock
3919,j,k,min_raise,['min_raise'],"[('p1', 'min_raise'), ('p2', 'call')]",-12.0,3384.0,24.0,p2,showdown,True,2,108.0,114.0,rock
3920,j,j,min_raise,['min_raise'],"[('p1', 'min_raise'), ('p2', 'fold')]",6.0,3390.0,18.0,p1,fold,True,2,108.0,114.0,rock
3921,j,k,min_raise,['min_raise'],"[('p1', 'min_raise'), ('p2', 'call')]",-12.0,3378.0,24.0,p2,showdown,True,2,108.0,114.0,rock
3922,j,j,min_raise,['min_raise'],"[('p1', 'min_raise'), ('p2', 'fold')]",6.0,3384.0,18.0,p1,fold,True,2,108.0,114.0,rock
3923,j,j,min_raise,['min_raise'],"[('p1', 'min_raise'), ('p2', 'fold')]",6.0,3390.0,18.0,p1,fold,True,2,108.0,114.0,rock
3924,j,q,min_raise,['min_raise'],"[('p1', 'min_raise'), ('p2', 'fold')]",6.0,3396.0,18.0,p1,fold,True,2,108.0,114.0,rock
3925,q,k,check,"['check', 'fold']","[('p1', 'check'), ('p2', 'max_raise'), ('p1', 'fold')]",-6.0,3390.0,24.0,p2,fold,False,3,114.0,102.0,rock
3926,j,k,min_raise,['min_raise'],"[('p1', 'min_raise'), ('p2', 'call')]",-12.0,3378.0,24.0,p2,showdown,True,2,108.0,114.0,rock
3927,k,q,check,['check'],"[('p1', 'check'), ('p2', 'check')]",6.0,3384.0,12.0,p1,showdown,False,2,114.0,114.0,rock
3928,j,q,min_raise,['min_raise'],"[('p1', 'min_raise'), ('p2', 'fold')]",6.0,3390.0,18.0,p1,fold,True,2,108.0,114.0,rock
3929,k,j,check,['check'],"[('p1', 'check'), ('p2', 'check')]",6.0,3396.0,12.0,p1,showdown,False,2,114.0,114.0,rock
3930,k,j,check,['check'],"[('p1', 'check'), ('p2', 'check')]",6.0,3402.0,12.0,p1,showdown,False,2,114.0,114.0,rock
3931,j,j,min_raise,['min_raise'],"[('p1', 'min_raise'), ('p2', 'fold')]",6.0,3408.0,18.0,p1,fold,True,2,108.0,114.0,rock
3932,k,j,check,['check'],"[('p1', 'check'), ('p2', 'check')]",6.0,3414.0,12.0,p1,showdown,False,2,114.0,114.0,rock
3933,j,q,min_raise,['min_raise'],"[('p1', 'min_raise'), ('p2', 'fold')]",6.0,3420.0,18.0,p1,fold,True,2,108.0,114.0,rock
3934,k,q,check,['check'],"[('p1', 'check'), ('p2', 'check')]",6.0,3426.0,12.0,p1,showdown,False,2,114.0,114.0,rock
3935,j,q,min_raise,['min_raise'],"[('p1', 'min_raise'), ('p2', 'fold')]",6.0,3432.0,18.0,p1,fold,True,2,108.0,114.0,rock
3936,j,k,min_raise,['min_raise'],"[('p1', 'min_raise'), ('p2', 'call')]",-12.0,3420.0,24.0,p2,showdown,True,2,108.0,114.0,rock
3937,k,q,check,['check'],"[('p1', 'check'), ('p2', 'check')]",6.0,3426.0,12.0,p1,showdown,False,2,114.0,114.0,rock
3938,q,k,check,"['check', 'fold']","[('p1', 'check'), ('p2', 'max_raise'), ('p1', 'fold')]",-6.0,3420.0,24.0,p2,fold,False,3,114.0,102.0,rock
3939,k,j,check,['check'],"[('p1', 'check'), ('p2', 'check')]",6.0,3426.0,12.0,p1,showdown,False,2,114.0,114.0,rock
3940,k,j,check,['check'],"[('p1', 'check'), ('p2', 'check')]",6.0,3432.0,12.0,p1,showdown,False,2,114.0,114.0,rock
3941,q,j,check,['check'],"[('p1', 'check'), ('p2', 'check')]",6.0,3438.0,12.0,p1,showdown,False,2,114.0,114.0,rock
3942,k,j,check,['check'],"[('p1', 'check'), ('p2', 'check')]",6.0,3444.0,12.0,p1,showdown,False,2,114.0,114.0,rock
3943,q,q,check,['check'],"[('p1', 'check'), ('p2', 'check')]",0.0,3444.0,0.0,tie,showdown,False,2,114.0,114.0,rock
3944,k,q,check,['check'],"[('p1', 'check'), ('p2', 'check')]",6.0,3450.0,12.0,p1,showdown,False,2,114.0,114.0,rock
3945,k,j,check,['check'],"[('p1', 'check'), ('p2', 'check')]",6.0,3456.0,12.0,p1,showdown,False,2,114.0,114.0,rock
3946,q,q,check,['check'],"[('p1', 'check'), ('p2', 'check')]",0.0,3456.0,0.0,tie,showdown,False,2,114.0,114.0,rock
3947,k,j,check,['check'],"[('p1', 'check'), ('p2', 'check')]",6.0,3462.0,12.0,p1,showdown,False,2,114.0,114.0,rock
3948,q,q,check,['check'],"[('p1', 'check'), ('p2', 'check')]",0.0,3462.0,0.0,tie,showdown,False,2,114.0,114.0,rock
3949,k,k,check,"['check', 'call']","[('p1', 'check'), ('p2', 'max_raise'), ('p1', 'call')]",0.0,3462.0,0.0,tie,showdown,False,3,114.0,102.0,rock
3950,j,q,min_raise,['min_raise'],"[('p1', 'min_raise'), ('p2', 'fold')]",6.0,3468.0,18.0,p1,fold,True,2,108.0,114.0,rock
3951,j,k,min_raise,['min_raise'],"[('p1', 'min_raise'), ('p2', 'call')]",-12.0,3456.0,24.0,p2,showdown,True,2,108.0,114.0,rock
3952,j,q,min_raise,['min_raise'],"[('p1', 'min_raise'), ('p2', 'fold')]",6.0,3462.0,18.0,p1,fold,True,2,108.0,114.0,rock
3953,k,j,check,['check'],"[('p1', 'check'), ('p2', 'check')]",6.0,3468.0,12.0,p1,showdown,False,2,114.0,114.0,rock
3954,k,q,check,['check'],"[('p1', 'check'), ('p2', 'check')]",6.0,3474.0,12.0,p1,showdown,False,2,114.0,114.0,rock
3955,j,k,min_raise,['min_raise'],"[('p1', 'min_raise'), ('p2', 'call')]",-12.0,3462.0,24.0,p2,showdown,True,2,108.0,114.0,rock
3956,k,q,check,['check'],"[('p1', 'check'), ('p2', 'check')]",6.0,3468.0,12.0,p1,showdown,False,2,114.0,114.0,rock
3957,k,k,check,"['check', 'call']","[('p1', 'check'), ('p2', 'max_raise'), ('p1', 'call')]",0.0,3468.0,0.0,tie,showdown,False,3,114.0,102.0,rock
3958,j,q,min_raise,['min_raise'],"[('p1', 'min_raise'), ('p2', 'fold')]",6.0,3474.0,18.0,p1,fold,True,2,108.0,114.0,rock
3959,j,j,min_raise,['min_raise'],"[('p1', 'min_raise'), ('p2', 'fold')]",6.0,3480.0,18.0,p1,fold,True,2,108.0,114.0,rock
3960,q,q,check,['check'],"[('p1', 'check'), ('p2', 'check')]",0.0,3480.0,0.0,tie,showdown,False,2,114.0,114.0,rock
3961,k,k,check,"['check', 'call']","[('p1', 'check'), ('p2', 'max_raise'), ('p1', 'call')]",0.0,3480.0,0.0,tie,showdown,False,3,114.0,102.0,rock
3962,k,k,check,"['check', 'call']","[('p1', 'check'), ('p2', 'max_raise'), ('p1', 'call')]",0.0,3480.0,0.0,tie,showdown,False,3,114.0,102.0,rock
3963,k,k,check,"['check', 'call']","[('p1', 'check'), ('p2', 'max_raise'), ('p1', 'call')]",0.0,3480.0,0.0,tie,showdown,False,3,114.0,102.0,rock
3964,q,q,check,['check'],"[('p1', 'check'), ('p2', 'check')]",0.0,3480.0,0.0,tie,showdown,False,2,114.0,114.0,rock
3965,q,k,check,"['check', 'fold']","[('p1', 'check'), ('p2', 'max_raise'), ('p1', 'fold')]",-6.0,3474.0,24.0,p2,fold,False,3,114.0,102.0,rock
3966,j,k,min_raise,['min_raise'],"[('p1', 'min_raise'), ('p2', 'call')]",-12.0,3462.0,24.0,p2,showdown,True,2,108.0,114.0,rock
3967,j,k,min_raise,['min_raise'],"[('p1', 'min_raise'), ('p2', 'call')]",-12.0,3450.0,24.0,p2,showdown,True,2,108.0,114.0,rock
3968,k,q,check,['check'],"[('p1', 'check'), ('p2', 'check')]",6.0,3456.0,12.0,p1,showdown,False,2,114.0,114.0,rock
3969,k,q,check,['check'],"[('p1', 'check'), ('p2', 'check')]",6.0,3462.0,12.0,p1,showdown,False,2,114.0,114.0,rock
3970,j,k,min_raise,['min_raise'],"[('p1', 'min_raise'), ('p2', 'call')]",-12.0,3450.0,24.0,p2,showdown,True,2,108.0,114.0,rock
3971,k,j,check,['check'],"[('p1', 'check'), ('p2', 'check')]",6.0,3456.0,12.0,p1,showdown,False,2,114.0,114.0,rock
3972,k,j,check,['check'],"[('p1', 'check'), ('p2', 'check')]",6.0,3462.0,12.0,p1,showdown,False,2,114.0,114.0,rock
3973,q,k,check,"['check', 'fold']","[('p1', 'check'), ('p2', 'max_raise'), ('p1', 'fold')]",-6.0,3456.0,24.0,p2,fold,False,3,114.0,102.0,rock
3974,q,k,check,"['check', 'fold']","[('p1', 'check'), ('p2', 'max_raise'), ('p1', 'fold')]",-6.0,3450.0,24.0,p2,fold,False,3,114.0,102.0,rock
3975,q,k,check,"['check', 'fold']","[('p1', 'check'), ('p2', 'max_raise'), ('p1', 'fold')]",-6.0,3444.0,24.0,p2,fold,False,3,114.0,102.0,rock
3976,k,k,check,"['check', 'call']","[('p1', 'check'), ('p2', 'max_raise'), ('p1', 'call')]",0.0,3444.0,0.0,tie,showdown,False,3,114.0,102.0,rock
3977,q,j,check,['check'],"[('p1', 'check'), ('p2', 'check')]",6.0,3450.0,12.0,p1,showdown,False,2,114.0,114.0,rock
3978,q,j,check,['check'],"[('p1', 'check'), ('p2', 'check')]",6.0,3456.0,12.0,p1,showdown,False,2,114.0,114.0,rock
3979,k,q,check,['check'],"[('p1', 'check'), ('p2', 'check')]",6.0,3462.0,12.0,p1,showdown,False,2,114.0,114.0,rock
3980,k,k,check,"['check', 'call']","[('p1', 'check'), ('p2', 'max_raise'), ('p1', 'call')]",0.0,3462.0,0.0,tie,showdown,False,3,114.0,102.0,rock
3981,q,k,check,"['check', 'fold']","[('p1', 'check'), ('p2', 'max_raise'), ('p1', 'fold')]",-6.0,3456.0,24.0,p2,fold,False,3,114.0,102.0,rock
3982,j,k,min_raise,['min_raise'],"[('p1', 'min_raise'), ('p2', 'call')]",-12.0,3444.0,24.0,p2,showdown,True,2,108.0,114.0,rock
3983,j,j,min_raise,['min_raise'],"[('p1', 'min_raise'), ('p2', 'fold')]",6.0,3450.0,18.0,p1,fold,True,2,108.0,114.0,rock
3984,k,k,check,"['check', 'call']","[('p1', 'check'), ('p2', 'max_raise'), ('p1', 'call')]",0.0,3450.0,0.0,tie,showdown,False,3,114.0,102.0,rock
3985,q,k,check,"['check', 'fold']","[('p1', 'check'), ('p2', 'max_raise'), ('p1', 'fold')]",-6.0,3444.0,24.0,p2,fold,False,3,114.0,102.0,rock
3986,k,q,check,['check'],"[('p1', 'check'), ('p2', 'check')]",6.0,3450.0,12.0,p1,showdown,False,2,114.0,114.0,rock
3987,k,q,check,['check'],"[('p1', 'check'), ('p2', 'check')]",6.0,3456.0,12.0,p1,showdown,False,2,114.0,114.0,rock
3988,j,k,min_raise,['min_raise'],"[('p1', 'min_raise'), ('p2', 'call')]",-12.0,3444.0,24.0,p2,showdown,True,2,108.0,114.0,rock
3989,q,k,check,"['check', 'fold']","[('p1', 'check'), ('p2', 'max_raise'), ('p1', 'fold')]",-6.0,3438.0,24.0,p2,fold,False,3,114.0,102.0,rock
3990,q,q,check,['check'],"[('p1', 'check'), ('p2', 'check')]",0.0,3438.0,0.0,tie,showdown,False,2,114.0,114.0,rock
3991,j,j,min_raise,['min_raise'],"[('p1', 'min_raise'), ('p2', 'fold')]",6.0,3444.0,18.0,p1,fold,True,2,108.0,114.0,rock
3992,k,k,check,"['check', 'call']","[('p1', 'check'), ('p2', 'max_raise'), ('p1', 'call')]",0.0,3444.0,0.0,tie,showdown,False,3,114.0,102.0,rock
3993,k,j,check,['check'],"[('p1', 'check'), ('p2', 'check')]",6.0,3450.0,12.0,p1,showdown,False,2,114.0,114.0,rock
3994,j,k,min_raise,['min_raise'],"[('p1', 'min_raise'), ('p2', 'call')]",-12.0,3438.0,24.0,p2,showdown,True,2,108.0,114.0,rock
3995,j,k,min_raise,['min_raise'],"[('p1', 'min_raise'), ('p2', 'call')]",-12.0,3426.0,24.0,p2,showdown,True,2,108.0,114.0,rock
3996,k,j,check,['check'],"[('p1', 'check'), ('p2', 'check')]",6.0,3432.0,12.0,p1,showdown,False,2,114.0,114.0,rock
3997,j,k,min_raise,['min_raise'],"[('p1', 'min_raise'), ('p2', 'call')]",-12.0,3420.0,24.0,p2,showdown,True,2,108.0,114.0,rock
3998,k,q,check,['check'],"[('p1', 'check'), ('p2', 'check')]",6.0,3426.0,12.0,p1,showdown,False,2,114.0,114.0,rock
3999,q,k,check,"['check', 'fold']","[('p1', 'check'), ('p2', 'max_raise'), ('p1', 'fold')]",-6.0,3420.0,24.0,p2,fold,False,3,114.0,102.0,rock
4000,j,k,min_raise,['min_raise'],"[('p1', 'min_raise'), ('p2', 'call')]",-12.0,3408.0,24.0,p2,showdown,True,2,108.0,114.0,rock
4001,q,q,check,['check'],"[('p1', 'check'), ('p2', 'check')]",0.0,3408.0,0.0,tie,showdown,False,2,114.0,114.0,rock
4002,q,j,check,['check'],"[('p1', 'check'), ('p2', 'check')]",6.0,3414.0,12.0,p1,showdown,False,2,114.0,114.0,rock
4003,q,j,check,['check'],"[('p1', 'check'), ('p2', 'check')]",6.0,3420.0,12.0,p1,showdown,False,2,114.0,114.0,rock
4004,k,q,check,['check'],"[('p1', 'check'), ('p2', 'check')]",6.0,3426.0,12.0,p1,showdown,False,2,114.0,114.0,rock
4005,q,k,check,"['check', 'fold']","[('p1', 'check'), ('p2', 'max_raise'), ('p1', 'fold')]",-6.0,3420.0,24.0,p2,fold,False,3,114.0,102.0,rock
4006,j,k,min_raise,['min_raise'],"[('p1', 'min_raise'), ('p2', 'call')]",-12.0,3408.0,24.0,p2,showdown,True,2,108.0,114.0,rock
4007,k,j,check,['check'],"[('p1', 'check'), ('p2', 'check')]",6.0,3414.0,12.0,p1,showdown,False,2,114.0,114.0,rock
4008,k,j,check,['check'],"[('p1', 'check'), ('p2', 'check')]",6.0,3420.0,12.0,p1,showdown,False,2,114.0,114.0,rock
4009,k,k,check,"['check', 'call']","[('p1', 'check'), ('p2', 'max_raise'), ('p1', 'call')]",0.0,3420.0,0.0,tie,showdown,False,3,114.0,102.0,rock
4010,q,k,check,"['check', 'fold']","[('p1', 'check'), ('p2', 'max_raise'), ('p1', 'fold')]",-6.0,3414.0,24.0,p2,fold,False,3,114.0,102.0,rock
4011,j,k,min_raise,['min_raise'],"[('p1', 'min_raise'), ('p2', 'call')]",-12.0,3402.0,24.0,p2,showdown,True,2,108.0,114.0,rock
4012,k,k,check,"['check', 'call']","[('p1', 'check'), ('p2', 'max_raise'), ('p1', 'call')]",0.0,3402.0,0.0,tie,showdown,False,3,114.0,102.0,rock
4013,k,j,check,['check'],"[('p1', 'check'), ('p2', 'check')]",6.0,3408.0,12.0,p1,showdown,False,2,114.0,114.0,rock
4014,j,j,min_raise,['min_raise'],"[('p1', 'min_raise'), ('p2', 'fold')]",6.0,3414.0,18.0,p1,fold,True,2,108.0,114.0,rock
4015,k,k,check,"['check', 'call']","[('p1', 'check'), ('p2', 'max_raise'), ('p1', 'call')]",0.0,3414.0,0.0,tie,showdown,False,3,114.0,102.0,rock
4016,j,q,min_raise,['min_raise'],"[('p1', 'min_raise'), ('p2', 'fold')]",6.0,3420.0,18.0,p1,fold,True,2,108.0,114.0,rock
4017,j,j,min_raise,['min_raise'],"[('p1', 'min_raise'), ('p2', 'fold')]",6.0,3426.0,18.0,p1,fold,True,2,108.0,114.0,rock
4018,j,k,min_raise,['min_raise'],"[('p1', 'min_raise'), ('p2', 'call')]",-12.0,3414.0,24.0,p2,showdown,True,2,108.0,114.0,rock
4019,k,j,check,['check'],"[('p1', 'check'), ('p2', 'check')]",6.0,3420.0,12.0,p1,showdown,False,2,114.0,114.0,rock
4020,j,q,min_raise,['min_raise'],"[('p1', 'min_raise'), ('p2', 'fold')]",6.0,3426.0,18.0,p1,fold,True,2,108.0,114.0,rock
4021,q,k,check,"['check', 'fold']","[('p1', 'check'), ('p2', 'max_raise'), ('p1', 'fold')]",-6.0,3420.0,24.0,p2,fold,False,3,114.0,102.0,rock
4022,k,k,check,"['check', 'call']","[('p1', 'check'), ('p2', 'max_raise'), ('p1', 'call')]",0.0,3420.0,0.0,tie,showdown,False,3,114.0,102.0,rock
4023,k,k,check,"['check', 'call']","[('p1', 'check'), ('p2', 'max_raise'), ('p1', 'call')]",0.0,3420.0,0.0,tie,showdown,False,3,114.0,102.0,rock
4024,j,q,min_raise,['min_raise'],"[('p1', 'min_raise'), ('p2', 'fold')]",6.0,3426.0,18.0,p1,fold,True,2,108.0,114.0,rock
4025,k,j,check,['check'],"[('p1', 'check'), ('p2', 'check')]",6.0,3432.0,12.0,p1,showdown,False,2,114.0,114.0,rock
4026,j,k,min_raise,['min_raise'],"[('p1', 'min_raise'), ('p2', 'call')]",-12.0,3420.0,24.0,p2,showdown,True,2,108.0,114.0,rock
4027,q,j,check,['check'],"[('p1', 'check'), ('p2', 'check')]",6.0,3426.0,12.0,p1,showdown,False,2,114.0,114.0,rock
4028,k,q,check,['check'],"[('p1', 'check'), ('p2', 'check')]",6.0,3432.0,12.0,p1,showdown,False,2,114.0,114.0,rock
4029,q,q,check,['check'],"[('p1', 'check'), ('p2', 'check')]",0.0,3432.0,0.0,tie,showdown,False,2,114.0,114.0,rock
4030,j,k,min_raise,['min_raise'],"[('p1', 'min_raise'), ('p2', 'call')]",-12.0,3420.0,24.0,p2,showdown,True,2,108.0,114.0,rock
4031,q,k,check,"['check', 'fold']","[('p1', 'check'), ('p2', 'max_raise'), ('p1', 'fold')]",-6.0,3414.0,24.0,p2,fold,False,3,114.0,102.0,rock
4032,j,q,min_raise,['min_raise'],"[('p1', 'min_raise'), ('p2', 'fold')]",6.0,3420.0,18.0,p1,fold,True,2,108.0,114.0,rock
4033,k,q,check,['check'],"[('p1', 'check'), ('p2', 'check')]",6.0,3426.0,12.0,p1,showdown,False,2,114.0,114.0,rock
4034,j,j,min_raise,['min_raise'],"[('p1', 'min_raise'), ('p2', 'fold')]",6.0,3432.0,18.0,p1,fold,True,2,108.0,114.0,rock
4035,j,k,min_raise,['min_raise'],"[('p1', 'min_raise'), ('p2', 'call')]",-12.0,3420.0,24.0,p2,showdown,True,2,108.0,114.0,rock
4036,j,q,min_raise,['min_raise'],"[('p1', 'min_raise'), ('p2', 'fold')]",6.0,3426.0,18.0,p1,fold,True,2,108.0,114.0,rock
4037,j,k,min_raise,['min_raise'],"[('p1', 'min_raise'), ('p2', 'call')]",-12.0,3414.0,24.0,p2,showdown,True,2,108.0,114.0,rock
4038,k,q,check,['check'],"[('p1', 'check'), ('p2', 'check')]",6.0,3420.0,12.0,p1,showdown,False,2,114.0,114.0,rock
4039,j,k,min_raise,['min_raise'],"[('p1', 'min_raise'), ('p2', 'call')]",-12.0,3408.0,24.0,p2,showdown,True,2,108.0,114.0,rock
4040,q,k,check,"['check', 'fold']","[('p1', 'check'), ('p2', 'max_raise'), ('p1', 'fold')]",-6.0,3402.0,24.0,p2,fold,False,3,114.0,102.0,rock
4041,j,q,min_raise,['min_raise'],"[('p1', 'min_raise'), ('p2', 'fold')]",6.0,3408.0,18.0,p1,fold,True,2,108.0,114.0,rock
4042,j,k,min_raise,['min_raise'],"[('p1', 'min_raise'), ('p2', 'call')]",-12.0,3396.0,24.0,p2,showdown,True,2,108.0,114.0,rock
4043,k,q,check,['check'],"[('p1', 'check'), ('p2', 'check')]",6.0,3402.0,12.0,p1,showdown,False,2,114.0,114.0,rock
4044,q,j,check,['check'],"[('p1', 'check'), ('p2', 'check')]",6.0,3408.0,12.0,p1,showdown,False,2,114.0,114.0,rock
4045,q,q,check,['check'],"[('p1', 'check'), ('p2', 'check')]",0.0,3408.0,0.0,tie,showdown,False,2,114.0,114.0,rock
4046,j,k,min_raise,['min_raise'],"[('p1', 'min_raise'), ('p2', 'call')]",-12.0,3396.0,24.0,p2,showdown,True,2,108.0,114.0,rock
4047,k,k,check,"['check', 'call']","[('p1', 'check'), ('p2', 'max_raise'), ('p1', 'call')]",0.0,3396.0,0.0,tie,showdown,False,3,114.0,102.0,rock
4048,k,q,check,['check'],"[('p1', 'check'), ('p2', 'check')]",6.0,3402.0,12.0,p1,showdown,False,2,114.0,114.0,rock
4049,q,j,check,['check'],"[('p1', 'check'), ('p2', 'check')]",6.0,3408.0,12.0,p1,showdown,False,2,114.0,114.0,rock
4050,q,j,check,['check'],"[('p1', 'check'), ('p2', 'check')]",6.0,3414.0,12.0,p1,showdown,False,2,114.0,114.0,rock
4051,j,k,min_raise,['min_raise'],"[('p1', 'min_raise'), ('p2', 'call')]",-12.0,3402.0,24.0,p2,showdown,True,2,108.0,114.0,rock
4052,k,j,check,['check'],"[('p1', 'check'), ('p2', 'check')]",6.0,3408.0,12.0,p1,showdown,False,2,114.0,114.0,rock
4053,j,q,min_raise,['min_raise'],"[('p1', 'min_raise'), ('p2', 'fold')]",6.0,3414.0,18.0,p1,fold,True,2,108.0,114.0,rock
4054,j,k,min_raise,['min_raise'],"[('p1', 'min_raise'), ('p2', 'call')]",-12.0,3402.0,24.0,p2,showdown,True,2,108.0,114.0,rock
4055,k,j,check,['check'],"[('p1', 'check'), ('p2', 'check')]",6.0,3408.0,12.0,p1,showdown,False,2,114.0,114.0,rock
4056,q,k,check,"['check', 'fold']","[('p1', 'check'), ('p2', 'max_raise'), ('p1', 'fold')]",-6.0,3402.0,24.0,p2,fold,False,3,114.0,102.0,rock
4057,q,j,check,['check'],"[('p1', 'check'), ('p2', 'check')]",6.0,3408.0,12.0,p1,showdown,False,2,114.0,114.0,rock
4058,q,k,check,"['check', 'fold']","[('p1', 'check'), ('p2', 'max_raise'), ('p1', 'fold')]",-6.0,3402.0,24.0,p2,fold,False,3,114.0,102.0,rock
4059,k,k,check,"['check', 'call']","[('p1', 'check'), ('p2', 'max_raise'), ('p1', 'call')]",0.0,3402.0,0.0,tie,showdown,False,3,114.0,102.0,rock
4060,j,k,min_raise,['min_raise'],"[('p1', 'min_raise'), ('p2', 'call')]",-12.0,3390.0,24.0,p2,showdown,True,2,108.0,114.0,rock
4061,k,j,check,['check'],"[('p1', 'check'), ('p2', 'check')]",6.0,3396.0,12.0,p1,showdown,False,2,114.0,114.0,rock
4062,j,q,min_raise,['min_raise'],"[('p1', 'min_raise'), ('p2', 'fold')]",6.0,3402.0,18.0,p1,fold,True,2,108.0,114.0,rock
4063,k,j,check,['check'],"[('p1', 'check'), ('p2', 'check')]",6.0,3408.0,12.0,p1,showdown,False,2,114.0,114.0,rock
4064,q,k,check,"['check', 'fold']","[('p1', 'check'), ('p2', 'max_raise'), ('p1', 'fold')]",-6.0,3402.0,24.0,p2,fold,False,3,114.0,102.0,rock
4065,k,j,check,['check'],"[('p1', 'check'), ('p2', 'check')]",6.0,3408.0,12.0,p1,showdown,False,2,114.0,114.0,rock
4066,j,q,min_raise,['min_raise'],"[('p1', 'min_raise'), ('p2', 'fold')]",6.0,3414.0,18.0,p1,fold,True,2,108.0,114.0,rock
4067,k,k,check,"['check', 'call']","[('p1', 'check'), ('p2', 'max_raise'), ('p1', 'call')]",0.0,3414.0,0.0,tie,showdown,False,3,114.0,102.0,rock
4068,k,j,check,['check'],"[('p1', 'check'), ('p2', 'check')]",6.0,3420.0,12.0,p1,showdown,False,2,114.0,114.0,rock
4069,j,k,min_raise,['min_raise'],"[('p1', 'min_raise'), ('p2', 'call')]",-12.0,3408.0,24.0,p2,showdown,True,2,108.0,114.0,rock
4070,j,j,min_raise,['min_raise'],"[('p1', 'min_raise'), ('p2', 'fold')]",6.0,3414.0,18.0,p1,fold,True,2,108.0,114.0,rock
4071,j,q,min_raise,['min_raise'],"[('p1', 'min_raise'), ('p2', 'fold')]",6.0,3420.0,18.0,p1,fold,True,2,108.0,114.0,rock
4072,k,j,check,['check'],"[('p1', 'check'), ('p2', 'check')]",6.0,3426.0,12.0,p1,showdown,False,2,114.0,114.0,rock
4073,k,q,check,['check'],"[('p1', 'check'), ('p2', 'check')]",6.0,3432.0,12.0,p1,showdown,False,2,114.0,114.0,rock
4074,k,j,check,['check'],"[('p1', 'check'), ('p2', 'check')]",6.0,3438.0,12.0,p1,showdown,False,2,114.0,114.0,rock
4075,j,j,min_raise,['min_raise'],"[('p1', 'min_raise'), ('p2', 'fold')]",6.0,3444.0,18.0,p1,fold,True,2,108.0,114.0,rock
4076,k,q,check,['check'],"[('p1', 'check'), ('p2', 'check')]",6.0,3450.0,12.0,p1,showdown,False,2,114.0,114.0,rock
4077,k,k,check,"['check', 'call']","[('p1', 'check'), ('p2', 'max_raise'), ('p1', 'call')]",0.0,3450.0,0.0,tie,showdown,False,3,114.0,102.0,rock
4078,j,j,min_raise,['min_raise'],"[('p1', 'min_raise'), ('p2', 'fold')]",6.0,3456.0,18.0,p1,fold,True,2,108.0,114.0,rock
4079,k,j,check,['check'],"[('p1', 'check'), ('p2', 'check')]",6.0,3462.0,12.0,p1,showdown,False,2,114.0,114.0,rock
4080,q,k,check,"['check', 'fold']","[('p1', 'check'), ('p2', 'max_raise'), ('p1', 'fold')]",-6.0,3456.0,24.0,p2,fold,False,3,114.0,102.0,rock
4081,j,q,min_raise,['min_raise'],"[('p1', 'min_raise'), ('p2', 'fold')]",6.0,3462.0,18.0,p1,fold,True,2,108.0,114.0,rock
4082,j,q,min_raise,['min_raise'],"[('p1', 'min_raise'), ('p2', 'fold')]",6.0,3468.0,18.0,p1,fold,True,2,108.0,114.0,rock
4083,q,k,check,"['check', 'fold']","[('p1', 'check'), ('p2', 'max_raise'), ('p1', 'fold')]",-6.0,3462.0,24.0,p2,fold,False,3,114.0,102.0,rock
4084,j,q,min_raise,['min_raise'],"[('p1', 'min_raise'), ('p2', 'fold')]",6.0,3468.0,18.0,p1,fold,True,2,108.0,114.0,rock
4085,q,q,check,['check'],"[('p1', 'check'), ('p2', 'check')]",0.0,3468.0,0.0,tie,showdown,False,2,114.0,114.0,rock
4086,q,j,check,['check'],"[('p1', 'check'), ('p2', 'check')]",6.0,3474.0,12.0,p1,showdown,False,2,114.0,114.0,rock
4087,j,j,min_raise,['min_raise'],"[('p1', 'min_raise'), ('p2', 'fold')]",6.0,3480.0,18.0,p1,fold,True,2,108.0,114.0,rock
4088,q,q,check,['check'],"[('p1', 'check'), ('p2', 'check')]",0.0,3480.0,0.0,tie,showdown,False,2,114.0,114.0,rock
4089,q,j,check,['check'],"[('p1', 'check'), ('p2', 'check')]",6.0,3486.0,12.0,p1,showdown,False,2,114.0,114.0,rock
4090,q,j,check,['check'],"[('p1', 'check'), ('p2', 'check')]",6.0,3492.0,12.0,p1,showdown,False,2,114.0,114.0,rock
4091,q,j,check,['check'],"[('p1', 'check'), ('p2', 'check')]",6.0,3498.0,12.0,p1,showdown,False,2,114.0,114.0,rock
4092,k,q,check,['check'],"[('p1', 'check'), ('p2', 'check')]",6.0,3504.0,12.0,p1,showdown,False,2,114.0,114.0,rock
4093,j,k,min_raise,['min_raise'],"[('p1', 'min_raise'), ('p2', 'call')]",-12.0,3492.0,24.0,p2,showdown,True,2,108.0,114.0,rock
4094,j,q,min_raise,['min_raise'],"[('p1', 'min_raise'), ('p2', 'fold')]",6.0,3498.0,18.0,p1,fold,True,2,108.0,114.0,rock
4095,k,k,check,"['check', 'call']","[('p1', 'check'), ('p2', 'max_raise'), ('p1', 'call')]",0.0,3498.0,0.0,tie,showdown,False,3,114.0,102.0,rock
4096,j,j,min_raise,['min_raise'],"[('p1', 'min_raise'), ('p2', 'fold')]",6.0,3504.0,18.0,p1,fold,True,2,108.0,114.0,rock
4097,j,q,min_raise,['min_raise'],"[('p1', 'min_raise'), ('p2', 'fold')]",6.0,3510.0,18.0,p1,fold,True,2,108.0,114.0,rock
4098,q,q,check,['check'],"[('p1', 'check'), ('p2', 'check')]",0.0,3510.0,0.0,tie,showdown,False,2,114.0,114.0,rock
4099,j,j,min_raise,['min_raise'],"[('p1', 'min_raise'), ('p2', 'fold')]",6.0,3516.0,18.0,p1,fold,True,2,108.0,114.0,rock
4100,k,q,check,['check'],"[('p1', 'check'), ('p2', 'check')]",6.0,3522.0,12.0,p1,showdown,False,2,114.0,114.0,rock
4101,k,q,check,['check'],"[('p1', 'check'), ('p2', 'check')]",6.0,3528.0,12.0,p1,showdown,False,2,114.0,114.0,rock
4102,k,q,check,['check'],"[('p1', 'check'), ('p2', 'check')]",6.0,3534.0,12.0,p1,showdown,False,2,114.0,114.0,rock
4103,q,q,check,['check'],"[('p1', 'check'), ('p2', 'check')]",0.0,3534.0,0.0,tie,showdown,False,2,114.0,114.0,rock
4104,q,j,check,['check'],"[('p1', 'check'), ('p2', 'check')]",6.0,3540.0,12.0,p1,showdown,False,2,114.0,114.0,rock
4105,q,j,check,['check'],"[('p1', 'check'), ('p2', 'check')]",6.0,3546.0,12.0,p1,showdown,False,2,114.0,114.0,rock
4106,j,k,min_raise,['min_raise'],"[('p1', 'min_raise'), ('p2', 'call')]",-12.0,3534.0,24.0,p2,showdown,True,2,108.0,114.0,rock
4107,k,q,check,['check'],"[('p1', 'check'), ('p2', 'check')]",6.0,3540.0,12.0,p1,showdown,False,2,114.0,114.0,rock
4108,q,k,check,"['check', 'fold']","[('p1', 'check'), ('p2', 'max_raise'), ('p1', 'fold')]",-6.0,3534.0,24.0,p2,fold,False,3,114.0,102.0,rock
4109,q,j,check,['check'],"[('p1', 'check'), ('p2', 'check')]",6.0,3540.0,12.0,p1,showdown,False,2,114.0,114.0,rock
4110,q,k,check,"['check', 'fold']","[('p1', 'check'), ('p2', 'max_raise'), ('p1', 'fold')]",-6.0,3534.0,24.0,p2,fold,False,3,114.0,102.0,rock
4111,k,q,check,['check'],"[('p1', 'check'), ('p2', 'check')]",6.0,3540.0,12.0,p1,showdown,False,2,114.0,114.0,rock
4112,j,k,min_raise,['min_raise'],"[('p1', 'min_raise'), ('p2', 'call')]",-12.0,3528.0,24.0,p2,showdown,True,2,108.0,114.0,rock
4113,q,q,check,['check'],"[('p1', 'check'), ('p2', 'check')]",0.0,3528.0,0.0,tie,showdown,False,2,114.0,114.0,rock
4114,q,q,check,['check'],"[('p1', 'check'), ('p2', 'check')]",0.0,3528.0,0.0,tie,showdown,False,2,114.0,114.0,rock
4115,j,j,min_raise,['min_raise'],"[('p1', 'min_raise'), ('p2', 'fold')]",6.0,3534.0,18.0,p1,fold,True,2,108.0,114.0,rock
4116,q,k,check,"['check', 'fold']","[('p1', 'check'), ('p2', 'max_raise'), ('p1', 'fold')]",-6.0,3528.0,24.0,p2,fold,False,3,114.0,102.0,rock
4117,q,k,check,"['check', 'fold']","[('p1', 'check'), ('p2', 'max_raise'), ('p1', 'fold')]",-6.0,3522.0,24.0,p2,fold,False,3,114.0,102.0,rock
4118,q,q,check,['check'],"[('p1', 'check'), ('p2', 'check')]",0.0,3522.0,0.0,tie,showdown,False,2,114.0,114.0,rock
4119,j,j,min_raise,['min_raise'],"[('p1', 'min_raise'), ('p2', 'fold')]",6.0,3528.0,18.0,p1,fold,True,2,108.0,114.0,rock
4120,j,q,min_raise,['min_raise'],"[('p1', 'min_raise'), ('p2', 'fold')]",6.0,3534.0,18.0,p1,fold,True,2,108.0,114.0,rock
4121,j,j,min_raise,['min_raise'],"[('p1', 'min_raise'), ('p2', 'fold')]",6.0,3540.0,18.0,p1,fold,True,2,108.0,114.0,rock
4122,j,q,min_raise,['min_raise'],"[('p1', 'min_raise'), ('p2', 'fold')]",6.0,3546.0,18.0,p1,fold,True,2,108.0,114.0,rock
4123,q,j,check,['check'],"[('p1', 'check'), ('p2', 'check')]",6.0,3552.0,12.0,p1,showdown,False,2,114.0,114.0,rock
4124,q,k,check,"['check', 'fold']","[('p1', 'check'), ('p2', 'max_raise'), ('p1', 'fold')]",-6.0,3546.0,24.0,p2,fold,False,3,114.0,102.0,rock
4125,j,q,min_raise,['min_raise'],"[('p1', 'min_raise'), ('p2', 'fold')]",6.0,3552.0,18.0,p1,fold,True,2,108.0,114.0,rock
4126,k,j,check,['check'],"[('p1', 'check'), ('p2', 'check')]",6.0,3558.0,12.0,p1,showdown,False,2,114.0,114.0,rock
4127,q,j,check,['check'],"[('p1', 'check'), ('p2', 'check')]",6.0,3564.0,12.0,p1,showdown,False,2,114.0,114.0,rock
4128,q,j,check,['check'],"[('p1', 'check'), ('p2', 'check')]",6.0,3570.0,12.0,p1,showdown,False,2,114.0,114.0,rock
4129,j,j,min_raise,['min_raise'],"[('p1', 'min_raise'), ('p2', 'fold')]",6.0,3576.0,18.0,p1,fold,True,2,108.0,114.0,rock
4130,q,k,check,"['check', 'fold']","[('p1', 'check'), ('p2', 'max_raise'), ('p1', 'fold')]",-6.0,3570.0,24.0,p2,fold,False,3,114.0,102.0,rock
4131,k,k,check,"['check', 'call']","[('p1', 'check'), ('p2', 'max_raise'), ('p1', 'call')]",0.0,3570.0,0.0,tie,showdown,False,3,114.0,102.0,rock
4132,k,j,check,['check'],"[('p1', 'check'), ('p2', 'check')]",6.0,3576.0,12.0,p1,showdown,False,2,114.0,114.0,rock
4133,j,q,min_raise,['min_raise'],"[('p1', 'min_raise'), ('p2', 'fold')]",6.0,3582.0,18.0,p1,fold,True,2,108.0,114.0,rock
4134,q,k,check,"['check', 'fold']","[('p1', 'check'), ('p2', 'max_raise'), ('p1', 'fold')]",-6.0,3576.0,24.0,p2,fold,False,3,114.0,102.0,rock
4135,q,q,check,['check'],"[('p1', 'check'), ('p2', 'check')]",0.0,3576.0,0.0,tie,showdown,False,2,114.0,114.0,rock
4136,k,q,check,['check'],"[('p1', 'check'), ('p2', 'check')]",6.0,3582.0,12.0,p1,showdown,False,2,114.0,114.0,rock
4137,k,q,check,['check'],"[('p1', 'check'), ('p2', 'check')]",6.0,3588.0,12.0,p1,showdown,False,2,114.0,114.0,rock
4138,k,j,check,['check'],"[('p1', 'check'), ('p2', 'check')]",6.0,3594.0,12.0,p1,showdown,False,2,114.0,114.0,rock
4139,q,j,check,['check'],"[('p1', 'check'), ('p2', 'check')]",6.0,3600.0,12.0,p1,showdown,False,2,114.0,114.0,rock
4140,j,q,min_raise,['min_raise'],"[('p1', 'min_raise'), ('p2', 'fold')]",6.0,3606.0,18.0,p1,fold,True,2,108.0,114.0,rock
4141,k,j,check,['check'],"[('p1', 'check'), ('p2', 'check')]",6.0,3612.0,12.0,p1,showdown,False,2,114.0,114.0,rock
4142,j,k,min_raise,['min_raise'],"[('p1', 'min_raise'), ('p2', 'call')]",-12.0,3600.0,24.0,p2,showdown,True,2,108.0,114.0,rock
4143,j,q,min_raise,['min_raise'],"[('p1', 'min_raise'), ('p2', 'fold')]",6.0,3606.0,18.0,p1,fold,True,2,108.0,114.0,rock
4144,j,k,min_raise,['min_raise'],"[('p1', 'min_raise'), ('p2', 'call')]",-12.0,3594.0,24.0,p2,showdown,True,2,108.0,114.0,rock
4145,q,j,check,['check'],"[('p1', 'check'), ('p2', 'check')]",6.0,3600.0,12.0,p1,showdown,False,2,114.0,114.0,rock
4146,j,q,min_raise,['min_raise'],"[('p1', 'min_raise'), ('p2', 'fold')]",6.0,3606.0,18.0,p1,fold,True,2,108.0,114.0,rock
4147,j,q,min_raise,['min_raise'],"[('p1', 'min_raise'), ('p2', 'fold')]",6.0,3612.0,18.0,p1,fold,True,2,108.0,114.0,rock
4148,q,k,check,"['check', 'fold']","[('p1', 'check'), ('p2', 'max_raise'), ('p1', 'fold')]",-6.0,3606.0,24.0,p2,fold,False,3,114.0,102.0,rock
4149,k,q,check,['check'],"[('p1', 'check'), ('p2', 'check')]",6.0,3612.0,12.0,p1,showdown,False,2,114.0,114.0,rock
4150,j,j,min_raise,['min_raise'],"[('p1', 'min_raise'), ('p2', 'fold')]",6.0,3618.0,18.0,p1,fold,True,2,108.0,114.0,rock
4151,q,q,check,['check'],"[('p1', 'check'), ('p2', 'check')]",0.0,3618.0,0.0,tie,showdown,False,2,114.0,114.0,rock
4152,q,q,check,['check'],"[('p1', 'check'), ('p2', 'check')]",0.0,3618.0,0.0,tie,showdown,False,2,114.0,114.0,rock
4153,j,j,min_raise,['min_raise'],"[('p1', 'min_raise'), ('p2', 'fold')]",6.0,3624.0,18.0,p1,fold,True,2,108.0,114.0,rock
4154,j,k,min_raise,['min_raise'],"[('p1', 'min_raise'), ('p2', 'call')]",-12.0,3612.0,24.0,p2,showdown,True,2,108.0,114.0,rock
4155,j,q,min_raise,['min_raise'],"[('p1', 'min_raise'), ('p2', 'fold')]",6.0,3618.0,18.0,p1,fold,True,2,108.0,114.0,rock
4156,q,k,check,"['check', 'fold']","[('p1', 'check'), ('p2', 'max_raise'), ('p1', 'fold')]",-6.0,3612.0,24.0,p2,fold,False,3,114.0,102.0,rock
4157,k,j,check,['check'],"[('p1', 'check'), ('p2', 'check')]",6.0,3618.0,12.0,p1,showdown,False,2,114.0,114.0,rock
4158,k,k,check,"['check', 'call']","[('p1', 'check'), ('p2', 'max_raise'), ('p1', 'call')]",0.0,3618.0,0.0,tie,showdown,False,3,114.0,102.0,rock
4159,q,j,check,['check'],"[('p1', 'check'), ('p2', 'check')]",6.0,3624.0,12.0,p1,showdown,False,2,114.0,114.0,rock
4160,k,j,check,['check'],"[('p1', 'check'), ('p2', 'check')]",6.0,3630.0,12.0,p1,showdown,False,2,114.0,114.0,rock
4161,q,j,check,['check'],"[('p1', 'check'), ('p2', 'check')]",6.0,3636.0,12.0,p1,showdown,False,2,114.0,114.0,rock
4162,q,k,check,"['check', 'fold']","[('p1', 'check'), ('p2', 'max_raise'), ('p1', 'fold')]",-6.0,3630.0,24.0,p2,fold,False,3,114.0,102.0,rock
4163,k,k,check,"['check', 'call']","[('p1', 'check'), ('p2', 'max_raise'), ('p1', 'call')]",0.0,3630.0,0.0,tie,showdown,False,3,114.0,102.0,rock
4164,k,q,check,['check'],"[('p1', 'check'), ('p2', 'check')]",6.0,3636.0,12.0,p1,showdown,False,2,114.0,114.0,rock
4165,q,q,check,['check'],"[('p1', 'check'), ('p2', 'check')]",0.0,3636.0,0.0,tie,showdown,False,2,114.0,114.0,rock
4166,q,q,check,['check'],"[('p1', 'check'), ('p2', 'check')]",0.0,3636.0,0.0,tie,showdown,False,2,114.0,114.0,rock
4167,j,q,min_raise,['min_raise'],"[('p1', 'min_raise'), ('p2', 'fold')]",6.0,3642.0,18.0,p1,fold,True,2,108.0,114.0,rock
4168,k,j,check,['check'],"[('p1', 'check'), ('p2', 'check')]",6.0,3648.0,12.0,p1,showdown,False,2,114.0,114.0,rock
4169,j,j,min_raise,['min_raise'],"[('p1', 'min_raise'), ('p2', 'fold')]",6.0,3654.0,18.0,p1,fold,True,2,108.0,114.0,rock
4170,q,q,check,['check'],"[('p1', 'check'), ('p2', 'check')]",0.0,3654.0,0.0,tie,showdown,False,2,114.0,114.0,rock
4171,j,j,min_raise,['min_raise'],"[('p1', 'min_raise'), ('p2', 'fold')]",6.0,3660.0,18.0,p1,fold,True,2,108.0,114.0,rock
4172,k,k,check,"['check', 'call']","[('p1', 'check'), ('p2', 'max_raise'), ('p1', 'call')]",0.0,3660.0,0.0,tie,showdown,False,3,114.0,102.0,rock
4173,q,k,check,"['check', 'fold']","[('p1', 'check'), ('p2', 'max_raise'), ('p1', 'fold')]",-6.0,3654.0,24.0,p2,fold,False,3,114.0,102.0,rock
4174,q,q,check,['check'],"[('p1', 'check'), ('p2', 'check')]",0.0,3654.0,0.0,tie,showdown,False,2,114.0,114.0,rock
4175,j,j,min_raise,['min_raise'],"[('p1', 'min_raise'), ('p2', 'fold')]",6.0,3660.0,18.0,p1,fold,True,2,108.0,114.0,rock
4176,j,q,min_raise,['min_raise'],"[('p1', 'min_raise'), ('p2', 'fold')]",6.0,3666.0,18.0,p1,fold,True,2,108.0,114.0,rock
4177,j,k,min_raise,['min_raise'],"[('p1', 'min_raise'), ('p2', 'call')]",-12.0,3654.0,24.0,p2,showdown,True,2,108.0,114.0,rock
4178,q,j,check,['check'],"[('p1', 'check'), ('p2', 'check')]",6.0,3660.0,12.0,p1,showdown,False,2,114.0,114.0,rock
4179,j,q,min_raise,['min_raise'],"[('p1', 'min_raise'), ('p2', 'fold')]",6.0,3666.0,18.0,p1,fold,True,2,108.0,114.0,rock
4180,q,k,check,"['check', 'fold']","[('p1', 'check'), ('p2', 'max_raise'), ('p1', 'fold')]",-6.0,3660.0,24.0,p2,fold,False,3,114.0,102.0,rock
4181,q,j,check,['check'],"[('p1', 'check'), ('p2', 'check')]",6.0,3666.0,12.0,p1,showdown,False,2,114.0,114.0,rock
4182,k,j,check,['check'],"[('p1', 'check'), ('p2', 'check')]",6.0,3672.0,12.0,p1,showdown,False,2,114.0,114.0,rock
4183,j,q,min_raise,['min_raise'],"[('p1', 'min_raise'), ('p2', 'fold')]",6.0,3678.0,18.0,p1,fold,True,2,108.0,114.0,rock
4184,k,q,check,['check'],"[('p1', 'check'), ('p2', 'check')]",6.0,3684.0,12.0,p1,showdown,False,2,114.0,114.0,rock
4185,j,q,min_raise,['min_raise'],"[('p1', 'min_raise'), ('p2', 'fold')]",6.0,3690.0,18.0,p1,fold,True,2,108.0,114.0,rock
4186,q,j,check,['check'],"[('p1', 'check'), ('p2', 'check')]",6.0,3696.0,12.0,p1,showdown,False,2,114.0,114.0,rock
4187,k,q,check,['check'],"[('p1', 'check'), ('p2', 'check')]",6.0,3702.0,12.0,p1,showdown,False,2,114.0,114.0,rock
4188,q,k,check,"['check', 'fold']","[('p1', 'check'), ('p2', 'max_raise'), ('p1', 'fold')]",-6.0,3696.0,24.0,p2,fold,False,3,114.0,102.0,rock
4189,j,j,min_raise,['min_raise'],"[('p1', 'min_raise'), ('p2', 'fold')]",6.0,3702.0,18.0,p1,fold,True,2,108.0,114.0,rock
4190,j,k,min_raise,['min_raise'],"[('p1', 'min_raise'), ('p2', 'call')]",-12.0,3690.0,24.0,p2,showdown,True,2,108.0,114.0,rock
4191,q,k,check,"['check', 'fold']","[('p1', 'check'), ('p2', 'max_raise'), ('p1', 'fold')]",-6.0,3684.0,24.0,p2,fold,False,3,114.0,102.0,rock
4192,j,q,min_raise,['min_raise'],"[('p1', 'min_raise'), ('p2', 'fold')]",6.0,3690.0,18.0,p1,fold,True,2,108.0,114.0,rock
4193,q,j,check,['check'],"[('p1', 'check'), ('p2', 'check')]",6.0,3696.0,12.0,p1,showdown,False,2,114.0,114.0,rock
4194,q,k,check,"['check', 'fold']","[('p1', 'check'), ('p2', 'max_raise'), ('p1', 'fold')]",-6.0,3690.0,24.0,p2,fold,False,3,114.0,102.0,rock
4195,k,j,check,['check'],"[('p1', 'check'), ('p2', 'check')]",6.0,3696.0,12.0,p1,showdown,False,2,114.0,114.0,rock
4196,k,j,check,['check'],"[('p1', 'check'), ('p2', 'check')]",6.0,3702.0,12.0,p1,showdown,False,2,114.0,114.0,rock
4197,q,j,check,['check'],"[('p1', 'check'), ('p2', 'check')]",6.0,3708.0,12.0,p1,showdown,False,2,114.0,114.0,rock
4198,q,j,check,['check'],"[('p1', 'check'), ('p2', 'check')]",6.0,3714.0,12.0,p1,showdown,False,2,114.0,114.0,rock
4199,q,q,check,['check'],"[('p1', 'check'), ('p2', 'check')]",0.0,3714.0,0.0,tie,showdown,False,2,114.0,114.0,rock
4200,j,j,min_raise,['min_raise'],"[('p1', 'min_raise'), ('p2', 'fold')]",6.0,3720.0,18.0,p1,fold,True,2,108.0,114.0,rock
4201,j,q,min_raise,['min_raise'],"[('p1', 'min_raise'), ('p2', 'fold')]",6.0,3726.0,18.0,p1,fold,True,2,108.0,114.0,rock
4202,k,k,check,"['check', 'call']","[('p1', 'check'), ('p2', 'max_raise'), ('p1', 'call')]",0.0,3726.0,0.0,tie,showdown,False,3,114.0,102.0,rock
4203,q,q,check,['check'],"[('p1', 'check'), ('p2', 'check')]",0.0,3726.0,0.0,tie,showdown,False,2,114.0,114.0,rock
4204,q,k,check,"['check', 'fold']","[('p1', 'check'), ('p2', 'max_raise'), ('p1', 'fold')]",-6.0,3720.0,24.0,p2,fold,False,3,114.0,102.0,rock
4205,j,q,min_raise,['min_raise'],"[('p1', 'min_raise'), ('p2', 'fold')]",6.0,3726.0,18.0,p1,fold,True,2,108.0,114.0,rock
4206,k,q,check,['check'],"[('p1', 'check'), ('p2', 'check')]",6.0,3732.0,12.0,p1,showdown,False,2,114.0,114.0,rock
4207,k,q,check,['check'],"[('p1', 'check'), ('p2', 'check')]",6.0,3738.0,12.0,p1,showdown,False,2,114.0,114.0,rock
4208,q,q,check,['check'],"[('p1', 'check'), ('p2', 'check')]",0.0,3738.0,0.0,tie,showdown,False,2,114.0,114.0,rock
4209,k,k,check,"['check', 'call']","[('p1', 'check'), ('p2', 'max_raise'), ('p1', 'call')]",0.0,3738.0,0.0,tie,showdown,False,3,114.0,102.0,rock
4210,j,k,min_raise,['min_raise'],"[('p1', 'min_raise'), ('p2', 'call')]",-12.0,3726.0,24.0,p2,showdown,True,2,108.0,114.0,rock
4211,k,k,check,"['check', 'call']","[('p1', 'check'), ('p2', 'max_raise'), ('p1', 'call')]",0.0,3726.0,0.0,tie,showdown,False,3,114.0,102.0,rock
4212,q,q,check,['check'],"[('p1', 'check'), ('p2', 'check')]",0.0,3726.0,0.0,tie,showdown,False,2,114.0,114.0,rock
4213,j,q,min_raise,['min_raise'],"[('p1', 'min_raise'), ('p2', 'fold')]",6.0,3732.0,18.0,p1,fold,True,2,108.0,114.0,rock
4214,j,q,min_raise,['min_raise'],"[('p1', 'min_raise'), ('p2', 'fold')]",6.0,3738.0,18.0,p1,fold,True,2,108.0,114.0,rock
4215,j,k,min_raise,['min_raise'],"[('p1', 'min_raise'), ('p2', 'call')]",-12.0,3726.0,24.0,p2,showdown,True,2,108.0,114.0,rock
4216,k,q,check,['check'],"[('p1', 'check'), ('p2', 'check')]",6.0,3732.0,12.0,p1,showdown,False,2,114.0,114.0,rock
4217,q,j,check,['check'],"[('p1', 'check'), ('p2', 'check')]",6.0,3738.0,12.0,p1,showdown,False,2,114.0,114.0,rock
4218,q,q,check,['check'],"[('p1', 'check'), ('p2', 'check')]",0.0,3738.0,0.0,tie,showdown,False,2,114.0,114.0,rock
4219,j,k,min_raise,['min_raise'],"[('p1', 'min_raise'), ('p2', 'call')]",-12.0,3726.0,24.0,p2,showdown,True,2,108.0,114.0,rock
4220,q,j,check,['check'],"[('p1', 'check'), ('p2', 'check')]",6.0,3732.0,12.0,p1,showdown,False,2,114.0,114.0,rock
4221,q,q,check,['check'],"[('p1', 'check'), ('p2', 'check')]",0.0,3732.0,0.0,tie,showdown,False,2,114.0,114.0,rock
4222,j,k,min_raise,['min_raise'],"[('p1', 'min_raise'), ('p2', 'call')]",-12.0,3720.0,24.0,p2,showdown,True,2,108.0,114.0,rock
4223,q,k,check,"['check', 'fold']","[('p1', 'check'), ('p2', 'max_raise'), ('p1', 'fold')]",-6.0,3714.0,24.0,p2,fold,False,3,114.0,102.0,rock
4224,q,k,check,"['check', 'fold']","[('p1', 'check'), ('p2', 'max_raise'), ('p1', 'fold')]",-6.0,3708.0,24.0,p2,fold,False,3,114.0,102.0,rock
4225,k,j,check,['check'],"[('p1', 'check'), ('p2', 'check')]",6.0,3714.0,12.0,p1,showdown,False,2,114.0,114.0,rock
4226,k,j,check,['check'],"[('p1', 'check'), ('p2', 'check')]",6.0,3720.0,12.0,p1,showdown,False,2,114.0,114.0,rock
4227,j,j,min_raise,['min_raise'],"[('p1', 'min_raise'), ('p2', 'fold')]",6.0,3726.0,18.0,p1,fold,True,2,108.0,114.0,rock
4228,j,q,min_raise,['min_raise'],"[('p1', 'min_raise'), ('p2', 'fold')]",6.0,3732.0,18.0,p1,fold,True,2,108.0,114.0,rock
4229,j,k,min_raise,['min_raise'],"[('p1', 'min_raise'), ('p2', 'call')]",-12.0,3720.0,24.0,p2,showdown,True,2,108.0,114.0,rock
4230,k,j,check,['check'],"[('p1', 'check'), ('p2', 'check')]",6.0,3726.0,12.0,p1,showdown,False,2,114.0,114.0,rock
4231,q,q,check,['check'],"[('p1', 'check'), ('p2', 'check')]",0.0,3726.0,0.0,tie,showdown,False,2,114.0,114.0,rock
4232,k,j,check,['check'],"[('p1', 'check'), ('p2', 'check')]",6.0,3732.0,12.0,p1,showdown,False,2,114.0,114.0,rock
4233,j,j,min_raise,['min_raise'],"[('p1', 'min_raise'), ('p2', 'fold')]",6.0,3738.0,18.0,p1,fold,True,2,108.0,114.0,rock
4234,j,k,min_raise,['min_raise'],"[('p1', 'min_raise'), ('p2', 'call')]",-12.0,3726.0,24.0,p2,showdown,True,2,108.0,114.0,rock
4235,q,j,check,['check'],"[('p1', 'check'), ('p2', 'check')]",6.0,3732.0,12.0,p1,showdown,False,2,114.0,114.0,rock
4236,j,j,min_raise,['min_raise'],"[('p1', 'min_raise'), ('p2', 'fold')]",6.0,3738.0,18.0,p1,fold,True,2,108.0,114.0,rock
4237,k,q,check,['check'],"[('p1', 'check'), ('p2', 'check')]",6.0,3744.0,12.0,p1,showdown,False,2,114.0,114.0,rock
4238,q,j,check,['check'],"[('p1', 'check'), ('p2', 'check')]",6.0,3750.0,12.0,p1,showdown,False,2,114.0,114.0,rock
4239,k,j,check,['check'],"[('p1', 'check'), ('p2', 'check')]",6.0,3756.0,12.0,p1,showdown,False,2,114.0,114.0,rock
4240,q,k,check,"['check', 'fold']","[('p1', 'check'), ('p2', 'max_raise'), ('p1', 'fold')]",-6.0,3750.0,24.0,p2,fold,False,3,114.0,102.0,rock
4241,q,j,check,['check'],"[('p1', 'check'), ('p2', 'check')]",6.0,3756.0,12.0,p1,showdown,False,2,114.0,114.0,rock
4242,k,j,check,['check'],"[('p1', 'check'), ('p2', 'check')]",6.0,3762.0,12.0,p1,showdown,False,2,114.0,114.0,rock
4243,q,j,check,['check'],"[('p1', 'check'), ('p2', 'check')]",6.0,3768.0,12.0,p1,showdown,False,2,114.0,114.0,rock
4244,q,j,check,['check'],"[('p1', 'check'), ('p2', 'check')]",6.0,3774.0,12.0,p1,showdown,False,2,114.0,114.0,rock
4245,j,j,min_raise,['min_raise'],"[('p1', 'min_raise'), ('p2', 'fold')]",6.0,3780.0,18.0,p1,fold,True,2,108.0,114.0,rock
4246,j,q,min_raise,['min_raise'],"[('p1', 'min_raise'), ('p2', 'fold')]",6.0,3786.0,18.0,p1,fold,True,2,108.0,114.0,rock
4247,k,j,check,['check'],"[('p1', 'check'), ('p2', 'check')]",6.0,3792.0,12.0,p1,showdown,False,2,114.0,114.0,rock
4248,q,k,check,"['check', 'fold']","[('p1', 'check'), ('p2', 'max_raise'), ('p1', 'fold')]",-6.0,3786.0,24.0,p2,fold,False,3,114.0,102.0,rock
4249,q,k,check,"['check', 'fold']","[('p1', 'check'), ('p2', 'max_raise'), ('p1', 'fold')]",-6.0,3780.0,24.0,p2,fold,False,3,114.0,102.0,rock
4250,q,q,check,['check'],"[('p1', 'check'), ('p2', 'check')]",0.0,3780.0,0.0,tie,showdown,False,2,114.0,114.0,rock
4251,j,k,min_raise,['min_raise'],"[('p1', 'min_raise'), ('p2', 'call')]",-12.0,3768.0,24.0,p2,showdown,True,2,108.0,114.0,rock
4252,q,k,check,"['check', 'fold']","[('p1', 'check'), ('p2', 'max_raise'), ('p1', 'fold')]",-6.0,3762.0,24.0,p2,fold,False,3,114.0,102.0,rock
4253,k,k,check,"['check', 'call']","[('p1', 'check'), ('p2', 'max_raise'), ('p1', 'call')]",0.0,3762.0,0.0,tie,showdown,False,3,114.0,102.0,rock
4254,k,q,check,['check'],"[('p1', 'check'), ('p2', 'check')]",6.0,3768.0,12.0,p1,showdown,False,2,114.0,114.0,rock
4255,q,k,check,"['check', 'fold']","[('p1', 'check'), ('p2', 'max_raise'), ('p1', 'fold')]",-6.0,3762.0,24.0,p2,fold,False,3,114.0,102.0,rock
4256,k,j,check,['check'],"[('p1', 'check'), ('p2', 'check')]",6.0,3768.0,12.0,p1,showdown,False,2,114.0,114.0,rock
4257,j,q,min_raise,['min_raise'],"[('p1', 'min_raise'), ('p2', 'fold')]",6.0,3774.0,18.0,p1,fold,True,2,108.0,114.0,rock
4258,j,j,min_raise,['min_raise'],"[('p1', 'min_raise'), ('p2', 'fold')]",6.0,3780.0,18.0,p1,fold,True,2,108.0,114.0,rock
4259,k,k,check,"['check', 'call']","[('p1', 'check'), ('p2', 'max_raise'), ('p1', 'call')]",0.0,3780.0,0.0,tie,showdown,False,3,114.0,102.0,rock
4260,q,k,check,"['check', 'fold']","[('p1', 'check'), ('p2', 'max_raise'), ('p1', 'fold')]",-6.0,3774.0,24.0,p2,fold,False,3,114.0,102.0,rock
4261,q,j,check,['check'],"[('p1', 'check'), ('p2', 'check')]",6.0,3780.0,12.0,p1,showdown,False,2,114.0,114.0,rock
4262,k,k,check,"['check', 'call']","[('p1', 'check'), ('p2', 'max_raise'), ('p1', 'call')]",0.0,3780.0,0.0,tie,showdown,False,3,114.0,102.0,rock
4263,j,q,min_raise,['min_raise'],"[('p1', 'min_raise'), ('p2', 'fold')]",6.0,3786.0,18.0,p1,fold,True,2,108.0,114.0,rock
4264,q,k,check,"['check', 'fold']","[('p1', 'check'), ('p2', 'max_raise'), ('p1', 'fold')]",-6.0,3780.0,24.0,p2,fold,False,3,114.0,102.0,rock
4265,k,q,check,['check'],"[('p1', 'check'), ('p2', 'check')]",6.0,3786.0,12.0,p1,showdown,False,2,114.0,114.0,rock
4266,k,q,check,['check'],"[('p1', 'check'), ('p2', 'check')]",6.0,3792.0,12.0,p1,showdown,False,2,114.0,114.0,rock
4267,q,j,check,['check'],"[('p1', 'check'), ('p2', 'check')]",6.0,3798.0,12.0,p1,showdown,False,2,114.0,114.0,rock
4268,k,k,check,"['check', 'call']","[('p1', 'check'), ('p2', 'max_raise'), ('p1', 'call')]",0.0,3798.0,0.0,tie,showdown,False,3,114.0,102.0,rock
4269,q,k,check,"['check', 'fold']","[('p1', 'check'), ('p2', 'max_raise'), ('p1', 'fold')]",-6.0,3792.0,24.0,p2,fold,False,3,114.0,102.0,rock
4270,q,k,check,"['check', 'fold']","[('p1', 'check'), ('p2', 'max_raise'), ('p1', 'fold')]",-6.0,3786.0,24.0,p2,fold,False,3,114.0,102.0,rock
4271,q,q,check,['check'],"[('p1', 'check'), ('p2', 'check')]",0.0,3786.0,0.0,tie,showdown,False,2,114.0,114.0,rock
4272,j,k,min_raise,['min_raise'],"[('p1', 'min_raise'), ('p2', 'call')]",-12.0,3774.0,24.0,p2,showdown,True,2,108.0,114.0,rock
4273,j,k,min_raise,['min_raise'],"[('p1', 'min_raise'), ('p2', 'call')]",-12.0,3762.0,24.0,p2,showdown,True,2,108.0,114.0,rock
4274,k,q,check,['check'],"[('p1', 'check'), ('p2', 'check')]",6.0,3768.0,12.0,p1,showdown,False,2,114.0,114.0,rock
4275,k,k,check,"['check', 'call']","[('p1', 'check'), ('p2', 'max_raise'), ('p1', 'call')]",0.0,3768.0,0.0,tie,showdown,False,3,114.0,102.0,rock
4276,k,q,check,['check'],"[('p1', 'check'), ('p2', 'check')]",6.0,3774.0,12.0,p1,showdown,False,2,114.0,114.0,rock
4277,k,j,check,['check'],"[('p1', 'check'), ('p2', 'check')]",6.0,3780.0,12.0,p1,showdown,False,2,114.0,114.0,rock
4278,k,j,check,['check'],"[('p1', 'check'), ('p2', 'check')]",6.0,3786.0,12.0,p1,showdown,False,2,114.0,114.0,rock
4279,k,k,check,"['check', 'call']","[('p1', 'check'), ('p2', 'max_raise'), ('p1', 'call')]",0.0,3786.0,0.0,tie,showdown,False,3,114.0,102.0,rock
4280,k,j,check,['check'],"[('p1', 'check'), ('p2', 'check')]",6.0,3792.0,12.0,p1,showdown,False,2,114.0,114.0,rock
4281,q,j,check,['check'],"[('p1', 'check'), ('p2', 'check')]",6.0,3798.0,12.0,p1,showdown,False,2,114.0,114.0,rock
4282,j,q,min_raise,['min_raise'],"[('p1', 'min_raise'), ('p2', 'fold')]",6.0,3804.0,18.0,p1,fold,True,2,108.0,114.0,rock
4283,k,j,check,['check'],"[('p1', 'check'), ('p2', 'check')]",6.0,3810.0,12.0,p1,showdown,False,2,114.0,114.0,rock
4284,j,j,min_raise,['min_raise'],"[('p1', 'min_raise'), ('p2', 'fold')]",6.0,3816.0,18.0,p1,fold,True,2,108.0,114.0,rock
4285,q,j,check,['check'],"[('p1', 'check'), ('p2', 'check')]",6.0,3822.0,12.0,p1,showdown,False,2,114.0,114.0,rock
4286,q,q,check,['check'],"[('p1', 'check'), ('p2', 'check')]",0.0,3822.0,0.0,tie,showdown,False,2,114.0,114.0,rock
4287,k,j,check,['check'],"[('p1', 'check'), ('p2', 'check')]",6.0,3828.0,12.0,p1,showdown,False,2,114.0,114.0,rock
4288,k,q,check,['check'],"[('p1', 'check'), ('p2', 'check')]",6.0,3834.0,12.0,p1,showdown,False,2,114.0,114.0,rock
4289,j,k,min_raise,['min_raise'],"[('p1', 'min_raise'), ('p2', 'call')]",-12.0,3822.0,24.0,p2,showdown,True,2,108.0,114.0,rock
4290,j,k,min_raise,['min_raise'],"[('p1', 'min_raise'), ('p2', 'call')]",-12.0,3810.0,24.0,p2,showdown,True,2,108.0,114.0,rock
4291,q,j,check,['check'],"[('p1', 'check'), ('p2', 'check')]",6.0,3816.0,12.0,p1,showdown,False,2,114.0,114.0,rock
4292,k,j,check,['check'],"[('p1', 'check'), ('p2', 'check')]",6.0,3822.0,12.0,p1,showdown,False,2,114.0,114.0,rock
4293,q,k,check,"['check', 'fold']","[('p1', 'check'), ('p2', 'max_raise'), ('p1', 'fold')]",-6.0,3816.0,24.0,p2,fold,False,3,114.0,102.0,rock
4294,j,q,min_raise,['min_raise'],"[('p1', 'min_raise'), ('p2', 'fold')]",6.0,3822.0,18.0,p1,fold,True,2,108.0,114.0,rock
4295,j,k,min_raise,['min_raise'],"[('p1', 'min_raise'), ('p2', 'call')]",-12.0,3810.0,24.0,p2,showdown,True,2,108.0,114.0,rock
4296,q,k,check,"['check', 'fold']","[('p1', 'check'), ('p2', 'max_raise'), ('p1', 'fold')]",-6.0,3804.0,24.0,p2,fold,False,3,114.0,102.0,rock
4297,q,j,check,['check'],"[('p1', 'check'), ('p2', 'check')]",6.0,3810.0,12.0,p1,showdown,False,2,114.0,114.0,rock
4298,q,k,check,"['check', 'fold']","[('p1', 'check'), ('p2', 'max_raise'), ('p1', 'fold')]",-6.0,3804.0,24.0,p2,fold,False,3,114.0,102.0,rock
4299,q,j,check,['check'],"[('p1', 'check'), ('p2', 'check')]",6.0,3810.0,12.0,p1,showdown,False,2,114.0,114.0,rock
4300,j,k,min_raise,['min_raise'],"[('p1', 'min_raise'), ('p2', 'call')]",-12.0,3798.0,24.0,p2,showdown,True,2,108.0,114.0,rock
4301,q,j,check,['check'],"[('p1', 'check'), ('p2', 'check')]",6.0,3804.0,12.0,p1,showdown,False,2,114.0,114.0,rock
4302,k,q,check,['check'],"[('p1', 'check'), ('p2', 'check')]",6.0,3810.0,12.0,p1,showdown,False,2,114.0,114.0,rock
4303,q,j,check,['check'],"[('p1', 'check'), ('p2', 'check')]",6.0,3816.0,12.0,p1,showdown,False,2,114.0,114.0,rock
4304,q,j,check,['check'],"[('p1', 'check'), ('p2', 'check')]",6.0,3822.0,12.0,p1,showdown,False,2,114.0,114.0,rock
4305,j,k,min_raise,['min_raise'],"[('p1', 'min_raise'), ('p2', 'call')]",-12.0,3810.0,24.0,p2,showdown,True,2,108.0,114.0,rock
4306,q,k,check,"['check', 'fold']","[('p1', 'check'), ('p2', 'max_raise'), ('p1', 'fold')]",-6.0,3804.0,24.0,p2,fold,False,3,114.0,102.0,rock
4307,q,k,check,"['check', 'fold']","[('p1', 'check'), ('p2', 'max_raise'), ('p1', 'fold')]",-6.0,3798.0,24.0,p2,fold,False,3,114.0,102.0,rock
4308,k,j,check,['check'],"[('p1', 'check'), ('p2', 'check')]",6.0,3804.0,12.0,p1,showdown,False,2,114.0,114.0,rock
4309,j,k,min_raise,['min_raise'],"[('p1', 'min_raise'), ('p2', 'call')]",-12.0,3792.0,24.0,p2,showdown,True,2,108.0,114.0,rock
4310,j,k,min_raise,['min_raise'],"[('p1', 'min_raise'), ('p2', 'call')]",-12.0,3780.0,24.0,p2,showdown,True,2,108.0,114.0,rock
4311,j,j,min_raise,['min_raise'],"[('p1', 'min_raise'), ('p2', 'fold')]",6.0,3786.0,18.0,p1,fold,True,2,108.0,114.0,rock
4312,k,q,check,['check'],"[('p1', 'check'), ('p2', 'check')]",6.0,3792.0,12.0,p1,showdown,False,2,114.0,114.0,rock
4313,q,q,check,['check'],"[('p1', 'check'), ('p2', 'check')]",0.0,3792.0,0.0,tie,showdown,False,2,114.0,114.0,rock
4314,k,q,check,['check'],"[('p1', 'check'), ('p2', 'check')]",6.0,3798.0,12.0,p1,showdown,False,2,114.0,114.0,rock
4315,k,k,check,"['check', 'call']","[('p1', 'check'), ('p2', 'max_raise'), ('p1', 'call')]",0.0,3798.0,0.0,tie,showdown,False,3,114.0,102.0,rock
4316,k,q,check,['check'],"[('p1', 'check'), ('p2', 'check')]",6.0,3804.0,12.0,p1,showdown,False,2,114.0,114.0,rock
4317,j,k,min_raise,['min_raise'],"[('p1', 'min_raise'), ('p2', 'call')]",-12.0,3792.0,24.0,p2,showdown,True,2,108.0,114.0,rock
4318,k,q,check,['check'],"[('p1', 'check'), ('p2', 'check')]",6.0,3798.0,12.0,p1,showdown,False,2,114.0,114.0,rock
4319,k,q,check,['check'],"[('p1', 'check'), ('p2', 'check')]",6.0,3804.0,12.0,p1,showdown,False,2,114.0,114.0,rock
4320,k,k,check,"['check', 'call']","[('p1', 'check'), ('p2', 'max_raise'), ('p1', 'call')]",0.0,3804.0,0.0,tie,showdown,False,3,114.0,102.0,rock
4321,q,k,check,"['check', 'fold']","[('p1', 'check'), ('p2', 'max_raise'), ('p1', 'fold')]",-6.0,3798.0,24.0,p2,fold,False,3,114.0,102.0,rock
4322,k,j,check,['check'],"[('p1', 'check'), ('p2', 'check')]",6.0,3804.0,12.0,p1,showdown,False,2,114.0,114.0,rock
4323,q,j,check,['check'],"[('p1', 'check'), ('p2', 'check')]",6.0,3810.0,12.0,p1,showdown,False,2,114.0,114.0,rock
4324,j,q,min_raise,['min_raise'],"[('p1', 'min_raise'), ('p2', 'fold')]",6.0,3816.0,18.0,p1,fold,True,2,108.0,114.0,rock
4325,k,k,check,"['check', 'call']","[('p1', 'check'), ('p2', 'max_raise'), ('p1', 'call')]",0.0,3816.0,0.0,tie,showdown,False,3,114.0,102.0,rock
4326,k,j,check,['check'],"[('p1', 'check'), ('p2', 'check')]",6.0,3822.0,12.0,p1,showdown,False,2,114.0,114.0,rock
4327,j,q,min_raise,['min_raise'],"[('p1', 'min_raise'), ('p2', 'fold')]",6.0,3828.0,18.0,p1,fold,True,2,108.0,114.0,rock
4328,q,j,check,['check'],"[('p1', 'check'), ('p2', 'check')]",6.0,3834.0,12.0,p1,showdown,False,2,114.0,114.0,rock
4329,j,k,min_raise,['min_raise'],"[('p1', 'min_raise'), ('p2', 'call')]",-12.0,3822.0,24.0,p2,showdown,True,2,108.0,114.0,rock
4330,j,q,min_raise,['min_raise'],"[('p1', 'min_raise'), ('p2', 'fold')]",6.0,3828.0,18.0,p1,fold,True,2,108.0,114.0,rock
4331,j,k,min_raise,['min_raise'],"[('p1', 'min_raise'), ('p2', 'call')]",-12.0,3816.0,24.0,p2,showdown,True,2,108.0,114.0,rock
4332,q,k,check,"['check', 'fold']","[('p1', 'check'), ('p2', 'max_raise'), ('p1', 'fold')]",-6.0,3810.0,24.0,p2,fold,False,3,114.0,102.0,rock
4333,j,k,min_raise,['min_raise'],"[('p1', 'min_raise'), ('p2', 'call')]",-12.0,3798.0,24.0,p2,showdown,True,2,108.0,114.0,rock
4334,q,j,check,['check'],"[('p1', 'check'), ('p2', 'check')]",6.0,3804.0,12.0,p1,showdown,False,2,114.0,114.0,rock
4335,j,q,min_raise,['min_raise'],"[('p1', 'min_raise'), ('p2', 'fold')]",6.0,3810.0,18.0,p1,fold,True,2,108.0,114.0,rock
4336,k,q,check,['check'],"[('p1', 'check'), ('p2', 'check')]",6.0,3816.0,12.0,p1,showdown,False,2,114.0,114.0,rock
4337,k,q,check,['check'],"[('p1', 'check'), ('p2', 'check')]",6.0,3822.0,12.0,p1,showdown,False,2,114.0,114.0,rock
4338,q,q,check,['check'],"[('p1', 'check'), ('p2', 'check')]",0.0,3822.0,0.0,tie,showdown,False,2,114.0,114.0,rock
4339,k,k,check,"['check', 'call']","[('p1', 'check'), ('p2', 'max_raise'), ('p1', 'call')]",0.0,3822.0,0.0,tie,showdown,False,3,114.0,102.0,rock
4340,q,k,check,"['check', 'fold']","[('p1', 'check'), ('p2', 'max_raise'), ('p1', 'fold')]",-6.0,3816.0,24.0,p2,fold,False,3,114.0,102.0,rock
4341,q,q,check,['check'],"[('p1', 'check'), ('p2', 'check')]",0.0,3816.0,0.0,tie,showdown,False,2,114.0,114.0,rock
4342,q,j,check,['check'],"[('p1', 'check'), ('p2', 'check')]",6.0,3822.0,12.0,p1,showdown,False,2,114.0,114.0,rock
4343,j,k,min_raise,['min_raise'],"[('p1', 'min_raise'), ('p2', 'call')]",-12.0,3810.0,24.0,p2,showdown,True,2,108.0,114.0,rock
4344,k,k,check,"['check', 'call']","[('p1', 'check'), ('p2', 'max_raise'), ('p1', 'call')]",0.0,3810.0,0.0,tie,showdown,False,3,114.0,102.0,rock
4345,k,q,check,['check'],"[('p1', 'check'), ('p2', 'check')]",6.0,3816.0,12.0,p1,showdown,False,2,114.0,114.0,rock
4346,q,q,check,['check'],"[('p1', 'check'), ('p2', 'check')]",0.0,3816.0,0.0,tie,showdown,False,2,114.0,114.0,rock
4347,j,k,min_raise,['min_raise'],"[('p1', 'min_raise'), ('p2', 'call')]",-12.0,3804.0,24.0,p2,showdown,True,2,108.0,114.0,rock
4348,j,q,min_raise,['min_raise'],"[('p1', 'min_raise'), ('p2', 'fold')]",6.0,3810.0,18.0,p1,fold,True,2,108.0,114.0,rock
4349,k,k,check,"['check', 'call']","[('p1', 'check'), ('p2', 'max_raise'), ('p1', 'call')]",0.0,3810.0,0.0,tie,showdown,False,3,114.0,102.0,rock
4350,k,q,check,['check'],"[('p1', 'check'), ('p2', 'check')]",6.0,3816.0,12.0,p1,showdown,False,2,114.0,114.0,rock
4351,k,k,check,"['check', 'call']","[('p1', 'check'), ('p2', 'max_raise'), ('p1', 'call')]",0.0,3816.0,0.0,tie,showdown,False,3,114.0,102.0,rock
4352,k,q,check,['check'],"[('p1', 'check'), ('p2', 'check')]",6.0,3822.0,12.0,p1,showdown,False,2,114.0,114.0,rock
4353,k,j,check,['check'],"[('p1', 'check'), ('p2', 'check')]",6.0,3828.0,12.0,p1,showdown,False,2,114.0,114.0,rock
4354,q,k,check,"['check', 'fold']","[('p1', 'check'), ('p2', 'max_raise'), ('p1', 'fold')]",-6.0,3822.0,24.0,p2,fold,False,3,114.0,102.0,rock
4355,j,j,min_raise,['min_raise'],"[('p1', 'min_raise'), ('p2', 'fold')]",6.0,3828.0,18.0,p1,fold,True,2,108.0,114.0,rock
4356,k,q,check,['check'],"[('p1', 'check'), ('p2', 'check')]",6.0,3834.0,12.0,p1,showdown,False,2,114.0,114.0,rock
4357,q,k,check,"['check', 'fold']","[('p1', 'check'), ('p2', 'max_raise'), ('p1', 'fold')]",-6.0,3828.0,24.0,p2,fold,False,3,114.0,102.0,rock
4358,j,k,min_raise,['min_raise'],"[('p1', 'min_raise'), ('p2', 'call')]",-12.0,3816.0,24.0,p2,showdown,True,2,108.0,114.0,rock
4359,j,q,min_raise,['min_raise'],"[('p1', 'min_raise'), ('p2', 'fold')]",6.0,3822.0,18.0,p1,fold,True,2,108.0,114.0,rock
4360,q,j,check,['check'],"[('p1', 'check'), ('p2', 'check')]",6.0,3828.0,12.0,p1,showdown,False,2,114.0,114.0,rock
4361,k,q,check,['check'],"[('p1', 'check'), ('p2', 'check')]",6.0,3834.0,12.0,p1,showdown,False,2,114.0,114.0,rock
4362,j,q,min_raise,['min_raise'],"[('p1', 'min_raise'), ('p2', 'fold')]",6.0,3840.0,18.0,p1,fold,True,2,108.0,114.0,rock
4363,j,k,min_raise,['min_raise'],"[('p1', 'min_raise'), ('p2', 'call')]",-12.0,3828.0,24.0,p2,showdown,True,2,108.0,114.0,rock
4364,j,k,min_raise,['min_raise'],"[('p1', 'min_raise'), ('p2', 'call')]",-12.0,3816.0,24.0,p2,showdown,True,2,108.0,114.0,rock
4365,k,j,check,['check'],"[('p1', 'check'), ('p2', 'check')]",6.0,3822.0,12.0,p1,showdown,False,2,114.0,114.0,rock
4366,k,q,check,['check'],"[('p1', 'check'), ('p2', 'check')]",6.0,3828.0,12.0,p1,showdown,False,2,114.0,114.0,rock
4367,k,q,check,['check'],"[('p1', 'check'), ('p2', 'check')]",6.0,3834.0,12.0,p1,showdown,False,2,114.0,114.0,rock
4368,k,q,check,['check'],"[('p1', 'check'), ('p2', 'check')]",6.0,3840.0,12.0,p1,showdown,False,2,114.0,114.0,rock
4369,k,k,check,"['check', 'call']","[('p1', 'check'), ('p2', 'max_raise'), ('p1', 'call')]",0.0,3840.0,0.0,tie,showdown,False,3,114.0,102.0,rock
4370,k,k,check,"['check', 'call']","[('p1', 'check'), ('p2', 'max_raise'), ('p1', 'call')]",0.0,3840.0,0.0,tie,showdown,False,3,114.0,102.0,rock
4371,q,j,check,['check'],"[('p1', 'check'), ('p2', 'check')]",6.0,3846.0,12.0,p1,showdown,False,2,114.0,114.0,rock
4372,k,k,check,"['check', 'call']","[('p1', 'check'), ('p2', 'max_raise'), ('p1', 'call')]",0.0,3846.0,0.0,tie,showdown,False,3,114.0,102.0,rock
4373,k,q,check,['check'],"[('p1', 'check'), ('p2', 'check')]",6.0,3852.0,12.0,p1,showdown,False,2,114.0,114.0,rock
4374,q,k,check,"['check', 'fold']","[('p1', 'check'), ('p2', 'max_raise'), ('p1', 'fold')]",-6.0,3846.0,24.0,p2,fold,False,3,114.0,102.0,rock
4375,k,j,check,['check'],"[('p1', 'check'), ('p2', 'check')]",6.0,3852.0,12.0,p1,showdown,False,2,114.0,114.0,rock
4376,j,k,min_raise,['min_raise'],"[('p1', 'min_raise'), ('p2', 'call')]",-12.0,3840.0,24.0,p2,showdown,True,2,108.0,114.0,rock
4377,j,q,min_raise,['min_raise'],"[('p1', 'min_raise'), ('p2', 'fold')]",6.0,3846.0,18.0,p1,fold,True,2,108.0,114.0,rock
4378,k,j,check,['check'],"[('p1', 'check'), ('p2', 'check')]",6.0,3852.0,12.0,p1,showdown,False,2,114.0,114.0,rock
4379,k,k,check,"['check', 'call']","[('p1', 'check'), ('p2', 'max_raise'), ('p1', 'call')]",0.0,3852.0,0.0,tie,showdown,False,3,114.0,102.0,rock
4380,q,j,check,['check'],"[('p1', 'check'), ('p2', 'check')]",6.0,3858.0,12.0,p1,showdown,False,2,114.0,114.0,rock
4381,q,k,check,"['check', 'fold']","[('p1', 'check'), ('p2', 'max_raise'), ('p1', 'fold')]",-6.0,3852.0,24.0,p2,fold,False,3,114.0,102.0,rock
4382,j,q,min_raise,['min_raise'],"[('p1', 'min_raise'), ('p2', 'fold')]",6.0,3858.0,18.0,p1,fold,True,2,108.0,114.0,rock
4383,j,j,min_raise,['min_raise'],"[('p1', 'min_raise'), ('p2', 'fold')]",6.0,3864.0,18.0,p1,fold,True,2,108.0,114.0,rock
4384,q,q,check,['check'],"[('p1', 'check'), ('p2', 'check')]",0.0,3864.0,0.0,tie,showdown,False,2,114.0,114.0,rock
4385,j,q,min_raise,['min_raise'],"[('p1', 'min_raise'), ('p2', 'fold')]",6.0,3870.0,18.0,p1,fold,True,2,108.0,114.0,rock
4386,k,q,check,['check'],"[('p1', 'check'), ('p2', 'check')]",6.0,3876.0,12.0,p1,showdown,False,2,114.0,114.0,rock
4387,q,j,check,['check'],"[('p1', 'check'), ('p2', 'check')]",6.0,3882.0,12.0,p1,showdown,False,2,114.0,114.0,rock
4388,k,q,check,['check'],"[('p1', 'check'), ('p2', 'check')]",6.0,3888.0,12.0,p1,showdown,False,2,114.0,114.0,rock
4389,j,k,min_raise,['min_raise'],"[('p1', 'min_raise'), ('p2', 'call')]",-12.0,3876.0,24.0,p2,showdown,True,2,108.0,114.0,rock
4390,j,q,min_raise,['min_raise'],"[('p1', 'min_raise'), ('p2', 'fold')]",6.0,3882.0,18.0,p1,fold,True,2,108.0,114.0,rock
4391,j,j,min_raise,['min_raise'],"[('p1', 'min_raise'), ('p2', 'fold')]",6.0,3888.0,18.0,p1,fold,True,2,108.0,114.0,rock
4392,k,k,check,"['check', 'call']","[('p1', 'check'), ('p2', 'max_raise'), ('p1', 'call')]",0.0,3888.0,0.0,tie,showdown,False,3,114.0,102.0,rock
4393,j,j,min_raise,['min_raise'],"[('p1', 'min_raise'), ('p2', 'fold')]",6.0,3894.0,18.0,p1,fold,True,2,108.0,114.0,rock
4394,j,k,min_raise,['min_raise'],"[('p1', 'min_raise'), ('p2', 'call')]",-12.0,3882.0,24.0,p2,showdown,True,2,108.0,114.0,rock
4395,k,q,check,['check'],"[('p1', 'check'), ('p2', 'check')]",6.0,3888.0,12.0,p1,showdown,False,2,114.0,114.0,rock
4396,k,q,check,['check'],"[('p1', 'check'), ('p2', 'check')]",6.0,3894.0,12.0,p1,showdown,False,2,114.0,114.0,rock
4397,k,q,check,['check'],"[('p1', 'check'), ('p2', 'check')]",6.0,3900.0,12.0,p1,showdown,False,2,114.0,114.0,rock
4398,q,k,check,"['check', 'fold']","[('p1', 'check'), ('p2', 'max_raise'), ('p1', 'fold')]",-6.0,3894.0,24.0,p2,fold,False,3,114.0,102.0,rock
4399,j,k,min_raise,['min_raise'],"[('p1', 'min_raise'), ('p2', 'call')]",-12.0,3882.0,24.0,p2,showdown,True,2,108.0,114.0,rock
4400,q,k,check,"['check', 'fold']","[('p1', 'check'), ('p2', 'max_raise'), ('p1', 'fold')]",-6.0,3876.0,24.0,p2,fold,False,3,114.0,102.0,rock
4401,q,k,check,"['check', 'fold']","[('p1', 'check'), ('p2', 'max_raise'), ('p1', 'fold')]",-6.0,3870.0,24.0,p2,fold,False,3,114.0,102.0,rock
4402,k,k,check,"['check', 'call']","[('p1', 'check'), ('p2', 'max_raise'), ('p1', 'call')]",0.0,3870.0,0.0,tie,showdown,False,3,114.0,102.0,rock
4403,j,k,min_raise,['min_raise'],"[('p1', 'min_raise'), ('p2', 'call')]",-12.0,3858.0,24.0,p2,showdown,True,2,108.0,114.0,rock
4404,q,q,check,['check'],"[('p1', 'check'), ('p2', 'check')]",0.0,3858.0,0.0,tie,showdown,False,2,114.0,114.0,rock
4405,j,j,min_raise,['min_raise'],"[('p1', 'min_raise'), ('p2', 'fold')]",6.0,3864.0,18.0,p1,fold,True,2,108.0,114.0,rock
4406,k,j,check,['check'],"[('p1', 'check'), ('p2', 'check')]",6.0,3870.0,12.0,p1,showdown,False,2,114.0,114.0,rock
4407,j,k,min_raise,['min_raise'],"[('p1', 'min_raise'), ('p2', 'call')]",-12.0,3858.0,24.0,p2,showdown,True,2,108.0,114.0,rock
4408,q,q,check,['check'],"[('p1', 'check'), ('p2', 'check')]",0.0,3858.0,0.0,tie,showdown,False,2,114.0,114.0,rock
4409,j,k,min_raise,['min_raise'],"[('p1', 'min_raise'), ('p2', 'call')]",-12.0,3846.0,24.0,p2,showdown,True,2,108.0,114.0,rock
4410,j,j,min_raise,['min_raise'],"[('p1', 'min_raise'), ('p2', 'fold')]",6.0,3852.0,18.0,p1,fold,True,2,108.0,114.0,rock
4411,k,q,check,['check'],"[('p1', 'check'), ('p2', 'check')]",6.0,3858.0,12.0,p1,showdown,False,2,114.0,114.0,rock
4412,k,j,check,['check'],"[('p1', 'check'), ('p2', 'check')]",6.0,3864.0,12.0,p1,showdown,False,2,114.0,114.0,rock
4413,k,k,check,"['check', 'call']","[('p1', 'check'), ('p2', 'max_raise'), ('p1', 'call')]",0.0,3864.0,0.0,tie,showdown,False,3,114.0,102.0,rock
4414,j,q,min_raise,['min_raise'],"[('p1', 'min_raise'), ('p2', 'fold')]",6.0,3870.0,18.0,p1,fold,True,2,108.0,114.0,rock
4415,q,k,check,"['check', 'fold']","[('p1', 'check'), ('p2', 'max_raise'), ('p1', 'fold')]",-6.0,3864.0,24.0,p2,fold,False,3,114.0,102.0,rock
4416,k,j,check,['check'],"[('p1', 'check'), ('p2', 'check')]",6.0,3870.0,12.0,p1,showdown,False,2,114.0,114.0,rock
4417,j,k,min_raise,['min_raise'],"[('p1', 'min_raise'), ('p2', 'call')]",-12.0,3858.0,24.0,p2,showdown,True,2,108.0,114.0,rock
4418,j,j,min_raise,['min_raise'],"[('p1', 'min_raise'), ('p2', 'fold')]",6.0,3864.0,18.0,p1,fold,True,2,108.0,114.0,rock
4419,k,j,check,['check'],"[('p1', 'check'), ('p2', 'check')]",6.0,3870.0,12.0,p1,showdown,False,2,114.0,114.0,rock
4420,j,j,min_raise,['min_raise'],"[('p1', 'min_raise'), ('p2', 'fold')]",6.0,3876.0,18.0,p1,fold,True,2,108.0,114.0,rock
4421,k,j,check,['check'],"[('p1', 'check'), ('p2', 'check')]",6.0,3882.0,12.0,p1,showdown,False,2,114.0,114.0,rock
4422,j,q,min_raise,['min_raise'],"[('p1', 'min_raise'), ('p2', 'fold')]",6.0,3888.0,18.0,p1,fold,True,2,108.0,114.0,rock
4423,k,q,check,['check'],"[('p1', 'check'), ('p2', 'check')]",6.0,3894.0,12.0,p1,showdown,False,2,114.0,114.0,rock
4424,q,k,check,"['check', 'fold']","[('p1', 'check'), ('p2', 'max_raise'), ('p1', 'fold')]",-6.0,3888.0,24.0,p2,fold,False,3,114.0,102.0,rock
4425,k,j,check,['check'],"[('p1', 'check'), ('p2', 'check')]",6.0,3894.0,12.0,p1,showdown,False,2,114.0,114.0,rock
4426,j,q,min_raise,['min_raise'],"[('p1', 'min_raise'), ('p2', 'fold')]",6.0,3900.0,18.0,p1,fold,True,2,108.0,114.0,rock
4427,k,q,check,['check'],"[('p1', 'check'), ('p2', 'check')]",6.0,3906.0,12.0,p1,showdown,False,2,114.0,114.0,rock
4428,j,q,min_raise,['min_raise'],"[('p1', 'min_raise'), ('p2', 'fold')]",6.0,3912.0,18.0,p1,fold,True,2,108.0,114.0,rock
4429,j,q,min_raise,['min_raise'],"[('p1', 'min_raise'), ('p2', 'fold')]",6.0,3918.0,18.0,p1,fold,True,2,108.0,114.0,rock
4430,k,k,check,"['check', 'call']","[('p1', 'check'), ('p2', 'max_raise'), ('p1', 'call')]",0.0,3918.0,0.0,tie,showdown,False,3,114.0,102.0,rock
4431,k,j,check,['check'],"[('p1', 'check'), ('p2', 'check')]",6.0,3924.0,12.0,p1,showdown,False,2,114.0,114.0,rock
4432,k,k,check,"['check', 'call']","[('p1', 'check'), ('p2', 'max_raise'), ('p1', 'call')]",0.0,3924.0,0.0,tie,showdown,False,3,114.0,102.0,rock
4433,k,q,check,['check'],"[('p1', 'check'), ('p2', 'check')]",6.0,3930.0,12.0,p1,showdown,False,2,114.0,114.0,rock
4434,k,j,check,['check'],"[('p1', 'check'), ('p2', 'check')]",6.0,3936.0,12.0,p1,showdown,False,2,114.0,114.0,rock
4435,q,j,check,['check'],"[('p1', 'check'), ('p2', 'check')]",6.0,3942.0,12.0,p1,showdown,False,2,114.0,114.0,rock
4436,j,q,min_raise,['min_raise'],"[('p1', 'min_raise'), ('p2', 'fold')]",6.0,3948.0,18.0,p1,fold,True,2,108.0,114.0,rock
4437,j,j,min_raise,['min_raise'],"[('p1', 'min_raise'), ('p2', 'fold')]",6.0,3954.0,18.0,p1,fold,True,2,108.0,114.0,rock
4438,q,j,check,['check'],"[('p1', 'check'), ('p2', 'check')]",6.0,3960.0,12.0,p1,showdown,False,2,114.0,114.0,rock
4439,q,k,check,"['check', 'fold']","[('p1', 'check'), ('p2', 'max_raise'), ('p1', 'fold')]",-6.0,3954.0,24.0,p2,fold,False,3,114.0,102.0,rock
4440,k,j,check,['check'],"[('p1', 'check'), ('p2', 'check')]",6.0,3960.0,12.0,p1,showdown,False,2,114.0,114.0,rock
4441,k,q,check,['check'],"[('p1', 'check'), ('p2', 'check')]",6.0,3966.0,12.0,p1,showdown,False,2,114.0,114.0,rock
4442,j,j,min_raise,['min_raise'],"[('p1', 'min_raise'), ('p2', 'fold')]",6.0,3972.0,18.0,p1,fold,True,2,108.0,114.0,rock
4443,k,j,check,['check'],"[('p1', 'check'), ('p2', 'check')]",6.0,3978.0,12.0,p1,showdown,False,2,114.0,114.0,rock
4444,q,j,check,['check'],"[('p1', 'check'), ('p2', 'check')]",6.0,3984.0,12.0,p1,showdown,False,2,114.0,114.0,rock
4445,j,j,min_raise,['min_raise'],"[('p1', 'min_raise'), ('p2', 'fold')]",6.0,3990.0,18.0,p1,fold,True,2,108.0,114.0,rock
4446,k,k,check,"['check', 'call']","[('p1', 'check'), ('p2', 'max_raise'), ('p1', 'call')]",0.0,3990.0,0.0,tie,showdown,False,3,114.0,102.0,rock
4447,q,q,check,['check'],"[('p1', 'check'), ('p2', 'check')]",0.0,3990.0,0.0,tie,showdown,False,2,114.0,114.0,rock
4448,j,j,min_raise,['min_raise'],"[('p1', 'min_raise'), ('p2', 'fold')]",6.0,3996.0,18.0,p1,fold,True,2,108.0,114.0,rock
4449,j,k,min_raise,['min_raise'],"[('p1', 'min_raise'), ('p2', 'call')]",-12.0,3984.0,24.0,p2,showdown,True,2,108.0,114.0,rock
4450,j,q,min_raise,['min_raise'],"[('p1', 'min_raise'), ('p2', 'fold')]",6.0,3990.0,18.0,p1,fold,True,2,108.0,114.0,rock
4451,j,j,min_raise,['min_raise'],"[('p1', 'min_raise'), ('p2', 'fold')]",6.0,3996.0,18.0,p1,fold,True,2,108.0,114.0,rock
4452,q,k,check,"['check', 'fold']","[('p1', 'check'), ('p2', 'max_raise'), ('p1', 'fold')]",-6.0,3990.0,24.0,p2,fold,False,3,114.0,102.0,rock
4453,j,j,min_raise,['min_raise'],"[('p1', 'min_raise'), ('p2', 'fold')]",6.0,3996.0,18.0,p1,fold,True,2,108.0,114.0,rock
4454,q,k,check,"['check', 'fold']","[('p1', 'check'), ('p2', 'max_raise'), ('p1', 'fold')]",-6.0,3990.0,24.0,p2,fold,False,3,114.0,102.0,rock
4455,j,j,min_raise,['min_raise'],"[('p1', 'min_raise'), ('p2', 'fold')]",6.0,3996.0,18.0,p1,fold,True,2,108.0,114.0,rock
4456,k,q,check,['check'],"[('p1', 'check'), ('p2', 'check')]",6.0,4002.0,12.0,p1,showdown,False,2,114.0,114.0,rock
4457,j,j,min_raise,['min_raise'],"[('p1', 'min_raise'), ('p2', 'fold')]",6.0,4008.0,18.0,p1,fold,True,2,108.0,114.0,rock
4458,j,q,min_raise,['min_raise'],"[('p1', 'min_raise'), ('p2', 'fold')]",6.0,4014.0,18.0,p1,fold,True,2,108.0,114.0,rock
4459,j,q,min_raise,['min_raise'],"[('p1', 'min_raise'), ('p2', 'fold')]",6.0,4020.0,18.0,p1,fold,True,2,108.0,114.0,rock
4460,q,j,check,['check'],"[('p1', 'check'), ('p2', 'check')]",6.0,4026.0,12.0,p1,showdown,False,2,114.0,114.0,rock
4461,k,k,check,"['check', 'call']","[('p1', 'check'), ('p2', 'max_raise'), ('p1', 'call')]",0.0,4026.0,0.0,tie,showdown,False,3,114.0,102.0,rock
4462,k,q,check,['check'],"[('p1', 'check'), ('p2', 'check')]",6.0,4032.0,12.0,p1,showdown,False,2,114.0,114.0,rock
4463,q,k,check,"['check', 'fold']","[('p1', 'check'), ('p2', 'max_raise'), ('p1', 'fold')]",-6.0,4026.0,24.0,p2,fold,False,3,114.0,102.0,rock
4464,q,j,check,['check'],"[('p1', 'check'), ('p2', 'check')]",6.0,4032.0,12.0,p1,showdown,False,2,114.0,114.0,rock
4465,q,q,check,['check'],"[('p1', 'check'), ('p2', 'check')]",0.0,4032.0,0.0,tie,showdown,False,2,114.0,114.0,rock
4466,j,q,min_raise,['min_raise'],"[('p1', 'min_raise'), ('p2', 'fold')]",6.0,4038.0,18.0,p1,fold,True,2,108.0,114.0,rock
4467,k,q,check,['check'],"[('p1', 'check'), ('p2', 'check')]",6.0,4044.0,12.0,p1,showdown,False,2,114.0,114.0,rock
4468,q,j,check,['check'],"[('p1', 'check'), ('p2', 'check')]",6.0,4050.0,12.0,p1,showdown,False,2,114.0,114.0,rock
4469,k,j,check,['check'],"[('p1', 'check'), ('p2', 'check')]",6.0,4056.0,12.0,p1,showdown,False,2,114.0,114.0,rock
4470,q,j,check,['check'],"[('p1', 'check'), ('p2', 'check')]",6.0,4062.0,12.0,p1,showdown,False,2,114.0,114.0,rock
4471,q,k,check,"['check', 'fold']","[('p1', 'check'), ('p2', 'max_raise'), ('p1', 'fold')]",-6.0,4056.0,24.0,p2,fold,False,3,114.0,102.0,rock
4472,k,q,check,['check'],"[('p1', 'check'), ('p2', 'check')]",6.0,4062.0,12.0,p1,showdown,False,2,114.0,114.0,rock
4473,k,q,check,['check'],"[('p1', 'check'), ('p2', 'check')]",6.0,4068.0,12.0,p1,showdown,False,2,114.0,114.0,rock
4474,q,k,check,"['check', 'fold']","[('p1', 'check'), ('p2', 'max_raise'), ('p1', 'fold')]",-6.0,4062.0,24.0,p2,fold,False,3,114.0,102.0,rock
4475,k,q,check,['check'],"[('p1', 'check'), ('p2', 'check')]",6.0,4068.0,12.0,p1,showdown,False,2,114.0,114.0,rock
4476,j,k,min_raise,['min_raise'],"[('p1', 'min_raise'), ('p2', 'call')]",-12.0,4056.0,24.0,p2,showdown,True,2,108.0,114.0,rock
4477,q,k,check,"['check', 'fold']","[('p1', 'check'), ('p2', 'max_raise'), ('p1', 'fold')]",-6.0,4050.0,24.0,p2,fold,False,3,114.0,102.0,rock
4478,k,j,check,['check'],"[('p1', 'check'), ('p2', 'check')]",6.0,4056.0,12.0,p1,showdown,False,2,114.0,114.0,rock
4479,q,q,check,['check'],"[('p1', 'check'), ('p2', 'check')]",0.0,4056.0,0.0,tie,showdown,False,2,114.0,114.0,rock
4480,k,k,check,"['check', 'call']","[('p1', 'check'), ('p2', 'max_raise'), ('p1', 'call')]",0.0,4056.0,0.0,tie,showdown,False,3,114.0,102.0,rock
4481,q,k,check,"['check', 'fold']","[('p1', 'check'), ('p2', 'max_raise'), ('p1', 'fold')]",-6.0,4050.0,24.0,p2,fold,False,3,114.0,102.0,rock
4482,k,q,check,['check'],"[('p1', 'check'), ('p2', 'check')]",6.0,4056.0,12.0,p1,showdown,False,2,114.0,114.0,rock
4483,q,k,check,"['check', 'fold']","[('p1', 'check'), ('p2', 'max_raise'), ('p1', 'fold')]",-6.0,4050.0,24.0,p2,fold,False,3,114.0,102.0,rock
4484,q,j,check,['check'],"[('p1', 'check'), ('p2', 'check')]",6.0,4056.0,12.0,p1,showdown,False,2,114.0,114.0,rock
4485,j,k,min_raise,['min_raise'],"[('p1', 'min_raise'), ('p2', 'call')]",-12.0,4044.0,24.0,p2,showdown,True,2,108.0,114.0,rock
4486,k,q,check,['check'],"[('p1', 'check'), ('p2', 'check')]",6.0,4050.0,12.0,p1,showdown,False,2,114.0,114.0,rock
4487,j,k,min_raise,['min_raise'],"[('p1', 'min_raise'), ('p2', 'call')]",-12.0,4038.0,24.0,p2,showdown,True,2,108.0,114.0,rock
4488,q,j,check,['check'],"[('p1', 'check'), ('p2', 'check')]",6.0,4044.0,12.0,p1,showdown,False,2,114.0,114.0,rock
4489,k,k,check,"['check', 'call']","[('p1', 'check'), ('p2', 'max_raise'), ('p1', 'call')]",0.0,4044.0,0.0,tie,showdown,False,3,114.0,102.0,rock
4490,k,k,check,"['check', 'call']","[('p1', 'check'), ('p2', 'max_raise'), ('p1', 'call')]",0.0,4044.0,0.0,tie,showdown,False,3,114.0,102.0,rock
4491,k,k,check,"['check', 'call']","[('p1', 'check'), ('p2', 'max_raise'), ('p1', 'call')]",0.0,4044.0,0.0,tie,showdown,False,3,114.0,102.0,rock
4492,k,k,check,"['check', 'call']","[('p1', 'check'), ('p2', 'max_raise'), ('p1', 'call')]",0.0,4044.0,0.0,tie,showdown,False,3,114.0,102.0,rock
4493,k,j,check,['check'],"[('p1', 'check'), ('p2', 'check')]",6.0,4050.0,12.0,p1,showdown,False,2,114.0,114.0,rock
4494,q,k,check,"['check', 'fold']","[('p1', 'check'), ('p2', 'max_raise'), ('p1', 'fold')]",-6.0,4044.0,24.0,p2,fold,False,3,114.0,102.0,rock
4495,j,j,min_raise,['min_raise'],"[('p1', 'min_raise'), ('p2', 'fold')]",6.0,4050.0,18.0,p1,fold,True,2,108.0,114.0,rock
4496,k,q,check,['check'],"[('p1', 'check'), ('p2', 'check')]",6.0,4056.0,12.0,p1,showdown,False,2,114.0,114.0,rock
4497,k,j,check,['check'],"[('p1', 'check'), ('p2', 'check')]",6.0,4062.0,12.0,p1,showdown,False,2,114.0,114.0,rock
4498,k,j,check,['check'],"[('p1', 'check'), ('p2', 'check')]",6.0,4068.0,12.0,p1,showdown,False,2,114.0,114.0,rock
4499,q,j,check,['check'],"[('p1', 'check'), ('p2', 'check')]",6.0,4074.0,12.0,p1,showdown,False,2,114.0,114.0,rock
4500,j,k,min_raise,['min_raise'],"[('p1', 'min_raise'), ('p2', 'call')]",-12.0,4062.0,24.0,p2,showdown,True,2,108.0,114.0,rock
4501,q,j,check,['check'],"[('p1', 'check'), ('p2', 'check')]",6.0,4068.0,12.0,p1,showdown,False,2,114.0,114.0,rock
4502,k,j,check,['check'],"[('p1', 'check'), ('p2', 'check')]",6.0,4074.0,12.0,p1,showdown,False,2,114.0,114.0,rock
4503,k,k,check,"['check', 'call']","[('p1', 'check'), ('p2', 'max_raise'), ('p1', 'call')]",0.0,4074.0,0.0,tie,showdown,False,3,114.0,102.0,rock
4504,q,j,check,['check'],"[('p1', 'check'), ('p2', 'check')]",6.0,4080.0,12.0,p1,showdown,False,2,114.0,114.0,rock
4505,k,j,check,['check'],"[('p1', 'check'), ('p2', 'check')]",6.0,4086.0,12.0,p1,showdown,False,2,114.0,114.0,rock
4506,j,k,min_raise,['min_raise'],"[('p1', 'min_raise'), ('p2', 'call')]",-12.0,4074.0,24.0,p2,showdown,True,2,108.0,114.0,rock
4507,j,q,min_raise,['min_raise'],"[('p1', 'min_raise'), ('p2', 'fold')]",6.0,4080.0,18.0,p1,fold,True,2,108.0,114.0,rock
4508,k,q,check,['check'],"[('p1', 'check'), ('p2', 'check')]",6.0,4086.0,12.0,p1,showdown,False,2,114.0,114.0,rock
4509,q,q,check,['check'],"[('p1', 'check'), ('p2', 'check')]",0.0,4086.0,0.0,tie,showdown,False,2,114.0,114.0,rock
4510,j,k,min_raise,['min_raise'],"[('p1', 'min_raise'), ('p2', 'call')]",-12.0,4074.0,24.0,p2,showdown,True,2,108.0,114.0,rock
4511,q,k,check,"['check', 'fold']","[('p1', 'check'), ('p2', 'max_raise'), ('p1', 'fold')]",-6.0,4068.0,24.0,p2,fold,False,3,114.0,102.0,rock
4512,j,k,min_raise,['min_raise'],"[('p1', 'min_raise'), ('p2', 'call')]",-12.0,4056.0,24.0,p2,showdown,True,2,108.0,114.0,rock
4513,q,j,check,['check'],"[('p1', 'check'), ('p2', 'check')]",6.0,4062.0,12.0,p1,showdown,False,2,114.0,114.0,rock
4514,k,j,check,['check'],"[('p1', 'check'), ('p2', 'check')]",6.0,4068.0,12.0,p1,showdown,False,2,114.0,114.0,rock
4515,q,k,check,"['check', 'fold']","[('p1', 'check'), ('p2', 'max_raise'), ('p1', 'fold')]",-6.0,4062.0,24.0,p2,fold,False,3,114.0,102.0,rock
4516,q,q,check,['check'],"[('p1', 'check'), ('p2', 'check')]",0.0,4062.0,0.0,tie,showdown,False,2,114.0,114.0,rock
4517,j,j,min_raise,['min_raise'],"[('p1', 'min_raise'), ('p2', 'fold')]",6.0,4068.0,18.0,p1,fold,True,2,108.0,114.0,rock
4518,k,q,check,['check'],"[('p1', 'check'), ('p2', 'check')]",6.0,4074.0,12.0,p1,showdown,False,2,114.0,114.0,rock
4519,k,j,check,['check'],"[('p1', 'check'), ('p2', 'check')]",6.0,4080.0,12.0,p1,showdown,False,2,114.0,114.0,rock
4520,k,j,check,['check'],"[('p1', 'check'), ('p2', 'check')]",6.0,4086.0,12.0,p1,showdown,False,2,114.0,114.0,rock
4521,q,k,check,"['check', 'fold']","[('p1', 'check'), ('p2', 'max_raise'), ('p1', 'fold')]",-6.0,4080.0,24.0,p2,fold,False,3,114.0,102.0,rock
4522,j,k,min_raise,['min_raise'],"[('p1', 'min_raise'), ('p2', 'call')]",-12.0,4068.0,24.0,p2,showdown,True,2,108.0,114.0,rock
4523,j,k,min_raise,['min_raise'],"[('p1', 'min_raise'), ('p2', 'call')]",-12.0,4056.0,24.0,p2,showdown,True,2,108.0,114.0,rock
4524,k,j,check,['check'],"[('p1', 'check'), ('p2', 'check')]",6.0,4062.0,12.0,p1,showdown,False,2,114.0,114.0,rock
4525,k,k,check,"['check', 'call']","[('p1', 'check'), ('p2', 'max_raise'), ('p1', 'call')]",0.0,4062.0,0.0,tie,showdown,False,3,114.0,102.0,rock
4526,q,j,check,['check'],"[('p1', 'check'), ('p2', 'check')]",6.0,4068.0,12.0,p1,showdown,False,2,114.0,114.0,rock
4527,q,q,check,['check'],"[('p1', 'check'), ('p2', 'check')]",0.0,4068.0,0.0,tie,showdown,False,2,114.0,114.0,rock
4528,q,q,check,['check'],"[('p1', 'check'), ('p2', 'check')]",0.0,4068.0,0.0,tie,showdown,False,2,114.0,114.0,rock
4529,k,k,check,"['check', 'call']","[('p1', 'check'), ('p2', 'max_raise'), ('p1', 'call')]",0.0,4068.0,0.0,tie,showdown,False,3,114.0,102.0,rock
4530,j,k,min_raise,['min_raise'],"[('p1', 'min_raise'), ('p2', 'call')]",-12.0,4056.0,24.0,p2,showdown,True,2,108.0,114.0,rock
4531,q,j,check,['check'],"[('p1', 'check'), ('p2', 'check')]",6.0,4062.0,12.0,p1,showdown,False,2,114.0,114.0,rock
4532,k,j,check,['check'],"[('p1', 'check'), ('p2', 'check')]",6.0,4068.0,12.0,p1,showdown,False,2,114.0,114.0,rock
4533,j,j,min_raise,['min_raise'],"[('p1', 'min_raise'), ('p2', 'fold')]",6.0,4074.0,18.0,p1,fold,True,2,108.0,114.0,rock
4534,q,j,check,['check'],"[('p1', 'check'), ('p2', 'check')]",6.0,4080.0,12.0,p1,showdown,False,2,114.0,114.0,rock
4535,k,q,check,['check'],"[('p1', 'check'), ('p2', 'check')]",6.0,4086.0,12.0,p1,showdown,False,2,114.0,114.0,rock
4536,j,k,min_raise,['min_raise'],"[('p1', 'min_raise'), ('p2', 'call')]",-12.0,4074.0,24.0,p2,showdown,True,2,108.0,114.0,rock
4537,k,q,check,['check'],"[('p1', 'check'), ('p2', 'check')]",6.0,4080.0,12.0,p1,showdown,False,2,114.0,114.0,rock
4538,k,q,check,['check'],"[('p1', 'check'), ('p2', 'check')]",6.0,4086.0,12.0,p1,showdown,False,2,114.0,114.0,rock
4539,k,j,check,['check'],"[('p1', 'check'), ('p2', 'check')]",6.0,4092.0,12.0,p1,showdown,False,2,114.0,114.0,rock
4540,k,k,check,"['check', 'call']","[('p1', 'check'), ('p2', 'max_raise'), ('p1', 'call')]",0.0,4092.0,0.0,tie,showdown,False,3,114.0,102.0,rock
4541,j,q,min_raise,['min_raise'],"[('p1', 'min_raise'), ('p2', 'fold')]",6.0,4098.0,18.0,p1,fold,True,2,108.0,114.0,rock
4542,j,q,min_raise,['min_raise'],"[('p1', 'min_raise'), ('p2', 'fold')]",6.0,4104.0,18.0,p1,fold,True,2,108.0,114.0,rock
4543,q,k,check,"['check', 'fold']","[('p1', 'check'), ('p2', 'max_raise'), ('p1', 'fold')]",-6.0,4098.0,24.0,p2,fold,False,3,114.0,102.0,rock
4544,j,q,min_raise,['min_raise'],"[('p1', 'min_raise'), ('p2', 'fold')]",6.0,4104.0,18.0,p1,fold,True,2,108.0,114.0,rock
4545,q,j,check,['check'],"[('p1', 'check'), ('p2', 'check')]",6.0,4110.0,12.0,p1,showdown,False,2,114.0,114.0,rock
4546,k,j,check,['check'],"[('p1', 'check'), ('p2', 'check')]",6.0,4116.0,12.0,p1,showdown,False,2,114.0,114.0,rock
4547,j,q,min_raise,['min_raise'],"[('p1', 'min_raise'), ('p2', 'fold')]",6.0,4122.0,18.0,p1,fold,True,2,108.0,114.0,rock
4548,k,j,check,['check'],"[('p1', 'check'), ('p2', 'check')]",6.0,4128.0,12.0,p1,showdown,False,2,114.0,114.0,rock
4549,j,q,min_raise,['min_raise'],"[('p1', 'min_raise'), ('p2', 'fold')]",6.0,4134.0,18.0,p1,fold,True,2,108.0,114.0,rock
4550,j,j,min_raise,['min_raise'],"[('p1', 'min_raise'), ('p2', 'fold')]",6.0,4140.0,18.0,p1,fold,True,2,108.0,114.0,rock
4551,j,q,min_raise,['min_raise'],"[('p1', 'min_raise'), ('p2', 'fold')]",6.0,4146.0,18.0,p1,fold,True,2,108.0,114.0,rock
4552,q,q,check,['check'],"[('p1', 'check'), ('p2', 'check')]",0.0,4146.0,0.0,tie,showdown,False,2,114.0,114.0,rock
4553,j,q,min_raise,['min_raise'],"[('p1', 'min_raise'), ('p2', 'fold')]",6.0,4152.0,18.0,p1,fold,True,2,108.0,114.0,rock
4554,k,k,check,"['check', 'call']","[('p1', 'check'), ('p2', 'max_raise'), ('p1', 'call')]",0.0,4152.0,0.0,tie,showdown,False,3,114.0,102.0,rock
4555,k,k,check,"['check', 'call']","[('p1', 'check'), ('p2', 'max_raise'), ('p1', 'call')]",0.0,4152.0,0.0,tie,showdown,False,3,114.0,102.0,rock
4556,j,j,min_raise,['min_raise'],"[('p1', 'min_raise'), ('p2', 'fold')]",6.0,4158.0,18.0,p1,fold,True,2,108.0,114.0,rock
4557,j,k,min_raise,['min_raise'],"[('p1', 'min_raise'), ('p2', 'call')]",-12.0,4146.0,24.0,p2,showdown,True,2,108.0,114.0,rock
4558,j,k,min_raise,['min_raise'],"[('p1', 'min_raise'), ('p2', 'call')]",-12.0,4134.0,24.0,p2,showdown,True,2,108.0,114.0,rock
4559,k,k,check,"['check', 'call']","[('p1', 'check'), ('p2', 'max_raise'), ('p1', 'call')]",0.0,4134.0,0.0,tie,showdown,False,3,114.0,102.0,rock
4560,j,k,min_raise,['min_raise'],"[('p1', 'min_raise'), ('p2', 'call')]",-12.0,4122.0,24.0,p2,showdown,True,2,108.0,114.0,rock
4561,j,q,min_raise,['min_raise'],"[('p1', 'min_raise'), ('p2', 'fold')]",6.0,4128.0,18.0,p1,fold,True,2,108.0,114.0,rock
4562,q,k,check,"['check', 'fold']","[('p1', 'check'), ('p2', 'max_raise'), ('p1', 'fold')]",-6.0,4122.0,24.0,p2,fold,False,3,114.0,102.0,rock
4563,q,q,check,['check'],"[('p1', 'check'), ('p2', 'check')]",0.0,4122.0,0.0,tie,showdown,False,2,114.0,114.0,rock
4564,j,k,min_raise,['min_raise'],"[('p1', 'min_raise'), ('p2', 'call')]",-12.0,4110.0,24.0,p2,showdown,True,2,108.0,114.0,rock
4565,k,j,check,['check'],"[('p1', 'check'), ('p2', 'check')]",6.0,4116.0,12.0,p1,showdown,False,2,114.0,114.0,rock
4566,k,q,check,['check'],"[('p1', 'check'), ('p2', 'check')]",6.0,4122.0,12.0,p1,showdown,False,2,114.0,114.0,rock
4567,q,k,check,"['check', 'fold']","[('p1', 'check'), ('p2', 'max_raise'), ('p1', 'fold')]",-6.0,4116.0,24.0,p2,fold,False,3,114.0,102.0,rock
4568,k,q,check,['check'],"[('p1', 'check'), ('p2', 'check')]",6.0,4122.0,12.0,p1,showdown,False,2,114.0,114.0,rock
4569,q,j,check,['check'],"[('p1', 'check'), ('p2', 'check')]",6.0,4128.0,12.0,p1,showdown,False,2,114.0,114.0,rock
4570,k,j,check,['check'],"[('p1', 'check'), ('p2', 'check')]",6.0,4134.0,12.0,p1,showdown,False,2,114.0,114.0,rock
4571,q,j,check,['check'],"[('p1', 'check'), ('p2', 'check')]",6.0,4140.0,12.0,p1,showdown,False,2,114.0,114.0,rock
4572,q,q,check,['check'],"[('p1', 'check'), ('p2', 'check')]",0.0,4140.0,0.0,tie,showdown,False,2,114.0,114.0,rock
4573,j,j,min_raise,['min_raise'],"[('p1', 'min_raise'), ('p2', 'fold')]",6.0,4146.0,18.0,p1,fold,True,2,108.0,114.0,rock
4574,k,j,check,['check'],"[('p1', 'check'), ('p2', 'check')]",6.0,4152.0,12.0,p1,showdown,False,2,114.0,114.0,rock
4575,k,j,check,['check'],"[('p1', 'check'), ('p2', 'check')]",6.0,4158.0,12.0,p1,showdown,False,2,114.0,114.0,rock
4576,k,j,check,['check'],"[('p1', 'check'), ('p2', 'check')]",6.0,4164.0,12.0,p1,showdown,False,2,114.0,114.0,rock
4577,j,k,min_raise,['min_raise'],"[('p1', 'min_raise'), ('p2', 'call')]",-12.0,4152.0,24.0,p2,showdown,True,2,108.0,114.0,rock
4578,j,k,min_raise,['min_raise'],"[('p1', 'min_raise'), ('p2', 'call')]",-12.0,4140.0,24.0,p2,showdown,True,2,108.0,114.0,rock
4579,j,j,min_raise,['min_raise'],"[('p1', 'min_raise'), ('p2', 'fold')]",6.0,4146.0,18.0,p1,fold,True,2,108.0,114.0,rock
4580,q,k,check,"['check', 'fold']","[('p1', 'check'), ('p2', 'max_raise'), ('p1', 'fold')]",-6.0,4140.0,24.0,p2,fold,False,3,114.0,102.0,rock
4581,k,j,check,['check'],"[('p1', 'check'), ('p2', 'check')]",6.0,4146.0,12.0,p1,showdown,False,2,114.0,114.0,rock
4582,k,k,check,"['check', 'call']","[('p1', 'check'), ('p2', 'max_raise'), ('p1', 'call')]",0.0,4146.0,0.0,tie,showdown,False,3,114.0,102.0,rock
4583,j,j,min_raise,['min_raise'],"[('p1', 'min_raise'), ('p2', 'fold')]",6.0,4152.0,18.0,p1,fold,True,2,108.0,114.0,rock
4584,j,q,min_raise,['min_raise'],"[('p1', 'min_raise'), ('p2', 'fold')]",6.0,4158.0,18.0,p1,fold,True,2,108.0,114.0,rock
4585,j,k,min_raise,['min_raise'],"[('p1', 'min_raise'), ('p2', 'call')]",-12.0,4146.0,24.0,p2,showdown,True,2,108.0,114.0,rock
4586,k,q,check,['check'],"[('p1', 'check'), ('p2', 'check')]",6.0,4152.0,12.0,p1,showdown,False,2,114.0,114.0,rock
4587,q,k,check,"['check', 'fold']","[('p1', 'check'), ('p2', 'max_raise'), ('p1', 'fold')]",-6.0,4146.0,24.0,p2,fold,False,3,114.0,102.0,rock
4588,q,q,check,['check'],"[('p1', 'check'), ('p2', 'check')]",0.0,4146.0,0.0,tie,showdown,False,2,114.0,114.0,rock
4589,q,k,check,"['check', 'fold']","[('p1', 'check'), ('p2', 'max_raise'), ('p1', 'fold')]",-6.0,4140.0,24.0,p2,fold,False,3,114.0,102.0,rock
4590,j,q,min_raise,['min_raise'],"[('p1', 'min_raise'), ('p2', 'fold')]",6.0,4146.0,18.0,p1,fold,True,2,108.0,114.0,rock
4591,q,k,check,"['check', 'fold']","[('p1', 'check'), ('p2', 'max_raise'), ('p1', 'fold')]",-6.0,4140.0,24.0,p2,fold,False,3,114.0,102.0,rock
4592,j,k,min_raise,['min_raise'],"[('p1', 'min_raise'), ('p2', 'call')]",-12.0,4128.0,24.0,p2,showdown,True,2,108.0,114.0,rock
4593,q,k,check,"['check', 'fold']","[('p1', 'check'), ('p2', 'max_raise'), ('p1', 'fold')]",-6.0,4122.0,24.0,p2,fold,False,3,114.0,102.0,rock
4594,j,q,min_raise,['min_raise'],"[('p1', 'min_raise'), ('p2', 'fold')]",6.0,4128.0,18.0,p1,fold,True,2,108.0,114.0,rock
4595,k,k,check,"['check', 'call']","[('p1', 'check'), ('p2', 'max_raise'), ('p1', 'call')]",0.0,4128.0,0.0,tie,showdown,False,3,114.0,102.0,rock
4596,j,j,min_raise,['min_raise'],"[('p1', 'min_raise'), ('p2', 'fold')]",6.0,4134.0,18.0,p1,fold,True,2,108.0,114.0,rock
4597,j,j,min_raise,['min_raise'],"[('p1', 'min_raise'), ('p2', 'fold')]",6.0,4140.0,18.0,p1,fold,True,2,108.0,114.0,rock
4598,k,j,check,['check'],"[('p1', 'check'), ('p2', 'check')]",6.0,4146.0,12.0,p1,showdown,False,2,114.0,114.0,rock
4599,k,j,check,['check'],"[('p1', 'check'), ('p2', 'check')]",6.0,4152.0,12.0,p1,showdown,False,2,114.0,114.0,rock
4600,j,q,min_raise,['min_raise'],"[('p1', 'min_raise'), ('p2', 'fold')]",6.0,4158.0,18.0,p1,fold,True,2,108.0,114.0,rock
4601,j,k,min_raise,['min_raise'],"[('p1', 'min_raise'), ('p2', 'call')]",-12.0,4146.0,24.0,p2,showdown,True,2,108.0,114.0,rock
4602,j,k,min_raise,['min_raise'],"[('p1', 'min_raise'), ('p2', 'call')]",-12.0,4134.0,24.0,p2,showdown,True,2,108.0,114.0,rock
4603,q,q,check,['check'],"[('p1', 'check'), ('p2', 'check')]",0.0,4134.0,0.0,tie,showdown,False,2,114.0,114.0,rock
4604,k,q,check,['check'],"[('p1', 'check'), ('p2', 'check')]",6.0,4140.0,12.0,p1,showdown,False,2,114.0,114.0,rock
4605,q,j,check,['check'],"[('p1', 'check'), ('p2', 'check')]",6.0,4146.0,12.0,p1,showdown,False,2,114.0,114.0,rock
4606,q,q,check,['check'],"[('p1', 'check'), ('p2', 'check')]",0.0,4146.0,0.0,tie,showdown,False,2,114.0,114.0,rock
4607,q,k,check,"['check', 'fold']","[('p1', 'check'), ('p2', 'max_raise'), ('p1', 'fold')]",-6.0,4140.0,24.0,p2,fold,False,3,114.0,102.0,rock
4608,q,j,check,['check'],"[('p1', 'check'), ('p2', 'check')]",6.0,4146.0,12.0,p1,showdown,False,2,114.0,114.0,rock
4609,j,k,min_raise,['min_raise'],"[('p1', 'min_raise'), ('p2', 'call')]",-12.0,4134.0,24.0,p2,showdown,True,2,108.0,114.0,rock
4610,k,j,check,['check'],"[('p1', 'check'), ('p2', 'check')]",6.0,4140.0,12.0,p1,showdown,False,2,114.0,114.0,rock
4611,k,q,check,['check'],"[('p1', 'check'), ('p2', 'check')]",6.0,4146.0,12.0,p1,showdown,False,2,114.0,114.0,rock
4612,j,j,min_raise,['min_raise'],"[('p1', 'min_raise'), ('p2', 'fold')]",6.0,4152.0,18.0,p1,fold,True,2,108.0,114.0,rock
4613,j,q,min_raise,['min_raise'],"[('p1', 'min_raise'), ('p2', 'fold')]",6.0,4158.0,18.0,p1,fold,True,2,108.0,114.0,rock
4614,k,k,check,"['check', 'call']","[('p1', 'check'), ('p2', 'max_raise'), ('p1', 'call')]",0.0,4158.0,0.0,tie,showdown,False,3,114.0,102.0,rock
4615,k,q,check,['check'],"[('p1', 'check'), ('p2', 'check')]",6.0,4164.0,12.0,p1,showdown,False,2,114.0,114.0,rock
4616,q,j,check,['check'],"[('p1', 'check'), ('p2', 'check')]",6.0,4170.0,12.0,p1,showdown,False,2,114.0,114.0,rock
4617,k,j,check,['check'],"[('p1', 'check'), ('p2', 'check')]",6.0,4176.0,12.0,p1,showdown,False,2,114.0,114.0,rock
4618,q,k,check,"['check', 'fold']","[('p1', 'check'), ('p2', 'max_raise'), ('p1', 'fold')]",-6.0,4170.0,24.0,p2,fold,False,3,114.0,102.0,rock
4619,j,q,min_raise,['min_raise'],"[('p1', 'min_raise'), ('p2', 'fold')]",6.0,4176.0,18.0,p1,fold,True,2,108.0,114.0,rock
4620,k,j,check,['check'],"[('p1', 'check'), ('p2', 'check')]",6.0,4182.0,12.0,p1,showdown,False,2,114.0,114.0,rock
4621,q,q,check,['check'],"[('p1', 'check'), ('p2', 'check')]",0.0,4182.0,0.0,tie,showdown,False,2,114.0,114.0,rock
4622,q,k,check,"['check', 'fold']","[('p1', 'check'), ('p2', 'max_raise'), ('p1', 'fold')]",-6.0,4176.0,24.0,p2,fold,False,3,114.0,102.0,rock
4623,q,q,check,['check'],"[('p1', 'check'), ('p2', 'check')]",0.0,4176.0,0.0,tie,showdown,False,2,114.0,114.0,rock
4624,k,k,check,"['check', 'call']","[('p1', 'check'), ('p2', 'max_raise'), ('p1', 'call')]",0.0,4176.0,0.0,tie,showdown,False,3,114.0,102.0,rock
4625,k,k,check,"['check', 'call']","[('p1', 'check'), ('p2', 'max_raise'), ('p1', 'call')]",0.0,4176.0,0.0,tie,showdown,False,3,114.0,102.0,rock
4626,k,j,check,['check'],"[('p1', 'check'), ('p2', 'check')]",6.0,4182.0,12.0,p1,showdown,False,2,114.0,114.0,rock
4627,k,j,check,['check'],"[('p1', 'check'), ('p2', 'check')]",6.0,4188.0,12.0,p1,showdown,False,2,114.0,114.0,rock
4628,j,k,min_raise,['min_raise'],"[('p1', 'min_raise'), ('p2', 'call')]",-12.0,4176.0,24.0,p2,showdown,True,2,108.0,114.0,rock
4629,q,q,check,['check'],"[('p1', 'check'), ('p2', 'check')]",0.0,4176.0,0.0,tie,showdown,False,2,114.0,114.0,rock
4630,k,q,check,['check'],"[('p1', 'check'), ('p2', 'check')]",6.0,4182.0,12.0,p1,showdown,False,2,114.0,114.0,rock
4631,j,k,min_raise,['min_raise'],"[('p1', 'min_raise'), ('p2', 'call')]",-12.0,4170.0,24.0,p2,showdown,True,2,108.0,114.0,rock
4632,q,q,check,['check'],"[('p1', 'check'), ('p2', 'check')]",0.0,4170.0,0.0,tie,showdown,False,2,114.0,114.0,rock
4633,q,q,check,['check'],"[('p1', 'check'), ('p2', 'check')]",0.0,4170.0,0.0,tie,showdown,False,2,114.0,114.0,rock
4634,j,q,min_raise,['min_raise'],"[('p1', 'min_raise'), ('p2', 'fold')]",6.0,4176.0,18.0,p1,fold,True,2,108.0,114.0,rock
4635,k,q,check,['check'],"[('p1', 'check'), ('p2', 'check')]",6.0,4182.0,12.0,p1,showdown,False,2,114.0,114.0,rock
4636,k,k,check,"['check', 'call']","[('p1', 'check'), ('p2', 'max_raise'), ('p1', 'call')]",0.0,4182.0,0.0,tie,showdown,False,3,114.0,102.0,rock
4637,k,k,check,"['check', 'call']","[('p1', 'check'), ('p2', 'max_raise'), ('p1', 'call')]",0.0,4182.0,0.0,tie,showdown,False,3,114.0,102.0,rock
4638,k,k,check,"['check', 'call']","[('p1', 'check'), ('p2', 'max_raise'), ('p1', 'call')]",0.0,4182.0,0.0,tie,showdown,False,3,114.0,102.0,rock
4639,q,j,check,['check'],"[('p1', 'check'), ('p2', 'check')]",6.0,4188.0,12.0,p1,showdown,False,2,114.0,114.0,rock
4640,j,q,min_raise,['min_raise'],"[('p1', 'min_raise'), ('p2', 'fold')]",6.0,4194.0,18.0,p1,fold,True,2,108.0,114.0,rock
4641,q,q,check,['check'],"[('p1', 'check'), ('p2', 'check')]",0.0,4194.0,0.0,tie,showdown,False,2,114.0,114.0,rock
4642,q,k,check,"['check', 'fold']","[('p1', 'check'), ('p2', 'max_raise'), ('p1', 'fold')]",-6.0,4188.0,24.0,p2,fold,False,3,114.0,102.0,rock
4643,k,q,check,['check'],"[('p1', 'check'), ('p2', 'check')]",6.0,4194.0,12.0,p1,showdown,False,2,114.0,114.0,rock
4644,k,q,check,['check'],"[('p1', 'check'), ('p2', 'check')]",6.0,4200.0,12.0,p1,showdown,False,2,114.0,114.0,rock
4645,q,j,check,['check'],"[('p1', 'check'), ('p2', 'check')]",6.0,4206.0,12.0,p1,showdown,False,2,114.0,114.0,rock
4646,j,j,min_raise,['min_raise'],"[('p1', 'min_raise'), ('p2', 'fold')]",6.0,4212.0,18.0,p1,fold,True,2,108.0,114.0,rock
4647,q,k,check,"['check', 'fold']","[('p1', 'check'), ('p2', 'max_raise'), ('p1', 'fold')]",-6.0,4206.0,24.0,p2,fold,False,3,114.0,102.0,rock
4648,k,j,check,['check'],"[('p1', 'check'), ('p2', 'check')]",6.0,4212.0,12.0,p1,showdown,False,2,114.0,114.0,rock
4649,k,q,check,['check'],"[('p1', 'check'), ('p2', 'check')]",6.0,4218.0,12.0,p1,showdown,False,2,114.0,114.0,rock
4650,j,k,min_raise,['min_raise'],"[('p1', 'min_raise'), ('p2', 'call')]",-12.0,4206.0,24.0,p2,showdown,True,2,108.0,114.0,rock
4651,j,k,min_raise,['min_raise'],"[('p1', 'min_raise'), ('p2', 'call')]",-12.0,4194.0,24.0,p2,showdown,True,2,108.0,114.0,rock
4652,q,k,check,"['check', 'fold']","[('p1', 'check'), ('p2', 'max_raise'), ('p1', 'fold')]",-6.0,4188.0,24.0,p2,fold,False,3,114.0,102.0,rock
4653,k,q,check,['check'],"[('p1', 'check'), ('p2', 'check')]",6.0,4194.0,12.0,p1,showdown,False,2,114.0,114.0,rock
4654,q,k,check,"['check', 'fold']","[('p1', 'check'), ('p2', 'max_raise'), ('p1', 'fold')]",-6.0,4188.0,24.0,p2,fold,False,3,114.0,102.0,rock
4655,j,q,min_raise,['min_raise'],"[('p1', 'min_raise'), ('p2', 'fold')]",6.0,4194.0,18.0,p1,fold,True,2,108.0,114.0,rock
4656,j,j,min_raise,['min_raise'],"[('p1', 'min_raise'), ('p2', 'fold')]",6.0,4200.0,18.0,p1,fold,True,2,108.0,114.0,rock
4657,q,q,check,['check'],"[('p1', 'check'), ('p2', 'check')]",0.0,4200.0,0.0,tie,showdown,False,2,114.0,114.0,rock
4658,j,j,min_raise,['min_raise'],"[('p1', 'min_raise'), ('p2', 'fold')]",6.0,4206.0,18.0,p1,fold,True,2,108.0,114.0,rock
4659,q,k,check,"['check', 'fold']","[('p1', 'check'), ('p2', 'max_raise'), ('p1', 'fold')]",-6.0,4200.0,24.0,p2,fold,False,3,114.0,102.0,rock
4660,k,j,check,['check'],"[('p1', 'check'), ('p2', 'check')]",6.0,4206.0,12.0,p1,showdown,False,2,114.0,114.0,rock
4661,k,k,check,"['check', 'call']","[('p1', 'check'), ('p2', 'max_raise'), ('p1', 'call')]",0.0,4206.0,0.0,tie,showdown,False,3,114.0,102.0,rock
4662,j,j,min_raise,['min_raise'],"[('p1', 'min_raise'), ('p2', 'fold')]",6.0,4212.0,18.0,p1,fold,True,2,108.0,114.0,rock
4663,k,j,check,['check'],"[('p1', 'check'), ('p2', 'check')]",6.0,4218.0,12.0,p1,showdown,False,2,114.0,114.0,rock
4664,q,k,check,"['check', 'fold']","[('p1', 'check'), ('p2', 'max_raise'), ('p1', 'fold')]",-6.0,4212.0,24.0,p2,fold,False,3,114.0,102.0,rock
4665,k,q,check,['check'],"[('p1', 'check'), ('p2', 'check')]",6.0,4218.0,12.0,p1,showdown,False,2,114.0,114.0,rock
4666,q,q,check,['check'],"[('p1', 'check'), ('p2', 'check')]",0.0,4218.0,0.0,tie,showdown,False,2,114.0,114.0,rock
4667,q,q,check,['check'],"[('p1', 'check'), ('p2', 'check')]",0.0,4218.0,0.0,tie,showdown,False,2,114.0,114.0,rock
4668,k,q,check,['check'],"[('p1', 'check'), ('p2', 'check')]",6.0,4224.0,12.0,p1,showdown,False,2,114.0,114.0,rock
4669,k,q,check,['check'],"[('p1', 'check'), ('p2', 'check')]",6.0,4230.0,12.0,p1,showdown,False,2,114.0,114.0,rock
4670,j,k,min_raise,['min_raise'],"[('p1', 'min_raise'), ('p2', 'call')]",-12.0,4218.0,24.0,p2,showdown,True,2,108.0,114.0,rock
4671,q,q,check,['check'],"[('p1', 'check'), ('p2', 'check')]",0.0,4218.0,0.0,tie,showdown,False,2,114.0,114.0,rock
4672,j,q,min_raise,['min_raise'],"[('p1', 'min_raise'), ('p2', 'fold')]",6.0,4224.0,18.0,p1,fold,True,2,108.0,114.0,rock
4673,j,q,min_raise,['min_raise'],"[('p1', 'min_raise'), ('p2', 'fold')]",6.0,4230.0,18.0,p1,fold,True,2,108.0,114.0,rock
4674,q,q,check,['check'],"[('p1', 'check'), ('p2', 'check')]",0.0,4230.0,0.0,tie,showdown,False,2,114.0,114.0,rock
4675,k,k,check,"['check', 'call']","[('p1', 'check'), ('p2', 'max_raise'), ('p1', 'call')]",0.0,4230.0,0.0,tie,showdown,False,3,114.0,102.0,rock
4676,q,j,check,['check'],"[('p1', 'check'), ('p2', 'check')]",6.0,4236.0,12.0,p1,showdown,False,2,114.0,114.0,rock
4677,j,q,min_raise,['min_raise'],"[('p1', 'min_raise'), ('p2', 'fold')]",6.0,4242.0,18.0,p1,fold,True,2,108.0,114.0,rock
4678,k,q,check,['check'],"[('p1', 'check'), ('p2', 'check')]",6.0,4248.0,12.0,p1,showdown,False,2,114.0,114.0,rock
4679,j,q,min_raise,['min_raise'],"[('p1', 'min_raise'), ('p2', 'fold')]",6.0,4254.0,18.0,p1,fold,True,2,108.0,114.0,rock
4680,k,k,check,"['check', 'call']","[('p1', 'check'), ('p2', 'max_raise'), ('p1', 'call')]",0.0,4254.0,0.0,tie,showdown,False,3,114.0,102.0,rock
4681,q,j,check,['check'],"[('p1', 'check'), ('p2', 'check')]",6.0,4260.0,12.0,p1,showdown,False,2,114.0,114.0,rock
4682,q,q,check,['check'],"[('p1', 'check'), ('p2', 'check')]",0.0,4260.0,0.0,tie,showdown,False,2,114.0,114.0,rock
4683,k,q,check,['check'],"[('p1', 'check'), ('p2', 'check')]",6.0,4266.0,12.0,p1,showdown,False,2,114.0,114.0,rock
4684,k,j,check,['check'],"[('p1', 'check'), ('p2', 'check')]",6.0,4272.0,12.0,p1,showdown,False,2,114.0,114.0,rock
4685,j,j,min_raise,['min_raise'],"[('p1', 'min_raise'), ('p2', 'fold')]",6.0,4278.0,18.0,p1,fold,True,2,108.0,114.0,rock
4686,k,q,check,['check'],"[('p1', 'check'), ('p2', 'check')]",6.0,4284.0,12.0,p1,showdown,False,2,114.0,114.0,rock
4687,k,k,check,"['check', 'call']","[('p1', 'check'), ('p2', 'max_raise'), ('p1', 'call')]",0.0,4284.0,0.0,tie,showdown,False,3,114.0,102.0,rock
4688,q,q,check,['check'],"[('p1', 'check'), ('p2', 'check')]",0.0,4284.0,0.0,tie,showdown,False,2,114.0,114.0,rock
4689,j,q,min_raise,['min_raise'],"[('p1', 'min_raise'), ('p2', 'fold')]",6.0,4290.0,18.0,p1,fold,True,2,108.0,114.0,rock
4690,q,j,check,['check'],"[('p1', 'check'), ('p2', 'check')]",6.0,4296.0,12.0,p1,showdown,False,2,114.0,114.0,rock
4691,k,q,check,['check'],"[('p1', 'check'), ('p2', 'check')]",6.0,4302.0,12.0,p1,showdown,False,2,114.0,114.0,rock
4692,q,k,check,"['check', 'fold']","[('p1', 'check'), ('p2', 'max_raise'), ('p1', 'fold')]",-6.0,4296.0,24.0,p2,fold,False,3,114.0,102.0,rock
4693,j,j,min_raise,['min_raise'],"[('p1', 'min_raise'), ('p2', 'fold')]",6.0,4302.0,18.0,p1,fold,True,2,108.0,114.0,rock
4694,k,j,check,['check'],"[('p1', 'check'), ('p2', 'check')]",6.0,4308.0,12.0,p1,showdown,False,2,114.0,114.0,rock
4695,q,k,check,"['check', 'fold']","[('p1', 'check'), ('p2', 'max_raise'), ('p1', 'fold')]",-6.0,4302.0,24.0,p2,fold,False,3,114.0,102.0,rock
4696,k,j,check,['check'],"[('p1', 'check'), ('p2', 'check')]",6.0,4308.0,12.0,p1,showdown,False,2,114.0,114.0,rock
4697,q,j,check,['check'],"[('p1', 'check'), ('p2', 'check')]",6.0,4314.0,12.0,p1,showdown,False,2,114.0,114.0,rock
4698,j,k,min_raise,['min_raise'],"[('p1', 'min_raise'), ('p2', 'call')]",-12.0,4302.0,24.0,p2,showdown,True,2,108.0,114.0,rock
4699,q,j,check,['check'],"[('p1', 'check'), ('p2', 'check')]",6.0,4308.0,12.0,p1,showdown,False,2,114.0,114.0,rock
4700,j,k,min_raise,['min_raise'],"[('p1', 'min_raise'), ('p2', 'call')]",-12.0,4296.0,24.0,p2,showdown,True,2,108.0,114.0,rock
4701,j,j,min_raise,['min_raise'],"[('p1', 'min_raise'), ('p2', 'fold')]",6.0,4302.0,18.0,p1,fold,True,2,108.0,114.0,rock
4702,q,k,check,"['check', 'fold']","[('p1', 'check'), ('p2', 'max_raise'), ('p1', 'fold')]",-6.0,4296.0,24.0,p2,fold,False,3,114.0,102.0,rock
4703,q,q,check,['check'],"[('p1', 'check'), ('p2', 'check')]",0.0,4296.0,0.0,tie,showdown,False,2,114.0,114.0,rock
4704,q,q,check,['check'],"[('p1', 'check'), ('p2', 'check')]",0.0,4296.0,0.0,tie,showdown,False,2,114.0,114.0,rock
4705,q,q,check,['check'],"[('p1', 'check'), ('p2', 'check')]",0.0,4296.0,0.0,tie,showdown,False,2,114.0,114.0,rock
4706,k,q,check,['check'],"[('p1', 'check'), ('p2', 'check')]",6.0,4302.0,12.0,p1,showdown,False,2,114.0,114.0,rock
4707,j,j,min_raise,['min_raise'],"[('p1', 'min_raise'), ('p2', 'fold')]",6.0,4308.0,18.0,p1,fold,True,2,108.0,114.0,rock
4708,q,k,check,"['check', 'fold']","[('p1', 'check'), ('p2', 'max_raise'), ('p1', 'fold')]",-6.0,4302.0,24.0,p2,fold,False,3,114.0,102.0,rock
4709,k,k,check,"['check', 'call']","[('p1', 'check'), ('p2', 'max_raise'), ('p1', 'call')]",0.0,4302.0,0.0,tie,showdown,False,3,114.0,102.0,rock
4710,j,k,min_raise,['min_raise'],"[('p1', 'min_raise'), ('p2', 'call')]",-12.0,4290.0,24.0,p2,showdown,True,2,108.0,114.0,rock
4711,j,k,min_raise,['min_raise'],"[('p1', 'min_raise'), ('p2', 'call')]",-12.0,4278.0,24.0,p2,showdown,True,2,108.0,114.0,rock
4712,k,j,check,['check'],"[('p1', 'check'), ('p2', 'check')]",6.0,4284.0,12.0,p1,showdown,False,2,114.0,114.0,rock
4713,j,j,min_raise,['min_raise'],"[('p1', 'min_raise'), ('p2', 'fold')]",6.0,4290.0,18.0,p1,fold,True,2,108.0,114.0,rock
4714,q,k,check,"['check', 'fold']","[('p1', 'check'), ('p2', 'max_raise'), ('p1', 'fold')]",-6.0,4284.0,24.0,p2,fold,False,3,114.0,102.0,rock
4715,j,k,min_raise,['min_raise'],"[('p1', 'min_raise'), ('p2', 'call')]",-12.0,4272.0,24.0,p2,showdown,True,2,108.0,114.0,rock
4716,j,k,min_raise,['min_raise'],"[('p1', 'min_raise'), ('p2', 'call')]",-12.0,4260.0,24.0,p2,showdown,True,2,108.0,114.0,rock
4717,q,j,check,['check'],"[('p1', 'check'), ('p2', 'check')]",6.0,4266.0,12.0,p1,showdown,False,2,114.0,114.0,rock
4718,k,j,check,['check'],"[('p1', 'check'), ('p2', 'check')]",6.0,4272.0,12.0,p1,showdown,False,2,114.0,114.0,rock
4719,k,k,check,"['check', 'call']","[('p1', 'check'), ('p2', 'max_raise'), ('p1', 'call')]",0.0,4272.0,0.0,tie,showdown,False,3,114.0,102.0,rock
4720,k,k,check,"['check', 'call']","[('p1', 'check'), ('p2', 'max_raise'), ('p1', 'call')]",0.0,4272.0,0.0,tie,showdown,False,3,114.0,102.0,rock
4721,j,q,min_raise,['min_raise'],"[('p1', 'min_raise'), ('p2', 'fold')]",6.0,4278.0,18.0,p1,fold,True,2,108.0,114.0,rock
4722,k,k,check,"['check', 'call']","[('p1', 'check'), ('p2', 'max_raise'), ('p1', 'call')]",0.0,4278.0,0.0,tie,showdown,False,3,114.0,102.0,rock
4723,q,j,check,['check'],"[('p1', 'check'), ('p2', 'check')]",6.0,4284.0,12.0,p1,showdown,False,2,114.0,114.0,rock
4724,j,q,min_raise,['min_raise'],"[('p1', 'min_raise'), ('p2', 'fold')]",6.0,4290.0,18.0,p1,fold,True,2,108.0,114.0,rock
4725,q,k,check,"['check', 'fold']","[('p1', 'check'), ('p2', 'max_raise'), ('p1', 'fold')]",-6.0,4284.0,24.0,p2,fold,False,3,114.0,102.0,rock
4726,q,j,check,['check'],"[('p1', 'check'), ('p2', 'check')]",6.0,4290.0,12.0,p1,showdown,False,2,114.0,114.0,rock
4727,j,j,min_raise,['min_raise'],"[('p1', 'min_raise'), ('p2', 'fold')]",6.0,4296.0,18.0,p1,fold,True,2,108.0,114.0,rock
4728,q,j,check,['check'],"[('p1', 'check'), ('p2', 'check')]",6.0,4302.0,12.0,p1,showdown,False,2,114.0,114.0,rock
4729,q,j,check,['check'],"[('p1', 'check'), ('p2', 'check')]",6.0,4308.0,12.0,p1,showdown,False,2,114.0,114.0,rock
4730,j,q,min_raise,['min_raise'],"[('p1', 'min_raise'), ('p2', 'fold')]",6.0,4314.0,18.0,p1,fold,True,2,108.0,114.0,rock
4731,j,j,min_raise,['min_raise'],"[('p1', 'min_raise'), ('p2', 'fold')]",6.0,4320.0,18.0,p1,fold,True,2,108.0,114.0,rock
4732,j,j,min_raise,['min_raise'],"[('p1', 'min_raise'), ('p2', 'fold')]",6.0,4326.0,18.0,p1,fold,True,2,108.0,114.0,rock
4733,j,k,min_raise,['min_raise'],"[('p1', 'min_raise'), ('p2', 'call')]",-12.0,4314.0,24.0,p2,showdown,True,2,108.0,114.0,rock
4734,k,j,check,['check'],"[('p1', 'check'), ('p2', 'check')]",6.0,4320.0,12.0,p1,showdown,False,2,114.0,114.0,rock
4735,k,q,check,['check'],"[('p1', 'check'), ('p2', 'check')]",6.0,4326.0,12.0,p1,showdown,False,2,114.0,114.0,rock
4736,j,j,min_raise,['min_raise'],"[('p1', 'min_raise'), ('p2', 'fold')]",6.0,4332.0,18.0,p1,fold,True,2,108.0,114.0,rock
4737,k,q,check,['check'],"[('p1', 'check'), ('p2', 'check')]",6.0,4338.0,12.0,p1,showdown,False,2,114.0,114.0,rock
4738,k,j,check,['check'],"[('p1', 'check'), ('p2', 'check')]",6.0,4344.0,12.0,p1,showdown,False,2,114.0,114.0,rock
4739,k,q,check,['check'],"[('p1', 'check'), ('p2', 'check')]",6.0,4350.0,12.0,p1,showdown,False,2,114.0,114.0,rock
4740,j,q,min_raise,['min_raise'],"[('p1', 'min_raise'), ('p2', 'fold')]",6.0,4356.0,18.0,p1,fold,True,2,108.0,114.0,rock
4741,j,j,min_raise,['min_raise'],"[('p1', 'min_raise'), ('p2', 'fold')]",6.0,4362.0,18.0,p1,fold,True,2,108.0,114.0,rock
4742,j,j,min_raise,['min_raise'],"[('p1', 'min_raise'), ('p2', 'fold')]",6.0,4368.0,18.0,p1,fold,True,2,108.0,114.0,rock
4743,j,j,min_raise,['min_raise'],"[('p1', 'min_raise'), ('p2', 'fold')]",6.0,4374.0,18.0,p1,fold,True,2,108.0,114.0,rock
4744,q,k,check,"['check', 'fold']","[('p1', 'check'), ('p2', 'max_raise'), ('p1', 'fold')]",-6.0,4368.0,24.0,p2,fold,False,3,114.0,102.0,rock
4745,q,k,check,"['check', 'fold']","[('p1', 'check'), ('p2', 'max_raise'), ('p1', 'fold')]",-6.0,4362.0,24.0,p2,fold,False,3,114.0,102.0,rock
4746,j,k,min_raise,['min_raise'],"[('p1', 'min_raise'), ('p2', 'call')]",-12.0,4350.0,24.0,p2,showdown,True,2,108.0,114.0,rock
4747,k,q,check,['check'],"[('p1', 'check'), ('p2', 'check')]",6.0,4356.0,12.0,p1,showdown,False,2,114.0,114.0,rock
4748,q,k,check,"['check', 'fold']","[('p1', 'check'), ('p2', 'max_raise'), ('p1', 'fold')]",-6.0,4350.0,24.0,p2,fold,False,3,114.0,102.0,rock
4749,j,q,min_raise,['min_raise'],"[('p1', 'min_raise'), ('p2', 'fold')]",6.0,4356.0,18.0,p1,fold,True,2,108.0,114.0,rock
4750,k,k,check,"['check', 'call']","[('p1', 'check'), ('p2', 'max_raise'), ('p1', 'call')]",0.0,4356.0,0.0,tie,showdown,False,3,114.0,102.0,rock
4751,q,j,check,['check'],"[('p1', 'check'), ('p2', 'check')]",6.0,4362.0,12.0,p1,showdown,False,2,114.0,114.0,rock
4752,k,q,check,['check'],"[('p1', 'check'), ('p2', 'check')]",6.0,4368.0,12.0,p1,showdown,False,2,114.0,114.0,rock
4753,j,k,min_raise,['min_raise'],"[('p1', 'min_raise'), ('p2', 'call')]",-12.0,4356.0,24.0,p2,showdown,True,2,108.0,114.0,rock
4754,q,k,check,"['check', 'fold']","[('p1', 'check'), ('p2', 'max_raise'), ('p1', 'fold')]",-6.0,4350.0,24.0,p2,fold,False,3,114.0,102.0,rock
4755,k,j,check,['check'],"[('p1', 'check'), ('p2', 'check')]",6.0,4356.0,12.0,p1,showdown,False,2,114.0,114.0,rock
4756,j,q,min_raise,['min_raise'],"[('p1', 'min_raise'), ('p2', 'fold')]",6.0,4362.0,18.0,p1,fold,True,2,108.0,114.0,rock
4757,j,j,min_raise,['min_raise'],"[('p1', 'min_raise'), ('p2', 'fold')]",6.0,4368.0,18.0,p1,fold,True,2,108.0,114.0,rock
4758,q,k,check,"['check', 'fold']","[('p1', 'check'), ('p2', 'max_raise'), ('p1', 'fold')]",-6.0,4362.0,24.0,p2,fold,False,3,114.0,102.0,rock
4759,k,k,check,"['check', 'call']","[('p1', 'check'), ('p2', 'max_raise'), ('p1', 'call')]",0.0,4362.0,0.0,tie,showdown,False,3,114.0,102.0,rock
4760,k,j,check,['check'],"[('p1', 'check'), ('p2', 'check')]",6.0,4368.0,12.0,p1,showdown,False,2,114.0,114.0,rock
4761,k,j,check,['check'],"[('p1', 'check'), ('p2', 'check')]",6.0,4374.0,12.0,p1,showdown,False,2,114.0,114.0,rock
4762,j,q,min_raise,['min_raise'],"[('p1', 'min_raise'), ('p2', 'fold')]",6.0,4380.0,18.0,p1,fold,True,2,108.0,114.0,rock
4763,q,k,check,"['check', 'fold']","[('p1', 'check'), ('p2', 'max_raise'), ('p1', 'fold')]",-6.0,4374.0,24.0,p2,fold,False,3,114.0,102.0,rock
4764,k,k,check,"['check', 'call']","[('p1', 'check'), ('p2', 'max_raise'), ('p1', 'call')]",0.0,4374.0,0.0,tie,showdown,False,3,114.0,102.0,rock
4765,k,q,check,['check'],"[('p1', 'check'), ('p2', 'check')]",6.0,4380.0,12.0,p1,showdown,False,2,114.0,114.0,rock
4766,q,q,check,['check'],"[('p1', 'check'), ('p2', 'check')]",0.0,4380.0,0.0,tie,showdown,False,2,114.0,114.0,rock
4767,k,q,check,['check'],"[('p1', 'check'), ('p2', 'check')]",6.0,4386.0,12.0,p1,showdown,False,2,114.0,114.0,rock
4768,k,j,check,['check'],"[('p1', 'check'), ('p2', 'check')]",6.0,4392.0,12.0,p1,showdown,False,2,114.0,114.0,rock
4769,q,k,check,"['check', 'fold']","[('p1', 'check'), ('p2', 'max_raise'), ('p1', 'fold')]",-6.0,4386.0,24.0,p2,fold,False,3,114.0,102.0,rock
4770,k,q,check,['check'],"[('p1', 'check'), ('p2', 'check')]",6.0,4392.0,12.0,p1,showdown,False,2,114.0,114.0,rock
4771,k,q,check,['check'],"[('p1', 'check'), ('p2', 'check')]",6.0,4398.0,12.0,p1,showdown,False,2,114.0,114.0,rock
4772,k,q,check,['check'],"[('p1', 'check'), ('p2', 'check')]",6.0,4404.0,12.0,p1,showdown,False,2,114.0,114.0,rock
4773,k,k,check,"['check', 'call']","[('p1', 'check'), ('p2', 'max_raise'), ('p1', 'call')]",0.0,4404.0,0.0,tie,showdown,False,3,114.0,102.0,rock
4774,k,q,check,['check'],"[('p1', 'check'), ('p2', 'check')]",6.0,4410.0,12.0,p1,showdown,False,2,114.0,114.0,rock
4775,k,k,check,"['check', 'call']","[('p1', 'check'), ('p2', 'max_raise'), ('p1', 'call')]",0.0,4410.0,0.0,tie,showdown,False,3,114.0,102.0,rock
4776,j,q,min_raise,['min_raise'],"[('p1', 'min_raise'), ('p2', 'fold')]",6.0,4416.0,18.0,p1,fold,True,2,108.0,114.0,rock
4777,k,k,check,"['check', 'call']","[('p1', 'check'), ('p2', 'max_raise'), ('p1', 'call')]",0.0,4416.0,0.0,tie,showdown,False,3,114.0,102.0,rock
4778,q,q,check,['check'],"[('p1', 'check'), ('p2', 'check')]",0.0,4416.0,0.0,tie,showdown,False,2,114.0,114.0,rock
4779,k,j,check,['check'],"[('p1', 'check'), ('p2', 'check')]",6.0,4422.0,12.0,p1,showdown,False,2,114.0,114.0,rock
4780,j,k,min_raise,['min_raise'],"[('p1', 'min_raise'), ('p2', 'call')]",-12.0,4410.0,24.0,p2,showdown,True,2,108.0,114.0,rock
4781,k,j,check,['check'],"[('p1', 'check'), ('p2', 'check')]",6.0,4416.0,12.0,p1,showdown,False,2,114.0,114.0,rock
4782,j,q,min_raise,['min_raise'],"[('p1', 'min_raise'), ('p2', 'fold')]",6.0,4422.0,18.0,p1,fold,True,2,108.0,114.0,rock
4783,k,j,check,['check'],"[('p1', 'check'), ('p2', 'check')]",6.0,4428.0,12.0,p1,showdown,False,2,114.0,114.0,rock
4784,q,j,check,['check'],"[('p1', 'check'), ('p2', 'check')]",6.0,4434.0,12.0,p1,showdown,False,2,114.0,114.0,rock
4785,j,k,min_raise,['min_raise'],"[('p1', 'min_raise'), ('p2', 'call')]",-12.0,4422.0,24.0,p2,showdown,True,2,108.0,114.0,rock
4786,j,q,min_raise,['min_raise'],"[('p1', 'min_raise'), ('p2', 'fold')]",6.0,4428.0,18.0,p1,fold,True,2,108.0,114.0,rock
4787,k,k,check,"['check', 'call']","[('p1', 'check'), ('p2', 'max_raise'), ('p1', 'call')]",0.0,4428.0,0.0,tie,showdown,False,3,114.0,102.0,rock
4788,q,k,check,"['check', 'fold']","[('p1', 'check'), ('p2', 'max_raise'), ('p1', 'fold')]",-6.0,4422.0,24.0,p2,fold,False,3,114.0,102.0,rock
4789,k,q,check,['check'],"[('p1', 'check'), ('p2', 'check')]",6.0,4428.0,12.0,p1,showdown,False,2,114.0,114.0,rock
4790,j,j,min_raise,['min_raise'],"[('p1', 'min_raise'), ('p2', 'fold')]",6.0,4434.0,18.0,p1,fold,True,2,108.0,114.0,rock
4791,j,q,min_raise,['min_raise'],"[('p1', 'min_raise'), ('p2', 'fold')]",6.0,4440.0,18.0,p1,fold,True,2,108.0,114.0,rock
4792,k,j,check,['check'],"[('p1', 'check'), ('p2', 'check')]",6.0,4446.0,12.0,p1,showdown,False,2,114.0,114.0,rock
4793,q,j,check,['check'],"[('p1', 'check'), ('p2', 'check')]",6.0,4452.0,12.0,p1,showdown,False,2,114.0,114.0,rock
4794,q,q,check,['check'],"[('p1', 'check'), ('p2', 'check')]",0.0,4452.0,0.0,tie,showdown,False,2,114.0,114.0,rock
4795,k,q,check,['check'],"[('p1', 'check'), ('p2', 'check')]",6.0,4458.0,12.0,p1,showdown,False,2,114.0,114.0,rock
4796,k,j,check,['check'],"[('p1', 'check'), ('p2', 'check')]",6.0,4464.0,12.0,p1,showdown,False,2,114.0,114.0,rock
4797,q,k,check,"['check', 'fold']","[('p1', 'check'), ('p2', 'max_raise'), ('p1', 'fold')]",-6.0,4458.0,24.0,p2,fold,False,3,114.0,102.0,rock
4798,k,q,check,['check'],"[('p1', 'check'), ('p2', 'check')]",6.0,4464.0,12.0,p1,showdown,False,2,114.0,114.0,rock
4799,k,k,check,"['check', 'call']","[('p1', 'check'), ('p2', 'max_raise'), ('p1', 'call')]",0.0,4464.0,0.0,tie,showdown,False,3,114.0,102.0,rock
4800,j,q,min_raise,['min_raise'],"[('p1', 'min_raise'), ('p2', 'fold')]",6.0,4470.0,18.0,p1,fold,True,2,108.0,114.0,rock
4801,q,j,check,['check'],"[('p1', 'check'), ('p2', 'check')]",6.0,4476.0,12.0,p1,showdown,False,2,114.0,114.0,rock
4802,q,k,check,"['check', 'fold']","[('p1', 'check'), ('p2', 'max_raise'), ('p1', 'fold')]",-6.0,4470.0,24.0,p2,fold,False,3,114.0,102.0,rock
4803,k,k,check,"['check', 'call']","[('p1', 'check'), ('p2', 'max_raise'), ('p1', 'call')]",0.0,4470.0,0.0,tie,showdown,False,3,114.0,102.0,rock
4804,k,q,check,['check'],"[('p1', 'check'), ('p2', 'check')]",6.0,4476.0,12.0,p1,showdown,False,2,114.0,114.0,rock
4805,k,q,check,['check'],"[('p1', 'check'), ('p2', 'check')]",6.0,4482.0,12.0,p1,showdown,False,2,114.0,114.0,rock
4806,q,k,check,"['check', 'fold']","[('p1', 'check'), ('p2', 'max_raise'), ('p1', 'fold')]",-6.0,4476.0,24.0,p2,fold,False,3,114.0,102.0,rock
4807,q,j,check,['check'],"[('p1', 'check'), ('p2', 'check')]",6.0,4482.0,12.0,p1,showdown,False,2,114.0,114.0,rock
4808,q,k,check,"['check', 'fold']","[('p1', 'check'), ('p2', 'max_raise'), ('p1', 'fold')]",-6.0,4476.0,24.0,p2,fold,False,3,114.0,102.0,rock
4809,j,q,min_raise,['min_raise'],"[('p1', 'min_raise'), ('p2', 'fold')]",6.0,4482.0,18.0,p1,fold,True,2,108.0,114.0,rock
4810,j,q,min_raise,['min_raise'],"[('p1', 'min_raise'), ('p2', 'fold')]",6.0,4488.0,18.0,p1,fold,True,2,108.0,114.0,rock
4811,j,k,min_raise,['min_raise'],"[('p1', 'min_raise'), ('p2', 'call')]",-12.0,4476.0,24.0,p2,showdown,True,2,108.0,114.0,rock
4812,j,j,min_raise,['min_raise'],"[('p1', 'min_raise'), ('p2', 'fold')]",6.0,4482.0,18.0,p1,fold,True,2,108.0,114.0,rock
4813,j,j,min_raise,['min_raise'],"[('p1', 'min_raise'), ('p2', 'fold')]",6.0,4488.0,18.0,p1,fold,True,2,108.0,114.0,rock
4814,k,j,check,['check'],"[('p1', 'check'), ('p2', 'check')]",6.0,4494.0,12.0,p1,showdown,False,2,114.0,114.0,rock
4815,k,k,check,"['check', 'call']","[('p1', 'check'), ('p2', 'max_raise'), ('p1', 'call')]",0.0,4494.0,0.0,tie,showdown,False,3,114.0,102.0,rock
4816,q,j,check,['check'],"[('p1', 'check'), ('p2', 'check')]",6.0,4500.0,12.0,p1,showdown,False,2,114.0,114.0,rock
4817,k,k,check,"['check', 'call']","[('p1', 'check'), ('p2', 'max_raise'), ('p1', 'call')]",0.0,4500.0,0.0,tie,showdown,False,3,114.0,102.0,rock
4818,q,q,check,['check'],"[('p1', 'check'), ('p2', 'check')]",0.0,4500.0,0.0,tie,showdown,False,2,114.0,114.0,rock
4819,k,q,check,['check'],"[('p1', 'check'), ('p2', 'check')]",6.0,4506.0,12.0,p1,showdown,False,2,114.0,114.0,rock
4820,k,j,check,['check'],"[('p1', 'check'), ('p2', 'check')]",6.0,4512.0,12.0,p1,showdown,False,2,114.0,114.0,rock
4821,q,q,check,['check'],"[('p1', 'check'), ('p2', 'check')]",0.0,4512.0,0.0,tie,showdown,False,2,114.0,114.0,rock
4822,j,q,min_raise,['min_raise'],"[('p1', 'min_raise'), ('p2', 'fold')]",6.0,4518.0,18.0,p1,fold,True,2,108.0,114.0,rock
4823,k,k,check,"['check', 'call']","[('p1', 'check'), ('p2', 'max_raise'), ('p1', 'call')]",0.0,4518.0,0.0,tie,showdown,False,3,114.0,102.0,rock
4824,k,q,check,['check'],"[('p1', 'check'), ('p2', 'check')]",6.0,4524.0,12.0,p1,showdown,False,2,114.0,114.0,rock
4825,j,q,min_raise,['min_raise'],"[('p1', 'min_raise'), ('p2', 'fold')]",6.0,4530.0,18.0,p1,fold,True,2,108.0,114.0,rock
4826,q,j,check,['check'],"[('p1', 'check'), ('p2', 'check')]",6.0,4536.0,12.0,p1,showdown,False,2,114.0,114.0,rock
4827,k,q,check,['check'],"[('p1', 'check'), ('p2', 'check')]",6.0,4542.0,12.0,p1,showdown,False,2,114.0,114.0,rock
4828,q,q,check,['check'],"[('p1', 'check'), ('p2', 'check')]",0.0,4542.0,0.0,tie,showdown,False,2,114.0,114.0,rock
4829,j,k,min_raise,['min_raise'],"[('p1', 'min_raise'), ('p2', 'call')]",-12.0,4530.0,24.0,p2,showdown,True,2,108.0,114.0,rock
4830,k,j,check,['check'],"[('p1', 'check'), ('p2', 'check')]",6.0,4536.0,12.0,p1,showdown,False,2,114.0,114.0,rock
4831,j,q,min_raise,['min_raise'],"[('p1', 'min_raise'), ('p2', 'fold')]",6.0,4542.0,18.0,p1,fold,True,2,108.0,114.0,rock
4832,j,q,min_raise,['min_raise'],"[('p1', 'min_raise'), ('p2', 'fold')]",6.0,4548.0,18.0,p1,fold,True,2,108.0,114.0,rock
4833,q,k,check,"['check', 'fold']","[('p1', 'check'), ('p2', 'max_raise'), ('p1', 'fold')]",-6.0,4542.0,24.0,p2,fold,False,3,114.0,102.0,rock
4834,q,j,check,['check'],"[('p1', 'check'), ('p2', 'check')]",6.0,4548.0,12.0,p1,showdown,False,2,114.0,114.0,rock
4835,q,q,check,['check'],"[('p1', 'check'), ('p2', 'check')]",0.0,4548.0,0.0,tie,showdown,False,2,114.0,114.0,rock
4836,k,q,check,['check'],"[('p1', 'check'), ('p2', 'check')]",6.0,4554.0,12.0,p1,showdown,False,2,114.0,114.0,rock
4837,k,k,check,"['check', 'call']","[('p1', 'check'), ('p2', 'max_raise'), ('p1', 'call')]",0.0,4554.0,0.0,tie,showdown,False,3,114.0,102.0,rock
4838,j,q,min_raise,['min_raise'],"[('p1', 'min_raise'), ('p2', 'fold')]",6.0,4560.0,18.0,p1,fold,True,2,108.0,114.0,rock
4839,k,k,check,"['check', 'call']","[('p1', 'check'), ('p2', 'max_raise'), ('p1', 'call')]",0.0,4560.0,0.0,tie,showdown,False,3,114.0,102.0,rock
4840,j,q,min_raise,['min_raise'],"[('p1', 'min_raise'), ('p2', 'fold')]",6.0,4566.0,18.0,p1,fold,True,2,108.0,114.0,rock
4841,q,k,check,"['check', 'fold']","[('p1', 'check'), ('p2', 'max_raise'), ('p1', 'fold')]",-6.0,4560.0,24.0,p2,fold,False,3,114.0,102.0,rock
4842,k,q,check,['check'],"[('p1', 'check'), ('p2', 'check')]",6.0,4566.0,12.0,p1,showdown,False,2,114.0,114.0,rock
4843,j,q,min_raise,['min_raise'],"[('p1', 'min_raise'), ('p2', 'fold')]",6.0,4572.0,18.0,p1,fold,True,2,108.0,114.0,rock
4844,k,k,check,"['check', 'call']","[('p1', 'check'), ('p2', 'max_raise'), ('p1', 'call')]",0.0,4572.0,0.0,tie,showdown,False,3,114.0,102.0,rock
4845,k,q,check,['check'],"[('p1', 'check'), ('p2', 'check')]",6.0,4578.0,12.0,p1,showdown,False,2,114.0,114.0,rock
4846,k,q,check,['check'],"[('p1', 'check'), ('p2', 'check')]",6.0,4584.0,12.0,p1,showdown,False,2,114.0,114.0,rock
4847,j,q,min_raise,['min_raise'],"[('p1', 'min_raise'), ('p2', 'fold')]",6.0,4590.0,18.0,p1,fold,True,2,108.0,114.0,rock
4848,q,j,check,['check'],"[('p1', 'check'), ('p2', 'check')]",6.0,4596.0,12.0,p1,showdown,False,2,114.0,114.0,rock
4849,k,k,check,"['check', 'call']","[('p1', 'check'), ('p2', 'max_raise'), ('p1', 'call')]",0.0,4596.0,0.0,tie,showdown,False,3,114.0,102.0,rock
4850,j,q,min_raise,['min_raise'],"[('p1', 'min_raise'), ('p2', 'fold')]",6.0,4602.0,18.0,p1,fold,True,2,108.0,114.0,rock
4851,j,j,min_raise,['min_raise'],"[('p1', 'min_raise'), ('p2', 'fold')]",6.0,4608.0,18.0,p1,fold,True,2,108.0,114.0,rock
4852,j,k,min_raise,['min_raise'],"[('p1', 'min_raise'), ('p2', 'call')]",-12.0,4596.0,24.0,p2,showdown,True,2,108.0,114.0,rock
4853,k,q,check,['check'],"[('p1', 'check'), ('p2', 'check')]",6.0,4602.0,12.0,p1,showdown,False,2,114.0,114.0,rock
4854,j,j,min_raise,['min_raise'],"[('p1', 'min_raise'), ('p2', 'fold')]",6.0,4608.0,18.0,p1,fold,True,2,108.0,114.0,rock
4855,k,j,check,['check'],"[('p1', 'check'), ('p2', 'check')]",6.0,4614.0,12.0,p1,showdown,False,2,114.0,114.0,rock
4856,k,q,check,['check'],"[('p1', 'check'), ('p2', 'check')]",6.0,4620.0,12.0,p1,showdown,False,2,114.0,114.0,rock
4857,j,j,min_raise,['min_raise'],"[('p1', 'min_raise'), ('p2', 'fold')]",6.0,4626.0,18.0,p1,fold,True,2,108.0,114.0,rock
4858,q,j,check,['check'],"[('p1', 'check'), ('p2', 'check')]",6.0,4632.0,12.0,p1,showdown,False,2,114.0,114.0,rock
4859,q,j,check,['check'],"[('p1', 'check'), ('p2', 'check')]",6.0,4638.0,12.0,p1,showdown,False,2,114.0,114.0,rock
4860,q,q,check,['check'],"[('p1', 'check'), ('p2', 'check')]",0.0,4638.0,0.0,tie,showdown,False,2,114.0,114.0,rock
4861,j,k,min_raise,['min_raise'],"[('p1', 'min_raise'), ('p2', 'call')]",-12.0,4626.0,24.0,p2,showdown,True,2,108.0,114.0,rock
4862,k,j,check,['check'],"[('p1', 'check'), ('p2', 'check')]",6.0,4632.0,12.0,p1,showdown,False,2,114.0,114.0,rock
4863,j,k,min_raise,['min_raise'],"[('p1', 'min_raise'), ('p2', 'call')]",-12.0,4620.0,24.0,p2,showdown,True,2,108.0,114.0,rock
4864,k,j,check,['check'],"[('p1', 'check'), ('p2', 'check')]",6.0,4626.0,12.0,p1,showdown,False,2,114.0,114.0,rock
4865,j,q,min_raise,['min_raise'],"[('p1', 'min_raise'), ('p2', 'fold')]",6.0,4632.0,18.0,p1,fold,True,2,108.0,114.0,rock
4866,q,q,check,['check'],"[('p1', 'check'), ('p2', 'check')]",0.0,4632.0,0.0,tie,showdown,False,2,114.0,114.0,rock
4867,k,q,check,['check'],"[('p1', 'check'), ('p2', 'check')]",6.0,4638.0,12.0,p1,showdown,False,2,114.0,114.0,rock
4868,k,k,check,"['check', 'call']","[('p1', 'check'), ('p2', 'max_raise'), ('p1', 'call')]",0.0,4638.0,0.0,tie,showdown,False,3,114.0,102.0,rock
4869,q,k,check,"['check', 'fold']","[('p1', 'check'), ('p2', 'max_raise'), ('p1', 'fold')]",-6.0,4632.0,24.0,p2,fold,False,3,114.0,102.0,rock
4870,q,j,check,['check'],"[('p1', 'check'), ('p2', 'check')]",6.0,4638.0,12.0,p1,showdown,False,2,114.0,114.0,rock
4871,q,q,check,['check'],"[('p1', 'check'), ('p2', 'check')]",0.0,4638.0,0.0,tie,showdown,False,2,114.0,114.0,rock
4872,j,q,min_raise,['min_raise'],"[('p1', 'min_raise'), ('p2', 'fold')]",6.0,4644.0,18.0,p1,fold,True,2,108.0,114.0,rock
4873,q,q,check,['check'],"[('p1', 'check'), ('p2', 'check')]",0.0,4644.0,0.0,tie,showdown,False,2,114.0,114.0,rock
4874,k,j,check,['check'],"[('p1', 'check'), ('p2', 'check')]",6.0,4650.0,12.0,p1,showdown,False,2,114.0,114.0,rock
4875,k,k,check,"['check', 'call']","[('p1', 'check'), ('p2', 'max_raise'), ('p1', 'call')]",0.0,4650.0,0.0,tie,showdown,False,3,114.0,102.0,rock
4876,k,j,check,['check'],"[('p1', 'check'), ('p2', 'check')]",6.0,4656.0,12.0,p1,showdown,False,2,114.0,114.0,rock
4877,k,j,check,['check'],"[('p1', 'check'), ('p2', 'check')]",6.0,4662.0,12.0,p1,showdown,False,2,114.0,114.0,rock
4878,k,k,check,"['check', 'call']","[('p1', 'check'), ('p2', 'max_raise'), ('p1', 'call')]",0.0,4662.0,0.0,tie,showdown,False,3,114.0,102.0,rock
4879,q,j,check,['check'],"[('p1', 'check'), ('p2', 'check')]",6.0,4668.0,12.0,p1,showdown,False,2,114.0,114.0,rock
4880,j,q,min_raise,['min_raise'],"[('p1', 'min_raise'), ('p2', 'fold')]",6.0,4674.0,18.0,p1,fold,True,2,108.0,114.0,rock
4881,j,j,min_raise,['min_raise'],"[('p1', 'min_raise'), ('p2', 'fold')]",6.0,4680.0,18.0,p1,fold,True,2,108.0,114.0,rock
4882,j,k,min_raise,['min_raise'],"[('p1', 'min_raise'), ('p2', 'call')]",-12.0,4668.0,24.0,p2,showdown,True,2,108.0,114.0,rock
4883,j,q,min_raise,['min_raise'],"[('p1', 'min_raise'), ('p2', 'fold')]",6.0,4674.0,18.0,p1,fold,True,2,108.0,114.0,rock
4884,j,q,min_raise,['min_raise'],"[('p1', 'min_raise'), ('p2', 'fold')]",6.0,4680.0,18.0,p1,fold,True,2,108.0,114.0,rock
4885,j,k,min_raise,['min_raise'],"[('p1', 'min_raise'), ('p2', 'call')]",-12.0,4668.0,24.0,p2,showdown,True,2,108.0,114.0,rock
4886,j,j,min_raise,['min_raise'],"[('p1', 'min_raise'), ('p2', 'fold')]",6.0,4674.0,18.0,p1,fold,True,2,108.0,114.0,rock
4887,j,k,min_raise,['min_raise'],"[('p1', 'min_raise'), ('p2', 'call')]",-12.0,4662.0,24.0,p2,showdown,True,2,108.0,114.0,rock
4888,j,q,min_raise,['min_raise'],"[('p1', 'min_raise'), ('p2', 'fold')]",6.0,4668.0,18.0,p1,fold,True,2,108.0,114.0,rock
4889,j,k,min_raise,['min_raise'],"[('p1', 'min_raise'), ('p2', 'call')]",-12.0,4656.0,24.0,p2,showdown,True,2,108.0,114.0,rock
4890,q,j,check,['check'],"[('p1', 'check'), ('p2', 'check')]",6.0,4662.0,12.0,p1,showdown,False,2,114.0,114.0,rock
4891,q,k,check,"['check', 'fold']","[('p1', 'check'), ('p2', 'max_raise'), ('p1', 'fold')]",-6.0,4656.0,24.0,p2,fold,False,3,114.0,102.0,rock
4892,k,q,check,['check'],"[('p1', 'check'), ('p2', 'check')]",6.0,4662.0,12.0,p1,showdown,False,2,114.0,114.0,rock
4893,k,j,check,['check'],"[('p1', 'check'), ('p2', 'check')]",6.0,4668.0,12.0,p1,showdown,False,2,114.0,114.0,rock
4894,k,q,check,['check'],"[('p1', 'check'), ('p2', 'check')]",6.0,4674.0,12.0,p1,showdown,False,2,114.0,114.0,rock
4895,j,k,min_raise,['min_raise'],"[('p1', 'min_raise'), ('p2', 'call')]",-12.0,4662.0,24.0,p2,showdown,True,2,108.0,114.0,rock
4896,q,j,check,['check'],"[('p1', 'check'), ('p2', 'check')]",6.0,4668.0,12.0,p1,showdown,False,2,114.0,114.0,rock
4897,j,q,min_raise,['min_raise'],"[('p1', 'min_raise'), ('p2', 'fold')]",6.0,4674.0,18.0,p1,fold,True,2,108.0,114.0,rock
4898,q,j,check,['check'],"[('p1', 'check'), ('p2', 'check')]",6.0,4680.0,12.0,p1,showdown,False,2,114.0,114.0,rock
4899,j,j,min_raise,['min_raise'],"[('p1', 'min_raise'), ('p2', 'fold')]",6.0,4686.0,18.0,p1,fold,True,2,108.0,114.0,rock
4900,q,j,check,['check'],"[('p1', 'check'), ('p2', 'check')]",6.0,4692.0,12.0,p1,showdown,False,2,114.0,114.0,rock
4901,k,k,check,"['check', 'call']","[('p1', 'check'), ('p2', 'max_raise'), ('p1', 'call')]",0.0,4692.0,0.0,tie,showdown,False,3,114.0,102.0,rock
4902,q,q,check,['check'],"[('p1', 'check'), ('p2', 'check')]",0.0,4692.0,0.0,tie,showdown,False,2,114.0,114.0,rock
4903,k,q,check,['check'],"[('p1', 'check'), ('p2', 'check')]",6.0,4698.0,12.0,p1,showdown,False,2,114.0,114.0,rock
4904,j,j,min_raise,['min_raise'],"[('p1', 'min_raise'), ('p2', 'fold')]",6.0,4704.0,18.0,p1,fold,True,2,108.0,114.0,rock
4905,q,j,check,['check'],"[('p1', 'check'), ('p2', 'check')]",6.0,4710.0,12.0,p1,showdown,False,2,114.0,114.0,rock
4906,q,q,check,['check'],"[('p1', 'check'), ('p2', 'check')]",0.0,4710.0,0.0,tie,showdown,False,2,114.0,114.0,rock
4907,j,k,min_raise,['min_raise'],"[('p1', 'min_raise'), ('p2', 'call')]",-12.0,4698.0,24.0,p2,showdown,True,2,108.0,114.0,rock
4908,k,q,check,['check'],"[('p1', 'check'), ('p2', 'check')]",6.0,4704.0,12.0,p1,showdown,False,2,114.0,114.0,rock
4909,q,j,check,['check'],"[('p1', 'check'), ('p2', 'check')]",6.0,4710.0,12.0,p1,showdown,False,2,114.0,114.0,rock
4910,j,k,min_raise,['min_raise'],"[('p1', 'min_raise'), ('p2', 'call')]",-12.0,4698.0,24.0,p2,showdown,True,2,108.0,114.0,rock
4911,q,k,check,"['check', 'fold']","[('p1', 'check'), ('p2', 'max_raise'), ('p1', 'fold')]",-6.0,4692.0,24.0,p2,fold,False,3,114.0,102.0,rock
4912,k,j,check,['check'],"[('p1', 'check'), ('p2', 'check')]",6.0,4698.0,12.0,p1,showdown,False,2,114.0,114.0,rock
4913,k,j,check,['check'],"[('p1', 'check'), ('p2', 'check')]",6.0,4704.0,12.0,p1,showdown,False,2,114.0,114.0,rock
4914,q,q,check,['check'],"[('p1', 'check'), ('p2', 'check')]",0.0,4704.0,0.0,tie,showdown,False,2,114.0,114.0,rock
4915,k,j,check,['check'],"[('p1', 'check'), ('p2', 'check')]",6.0,4710.0,12.0,p1,showdown,False,2,114.0,114.0,rock
4916,k,j,check,['check'],"[('p1', 'check'), ('p2', 'check')]",6.0,4716.0,12.0,p1,showdown,False,2,114.0,114.0,rock
4917,j,j,min_raise,['min_raise'],"[('p1', 'min_raise'), ('p2', 'fold')]",6.0,4722.0,18.0,p1,fold,True,2,108.0,114.0,rock
4918,k,j,check,['check'],"[('p1', 'check'), ('p2', 'check')]",6.0,4728.0,12.0,p1,showdown,False,2,114.0,114.0,rock
4919,k,j,check,['check'],"[('p1', 'check'), ('p2', 'check')]",6.0,4734.0,12.0,p1,showdown,False,2,114.0,114.0,rock
4920,k,q,check,['check'],"[('p1', 'check'), ('p2', 'check')]",6.0,4740.0,12.0,p1,showdown,False,2,114.0,114.0,rock
4921,j,j,min_raise,['min_raise'],"[('p1', 'min_raise'), ('p2', 'fold')]",6.0,4746.0,18.0,p1,fold,True,2,108.0,114.0,rock
4922,j,k,min_raise,['min_raise'],"[('p1', 'min_raise'), ('p2', 'call')]",-12.0,4734.0,24.0,p2,showdown,True,2,108.0,114.0,rock
4923,q,q,check,['check'],"[('p1', 'check'), ('p2', 'check')]",0.0,4734.0,0.0,tie,showdown,False,2,114.0,114.0,rock
4924,j,k,min_raise,['min_raise'],"[('p1', 'min_raise'), ('p2', 'call')]",-12.0,4722.0,24.0,p2,showdown,True,2,108.0,114.0,rock
4925,k,k,check,"['check', 'call']","[('p1', 'check'), ('p2', 'max_raise'), ('p1', 'call')]",0.0,4722.0,0.0,tie,showdown,False,3,114.0,102.0,rock
4926,k,j,check,['check'],"[('p1', 'check'), ('p2', 'check')]",6.0,4728.0,12.0,p1,showdown,False,2,114.0,114.0,rock
4927,j,k,min_raise,['min_raise'],"[('p1', 'min_raise'), ('p2', 'call')]",-12.0,4716.0,24.0,p2,showdown,True,2,108.0,114.0,rock
4928,j,q,min_raise,['min_raise'],"[('p1', 'min_raise'), ('p2', 'fold')]",6.0,4722.0,18.0,p1,fold,True,2,108.0,114.0,rock
4929,q,k,check,"['check', 'fold']","[('p1', 'check'), ('p2', 'max_raise'), ('p1', 'fold')]",-6.0,4716.0,24.0,p2,fold,False,3,114.0,102.0,rock
4930,j,q,min_raise,['min_raise'],"[('p1', 'min_raise'), ('p2', 'fold')]",6.0,4722.0,18.0,p1,fold,True,2,108.0,114.0,rock
4931,j,k,min_raise,['min_raise'],"[('p1', 'min_raise'), ('p2', 'call')]",-12.0,4710.0,24.0,p2,showdown,True,2,108.0,114.0,rock
4932,k,j,check,['check'],"[('p1', 'check'), ('p2', 'check')]",6.0,4716.0,12.0,p1,showdown,False,2,114.0,114.0,rock
4933,j,j,min_raise,['min_raise'],"[('p1', 'min_raise'), ('p2', 'fold')]",6.0,4722.0,18.0,p1,fold,True,2,108.0,114.0,rock
4934,k,q,check,['check'],"[('p1', 'check'), ('p2', 'check')]",6.0,4728.0,12.0,p1,showdown,False,2,114.0,114.0,rock
4935,k,q,check,['check'],"[('p1', 'check'), ('p2', 'check')]",6.0,4734.0,12.0,p1,showdown,False,2,114.0,114.0,rock
4936,j,j,min_raise,['min_raise'],"[('p1', 'min_raise'), ('p2', 'fold')]",6.0,4740.0,18.0,p1,fold,True,2,108.0,114.0,rock
4937,q,q,check,['check'],"[('p1', 'check'), ('p2', 'check')]",0.0,4740.0,0.0,tie,showdown,False,2,114.0,114.0,rock
4938,k,j,check,['check'],"[('p1', 'check'), ('p2', 'check')]",6.0,4746.0,12.0,p1,showdown,False,2,114.0,114.0,rock
4939,q,k,check,"['check', 'fold']","[('p1', 'check'), ('p2', 'max_raise'), ('p1', 'fold')]",-6.0,4740.0,24.0,p2,fold,False,3,114.0,102.0,rock
4940,k,k,check,"['check', 'call']","[('p1', 'check'), ('p2', 'max_raise'), ('p1', 'call')]",0.0,4740.0,0.0,tie,showdown,False,3,114.0,102.0,rock
4941,q,k,check,"['check', 'fold']","[('p1', 'check'), ('p2', 'max_raise'), ('p1', 'fold')]",-6.0,4734.0,24.0,p2,fold,False,3,114.0,102.0,rock
4942,q,k,check,"['check', 'fold']","[('p1', 'check'), ('p2', 'max_raise'), ('p1', 'fold')]",-6.0,4728.0,24.0,p2,fold,False,3,114.0,102.0,rock
4943,j,j,min_raise,['min_raise'],"[('p1', 'min_raise'), ('p2', 'fold')]",6.0,4734.0,18.0,p1,fold,True,2,108.0,114.0,rock
4944,k,k,check,"['check', 'call']","[('p1', 'check'), ('p2', 'max_raise'), ('p1', 'call')]",0.0,4734.0,0.0,tie,showdown,False,3,114.0,102.0,rock
4945,k,k,check,"['check', 'call']","[('p1', 'check'), ('p2', 'max_raise'), ('p1', 'call')]",0.0,4734.0,0.0,tie,showdown,False,3,114.0,102.0,rock
4946,q,j,check,['check'],"[('p1', 'check'), ('p2', 'check')]",6.0,4740.0,12.0,p1,showdown,False,2,114.0,114.0,rock
4947,j,k,min_raise,['min_raise'],"[('p1', 'min_raise'), ('p2', 'call')]",-12.0,4728.0,24.0,p2,showdown,True,2,108.0,114.0,rock
4948,q,k,check,"['check', 'fold']","[('p1', 'check'), ('p2', 'max_raise'), ('p1', 'fold')]",-6.0,4722.0,24.0,p2,fold,False,3,114.0,102.0,rock
4949,q,k,check,"['check', 'fold']","[('p1', 'check'), ('p2', 'max_raise'), ('p1', 'fold')]",-6.0,4716.0,24.0,p2,fold,False,3,114.0,102.0,rock
4950,j,q,min_raise,['min_raise'],"[('p1', 'min_raise'), ('p2', 'fold')]",6.0,4722.0,18.0,p1,fold,True,2,108.0,114.0,rock
4951,j,q,min_raise,['min_raise'],"[('p1', 'min_raise'), ('p2', 'fold')]",6.0,4728.0,18.0,p1,fold,True,2,108.0,114.0,rock
4952,q,j,check,['check'],"[('p1', 'check'), ('p2', 'check')]",6.0,4734.0,12.0,p1,showdown,False,2,114.0,114.0,rock
4953,q,k,check,"['check', 'fold']","[('p1', 'check'), ('p2', 'max_raise'), ('p1', 'fold')]",-6.0,4728.0,24.0,p2,fold,False,3,114.0,102.0,rock
4954,q,q,check,['check'],"[('p1', 'check'), ('p2', 'check')]",0.0,4728.0,0.0,tie,showdown,False,2,114.0,114.0,rock
4955,q,k,check,"['check', 'fold']","[('p1', 'check'), ('p2', 'max_raise'), ('p1', 'fold')]",-6.0,4722.0,24.0,p2,fold,False,3,114.0,102.0,rock
4956,q,k,check,"['check', 'fold']","[('p1', 'check'), ('p2', 'max_raise'), ('p1', 'fold')]",-6.0,4716.0,24.0,p2,fold,False,3,114.0,102.0,rock
4957,k,j,check,['check'],"[('p1', 'check'), ('p2', 'check')]",6.0,4722.0,12.0,p1,showdown,False,2,114.0,114.0,rock
4958,j,j,min_raise,['min_raise'],"[('p1', 'min_raise'), ('p2', 'fold')]",6.0,4728.0,18.0,p1,fold,True,2,108.0,114.0,rock
4959,j,j,min_raise,['min_raise'],"[('p1', 'min_raise'), ('p2', 'fold')]",6.0,4734.0,18.0,p1,fold,True,2,108.0,114.0,rock
4960,q,q,check,['check'],"[('p1', 'check'), ('p2', 'check')]",0.0,4734.0,0.0,tie,showdown,False,2,114.0,114.0,rock
4961,j,k,min_raise,['min_raise'],"[('p1', 'min_raise'), ('p2', 'call')]",-12.0,4722.0,24.0,p2,showdown,True,2,108.0,114.0,rock
4962,q,k,check,"['check', 'fold']","[('p1', 'check'), ('p2', 'max_raise'), ('p1', 'fold')]",-6.0,4716.0,24.0,p2,fold,False,3,114.0,102.0,rock
4963,q,j,check,['check'],"[('p1', 'check'), ('p2', 'check')]",6.0,4722.0,12.0,p1,showdown,False,2,114.0,114.0,rock
4964,j,q,min_raise,['min_raise'],"[('p1', 'min_raise'), ('p2', 'fold')]",6.0,4728.0,18.0,p1,fold,True,2,108.0,114.0,rock
4965,q,q,check,['check'],"[('p1', 'check'), ('p2', 'check')]",0.0,4728.0,0.0,tie,showdown,False,2,114.0,114.0,rock
4966,k,q,check,['check'],"[('p1', 'check'), ('p2', 'check')]",6.0,4734.0,12.0,p1,showdown,False,2,114.0,114.0,rock
4967,k,j,check,['check'],"[('p1', 'check'), ('p2', 'check')]",6.0,4740.0,12.0,p1,showdown,False,2,114.0,114.0,rock
4968,j,q,min_raise,['min_raise'],"[('p1', 'min_raise'), ('p2', 'fold')]",6.0,4746.0,18.0,p1,fold,True,2,108.0,114.0,rock
4969,j,q,min_raise,['min_raise'],"[('p1', 'min_raise'), ('p2', 'fold')]",6.0,4752.0,18.0,p1,fold,True,2,108.0,114.0,rock
4970,j,q,min_raise,['min_raise'],"[('p1', 'min_raise'), ('p2', 'fold')]",6.0,4758.0,18.0,p1,fold,True,2,108.0,114.0,rock
4971,k,k,check,"['check', 'call']","[('p1', 'check'), ('p2', 'max_raise'), ('p1', 'call')]",0.0,4758.0,0.0,tie,showdown,False,3,114.0,102.0,rock
4972,k,j,check,['check'],"[('p1', 'check'), ('p2', 'check')]",6.0,4764.0,12.0,p1,showdown,False,2,114.0,114.0,rock
4973,q,k,check,"['check', 'fold']","[('p1', 'check'), ('p2', 'max_raise'), ('p1', 'fold')]",-6.0,4758.0,24.0,p2,fold,False,3,114.0,102.0,rock
4974,k,q,check,['check'],"[('p1', 'check'), ('p2', 'check')]",6.0,4764.0,12.0,p1,showdown,False,2,114.0,114.0,rock
4975,k,q,check,['check'],"[('p1', 'check'), ('p2', 'check')]",6.0,4770.0,12.0,p1,showdown,False,2,114.0,114.0,rock
4976,k,q,check,['check'],"[('p1', 'check'), ('p2', 'check')]",6.0,4776.0,12.0,p1,showdown,False,2,114.0,114.0,rock
4977,k,k,check,"['check', 'call']","[('p1', 'check'), ('p2', 'max_raise'), ('p1', 'call')]",0.0,4776.0,0.0,tie,showdown,False,3,114.0,102.0,rock
4978,k,k,check,"['check', 'call']","[('p1', 'check'), ('p2', 'max_raise'), ('p1', 'call')]",0.0,4776.0,0.0,tie,showdown,False,3,114.0,102.0,rock
4979,k,q,check,['check'],"[('p1', 'check'), ('p2', 'check')]",6.0,4782.0,12.0,p1,showdown,False,2,114.0,114.0,rock
4980,k,j,check,['check'],"[('p1', 'check'), ('p2', 'check')]",6.0,4788.0,12.0,p1,showdown,False,2,114.0,114.0,rock
4981,k,j,check,['check'],"[('p1', 'check'), ('p2', 'check')]",6.0,4794.0,12.0,p1,showdown,False,2,114.0,114.0,rock
4982,k,j,check,['check'],"[('p1', 'check'), ('p2', 'check')]",6.0,4800.0,12.0,p1,showdown,False,2,114.0,114.0,rock
4983,q,q,check,['check'],"[('p1', 'check'), ('p2', 'check')]",0.0,4800.0,0.0,tie,showdown,False,2,114.0,114.0,rock
4984,q,k,check,"['check', 'fold']","[('p1', 'check'), ('p2', 'max_raise'), ('p1', 'fold')]",-6.0,4794.0,24.0,p2,fold,False,3,114.0,102.0,rock
4985,j,j,min_raise,['min_raise'],"[('p1', 'min_raise'), ('p2', 'fold')]",6.0,4800.0,18.0,p1,fold,True,2,108.0,114.0,rock
4986,k,k,check,"['check', 'call']","[('p1', 'check'), ('p2', 'max_raise'), ('p1', 'call')]",0.0,4800.0,0.0,tie,showdown,False,3,114.0,102.0,rock
4987,k,j,check,['check'],"[('p1', 'check'), ('p2', 'check')]",6.0,4806.0,12.0,p1,showdown,False,2,114.0,114.0,rock
4988,k,k,check,"['check', 'call']","[('p1', 'check'), ('p2', 'max_raise'), ('p1', 'call')]",0.0,4806.0,0.0,tie,showdown,False,3,114.0,102.0,rock
4989,k,q,check,['check'],"[('p1', 'check'), ('p2', 'check')]",6.0,4812.0,12.0,p1,showdown,False,2,114.0,114.0,rock
4990,j,q,min_raise,['min_raise'],"[('p1', 'min_raise'), ('p2', 'fold')]",6.0,4818.0,18.0,p1,fold,True,2,108.0,114.0,rock
4991,q,q,check,['check'],"[('p1', 'check'), ('p2', 'check')]",0.0,4818.0,0.0,tie,showdown,False,2,114.0,114.0,rock
4992,j,j,min_raise,['min_raise'],"[('p1', 'min_raise'), ('p2', 'fold')]",6.0,4824.0,18.0,p1,fold,True,2,108.0,114.0,rock
4993,k,k,check,"['check', 'call']","[('p1', 'check'), ('p2', 'max_raise'), ('p1', 'call')]",0.0,4824.0,0.0,tie,showdown,False,3,114.0,102.0,rock
4994,k,j,check,['check'],"[('p1', 'check'), ('p2', 'check')]",6.0,4830.0,12.0,p1,showdown,False,2,114.0,114.0,rock
4995,j,q,min_raise,['min_raise'],"[('p1', 'min_raise'), ('p2', 'fold')]",6.0,4836.0,18.0,p1,fold,True,2,108.0,114.0,rock
4996,q,k,check,"['check', 'fold']","[('p1', 'check'), ('p2', 'max_raise'), ('p1', 'fold')]",-6.0,4830.0,24.0,p2,fold,False,3,114.0,102.0,rock
4997,q,k,check,"['check', 'fold']","[('p1', 'check'), ('p2', 'max_raise'), ('p1', 'fold')]",-6.0,4824.0,24.0,p2,fold,False,3,114.0,102.0,rock
4998,k,q,check,['check'],"[('p1', 'check'), ('p2', 'check')]",6.0,4830.0,12.0,p1,showdown,False,2,114.0,114.0,rock
4999,q,k,check,"['check', 'fold']","[('p1', 'check'), ('p2', 'max_raise'), ('p1', 'fold')]",-6.0,4824.0,24.0,p2,fold,False,3,114.0,102.0,rock
