hand_idx,p1_card,p2_card,p1_first_action,p1_actions,all_actions,reward_p1,cum_profit,pot_won,winner,ended_by,is_bluff,n_actions,agent_stack,opp_stack,opponent
0,k,k,check,['check'],"[('p1', 'check'), ('p2', 'check')]",0.0,0.0,0.0,tie,showdown,False,2,114.0,114.0,calling_station
1,q,q,check,['check'],"[('p1', 'check'), ('p2', 'check')]",0.0,0.0,0.0,tie,showdown,False,2,114.0,114.0,calling_station
2,k,q,check,['check'],"[('p1', 'check'), ('p2', 'check')]",6.0,6.0,12.0,p1,showdown,False,2,114.0,114.0,calling_station
3,k,k,check,['check'],"[('p1', 'check'), ('p2', 'check')]",0.0,6.0,0.0,tie,showdown,False,2,114.0,114.0,calling_station
4,k,k,check,['check'],"[('p1', 'check'), ('p2', 'check')]",0.0,6.0,0.0,tie,showdown,False,2,114.0,114.0,calling_station
5,k,q,check,['check'],"[('p1', 'check'), ('p2', 'check')]",6.0,12.0,12.0,p1,showdown,False,2,114.0,114.0,calling_station
6,q,q,check,['check'],"[('p1', 'check'), ('p2', 'check')]",0.0,12.0,0.0,tie,showdown,False,2,114.0,114.0,calling_station
7,k,q,max_raise,['max_raise'],"[('p1', 'max_raise'), ('p2', 'call')]",18.0,30.0,36.0,p1,showdown,False,2,102.0,114.0,calling_station
8,j,k,check,['check'],"[('p1', 'check'), ('p2', 'check')]",-6.0,24.0,12.0,p2,showdown,False,2,114.0,114.0,calling_station
9,q,j,check,['check'],"[('p1', 'check'), ('p2', 'check')]",6.0,30.0,12.0,p1,showdown,False,2,114.0,114.0,calling_station
10,k,j,check,['check'],"[('p1', 'check'), ('p2', 'check')]",6.0,36.0,12.0,p1,showdown,False,2,114.0,114.0,calling_station
11,q,k,check,['check'],"[('p1', 'check'), ('p2', 'check')]",-6.0,30.0,12.0,p2,showdown,False,2,114.0,114.0,calling_station
12,j,j,check,['check'],"[('p1', 'check'), ('p2', 'check')]",0.0,30.0,0.0,tie,showdown,False,2,114.0,114.0,calling_station
13,q,k,check,['check'],"[('p1', 'check'), ('p2', 'check')]",-6.0,24.0,12.0,p2,showdown,False,2,114.0,114.0,calling_station
14,k,k,check,['check'],"[('p1', 'check'), ('p2', 'check')]",0.0,24.0,0.0,tie,showdown,False,2,114.0,114.0,calling_station
15,q,k,check,['check'],"[('p1', 'check'), ('p2', 'check')]",-6.0,18.0,12.0,p2,showdown,False,2,114.0,114.0,calling_station
16,k,q,check,['check'],"[('p1', 'check'), ('p2', 'check')]",6.0,24.0,12.0,p1,showdown,False,2,114.0,114.0,calling_station
17,k,k,check,['check'],"[('p1', 'check'), ('p2', 'check')]",0.0,24.0,0.0,tie,showdown,False,2,114.0,114.0,calling_station
18,j,k,check,['check'],"[('p1', 'check'), ('p2', 'check')]",-6.0,18.0,12.0,p2,showdown,False,2,114.0,114.0,calling_station
19,q,k,check,['check'],"[('p1', 'check'), ('p2', 'check')]",-6.0,12.0,12.0,p2,showdown,False,2,114.0,114.0,calling_station
20,k,q,check,['check'],"[('p1', 'check'), ('p2', 'check')]",6.0,18.0,12.0,p1,showdown,False,2,114.0,114.0,calling_station
21,q,k,check,['check'],"[('p1', 'check'), ('p2', 'check')]",-6.0,12.0,12.0,p2,showdown,False,2,114.0,114.0,calling_station
22,j,k,check,['check'],"[('p1', 'check'), ('p2', 'check')]",-6.0,6.0,12.0,p2,showdown,False,2,114.0,114.0,calling_station
23,j,k,check,['check'],"[('p1', 'check'), ('p2', 'check')]",-6.0,0.0,12.0,p2,showdown,False,2,114.0,114.0,calling_station
24,j,k,check,['check'],"[('p1', 'check'), ('p2', 'check')]",-6.0,-6.0,12.0,p2,showdown,False,2,114.0,114.0,calling_station
25,j,q,check,['check'],"[('p1', 'check'), ('p2', 'check')]",-6.0,-12.0,12.0,p2,showdown,False,2,114.0,114.0,calling_station
26,k,j,check,['check'],"[('p1', 'check'), ('p2', 'check')]",6.0,-6.0,12.0,p1,showdown,False,2,114.0,114.0,calling_station
27,j,j,check,['check'],"[('p1', 'check'), ('p2', 'check')]",0.0,-6.0,0.0,tie,showdown,False,2,114.0,114.0,calling_station
28,k,k,check,['check'],"[('p1', 'check'), ('p2', 'check')]",0.0,-6.0,0.0,tie,showdown,False,2,114.0,114.0,calling_station
29,q,q,check,['check'],"[('p1', 'check'), ('p2', 'check')]",0.0,-6.0,0.0,tie,showdown,False,2,114.0,114.0,calling_station
30,j,k,check,['check'],"[('p1', 'check'), ('p2', 'check')]",-6.0,-12.0,12.0,p2,showdown,False,2,114.0,114.0,calling_station
31,q,j,check,['check'],"[('p1', 'check'), ('p2', 'check')]",6.0,-6.0,12.0,p1,showdown,False,2,114.0,114.0,calling_station
32,q,j,check,['check'],"[('p1', 'check'), ('p2', 'check')]",6.0,0.0,12.0,p1,showdown,False,2,114.0,114.0,calling_station
33,j,q,check,['check'],"[('p1', 'check'), ('p2', 'check')]",-6.0,-6.0,12.0,p2,showdown,False,2,114.0,114.0,calling_station
34,j,k,check,['check'],"[('p1', 'check'), ('p2', 'check')]",-6.0,-12.0,12.0,p2,showdown,False,2,114.0,114.0,calling_station
35,j,k,check,['check'],"[('p1', 'check'), ('p2', 'check')]",-6.0,-18.0,12.0,p2,showdown,False,2,114.0,114.0,calling_station
36,k,k,max_raise,['max_raise'],"[('p1', 'max_raise'), ('p2', 'call')]",0.0,-18.0,0.0,tie,showdown,False,2,102.0,114.0,calling_station
37,j,q,check,['check'],"[('p1', 'check'), ('p2', 'check')]",-6.0,-24.0,12.0,p2,showdown,False,2,114.0,114.0,calling_station
38,q,q,check,['check'],"[('p1', 'check'), ('p2', 'check')]",0.0,-24.0,0.0,tie,showdown,False,2,114.0,114.0,calling_station
39,j,k,check,['check'],"[('p1', 'check'), ('p2', 'check')]",-6.0,-30.0,12.0,p2,showdown,False,2,114.0,114.0,calling_station
40,j,j,check,['check'],"[('p1', 'check'), ('p2', 'check')]",0.0,-30.0,0.0,tie,showdown,False,2,114.0,114.0,calling_station
41,k,j,check,['check'],"[('p1', 'check'), ('p2', 'check')]",6.0,-24.0,12.0,p1,showdown,False,2,114.0,114.0,calling_station
42,j,j,check,['check'],"[('p1', 'check'), ('p2', 'check')]",0.0,-24.0,0.0,tie,showdown,False,2,114.0,114.0,calling_station
43,k,k,max_raise,['max_raise'],"[('p1', 'max_raise'), ('p2', 'call')]",0.0,-24.0,0.0,tie,showdown,False,2,102.0,114.0,calling_station
44,j,k,check,['check'],"[('p1', 'check'), ('p2', 'check')]",-6.0,-30.0,12.0,p2,showdown,False,2,114.0,114.0,calling_station
45,q,q,check,['check'],"[('p1', 'check'), ('p2', 'check')]",0.0,-30.0,0.0,tie,showdown,False,2,114.0,114.0,calling_station
46,k,j,max_raise,['max_raise'],"[('p1', 'max_raise'), ('p2', 'call')]",18.0,-12.0,36.0,p1,showdown,False,2,102.0,114.0,calling_station
47,j,k,check,['check'],"[('p1', 'check'), ('p2', 'check')]",-6.0,-18.0,12.0,p2,showdown,False,2,114.0,114.0,calling_station
48,j,j,check,['check'],"[('p1', 'check'), ('p2', 'check')]",0.0,-18.0,0.0,tie,showdown,False,2,114.0,114.0,calling_station
49,j,j,check,['check'],"[('p1', 'check'), ('p2', 'check')]",0.0,-18.0,0.0,tie,showdown,False,2,114.0,114.0,calling_station
50,k,j,max_raise,['max_raise'],"[('p1', 'max_raise'), ('p2', 'call')]",18.0,0.0,36.0,p1,showdown,False,2,102.0,114.0,calling_station
51,k,q,max_raise,['max_raise'],"[('p1', 'max_raise'), ('p2', 'call')]",18.0,18.0,36.0,p1,showdown,False,2,102.0,114.0,calling_station
52,q,k,check,['check'],"[('p1', 'check'), ('p2', 'check')]",-6.0,12.0,12.0,p2,showdown,False,2,114.0,114.0,calling_station
53,k,q,max_raise,['max_raise'],"[('p1', 'max_raise'), ('p2', 'call')]",18.0,30.0,36.0,p1,showdown,False,2,102.0,114.0,calling_station
54,q,j,check,['check'],"[('p1', 'check'), ('p2', 'check')]",6.0,36.0,12.0,p1,showdown,False,2,114.0,114.0,calling_station
55,k,k,max_raise,['max_raise'],"[('p1', 'max_raise'), ('p2', 'call')]",0.0,36.0,0.0,tie,showdown,False,2,102.0,114.0,calling_station
56,j,j,check,['check'],"[('p1', 'check'), ('p2', 'check')]",0.0,36.0,0.0,tie,showdown,False,2,114.0,114.0,calling_station
57,k,q,max_raise,['max_raise'],"[('p1', 'max_raise'), ('p2', 'call')]",18.0,54.0,36.0,p1,showdown,False,2,102.0,114.0,calling_station
58,q,q,check,['check'],"[('p1', 'check'), ('p2', 'check')]",0.0,54.0,0.0,tie,showdown,False,2,114.0,114.0,calling_station
59,j,k,check,['check'],"[('p1', 'check'), ('p2', 'check')]",-6.0,48.0,12.0,p2,showdown,False,2,114.0,114.0,calling_station
60,k,j,max_raise,['max_raise'],"[('p1', 'max_raise'), ('p2', 'call')]",18.0,66.0,36.0,p1,showdown,False,2,102.0,114.0,calling_station
61,j,j,check,['check'],"[('p1', 'check'), ('p2', 'check')]",0.0,66.0,0.0,tie,showdown,False,2,114.0,114.0,calling_station
62,q,k,check,['check'],"[('p1', 'check'), ('p2', 'check')]",-6.0,60.0,12.0,p2,showdown,False,2,114.0,114.0,calling_station
63,j,k,check,['check'],"[('p1', 'check'), ('p2', 'check')]",-6.0,54.0,12.0,p2,showdown,False,2,114.0,114.0,calling_station
64,j,q,check,['check'],"[('p1', 'check'), ('p2', 'check')]",-6.0,48.0,12.0,p2,showdown,False,2,114.0,114.0,calling_station
65,k,k,max_raise,['max_raise'],"[('p1', 'max_raise'), ('p2', 'call')]",0.0,48.0,0.0,tie,showdown,False,2,102.0,114.0,calling_station
66,q,q,check,['check'],"[('p1', 'check'), ('p2', 'check')]",0.0,48.0,0.0,tie,showdown,False,2,114.0,114.0,calling_station
67,j,q,check,['check'],"[('p1', 'check'), ('p2', 'check')]",-6.0,42.0,12.0,p2,showdown,False,2,114.0,114.0,calling_station
68,q,j,check,['check'],"[('p1', 'check'), ('p2', 'check')]",6.0,48.0,12.0,p1,showdown,False,2,114.0,114.0,calling_station
69,q,k,check,['check'],"[('p1', 'check'), ('p2', 'check')]",-6.0,42.0,12.0,p2,showdown,False,2,114.0,114.0,calling_station
70,j,q,check,['check'],"[('p1', 'check'), ('p2', 'check')]",-6.0,36.0,12.0,p2,showdown,False,2,114.0,114.0,calling_station
71,k,q,max_raise,['max_raise'],"[('p1', 'max_raise'), ('p2', 'call')]",18.0,54.0,36.0,p1,showdown,False,2,102.0,114.0,calling_station
72,q,j,check,['check'],"[('p1', 'check'), ('p2', 'check')]",6.0,60.0,12.0,p1,showdown,False,2,114.0,114.0,calling_station
73,j,k,check,['check'],"[('p1', 'check'), ('p2', 'check')]",-6.0,54.0,12.0,p2,showdown,False,2,114.0,114.0,calling_station
74,k,k,max_raise,['max_raise'],"[('p1', 'max_raise'), ('p2', 'call')]",0.0,54.0,0.0,tie,showdown,False,2,102.0,114.0,calling_station
75,k,q,max_raise,['max_raise'],"[('p1', 'max_raise'), ('p2', 'call')]",18.0,72.0,36.0,p1,showdown,False,2,102.0,114.0,calling_station
76,q,j,check,['check'],"[('p1', 'check'), ('p2', 'check')]",6.0,78.0,12.0,p1,showdown,False,2,114.0,114.0,calling_station
77,k,q,max_raise,['max_raise'],"[('p1', 'max_raise'), ('p2', 'call')]",18.0,96.0,36.0,p1,showdown,False,2,102.0,114.0,calling_station
78,k,j,max_raise,['max_raise'],"[('p1', 'max_raise'), ('p2', 'call')]",18.0,114.0,36.0,p1,showdown,False,2,102.0,114.0,calling_station
79,k,j,max_raise,['max_raise'],"[('p1', 'max_raise'), ('p2', 'call')]",18.0,132.0,36.0,p1,showdown,False,2,102.0,114.0,calling_station
80,j,j,check,['check'],"[('p1', 'check'), ('p2', 'check')]",0.0,132.0,0.0,tie,showdown,False,2,114.0,114.0,calling_station
81,k,j,max_raise,['max_raise'],"[('p1', 'max_raise'), ('p2', 'call')]",18.0,150.0,36.0,p1,showdown,False,2,102.0,114.0,calling_station
82,j,k,check,['check'],"[('p1', 'check'), ('p2', 'check')]",-6.0,144.0,12.0,p2,showdown,False,2,114.0,114.0,calling_station
83,q,j,check,['check'],"[('p1', 'check'), ('p2', 'check')]",6.0,150.0,12.0,p1,showdown,False,2,114.0,114.0,calling_station
84,k,k,max_raise,['max_raise'],"[('p1', 'max_raise'), ('p2', 'call')]",0.0,150.0,0.0,tie,showdown,False,2,102.0,114.0,calling_station
85,q,q,max_raise,['max_raise'],"[('p1', 'max_raise'), ('p2', 'call')]",0.0,150.0,0.0,tie,showdown,False,2,102.0,114.0,calling_station
86,k,k,max_raise,['max_raise'],"[('p1', 'max_raise'), ('p2', 'call')]",0.0,150.0,0.0,tie,showdown,False,2,102.0,114.0,calling_station
87,k,q,max_raise,['max_raise'],"[('p1', 'max_raise'), ('p2', 'call')]",18.0,168.0,36.0,p1,showdown,False,2,102.0,114.0,calling_station
88,q,j,check,['check'],"[('p1', 'check'), ('p2', 'check')]",6.0,174.0,12.0,p1,showdown,False,2,114.0,114.0,calling_station
89,q,j,check,['check'],"[('p1', 'check'), ('p2', 'check')]",6.0,180.0,12.0,p1,showdown,False,2,114.0,114.0,calling_station
90,k,q,max_raise,['max_raise'],"[('p1', 'max_raise'), ('p2', 'call')]",18.0,198.0,36.0,p1,showdown,False,2,102.0,114.0,calling_station
91,k,q,max_raise,['max_raise'],"[('p1', 'max_raise'), ('p2', 'call')]",18.0,216.0,36.0,p1,showdown,False,2,102.0,114.0,calling_station
92,j,j,check,['check'],"[('p1', 'check'), ('p2', 'check')]",0.0,216.0,0.0,tie,showdown,False,2,114.0,114.0,calling_station
93,j,q,check,['check'],"[('p1', 'check'), ('p2', 'check')]",-6.0,210.0,12.0,p2,showdown,False,2,114.0,114.0,calling_station
94,q,k,max_raise,['max_raise'],"[('p1', 'max_raise'), ('p2', 'call')]",-18.0,192.0,36.0,p2,showdown,False,2,102.0,114.0,calling_station
95,q,k,check,['check'],"[('p1', 'check'), ('p2', 'check')]",-6.0,186.0,12.0,p2,showdown,False,2,114.0,114.0,calling_station
96,k,j,max_raise,['max_raise'],"[('p1', 'max_raise'), ('p2', 'call')]",18.0,204.0,36.0,p1,showdown,False,2,102.0,114.0,calling_station
97,q,k,check,['check'],"[('p1', 'check'), ('p2', 'check')]",-6.0,198.0,12.0,p2,showdown,False,2,114.0,114.0,calling_station
98,j,k,check,['check'],"[('p1', 'check'), ('p2', 'check')]",-6.0,192.0,12.0,p2,showdown,False,2,114.0,114.0,calling_station
99,q,j,check,['check'],"[('p1', 'check'), ('p2', 'check')]",6.0,198.0,12.0,p1,showdown,False,2,114.0,114.0,calling_station
100,q,q,check,['check'],"[('p1', 'check'), ('p2', 'check')]",0.0,198.0,0.0,tie,showdown,False,2,114.0,114.0,calling_station
101,q,j,check,['check'],"[('p1', 'check'), ('p2', 'check')]",6.0,204.0,12.0,p1,showdown,False,2,114.0,114.0,calling_station
102,q,j,check,['check'],"[('p1', 'check'), ('p2', 'check')]",6.0,210.0,12.0,p1,showdown,False,2,114.0,114.0,calling_station
103,j,q,max_raise,['max_raise'],"[('p1', 'max_raise'), ('p2', 'call')]",-18.0,192.0,36.0,p2,showdown,True,2,102.0,114.0,calling_station
104,k,j,max_raise,['max_raise'],"[('p1', 'max_raise'), ('p2', 'call')]",18.0,210.0,36.0,p1,showdown,False,2,102.0,114.0,calling_station
105,j,k,check,['check'],"[('p1', 'check'), ('p2', 'check')]",-6.0,204.0,12.0,p2,showdown,False,2,114.0,114.0,calling_station
106,k,j,max_raise,['max_raise'],"[('p1', 'max_raise'), ('p2', 'call')]",18.0,222.0,36.0,p1,showdown,False,2,102.0,114.0,calling_station
107,q,q,check,['check'],"[('p1', 'check'), ('p2', 'check')]",0.0,222.0,0.0,tie,showdown,False,2,114.0,114.0,calling_station
108,q,j,check,['check'],"[('p1', 'check'), ('p2', 'check')]",6.0,228.0,12.0,p1,showdown,False,2,114.0,114.0,calling_station
109,q,k,check,['check'],"[('p1', 'check'), ('p2', 'check')]",-6.0,222.0,12.0,p2,showdown,False,2,114.0,114.0,calling_station
110,q,j,check,['check'],"[('p1', 'check'), ('p2', 'check')]",6.0,228.0,12.0,p1,showdown,False,2,114.0,114.0,calling_station
111,q,k,check,['check'],"[('p1', 'check'), ('p2', 'check')]",-6.0,222.0,12.0,p2,showdown,False,2,114.0,114.0,calling_station
112,q,q,check,['check'],"[('p1', 'check'), ('p2', 'check')]",0.0,222.0,0.0,tie,showdown,False,2,114.0,114.0,calling_station
113,k,j,max_raise,['max_raise'],"[('p1', 'max_raise'), ('p2', 'call')]",18.0,240.0,36.0,p1,showdown,False,2,102.0,114.0,calling_station
114,j,k,max_raise,['max_raise'],"[('p1', 'max_raise'), ('p2', 'call')]",-18.0,222.0,36.0,p2,showdown,True,2,102.0,114.0,calling_station
115,k,q,max_raise,['max_raise'],"[('p1', 'max_raise'), ('p2', 'call')]",18.0,240.0,36.0,p1,showdown,False,2,102.0,114.0,calling_station
116,q,k,check,['check'],"[('p1', 'check'), ('p2', 'check')]",-6.0,234.0,12.0,p2,showdown,False,2,114.0,114.0,calling_station
117,j,j,max_raise,['max_raise'],"[('p1', 'max_raise'), ('p2', 'call')]",0.0,234.0,0.0,tie,showdown,True,2,102.0,114.0,calling_station
118,k,k,max_raise,['max_raise'],"[('p1', 'max_raise'), ('p2', 'call')]",0.0,234.0,0.0,tie,showdown,False,2,102.0,114.0,calling_station
119,k,j,max_raise,['max_raise'],"[('p1', 'max_raise'), ('p2', 'call')]",18.0,252.0,36.0,p1,showdown,False,2,102.0,114.0,calling_station
120,j,j,max_raise,['max_raise'],"[('p1', 'max_raise'), ('p2', 'call')]",0.0,252.0,0.0,tie,showdown,True,2,102.0,114.0,calling_station
121,q,k,check,['check'],"[('p1', 'check'), ('p2', 'check')]",-6.0,246.0,12.0,p2,showdown,False,2,114.0,114.0,calling_station
122,q,k,check,['check'],"[('p1', 'check'), ('p2', 'check')]",-6.0,240.0,12.0,p2,showdown,False,2,114.0,114.0,calling_station
123,q,j,check,['check'],"[('p1', 'check'), ('p2', 'check')]",6.0,246.0,12.0,p1,showdown,False,2,114.0,114.0,calling_station
124,k,q,max_raise,['max_raise'],"[('p1', 'max_raise'), ('p2', 'call')]",18.0,264.0,36.0,p1,showdown,False,2,102.0,114.0,calling_station
125,q,j,max_raise,['max_raise'],"[('p1', 'max_raise'), ('p2', 'call')]",18.0,282.0,36.0,p1,showdown,False,2,102.0,114.0,calling_station
126,k,k,max_raise,['max_raise'],"[('p1', 'max_raise'), ('p2', 'call')]",0.0,282.0,0.0,tie,showdown,False,2,102.0,114.0,calling_station
127,k,q,max_raise,['max_raise'],"[('p1', 'max_raise'), ('p2', 'call')]",18.0,300.0,36.0,p1,showdown,False,2,102.0,114.0,calling_station
128,k,q,max_raise,['max_raise'],"[('p1', 'max_raise'), ('p2', 'call')]",18.0,318.0,36.0,p1,showdown,False,2,102.0,114.0,calling_station
129,j,k,max_raise,['max_raise'],"[('p1', 'max_raise'), ('p2', 'call')]",-18.0,300.0,36.0,p2,showdown,True,2,102.0,114.0,calling_station
130,j,k,max_raise,['max_raise'],"[('p1', 'max_raise'), ('p2', 'call')]",-18.0,282.0,36.0,p2,showdown,True,2,102.0,114.0,calling_station
131,q,j,max_raise,['max_raise'],"[('p1', 'max_raise'), ('p2', 'call')]",18.0,300.0,36.0,p1,showdown,False,2,102.0,114.0,calling_station
132,j,k,check,['check'],"[('p1', 'check'), ('p2', 'check')]",-6.0,294.0,12.0,p2,showdown,False,2,114.0,114.0,calling_station
133,j,q,max_raise,['max_raise'],"[('p1', 'max_raise'), ('p2', 'call')]",-18.0,276.0,36.0,p2,showdown,True,2,102.0,114.0,calling_station
134,j,j,max_raise,['max_raise'],"[('p1', 'max_raise'), ('p2', 'call')]",0.0,276.0,0.0,tie,showdown,True,2,102.0,114.0,calling_station
135,k,j,max_raise,['max_raise'],"[('p1', 'max_raise'), ('p2', 'call')]",18.0,294.0,36.0,p1,showdown,False,2,102.0,114.0,calling_station
136,k,q,max_raise,['max_raise'],"[('p1', 'max_raise'), ('p2', 'call')]",18.0,312.0,36.0,p1,showdown,False,2,102.0,114.0,calling_station
137,k,q,max_raise,['max_raise'],"[('p1', 'max_raise'), ('p2', 'call')]",18.0,330.0,36.0,p1,showdown,False,2,102.0,114.0,calling_station
138,q,j,max_raise,['max_raise'],"[('p1', 'max_raise'), ('p2', 'call')]",18.0,348.0,36.0,p1,showdown,False,2,102.0,114.0,calling_station
139,q,j,max_raise,['max_raise'],"[('p1', 'max_raise'), ('p2', 'call')]",18.0,366.0,36.0,p1,showdown,False,2,102.0,114.0,calling_station
140,q,j,max_raise,['max_raise'],"[('p1', 'max_raise'), ('p2', 'call')]",18.0,384.0,36.0,p1,showdown,False,2,102.0,114.0,calling_station
141,k,k,max_raise,['max_raise'],"[('p1', 'max_raise'), ('p2', 'call')]",0.0,384.0,0.0,tie,showdown,False,2,102.0,114.0,calling_station
142,k,j,max_raise,['max_raise'],"[('p1', 'max_raise'), ('p2', 'call')]",18.0,402.0,36.0,p1,showdown,False,2,102.0,114.0,calling_station
143,q,k,max_raise,['max_raise'],"[('p1', 'max_raise'), ('p2', 'call')]",-18.0,384.0,36.0,p2,showdown,False,2,102.0,114.0,calling_station
144,k,k,max_raise,['max_raise'],"[('p1', 'max_raise'), ('p2', 'call')]",0.0,384.0,0.0,tie,showdown,False,2,102.0,114.0,calling_station
145,j,q,max_raise,['max_raise'],"[('p1', 'max_raise'), ('p2', 'call')]",-18.0,366.0,36.0,p2,showdown,True,2,102.0,114.0,calling_station
146,j,k,max_raise,['max_raise'],"[('p1', 'max_raise'), ('p2', 'call')]",-18.0,348.0,36.0,p2,showdown,True,2,102.0,114.0,calling_station
147,q,j,max_raise,['max_raise'],"[('p1', 'max_raise'), ('p2', 'call')]",18.0,366.0,36.0,p1,showdown,False,2,102.0,114.0,calling_station
148,q,q,max_raise,['max_raise'],"[('p1', 'max_raise'), ('p2', 'call')]",0.0,366.0,0.0,tie,showdown,False,2,102.0,114.0,calling_station
149,k,k,max_raise,['max_raise'],"[('p1', 'max_raise'), ('p2', 'call')]",0.0,366.0,0.0,tie,showdown,False,2,102.0,114.0,calling_station
150,k,q,max_raise,['max_raise'],"[('p1', 'max_raise'), ('p2', 'call')]",18.0,384.0,36.0,p1,showdown,False,2,102.0,114.0,calling_station
151,k,q,max_raise,['max_raise'],"[('p1', 'max_raise'), ('p2', 'call')]",18.0,402.0,36.0,p1,showdown,False,2,102.0,114.0,calling_station
152,q,k,max_raise,['max_raise'],"[('p1', 'max_raise'), ('p2', 'call')]",-18.0,384.0,36.0,p2,showdown,False,2,102.0,114.0,calling_station
153,k,q,max_raise,['max_raise'],"[('p1', 'max_raise'), ('p2', 'call')]",18.0,402.0,36.0,p1,showdown,False,2,102.0,114.0,calling_station
154,q,k,max_raise,['max_raise'],"[('p1', 'max_raise'), ('p2', 'call')]",-18.0,384.0,36.0,p2,showdown,False,2,102.0,114.0,calling_station
155,j,j,max_raise,['max_raise'],"[('p1', 'max_raise'), ('p2', 'call')]",0.0,384.0,0.0,tie,showdown,True,2,102.0,114.0,calling_station
156,q,j,max_raise,['max_raise'],"[('p1', 'max_raise'), ('p2', 'call')]",18.0,402.0,36.0,p1,showdown,False,2,102.0,114.0,calling_station
157,j,k,check,['check'],"[('p1', 'check'), ('p2', 'check')]",-6.0,396.0,12.0,p2,showdown,False,2,114.0,114.0,calling_station
158,q,k,max_raise,['max_raise'],"[('p1', 'max_raise'), ('p2', 'call')]",-18.0,378.0,36.0,p2,showdown,False,2,102.0,114.0,calling_station
159,j,j,max_raise,['max_raise'],"[('p1', 'max_raise'), ('p2', 'call')]",0.0,378.0,0.0,tie,showdown,True,2,102.0,114.0,calling_station
160,k,j,max_raise,['max_raise'],"[('p1', 'max_raise'), ('p2', 'call')]",18.0,396.0,36.0,p1,showdown,False,2,102.0,114.0,calling_station
161,j,k,max_raise,['max_raise'],"[('p1', 'max_raise'), ('p2', 'call')]",-18.0,378.0,36.0,p2,showdown,True,2,102.0,114.0,calling_station
162,q,q,max_raise,['max_raise'],"[('p1', 'max_raise'), ('p2', 'call')]",0.0,378.0,0.0,tie,showdown,False,2,102.0,114.0,calling_station
163,k,j,max_raise,['max_raise'],"[('p1', 'max_raise'), ('p2', 'call')]",18.0,396.0,36.0,p1,showdown,False,2,102.0,114.0,calling_station
164,j,k,max_raise,['max_raise'],"[('p1', 'max_raise'), ('p2', 'call')]",-18.0,378.0,36.0,p2,showdown,True,2,102.0,114.0,calling_station
165,k,k,max_raise,['max_raise'],"[('p1', 'max_raise'), ('p2', 'call')]",0.0,378.0,0.0,tie,showdown,False,2,102.0,114.0,calling_station
166,q,k,check,['check'],"[('p1', 'check'), ('p2', 'check')]",-6.0,372.0,12.0,p2,showdown,False,2,114.0,114.0,calling_station
167,q,k,max_raise,['max_raise'],"[('p1', 'max_raise'), ('p2', 'call')]",-18.0,354.0,36.0,p2,showdown,False,2,102.0,114.0,calling_station
168,k,q,max_raise,['max_raise'],"[('p1', 'max_raise'), ('p2', 'call')]",18.0,372.0,36.0,p1,showdown,False,2,102.0,114.0,calling_station
169,j,k,max_raise,['max_raise'],"[('p1', 'max_raise'), ('p2', 'call')]",-18.0,354.0,36.0,p2,showdown,True,2,102.0,114.0,calling_station
170,j,q,max_raise,['max_raise'],"[('p1', 'max_raise'), ('p2', 'call')]",-18.0,336.0,36.0,p2,showdown,True,2,102.0,114.0,calling_station
171,j,j,max_raise,['max_raise'],"[('p1', 'max_raise'), ('p2', 'call')]",0.0,336.0,0.0,tie,showdown,True,2,102.0,114.0,calling_station
172,k,q,max_raise,['max_raise'],"[('p1', 'max_raise'), ('p2', 'call')]",18.0,354.0,36.0,p1,showdown,False,2,102.0,114.0,calling_station
173,q,k,check,['check'],"[('p1', 'check'), ('p2', 'check')]",-6.0,348.0,12.0,p2,showdown,False,2,114.0,114.0,calling_station
174,q,k,max_raise,['max_raise'],"[('p1', 'max_raise'), ('p2', 'call')]",-18.0,330.0,36.0,p2,showdown,False,2,102.0,114.0,calling_station
175,j,j,max_raise,['max_raise'],"[('p1', 'max_raise'), ('p2', 'call')]",0.0,330.0,0.0,tie,showdown,True,2,102.0,114.0,calling_station
176,q,k,max_raise,['max_raise'],"[('p1', 'max_raise'), ('p2', 'call')]",-18.0,312.0,36.0,p2,showdown,False,2,102.0,114.0,calling_station
177,q,k,max_raise,['max_raise'],"[('p1', 'max_raise'), ('p2', 'call')]",-18.0,294.0,36.0,p2,showdown,False,2,102.0,114.0,calling_station
178,k,k,max_raise,['max_raise'],"[('p1', 'max_raise'), ('p2', 'call')]",0.0,294.0,0.0,tie,showdown,False,2,102.0,114.0,calling_station
179,k,j,max_raise,['max_raise'],"[('p1', 'max_raise'), ('p2', 'call')]",18.0,312.0,36.0,p1,showdown,False,2,102.0,114.0,calling_station
180,q,j,max_raise,['max_raise'],"[('p1', 'max_raise'), ('p2', 'call')]",18.0,330.0,36.0,p1,showdown,False,2,102.0,114.0,calling_station
181,j,k,max_raise,['max_raise'],"[('p1', 'max_raise'), ('p2', 'call')]",-18.0,312.0,36.0,p2,showdown,True,2,102.0,114.0,calling_station
182,q,q,max_raise,['max_raise'],"[('p1', 'max_raise'), ('p2', 'call')]",0.0,312.0,0.0,tie,showdown,False,2,102.0,114.0,calling_station
183,j,j,max_raise,['max_raise'],"[('p1', 'max_raise'), ('p2', 'call')]",0.0,312.0,0.0,tie,showdown,True,2,102.0,114.0,calling_station
184,q,j,check,['check'],"[('p1', 'check'), ('p2', 'check')]",6.0,318.0,12.0,p1,showdown,False,2,114.0,114.0,calling_station
185,k,k,max_raise,['max_raise'],"[('p1', 'max_raise'), ('p2', 'call')]",0.0,318.0,0.0,tie,showdown,False,2,102.0,114.0,calling_station
186,k,k,max_raise,['max_raise'],"[('p1', 'max_raise'), ('p2', 'call')]",0.0,318.0,0.0,tie,showdown,False,2,102.0,114.0,calling_station
187,j,j,max_raise,['max_raise'],"[('p1', 'max_raise'), ('p2', 'call')]",0.0,318.0,0.0,tie,showdown,True,2,102.0,114.0,calling_station
188,j,k,max_raise,['max_raise'],"[('p1', 'max_raise'), ('p2', 'call')]",-18.0,300.0,36.0,p2,showdown,True,2,102.0,114.0,calling_station
189,j,j,max_raise,['max_raise'],"[('p1', 'max_raise'), ('p2', 'call')]",0.0,300.0,0.0,tie,showdown,True,2,102.0,114.0,calling_station
190,k,q,max_raise,['max_raise'],"[('p1', 'max_raise'), ('p2', 'call')]",18.0,318.0,36.0,p1,showdown,False,2,102.0,114.0,calling_station
191,j,j,max_raise,['max_raise'],"[('p1', 'max_raise'), ('p2', 'call')]",0.0,318.0,0.0,tie,showdown,True,2,102.0,114.0,calling_station
192,k,k,max_raise,['max_raise'],"[('p1', 'max_raise'), ('p2', 'call')]",0.0,318.0,0.0,tie,showdown,False,2,102.0,114.0,calling_station
193,q,j,max_raise,['max_raise'],"[('p1', 'max_raise'), ('p2', 'call')]",18.0,336.0,36.0,p1,showdown,False,2,102.0,114.0,calling_station
194,q,q,max_raise,['max_raise'],"[('p1', 'max_raise'), ('p2', 'call')]",0.0,336.0,0.0,tie,showdown,False,2,102.0,114.0,calling_station
195,q,j,max_raise,['max_raise'],"[('p1', 'max_raise'), ('p2', 'call')]",18.0,354.0,36.0,p1,showdown,False,2,102.0,114.0,calling_station
196,q,j,check,['check'],"[('p1', 'check'), ('p2', 'check')]",6.0,360.0,12.0,p1,showdown,False,2,114.0,114.0,calling_station
197,q,j,max_raise,['max_raise'],"[('p1', 'max_raise'), ('p2', 'call')]",18.0,378.0,36.0,p1,showdown,False,2,102.0,114.0,calling_station
198,k,j,max_raise,['max_raise'],"[('p1', 'max_raise'), ('p2', 'call')]",18.0,396.0,36.0,p1,showdown,False,2,102.0,114.0,calling_station
199,k,j,max_raise,['max_raise'],"[('p1', 'max_raise'), ('p2', 'call')]",18.0,414.0,36.0,p1,showdown,False,2,102.0,114.0,calling_station
200,q,q,max_raise,['max_raise'],"[('p1', 'max_raise'), ('p2', 'call')]",0.0,414.0,0.0,tie,showdown,False,2,102.0,114.0,calling_station
201,q,k,max_raise,['max_raise'],"[('p1', 'max_raise'), ('p2', 'call')]",-18.0,396.0,36.0,p2,showdown,False,2,102.0,114.0,calling_station
202,k,q,max_raise,['max_raise'],"[('p1', 'max_raise'), ('p2', 'call')]",18.0,414.0,36.0,p1,showdown,False,2,102.0,114.0,calling_station
203,q,j,max_raise,['max_raise'],"[('p1', 'max_raise'), ('p2', 'call')]",18.0,432.0,36.0,p1,showdown,False,2,102.0,114.0,calling_station
204,j,k,max_raise,['max_raise'],"[('p1', 'max_raise'), ('p2', 'call')]",-18.0,414.0,36.0,p2,showdown,True,2,102.0,114.0,calling_station
205,q,j,max_raise,['max_raise'],"[('p1', 'max_raise'), ('p2', 'call')]",18.0,432.0,36.0,p1,showdown,False,2,102.0,114.0,calling_station
206,q,k,max_raise,['max_raise'],"[('p1', 'max_raise'), ('p2', 'call')]",-18.0,414.0,36.0,p2,showdown,False,2,102.0,114.0,calling_station
207,q,j,max_raise,['max_raise'],"[('p1', 'max_raise'), ('p2', 'call')]",18.0,432.0,36.0,p1,showdown,False,2,102.0,114.0,calling_station
208,j,k,check,['check'],"[('p1', 'check'), ('p2', 'check')]",-6.0,426.0,12.0,p2,showdown,False,2,114.0,114.0,calling_station
209,q,j,max_raise,['max_raise'],"[('p1', 'max_raise'), ('p2', 'call')]",18.0,444.0,36.0,p1,showdown,False,2,102.0,114.0,calling_station
210,q,k,max_raise,['max_raise'],"[('p1', 'max_raise'), ('p2', 'call')]",-18.0,426.0,36.0,p2,showdown,False,2,102.0,114.0,calling_station
211,k,q,max_raise,['max_raise'],"[('p1', 'max_raise'), ('p2', 'call')]",18.0,444.0,36.0,p1,showdown,False,2,102.0,114.0,calling_station
212,q,q,max_raise,['max_raise'],"[('p1', 'max_raise'), ('p2', 'call')]",0.0,444.0,0.0,tie,showdown,False,2,102.0,114.0,calling_station
213,q,k,check,['check'],"[('p1', 'check'), ('p2', 'check')]",-6.0,438.0,12.0,p2,showdown,False,2,114.0,114.0,calling_station
214,q,j,max_raise,['max_raise'],"[('p1', 'max_raise'), ('p2', 'call')]",18.0,456.0,36.0,p1,showdown,False,2,102.0,114.0,calling_station
215,k,q,max_raise,['max_raise'],"[('p1', 'max_raise'), ('p2', 'call')]",18.0,474.0,36.0,p1,showdown,False,2,102.0,114.0,calling_station
216,k,k,max_raise,['max_raise'],"[('p1', 'max_raise'), ('p2', 'call')]",0.0,474.0,0.0,tie,showdown,False,2,102.0,114.0,calling_station
217,k,k,max_raise,['max_raise'],"[('p1', 'max_raise'), ('p2', 'call')]",0.0,474.0,0.0,tie,showdown,False,2,102.0,114.0,calling_station
218,j,k,max_raise,['max_raise'],"[('p1', 'max_raise'), ('p2', 'call')]",-18.0,456.0,36.0,p2,showdown,True,2,102.0,114.0,calling_station
219,q,j,max_raise,['max_raise'],"[('p1', 'max_raise'), ('p2', 'call')]",18.0,474.0,36.0,p1,showdown,False,2,102.0,114.0,calling_station
220,j,q,max_raise,['max_raise'],"[('p1', 'max_raise'), ('p2', 'call')]",-18.0,456.0,36.0,p2,showdown,True,2,102.0,114.0,calling_station
221,q,q,max_raise,['max_raise'],"[('p1', 'max_raise'), ('p2', 'call')]",0.0,456.0,0.0,tie,showdown,False,2,102.0,114.0,calling_station
222,k,k,max_raise,['max_raise'],"[('p1', 'max_raise'), ('p2', 'call')]",0.0,456.0,0.0,tie,showdown,False,2,102.0,114.0,calling_station
223,k,j,max_raise,['max_raise'],"[('p1', 'max_raise'), ('p2', 'call')]",18.0,474.0,36.0,p1,showdown,False,2,102.0,114.0,calling_station
224,k,q,max_raise,['max_raise'],"[('p1', 'max_raise'), ('p2', 'call')]",18.0,492.0,36.0,p1,showdown,False,2,102.0,114.0,calling_station
225,q,k,max_raise,['max_raise'],"[('p1', 'max_raise'), ('p2', 'call')]",-18.0,474.0,36.0,p2,showdown,False,2,102.0,114.0,calling_station
226,q,q,max_raise,['max_raise'],"[('p1', 'max_raise'), ('p2', 'call')]",0.0,474.0,0.0,tie,showdown,False,2,102.0,114.0,calling_station
227,q,q,max_raise,['max_raise'],"[('p1', 'max_raise'), ('p2', 'call')]",0.0,474.0,0.0,tie,showdown,False,2,102.0,114.0,calling_station
228,j,k,max_raise,['max_raise'],"[('p1', 'max_raise'), ('p2', 'call')]",-18.0,456.0,36.0,p2,showdown,True,2,102.0,114.0,calling_station
229,q,j,max_raise,['max_raise'],"[('p1', 'max_raise'), ('p2', 'call')]",18.0,474.0,36.0,p1,showdown,False,2,102.0,114.0,calling_station
230,q,j,max_raise,['max_raise'],"[('p1', 'max_raise'), ('p2', 'call')]",18.0,492.0,36.0,p1,showdown,False,2,102.0,114.0,calling_station
231,k,k,max_raise,['max_raise'],"[('p1', 'max_raise'), ('p2', 'call')]",0.0,492.0,0.0,tie,showdown,False,2,102.0,114.0,calling_station
232,q,j,max_raise,['max_raise'],"[('p1', 'max_raise'), ('p2', 'call')]",18.0,510.0,36.0,p1,showdown,False,2,102.0,114.0,calling_station
233,q,k,max_raise,['max_raise'],"[('p1', 'max_raise'), ('p2', 'call')]",-18.0,492.0,36.0,p2,showdown,False,2,102.0,114.0,calling_station
234,q,q,max_raise,['max_raise'],"[('p1', 'max_raise'), ('p2', 'call')]",0.0,492.0,0.0,tie,showdown,False,2,102.0,114.0,calling_station
235,k,j,max_raise,['max_raise'],"[('p1', 'max_raise'), ('p2', 'call')]",18.0,510.0,36.0,p1,showdown,False,2,102.0,114.0,calling_station
236,q,j,max_raise,['max_raise'],"[('p1', 'max_raise'), ('p2', 'call')]",18.0,528.0,36.0,p1,showdown,False,2,102.0,114.0,calling_station
237,q,j,max_raise,['max_raise'],"[('p1', 'max_raise'), ('p2', 'call')]",18.0,546.0,36.0,p1,showdown,False,2,102.0,114.0,calling_station
238,j,q,check,['check'],"[('p1', 'check'), ('p2', 'check')]",-6.0,540.0,12.0,p2,showdown,False,2,114.0,114.0,calling_station
239,q,j,max_raise,['max_raise'],"[('p1', 'max_raise'), ('p2', 'call')]",18.0,558.0,36.0,p1,showdown,False,2,102.0,114.0,calling_station
240,j,k,max_raise,['max_raise'],"[('p1', 'max_raise'), ('p2', 'call')]",-18.0,540.0,36.0,p2,showdown,True,2,102.0,114.0,calling_station
241,k,j,max_raise,['max_raise'],"[('p1', 'max_raise'), ('p2', 'call')]",18.0,558.0,36.0,p1,showdown,False,2,102.0,114.0,calling_station
242,k,j,max_raise,['max_raise'],"[('p1', 'max_raise'), ('p2', 'call')]",18.0,576.0,36.0,p1,showdown,False,2,102.0,114.0,calling_station
243,q,j,max_raise,['max_raise'],"[('p1', 'max_raise'), ('p2', 'call')]",18.0,594.0,36.0,p1,showdown,False,2,102.0,114.0,calling_station
244,k,k,max_raise,['max_raise'],"[('p1', 'max_raise'), ('p2', 'call')]",0.0,594.0,0.0,tie,showdown,False,2,102.0,114.0,calling_station
245,k,j,max_raise,['max_raise'],"[('p1', 'max_raise'), ('p2', 'call')]",18.0,612.0,36.0,p1,showdown,False,2,102.0,114.0,calling_station
246,k,q,max_raise,['max_raise'],"[('p1', 'max_raise'), ('p2', 'call')]",18.0,630.0,36.0,p1,showdown,False,2,102.0,114.0,calling_station
247,q,j,max_raise,['max_raise'],"[('p1', 'max_raise'), ('p2', 'call')]",18.0,648.0,36.0,p1,showdown,False,2,102.0,114.0,calling_station
248,k,q,max_raise,['max_raise'],"[('p1', 'max_raise'), ('p2', 'call')]",18.0,666.0,36.0,p1,showdown,False,2,102.0,114.0,calling_station
249,q,j,max_raise,['max_raise'],"[('p1', 'max_raise'), ('p2', 'call')]",18.0,684.0,36.0,p1,showdown,False,2,102.0,114.0,calling_station
250,j,j,max_raise,['max_raise'],"[('p1', 'max_raise'), ('p2', 'call')]",0.0,684.0,0.0,tie,showdown,True,2,102.0,114.0,calling_station
251,k,k,max_raise,['max_raise'],"[('p1', 'max_raise'), ('p2', 'call')]",0.0,684.0,0.0,tie,showdown,False,2,102.0,114.0,calling_station
252,k,q,max_raise,['max_raise'],"[('p1', 'max_raise'), ('p2', 'call')]",18.0,702.0,36.0,p1,showdown,False,2,102.0,114.0,calling_station
253,j,j,max_raise,['max_raise'],"[('p1', 'max_raise'), ('p2', 'call')]",0.0,702.0,0.0,tie,showdown,True,2,102.0,114.0,calling_station
254,q,j,max_raise,['max_raise'],"[('p1', 'max_raise'), ('p2', 'call')]",18.0,720.0,36.0,p1,showdown,False,2,102.0,114.0,calling_station
255,q,k,max_raise,['max_raise'],"[('p1', 'max_raise'), ('p2', 'call')]",-18.0,702.0,36.0,p2,showdown,False,2,102.0,114.0,calling_station
256,q,q,max_raise,['max_raise'],"[('p1', 'max_raise'), ('p2', 'call')]",0.0,702.0,0.0,tie,showdown,False,2,102.0,114.0,calling_station
257,j,k,max_raise,['max_raise'],"[('p1', 'max_raise'), ('p2', 'call')]",-18.0,684.0,36.0,p2,showdown,True,2,102.0,114.0,calling_station
258,j,j,max_raise,['max_raise'],"[('p1', 'max_raise'), ('p2', 'call')]",0.0,684.0,0.0,tie,showdown,True,2,102.0,114.0,calling_station
259,j,j,max_raise,['max_raise'],"[('p1', 'max_raise'), ('p2', 'call')]",0.0,684.0,0.0,tie,showdown,True,2,102.0,114.0,calling_station
260,j,k,max_raise,['max_raise'],"[('p1', 'max_raise'), ('p2', 'call')]",-18.0,666.0,36.0,p2,showdown,True,2,102.0,114.0,calling_station
261,q,j,max_raise,['max_raise'],"[('p1', 'max_raise'), ('p2', 'call')]",18.0,684.0,36.0,p1,showdown,False,2,102.0,114.0,calling_station
262,j,k,max_raise,['max_raise'],"[('p1', 'max_raise'), ('p2', 'call')]",-18.0,666.0,36.0,p2,showdown,True,2,102.0,114.0,calling_station
263,k,k,max_raise,['max_raise'],"[('p1', 'max_raise'), ('p2', 'call')]",0.0,666.0,0.0,tie,showdown,False,2,102.0,114.0,calling_station
264,k,j,max_raise,['max_raise'],"[('p1', 'max_raise'), ('p2', 'call')]",18.0,684.0,36.0,p1,showdown,False,2,102.0,114.0,calling_station
265,j,q,max_raise,['max_raise'],"[('p1', 'max_raise'), ('p2', 'call')]",-18.0,666.0,36.0,p2,showdown,True,2,102.0,114.0,calling_station
266,q,k,max_raise,['max_raise'],"[('p1', 'max_raise'), ('p2', 'call')]",-18.0,648.0,36.0,p2,showdown,False,2,102.0,114.0,calling_station
267,j,k,check,['check'],"[('p1', 'check'), ('p2', 'check')]",-6.0,642.0,12.0,p2,showdown,False,2,114.0,114.0,calling_station
268,j,j,max_raise,['max_raise'],"[('p1', 'max_raise'), ('p2', 'call')]",0.0,642.0,0.0,tie,showdown,True,2,102.0,114.0,calling_station
269,q,j,max_raise,['max_raise'],"[('p1', 'max_raise'), ('p2', 'call')]",18.0,660.0,36.0,p1,showdown,False,2,102.0,114.0,calling_station
270,j,q,max_raise,['max_raise'],"[('p1', 'max_raise'), ('p2', 'call')]",-18.0,642.0,36.0,p2,showdown,True,2,102.0,114.0,calling_station
271,j,q,max_raise,['max_raise'],"[('p1', 'max_raise'), ('p2', 'call')]",-18.0,624.0,36.0,p2,showdown,True,2,102.0,114.0,calling_station
272,k,k,max_raise,['max_raise'],"[('p1', 'max_raise'), ('p2', 'call')]",0.0,624.0,0.0,tie,showdown,False,2,102.0,114.0,calling_station
273,q,q,max_raise,['max_raise'],"[('p1', 'max_raise'), ('p2', 'call')]",0.0,624.0,0.0,tie,showdown,False,2,102.0,114.0,calling_station
274,k,q,max_raise,['max_raise'],"[('p1', 'max_raise'), ('p2', 'call')]",18.0,642.0,36.0,p1,showdown,False,2,102.0,114.0,calling_station
275,k,q,max_raise,['max_raise'],"[('p1', 'max_raise'), ('p2', 'call')]",18.0,660.0,36.0,p1,showdown,False,2,102.0,114.0,calling_station
276,q,q,max_raise,['max_raise'],"[('p1', 'max_raise'), ('p2', 'call')]",0.0,660.0,0.0,tie,showdown,False,2,102.0,114.0,calling_station
277,k,q,max_raise,['max_raise'],"[('p1', 'max_raise'), ('p2', 'call')]",18.0,678.0,36.0,p1,showdown,False,2,102.0,114.0,calling_station
278,k,q,max_raise,['max_raise'],"[('p1', 'max_raise'), ('p2', 'call')]",18.0,696.0,36.0,p1,showdown,False,2,102.0,114.0,calling_station
279,k,k,max_raise,['max_raise'],"[('p1', 'max_raise'), ('p2', 'call')]",0.0,696.0,0.0,tie,showdown,False,2,102.0,114.0,calling_station
280,j,k,max_raise,['max_raise'],"[('p1', 'max_raise'), ('p2', 'call')]",-18.0,678.0,36.0,p2,showdown,True,2,102.0,114.0,calling_station
281,k,j,max_raise,['max_raise'],"[('p1', 'max_raise'), ('p2', 'call')]",18.0,696.0,36.0,p1,showdown,False,2,102.0,114.0,calling_station
282,j,k,max_raise,['max_raise'],"[('p1', 'max_raise'), ('p2', 'call')]",-18.0,678.0,36.0,p2,showdown,True,2,102.0,114.0,calling_station
283,k,k,max_raise,['max_raise'],"[('p1', 'max_raise'), ('p2', 'call')]",0.0,678.0,0.0,tie,showdown,False,2,102.0,114.0,calling_station
284,q,j,max_raise,['max_raise'],"[('p1', 'max_raise'), ('p2', 'call')]",18.0,696.0,36.0,p1,showdown,False,2,102.0,114.0,calling_station
285,j,k,max_raise,['max_raise'],"[('p1', 'max_raise'), ('p2', 'call')]",-18.0,678.0,36.0,p2,showdown,True,2,102.0,114.0,calling_station
286,k,q,max_raise,['max_raise'],"[('p1', 'max_raise'), ('p2', 'call')]",18.0,696.0,36.0,p1,showdown,False,2,102.0,114.0,calling_station
287,q,j,max_raise,['max_raise'],"[('p1', 'max_raise'), ('p2', 'call')]",18.0,714.0,36.0,p1,showdown,False,2,102.0,114.0,calling_station
288,k,k,max_raise,['max_raise'],"[('p1', 'max_raise'), ('p2', 'call')]",0.0,714.0,0.0,tie,showdown,False,2,102.0,114.0,calling_station
289,k,q,max_raise,['max_raise'],"[('p1', 'max_raise'), ('p2', 'call')]",18.0,732.0,36.0,p1,showdown,False,2,102.0,114.0,calling_station
290,q,j,max_raise,['max_raise'],"[('p1', 'max_raise'), ('p2', 'call')]",18.0,750.0,36.0,p1,showdown,False,2,102.0,114.0,calling_station
291,k,k,max_raise,['max_raise'],"[('p1', 'max_raise'), ('p2', 'call')]",0.0,750.0,0.0,tie,showdown,False,2,102.0,114.0,calling_station
292,q,q,max_raise,['max_raise'],"[('p1', 'max_raise'), ('p2', 'call')]",0.0,750.0,0.0,tie,showdown,False,2,102.0,114.0,calling_station
293,q,k,max_raise,['max_raise'],"[('p1', 'max_raise'), ('p2', 'call')]",-18.0,732.0,36.0,p2,showdown,False,2,102.0,114.0,calling_station
294,q,j,max_raise,['max_raise'],"[('p1', 'max_raise'), ('p2', 'call')]",18.0,750.0,36.0,p1,showdown,False,2,102.0,114.0,calling_station
295,k,q,max_raise,['max_raise'],"[('p1', 'max_raise'), ('p2', 'call')]",18.0,768.0,36.0,p1,showdown,False,2,102.0,114.0,calling_station
296,j,j,max_raise,['max_raise'],"[('p1', 'max_raise'), ('p2', 'call')]",0.0,768.0,0.0,tie,showdown,True,2,102.0,114.0,calling_station
297,k,k,max_raise,['max_raise'],"[('p1', 'max_raise'), ('p2', 'call')]",0.0,768.0,0.0,tie,showdown,False,2,102.0,114.0,calling_station
298,k,j,max_raise,['max_raise'],"[('p1', 'max_raise'), ('p2', 'call')]",18.0,786.0,36.0,p1,showdown,False,2,102.0,114.0,calling_station
299,j,q,check,['check'],"[('p1', 'check'), ('p2', 'check')]",-6.0,780.0,12.0,p2,showdown,False,2,114.0,114.0,calling_station
300,j,j,max_raise,['max_raise'],"[('p1', 'max_raise'), ('p2', 'call')]",0.0,780.0,0.0,tie,showdown,True,2,102.0,114.0,calling_station
301,j,q,max_raise,['max_raise'],"[('p1', 'max_raise'), ('p2', 'call')]",-18.0,762.0,36.0,p2,showdown,True,2,102.0,114.0,calling_station
302,q,k,max_raise,['max_raise'],"[('p1', 'max_raise'), ('p2', 'call')]",-18.0,744.0,36.0,p2,showdown,False,2,102.0,114.0,calling_station
303,k,q,max_raise,['max_raise'],"[('p1', 'max_raise'), ('p2', 'call')]",18.0,762.0,36.0,p1,showdown,False,2,102.0,114.0,calling_station
304,k,q,max_raise,['max_raise'],"[('p1', 'max_raise'), ('p2', 'call')]",18.0,780.0,36.0,p1,showdown,False,2,102.0,114.0,calling_station
305,k,k,max_raise,['max_raise'],"[('p1', 'max_raise'), ('p2', 'call')]",0.0,780.0,0.0,tie,showdown,False,2,102.0,114.0,calling_station
306,q,k,max_raise,['max_raise'],"[('p1', 'max_raise'), ('p2', 'call')]",-18.0,762.0,36.0,p2,showdown,False,2,102.0,114.0,calling_station
307,k,k,max_raise,['max_raise'],"[('p1', 'max_raise'), ('p2', 'call')]",0.0,762.0,0.0,tie,showdown,False,2,102.0,114.0,calling_station
308,j,k,max_raise,['max_raise'],"[('p1', 'max_raise'), ('p2', 'call')]",-18.0,744.0,36.0,p2,showdown,True,2,102.0,114.0,calling_station
309,j,k,max_raise,['max_raise'],"[('p1', 'max_raise'), ('p2', 'call')]",-18.0,726.0,36.0,p2,showdown,True,2,102.0,114.0,calling_station
310,k,k,max_raise,['max_raise'],"[('p1', 'max_raise'), ('p2', 'call')]",0.0,726.0,0.0,tie,showdown,False,2,102.0,114.0,calling_station
311,q,k,max_raise,['max_raise'],"[('p1', 'max_raise'), ('p2', 'call')]",-18.0,708.0,36.0,p2,showdown,False,2,102.0,114.0,calling_station
312,k,q,max_raise,['max_raise'],"[('p1', 'max_raise'), ('p2', 'call')]",18.0,726.0,36.0,p1,showdown,False,2,102.0,114.0,calling_station
313,k,q,max_raise,['max_raise'],"[('p1', 'max_raise'), ('p2', 'call')]",18.0,744.0,36.0,p1,showdown,False,2,102.0,114.0,calling_station
314,q,k,max_raise,['max_raise'],"[('p1', 'max_raise'), ('p2', 'call')]",-18.0,726.0,36.0,p2,showdown,False,2,102.0,114.0,calling_station
315,j,k,max_raise,['max_raise'],"[('p1', 'max_raise'), ('p2', 'call')]",-18.0,708.0,36.0,p2,showdown,True,2,102.0,114.0,calling_station
316,q,j,max_raise,['max_raise'],"[('p1', 'max_raise'), ('p2', 'call')]",18.0,726.0,36.0,p1,showdown,False,2,102.0,114.0,calling_station
317,q,k,max_raise,['max_raise'],"[('p1', 'max_raise'), ('p2', 'call')]",-18.0,708.0,36.0,p2,showdown,False,2,102.0,114.0,calling_station
318,k,j,max_raise,['max_raise'],"[('p1', 'max_raise'), ('p2', 'call')]",18.0,726.0,36.0,p1,showdown,False,2,102.0,114.0,calling_station
319,q,k,max_raise,['max_raise'],"[('p1', 'max_raise'), ('p2', 'call')]",-18.0,708.0,36.0,p2,showdown,False,2,102.0,114.0,calling_station
320,j,q,max_raise,['max_raise'],"[('p1', 'max_raise'), ('p2', 'call')]",-18.0,690.0,36.0,p2,showdown,True,2,102.0,114.0,calling_station
321,k,j,max_raise,['max_raise'],"[('p1', 'max_raise'), ('p2', 'call')]",18.0,708.0,36.0,p1,showdown,False,2,102.0,114.0,calling_station
322,q,k,max_raise,['max_raise'],"[('p1', 'max_raise'), ('p2', 'call')]",-18.0,690.0,36.0,p2,showdown,False,2,102.0,114.0,calling_station
323,q,j,max_raise,['max_raise'],"[('p1', 'max_raise'), ('p2', 'call')]",18.0,708.0,36.0,p1,showdown,False,2,102.0,114.0,calling_station
324,j,k,min_raise,['min_raise'],"[('p1', 'min_raise'), ('p2', 'call')]",-12.0,696.0,24.0,p2,showdown,True,2,108.0,114.0,calling_station
325,j,k,max_raise,['max_raise'],"[('p1', 'max_raise'), ('p2', 'call')]",-18.0,678.0,36.0,p2,showdown,True,2,102.0,114.0,calling_station
326,q,j,max_raise,['max_raise'],"[('p1', 'max_raise'), ('p2', 'call')]",18.0,696.0,36.0,p1,showdown,False,2,102.0,114.0,calling_station
327,k,j,max_raise,['max_raise'],"[('p1', 'max_raise'), ('p2', 'call')]",18.0,714.0,36.0,p1,showdown,False,2,102.0,114.0,calling_station
328,j,k,max_raise,['max_raise'],"[('p1', 'max_raise'), ('p2', 'call')]",-18.0,696.0,36.0,p2,showdown,True,2,102.0,114.0,calling_station
329,q,k,max_raise,['max_raise'],"[('p1', 'max_raise'), ('p2', 'call')]",-18.0,678.0,36.0,p2,showdown,False,2,102.0,114.0,calling_station
330,j,q,max_raise,['max_raise'],"[('p1', 'max_raise'), ('p2', 'call')]",-18.0,660.0,36.0,p2,showdown,True,2,102.0,114.0,calling_station
331,j,q,max_raise,['max_raise'],"[('p1', 'max_raise'), ('p2', 'call')]",-18.0,642.0,36.0,p2,showdown,True,2,102.0,114.0,calling_station
332,j,q,max_raise,['max_raise'],"[('p1', 'max_raise'), ('p2', 'call')]",-18.0,624.0,36.0,p2,showdown,True,2,102.0,114.0,calling_station
333,q,q,max_raise,['max_raise'],"[('p1', 'max_raise'), ('p2', 'call')]",0.0,624.0,0.0,tie,showdown,False,2,102.0,114.0,calling_station
334,q,k,max_raise,['max_raise'],"[('p1', 'max_raise'), ('p2', 'call')]",-18.0,606.0,36.0,p2,showdown,False,2,102.0,114.0,calling_station
335,k,q,max_raise,['max_raise'],"[('p1', 'max_raise'), ('p2', 'call')]",18.0,624.0,36.0,p1,showdown,False,2,102.0,114.0,calling_station
336,k,q,max_raise,['max_raise'],"[('p1', 'max_raise'), ('p2', 'call')]",18.0,642.0,36.0,p1,showdown,False,2,102.0,114.0,calling_station
337,k,k,max_raise,['max_raise'],"[('p1', 'max_raise'), ('p2', 'call')]",0.0,642.0,0.0,tie,showdown,False,2,102.0,114.0,calling_station
338,j,k,max_raise,['max_raise'],"[('p1', 'max_raise'), ('p2', 'call')]",-18.0,624.0,36.0,p2,showdown,True,2,102.0,114.0,calling_station
339,k,j,max_raise,['max_raise'],"[('p1', 'max_raise'), ('p2', 'call')]",18.0,642.0,36.0,p1,showdown,False,2,102.0,114.0,calling_station
340,q,j,max_raise,['max_raise'],"[('p1', 'max_raise'), ('p2', 'call')]",18.0,660.0,36.0,p1,showdown,False,2,102.0,114.0,calling_station
341,k,q,max_raise,['max_raise'],"[('p1', 'max_raise'), ('p2', 'call')]",18.0,678.0,36.0,p1,showdown,False,2,102.0,114.0,calling_station
342,q,q,max_raise,['max_raise'],"[('p1', 'max_raise'), ('p2', 'call')]",0.0,678.0,0.0,tie,showdown,False,2,102.0,114.0,calling_station
343,k,q,max_raise,['max_raise'],"[('p1', 'max_raise'), ('p2', 'call')]",18.0,696.0,36.0,p1,showdown,False,2,102.0,114.0,calling_station
344,j,j,check,['check'],"[('p1', 'check'), ('p2', 'check')]",0.0,696.0,0.0,tie,showdown,False,2,114.0,114.0,calling_station
345,k,j,max_raise,['max_raise'],"[('p1', 'max_raise'), ('p2', 'call')]",18.0,714.0,36.0,p1,showdown,False,2,102.0,114.0,calling_station
346,j,k,check,['check'],"[('p1', 'check'), ('p2', 'check')]",-6.0,708.0,12.0,p2,showdown,False,2,114.0,114.0,calling_station
347,j,k,check,['check'],"[('p1', 'check'), ('p2', 'check')]",-6.0,702.0,12.0,p2,showdown,False,2,114.0,114.0,calling_station
348,q,q,max_raise,['max_raise'],"[('p1', 'max_raise'), ('p2', 'call')]",0.0,702.0,0.0,tie,showdown,False,2,102.0,114.0,calling_station
349,k,q,max_raise,['max_raise'],"[('p1', 'max_raise'), ('p2', 'call')]",18.0,720.0,36.0,p1,showdown,False,2,102.0,114.0,calling_station
350,k,j,max_raise,['max_raise'],"[('p1', 'max_raise'), ('p2', 'call')]",18.0,738.0,36.0,p1,showdown,False,2,102.0,114.0,calling_station
351,j,q,max_raise,['max_raise'],"[('p1', 'max_raise'), ('p2', 'call')]",-18.0,720.0,36.0,p2,showdown,True,2,102.0,114.0,calling_station
352,q,j,max_raise,['max_raise'],"[('p1', 'max_raise'), ('p2', 'call')]",18.0,738.0,36.0,p1,showdown,False,2,102.0,114.0,calling_station
353,q,k,max_raise,['max_raise'],"[('p1', 'max_raise'), ('p2', 'call')]",-18.0,720.0,36.0,p2,showdown,False,2,102.0,114.0,calling_station
354,k,q,max_raise,['max_raise'],"[('p1', 'max_raise'), ('p2', 'call')]",18.0,738.0,36.0,p1,showdown,False,2,102.0,114.0,calling_station
355,j,k,max_raise,['max_raise'],"[('p1', 'max_raise'), ('p2', 'call')]",-18.0,720.0,36.0,p2,showdown,True,2,102.0,114.0,calling_station
356,q,j,max_raise,['max_raise'],"[('p1', 'max_raise'), ('p2', 'call')]",18.0,738.0,36.0,p1,showdown,False,2,102.0,114.0,calling_station
357,k,k,max_raise,['max_raise'],"[('p1', 'max_raise'), ('p2', 'call')]",0.0,738.0,0.0,tie,showdown,False,2,102.0,114.0,calling_station
358,k,j,max_raise,['max_raise'],"[('p1', 'max_raise'), ('p2', 'call')]",18.0,756.0,36.0,p1,showdown,False,2,102.0,114.0,calling_station
359,j,j,max_raise,['max_raise'],"[('p1', 'max_raise'), ('p2', 'call')]",0.0,756.0,0.0,tie,showdown,True,2,102.0,114.0,calling_station
360,k,j,max_raise,['max_raise'],"[('p1', 'max_raise'), ('p2', 'call')]",18.0,774.0,36.0,p1,showdown,False,2,102.0,114.0,calling_station
361,q,q,max_raise,['max_raise'],"[('p1', 'max_raise'), ('p2', 'call')]",0.0,774.0,0.0,tie,showdown,False,2,102.0,114.0,calling_station
362,k,j,max_raise,['max_raise'],"[('p1', 'max_raise'), ('p2', 'call')]",18.0,792.0,36.0,p1,showdown,False,2,102.0,114.0,calling_station
363,q,k,max_raise,['max_raise'],"[('p1', 'max_raise'), ('p2', 'call')]",-18.0,774.0,36.0,p2,showdown,False,2,102.0,114.0,calling_station
364,j,q,max_raise,['max_raise'],"[('p1', 'max_raise'), ('p2', 'call')]",-18.0,756.0,36.0,p2,showdown,True,2,102.0,114.0,calling_station
365,j,q,max_raise,['max_raise'],"[('p1', 'max_raise'), ('p2', 'call')]",-18.0,738.0,36.0,p2,showdown,True,2,102.0,114.0,calling_station
366,k,q,max_raise,['max_raise'],"[('p1', 'max_raise'), ('p2', 'call')]",18.0,756.0,36.0,p1,showdown,False,2,102.0,114.0,calling_station
367,j,k,max_raise,['max_raise'],"[('p1', 'max_raise'), ('p2', 'call')]",-18.0,738.0,36.0,p2,showdown,True,2,102.0,114.0,calling_station
368,k,q,max_raise,['max_raise'],"[('p1', 'max_raise'), ('p2', 'call')]",18.0,756.0,36.0,p1,showdown,False,2,102.0,114.0,calling_station
369,k,k,max_raise,['max_raise'],"[('p1', 'max_raise'), ('p2', 'call')]",0.0,756.0,0.0,tie,showdown,False,2,102.0,114.0,calling_station
370,k,j,max_raise,['max_raise'],"[('p1', 'max_raise'), ('p2', 'call')]",18.0,774.0,36.0,p1,showdown,False,2,102.0,114.0,calling_station
371,k,k,max_raise,['max_raise'],"[('p1', 'max_raise'), ('p2', 'call')]",0.0,774.0,0.0,tie,showdown,False,2,102.0,114.0,calling_station
372,q,k,max_raise,['max_raise'],"[('p1', 'max_raise'), ('p2', 'call')]",-18.0,756.0,36.0,p2,showdown,False,2,102.0,114.0,calling_station
373,j,q,max_raise,['max_raise'],"[('p1', 'max_raise'), ('p2', 'call')]",-18.0,738.0,36.0,p2,showdown,True,2,102.0,114.0,calling_station
374,q,k,max_raise,['max_raise'],"[('p1', 'max_raise'), ('p2', 'call')]",-18.0,720.0,36.0,p2,showdown,False,2,102.0,114.0,calling_station
375,j,j,max_raise,['max_raise'],"[('p1', 'max_raise'), ('p2', 'call')]",0.0,720.0,0.0,tie,showdown,True,2,102.0,114.0,calling_station
376,k,k,max_raise,['max_raise'],"[('p1', 'max_raise'), ('p2', 'call')]",0.0,720.0,0.0,tie,showdown,False,2,102.0,114.0,calling_station
377,q,q,max_raise,['max_raise'],"[('p1', 'max_raise'), ('p2', 'call')]",0.0,720.0,0.0,tie,showdown,False,2,102.0,114.0,calling_station
378,q,j,max_raise,['max_raise'],"[('p1', 'max_raise'), ('p2', 'call')]",18.0,738.0,36.0,p1,showdown,False,2,102.0,114.0,calling_station
379,k,k,max_raise,['max_raise'],"[('p1', 'max_raise'), ('p2', 'call')]",0.0,738.0,0.0,tie,showdown,False,2,102.0,114.0,calling_station
380,j,q,check,['check'],"[('p1', 'check'), ('p2', 'check')]",-6.0,732.0,12.0,p2,showdown,False,2,114.0,114.0,calling_station
381,j,q,max_raise,['max_raise'],"[('p1', 'max_raise'), ('p2', 'call')]",-18.0,714.0,36.0,p2,showdown,True,2,102.0,114.0,calling_station
382,j,j,max_raise,['max_raise'],"[('p1', 'max_raise'), ('p2', 'call')]",0.0,714.0,0.0,tie,showdown,True,2,102.0,114.0,calling_station
383,q,q,max_raise,['max_raise'],"[('p1', 'max_raise'), ('p2', 'call')]",0.0,714.0,0.0,tie,showdown,False,2,102.0,114.0,calling_station
384,k,j,max_raise,['max_raise'],"[('p1', 'max_raise'), ('p2', 'call')]",18.0,732.0,36.0,p1,showdown,False,2,102.0,114.0,calling_station
385,k,q,max_raise,['max_raise'],"[('p1', 'max_raise'), ('p2', 'call')]",18.0,750.0,36.0,p1,showdown,False,2,102.0,114.0,calling_station
386,k,q,max_raise,['max_raise'],"[('p1', 'max_raise'), ('p2', 'call')]",18.0,768.0,36.0,p1,showdown,False,2,102.0,114.0,calling_station
387,j,q,max_raise,['max_raise'],"[('p1', 'max_raise'), ('p2', 'call')]",-18.0,750.0,36.0,p2,showdown,True,2,102.0,114.0,calling_station
388,j,q,max_raise,['max_raise'],"[('p1', 'max_raise'), ('p2', 'call')]",-18.0,732.0,36.0,p2,showdown,True,2,102.0,114.0,calling_station
389,j,k,max_raise,['max_raise'],"[('p1', 'max_raise'), ('p2', 'call')]",-18.0,714.0,36.0,p2,showdown,True,2,102.0,114.0,calling_station
390,q,j,max_raise,['max_raise'],"[('p1', 'max_raise'), ('p2', 'call')]",18.0,732.0,36.0,p1,showdown,False,2,102.0,114.0,calling_station
391,k,j,max_raise,['max_raise'],"[('p1', 'max_raise'), ('p2', 'call')]",18.0,750.0,36.0,p1,showdown,False,2,102.0,114.0,calling_station
392,j,q,check,['check'],"[('p1', 'check'), ('p2', 'check')]",-6.0,744.0,12.0,p2,showdown,False,2,114.0,114.0,calling_station
393,j,q,check,['check'],"[('p1', 'check'), ('p2', 'check')]",-6.0,738.0,12.0,p2,showdown,False,2,114.0,114.0,calling_station
394,q,k,max_raise,['max_raise'],"[('p1', 'max_raise'), ('p2', 'call')]",-18.0,720.0,36.0,p2,showdown,False,2,102.0,114.0,calling_station
395,k,j,max_raise,['max_raise'],"[('p1', 'max_raise'), ('p2', 'call')]",18.0,738.0,36.0,p1,showdown,False,2,102.0,114.0,calling_station
396,j,q,max_raise,['max_raise'],"[('p1', 'max_raise'), ('p2', 'call')]",-18.0,720.0,36.0,p2,showdown,True,2,102.0,114.0,calling_station
397,j,k,max_raise,['max_raise'],"[('p1', 'max_raise'), ('p2', 'call')]",-18.0,702.0,36.0,p2,showdown,True,2,102.0,114.0,calling_station
398,k,k,max_raise,['max_raise'],"[('p1', 'max_raise'), ('p2', 'call')]",0.0,702.0,0.0,tie,showdown,False,2,102.0,114.0,calling_station
399,q,q,max_raise,['max_raise'],"[('p1', 'max_raise'), ('p2', 'call')]",0.0,702.0,0.0,tie,showdown,False,2,102.0,114.0,calling_station
400,j,k,max_raise,['max_raise'],"[('p1', 'max_raise'), ('p2', 'call')]",-18.0,684.0,36.0,p2,showdown,True,2,102.0,114.0,calling_station
401,q,j,max_raise,['max_raise'],"[('p1', 'max_raise'), ('p2', 'call')]",18.0,702.0,36.0,p1,showdown,False,2,102.0,114.0,calling_station
402,q,j,max_raise,['max_raise'],"[('p1', 'max_raise'), ('p2', 'call')]",18.0,720.0,36.0,p1,showdown,False,2,102.0,114.0,calling_station
403,k,j,max_raise,['max_raise'],"[('p1', 'max_raise'), ('p2', 'call')]",18.0,738.0,36.0,p1,showdown,False,2,102.0,114.0,calling_station
404,q,q,max_raise,['max_raise'],"[('p1', 'max_raise'), ('p2', 'call')]",0.0,738.0,0.0,tie,showdown,False,2,102.0,114.0,calling_station
405,k,q,max_raise,['max_raise'],"[('p1', 'max_raise'), ('p2', 'call')]",18.0,756.0,36.0,p1,showdown,False,2,102.0,114.0,calling_station
406,j,k,check,['check'],"[('p1', 'check'), ('p2', 'check')]",-6.0,750.0,12.0,p2,showdown,False,2,114.0,114.0,calling_station
407,j,q,check,['check'],"[('p1', 'check'), ('p2', 'check')]",-6.0,744.0,12.0,p2,showdown,False,2,114.0,114.0,calling_station
408,j,q,max_raise,['max_raise'],"[('p1', 'max_raise'), ('p2', 'call')]",-18.0,726.0,36.0,p2,showdown,True,2,102.0,114.0,calling_station
409,j,q,max_raise,['max_raise'],"[('p1', 'max_raise'), ('p2', 'call')]",-18.0,708.0,36.0,p2,showdown,True,2,102.0,114.0,calling_station
410,q,k,max_raise,['max_raise'],"[('p1', 'max_raise'), ('p2', 'call')]",-18.0,690.0,36.0,p2,showdown,False,2,102.0,114.0,calling_station
411,k,j,max_raise,['max_raise'],"[('p1', 'max_raise'), ('p2', 'call')]",18.0,708.0,36.0,p1,showdown,False,2,102.0,114.0,calling_station
412,q,q,max_raise,['max_raise'],"[('p1', 'max_raise'), ('p2', 'call')]",0.0,708.0,0.0,tie,showdown,False,2,102.0,114.0,calling_station
413,q,q,max_raise,['max_raise'],"[('p1', 'max_raise'), ('p2', 'call')]",0.0,708.0,0.0,tie,showdown,False,2,102.0,114.0,calling_station
414,j,q,max_raise,['max_raise'],"[('p1', 'max_raise'), ('p2', 'call')]",-18.0,690.0,36.0,p2,showdown,True,2,102.0,114.0,calling_station
415,j,j,max_raise,['max_raise'],"[('p1', 'max_raise'), ('p2', 'call')]",0.0,690.0,0.0,tie,showdown,True,2,102.0,114.0,calling_station
416,k,q,max_raise,['max_raise'],"[('p1', 'max_raise'), ('p2', 'call')]",18.0,708.0,36.0,p1,showdown,False,2,102.0,114.0,calling_station
417,k,k,max_raise,['max_raise'],"[('p1', 'max_raise'), ('p2', 'call')]",0.0,708.0,0.0,tie,showdown,False,2,102.0,114.0,calling_station
418,j,j,max_raise,['max_raise'],"[('p1', 'max_raise'), ('p2', 'call')]",0.0,708.0,0.0,tie,showdown,True,2,102.0,114.0,calling_station
419,j,k,max_raise,['max_raise'],"[('p1', 'max_raise'), ('p2', 'call')]",-18.0,690.0,36.0,p2,showdown,True,2,102.0,114.0,calling_station
420,j,q,max_raise,['max_raise'],"[('p1', 'max_raise'), ('p2', 'call')]",-18.0,672.0,36.0,p2,showdown,True,2,102.0,114.0,calling_station
421,q,k,max_raise,['max_raise'],"[('p1', 'max_raise'), ('p2', 'call')]",-18.0,654.0,36.0,p2,showdown,False,2,102.0,114.0,calling_station
422,q,q,max_raise,['max_raise'],"[('p1', 'max_raise'), ('p2', 'call')]",0.0,654.0,0.0,tie,showdown,False,2,102.0,114.0,calling_station
423,q,q,max_raise,['max_raise'],"[('p1', 'max_raise'), ('p2', 'call')]",0.0,654.0,0.0,tie,showdown,False,2,102.0,114.0,calling_station
424,j,j,max_raise,['max_raise'],"[('p1', 'max_raise'), ('p2', 'call')]",0.0,654.0,0.0,tie,showdown,True,2,102.0,114.0,calling_station
425,j,j,check,['check'],"[('p1', 'check'), ('p2', 'check')]",0.0,654.0,0.0,tie,showdown,False,2,114.0,114.0,calling_station
426,q,q,max_raise,['max_raise'],"[('p1', 'max_raise'), ('p2', 'call')]",0.0,654.0,0.0,tie,showdown,False,2,102.0,114.0,calling_station
427,j,q,check,['check'],"[('p1', 'check'), ('p2', 'check')]",-6.0,648.0,12.0,p2,showdown,False,2,114.0,114.0,calling_station
428,j,k,check,['check'],"[('p1', 'check'), ('p2', 'check')]",-6.0,642.0,12.0,p2,showdown,False,2,114.0,114.0,calling_station
429,k,k,max_raise,['max_raise'],"[('p1', 'max_raise'), ('p2', 'call')]",0.0,642.0,0.0,tie,showdown,False,2,102.0,114.0,calling_station
430,k,q,max_raise,['max_raise'],"[('p1', 'max_raise'), ('p2', 'call')]",18.0,660.0,36.0,p1,showdown,False,2,102.0,114.0,calling_station
431,j,k,check,['check'],"[('p1', 'check'), ('p2', 'check')]",-6.0,654.0,12.0,p2,showdown,False,2,114.0,114.0,calling_station
432,k,k,max_raise,['max_raise'],"[('p1', 'max_raise'), ('p2', 'call')]",0.0,654.0,0.0,tie,showdown,False,2,102.0,114.0,calling_station
433,q,q,max_raise,['max_raise'],"[('p1', 'max_raise'), ('p2', 'call')]",0.0,654.0,0.0,tie,showdown,False,2,102.0,114.0,calling_station
434,q,j,max_raise,['max_raise'],"[('p1', 'max_raise'), ('p2', 'call')]",18.0,672.0,36.0,p1,showdown,False,2,102.0,114.0,calling_station
435,j,q,check,['check'],"[('p1', 'check'), ('p2', 'check')]",-6.0,666.0,12.0,p2,showdown,False,2,114.0,114.0,calling_station
436,q,k,max_raise,['max_raise'],"[('p1', 'max_raise'), ('p2', 'call')]",-18.0,648.0,36.0,p2,showdown,False,2,102.0,114.0,calling_station
437,q,q,max_raise,['max_raise'],"[('p1', 'max_raise'), ('p2', 'call')]",0.0,648.0,0.0,tie,showdown,False,2,102.0,114.0,calling_station
438,k,k,max_raise,['max_raise'],"[('p1', 'max_raise'), ('p2', 'call')]",0.0,648.0,0.0,tie,showdown,False,2,102.0,114.0,calling_station
439,j,q,max_raise,['max_raise'],"[('p1', 'max_raise'), ('p2', 'call')]",-18.0,630.0,36.0,p2,showdown,True,2,102.0,114.0,calling_station
440,j,q,max_raise,['max_raise'],"[('p1', 'max_raise'), ('p2', 'call')]",-18.0,612.0,36.0,p2,showdown,True,2,102.0,114.0,calling_station
441,q,k,max_raise,['max_raise'],"[('p1', 'max_raise'), ('p2', 'call')]",-18.0,594.0,36.0,p2,showdown,False,2,102.0,114.0,calling_station
442,j,k,max_raise,['max_raise'],"[('p1', 'max_raise'), ('p2', 'call')]",-18.0,576.0,36.0,p2,showdown,True,2,102.0,114.0,calling_station
443,j,j,max_raise,['max_raise'],"[('p1', 'max_raise'), ('p2', 'call')]",0.0,576.0,0.0,tie,showdown,True,2,102.0,114.0,calling_station
444,q,q,max_raise,['max_raise'],"[('p1', 'max_raise'), ('p2', 'call')]",0.0,576.0,0.0,tie,showdown,False,2,102.0,114.0,calling_station
445,j,q,check,['check'],"[('p1', 'check'), ('p2', 'check')]",-6.0,570.0,12.0,p2,showdown,False,2,114.0,114.0,calling_station
446,k,k,max_raise,['max_raise'],"[('p1', 'max_raise'), ('p2', 'call')]",0.0,570.0,0.0,tie,showdown,False,2,102.0,114.0,calling_station
447,j,k,check,['check'],"[('p1', 'check'), ('p2', 'check')]",-6.0,564.0,12.0,p2,showdown,False,2,114.0,114.0,calling_station
448,k,q,max_raise,['max_raise'],"[('p1', 'max_raise'), ('p2', 'call')]",18.0,582.0,36.0,p1,showdown,False,2,102.0,114.0,calling_station
449,q,j,max_raise,['max_raise'],"[('p1', 'max_raise'), ('p2', 'call')]",18.0,600.0,36.0,p1,showdown,False,2,102.0,114.0,calling_station
450,j,j,check,['check'],"[('p1', 'check'), ('p2', 'check')]",0.0,600.0,0.0,tie,showdown,False,2,114.0,114.0,calling_station
451,q,j,max_raise,['max_raise'],"[('p1', 'max_raise'), ('p2', 'call')]",18.0,618.0,36.0,p1,showdown,False,2,102.0,114.0,calling_station
452,q,j,max_raise,['max_raise'],"[('p1', 'max_raise'), ('p2', 'call')]",18.0,636.0,36.0,p1,showdown,False,2,102.0,114.0,calling_station
453,q,j,max_raise,['max_raise'],"[('p1', 'max_raise'), ('p2', 'call')]",18.0,654.0,36.0,p1,showdown,False,2,102.0,114.0,calling_station
454,q,j,max_raise,['max_raise'],"[('p1', 'max_raise'), ('p2', 'call')]",18.0,672.0,36.0,p1,showdown,False,2,102.0,114.0,calling_station
455,q,j,max_raise,['max_raise'],"[('p1', 'max_raise'), ('p2', 'call')]",18.0,690.0,36.0,p1,showdown,False,2,102.0,114.0,calling_station
456,k,j,max_raise,['max_raise'],"[('p1', 'max_raise'), ('p2', 'call')]",18.0,708.0,36.0,p1,showdown,False,2,102.0,114.0,calling_station
457,q,k,max_raise,['max_raise'],"[('p1', 'max_raise'), ('p2', 'call')]",-18.0,690.0,36.0,p2,showdown,False,2,102.0,114.0,calling_station
458,q,k,max_raise,['max_raise'],"[('p1', 'max_raise'), ('p2', 'call')]",-18.0,672.0,36.0,p2,showdown,False,2,102.0,114.0,calling_station
459,j,q,max_raise,['max_raise'],"[('p1', 'max_raise'), ('p2', 'call')]",-18.0,654.0,36.0,p2,showdown,True,2,102.0,114.0,calling_station
460,j,q,max_raise,['max_raise'],"[('p1', 'max_raise'), ('p2', 'call')]",-18.0,636.0,36.0,p2,showdown,True,2,102.0,114.0,calling_station
461,j,k,max_raise,['max_raise'],"[('p1', 'max_raise'), ('p2', 'call')]",-18.0,618.0,36.0,p2,showdown,True,2,102.0,114.0,calling_station
462,k,q,max_raise,['max_raise'],"[('p1', 'max_raise'), ('p2', 'call')]",18.0,636.0,36.0,p1,showdown,False,2,102.0,114.0,calling_station
463,k,q,max_raise,['max_raise'],"[('p1', 'max_raise'), ('p2', 'call')]",18.0,654.0,36.0,p1,showdown,False,2,102.0,114.0,calling_station
464,j,j,max_raise,['max_raise'],"[('p1', 'max_raise'), ('p2', 'call')]",0.0,654.0,0.0,tie,showdown,True,2,102.0,114.0,calling_station
465,j,q,max_raise,['max_raise'],"[('p1', 'max_raise'), ('p2', 'call')]",-18.0,636.0,36.0,p2,showdown,True,2,102.0,114.0,calling_station
466,k,q,max_raise,['max_raise'],"[('p1', 'max_raise'), ('p2', 'call')]",18.0,654.0,36.0,p1,showdown,False,2,102.0,114.0,calling_station
467,k,k,max_raise,['max_raise'],"[('p1', 'max_raise'), ('p2', 'call')]",0.0,654.0,0.0,tie,showdown,False,2,102.0,114.0,calling_station
468,j,j,max_raise,['max_raise'],"[('p1', 'max_raise'), ('p2', 'call')]",0.0,654.0,0.0,tie,showdown,True,2,102.0,114.0,calling_station
469,j,k,max_raise,['max_raise'],"[('p1', 'max_raise'), ('p2', 'call')]",-18.0,636.0,36.0,p2,showdown,True,2,102.0,114.0,calling_station
470,k,q,max_raise,['max_raise'],"[('p1', 'max_raise'), ('p2', 'call')]",18.0,654.0,36.0,p1,showdown,False,2,102.0,114.0,calling_station
471,k,j,max_raise,['max_raise'],"[('p1', 'max_raise'), ('p2', 'call')]",18.0,672.0,36.0,p1,showdown,False,2,102.0,114.0,calling_station
472,k,q,max_raise,['max_raise'],"[('p1', 'max_raise'), ('p2', 'call')]",18.0,690.0,36.0,p1,showdown,False,2,102.0,114.0,calling_station
473,j,k,check,['check'],"[('p1', 'check'), ('p2', 'check')]",-6.0,684.0,12.0,p2,showdown,False,2,114.0,114.0,calling_station
474,q,j,max_raise,['max_raise'],"[('p1', 'max_raise'), ('p2', 'call')]",18.0,702.0,36.0,p1,showdown,False,2,102.0,114.0,calling_station
475,j,q,max_raise,['max_raise'],"[('p1', 'max_raise'), ('p2', 'call')]",-18.0,684.0,36.0,p2,showdown,True,2,102.0,114.0,calling_station
476,k,j,max_raise,['max_raise'],"[('p1', 'max_raise'), ('p2', 'call')]",18.0,702.0,36.0,p1,showdown,False,2,102.0,114.0,calling_station
477,k,j,max_raise,['max_raise'],"[('p1', 'max_raise'), ('p2', 'call')]",18.0,720.0,36.0,p1,showdown,False,2,102.0,114.0,calling_station
478,k,k,max_raise,['max_raise'],"[('p1', 'max_raise'), ('p2', 'call')]",0.0,720.0,0.0,tie,showdown,False,2,102.0,114.0,calling_station
479,k,k,max_raise,['max_raise'],"[('p1', 'max_raise'), ('p2', 'call')]",0.0,720.0,0.0,tie,showdown,False,2,102.0,114.0,calling_station
480,k,k,max_raise,['max_raise'],"[('p1', 'max_raise'), ('p2', 'call')]",0.0,720.0,0.0,tie,showdown,False,2,102.0,114.0,calling_station
481,q,k,max_raise,['max_raise'],"[('p1', 'max_raise'), ('p2', 'call')]",-18.0,702.0,36.0,p2,showdown,False,2,102.0,114.0,calling_station
482,k,j,max_raise,['max_raise'],"[('p1', 'max_raise'), ('p2', 'call')]",18.0,720.0,36.0,p1,showdown,False,2,102.0,114.0,calling_station
483,k,q,max_raise,['max_raise'],"[('p1', 'max_raise'), ('p2', 'call')]",18.0,738.0,36.0,p1,showdown,False,2,102.0,114.0,calling_station
484,q,k,max_raise,['max_raise'],"[('p1', 'max_raise'), ('p2', 'call')]",-18.0,720.0,36.0,p2,showdown,False,2,102.0,114.0,calling_station
485,k,j,max_raise,['max_raise'],"[('p1', 'max_raise'), ('p2', 'call')]",18.0,738.0,36.0,p1,showdown,False,2,102.0,114.0,calling_station
486,k,j,max_raise,['max_raise'],"[('p1', 'max_raise'), ('p2', 'call')]",18.0,756.0,36.0,p1,showdown,False,2,102.0,114.0,calling_station
487,k,k,max_raise,['max_raise'],"[('p1', 'max_raise'), ('p2', 'call')]",0.0,756.0,0.0,tie,showdown,False,2,102.0,114.0,calling_station
488,j,j,max_raise,['max_raise'],"[('p1', 'max_raise'), ('p2', 'call')]",0.0,756.0,0.0,tie,showdown,True,2,102.0,114.0,calling_station
489,k,k,max_raise,['max_raise'],"[('p1', 'max_raise'), ('p2', 'call')]",0.0,756.0,0.0,tie,showdown,False,2,102.0,114.0,calling_station
490,j,q,max_raise,['max_raise'],"[('p1', 'max_raise'), ('p2', 'call')]",-18.0,738.0,36.0,p2,showdown,True,2,102.0,114.0,calling_station
491,j,q,max_raise,['max_raise'],"[('p1', 'max_raise'), ('p2', 'call')]",-18.0,720.0,36.0,p2,showdown,True,2,102.0,114.0,calling_station
492,j,q,max_raise,['max_raise'],"[('p1', 'max_raise'), ('p2', 'call')]",-18.0,702.0,36.0,p2,showdown,True,2,102.0,114.0,calling_station
493,q,q,max_raise,['max_raise'],"[('p1', 'max_raise'), ('p2', 'call')]",0.0,702.0,0.0,tie,showdown,False,2,102.0,114.0,calling_station
494,j,q,max_raise,['max_raise'],"[('p1', 'max_raise'), ('p2', 'call')]",-18.0,684.0,36.0,p2,showdown,True,2,102.0,114.0,calling_station
495,q,j,max_raise,['max_raise'],"[('p1', 'max_raise'), ('p2', 'call')]",18.0,702.0,36.0,p1,showdown,False,2,102.0,114.0,calling_station
496,q,q,max_raise,['max_raise'],"[('p1', 'max_raise'), ('p2', 'call')]",0.0,702.0,0.0,tie,showdown,False,2,102.0,114.0,calling_station
497,j,k,max_raise,['max_raise'],"[('p1', 'max_raise'), ('p2', 'call')]",-18.0,684.0,36.0,p2,showdown,True,2,102.0,114.0,calling_station
498,q,k,max_raise,['max_raise'],"[('p1', 'max_raise'), ('p2', 'call')]",-18.0,666.0,36.0,p2,showdown,False,2,102.0,114.0,calling_station
499,j,j,min_raise,['min_raise'],"[('p1', 'min_raise'), ('p2', 'call')]",0.0,666.0,0.0,tie,showdown,True,2,108.0,114.0,calling_station
500,j,k,min_raise,['min_raise'],"[('p1', 'min_raise'), ('p2', 'call')]",-12.0,654.0,24.0,p2,showdown,True,2,108.0,114.0,calling_station
501,j,q,min_raise,['min_raise'],"[('p1', 'min_raise'), ('p2', 'call')]",-12.0,642.0,24.0,p2,showdown,True,2,108.0,114.0,calling_station
502,q,q,max_raise,['max_raise'],"[('p1', 'max_raise'), ('p2', 'call')]",0.0,642.0,0.0,tie,showdown,False,2,102.0,114.0,calling_station
503,j,k,check,['check'],"[('p1', 'check'), ('p2', 'check')]",-6.0,636.0,12.0,p2,showdown,False,2,114.0,114.0,calling_station
504,k,q,max_raise,['max_raise'],"[('p1', 'max_raise'), ('p2', 'call')]",18.0,654.0,36.0,p1,showdown,False,2,102.0,114.0,calling_station
505,j,j,check,['check'],"[('p1', 'check'), ('p2', 'check')]",0.0,654.0,0.0,tie,showdown,False,2,114.0,114.0,calling_station
506,k,j,max_raise,['max_raise'],"[('p1', 'max_raise'), ('p2', 'call')]",18.0,672.0,36.0,p1,showdown,False,2,102.0,114.0,calling_station
507,q,j,max_raise,['max_raise'],"[('p1', 'max_raise'), ('p2', 'call')]",18.0,690.0,36.0,p1,showdown,False,2,102.0,114.0,calling_station
508,j,q,check,['check'],"[('p1', 'check'), ('p2', 'check')]",-6.0,684.0,12.0,p2,showdown,False,2,114.0,114.0,calling_station
509,q,q,max_raise,['max_raise'],"[('p1', 'max_raise'), ('p2', 'call')]",0.0,684.0,0.0,tie,showdown,False,2,102.0,114.0,calling_station
510,k,k,max_raise,['max_raise'],"[('p1', 'max_raise'), ('p2', 'call')]",0.0,684.0,0.0,tie,showdown,False,2,102.0,114.0,calling_station
511,j,k,check,['check'],"[('p1', 'check'), ('p2', 'check')]",-6.0,678.0,12.0,p2,showdown,False,2,114.0,114.0,calling_station
512,k,k,max_raise,['max_raise'],"[('p1', 'max_raise'), ('p2', 'call')]",0.0,678.0,0.0,tie,showdown,False,2,102.0,114.0,calling_station
513,j,q,check,['check'],"[('p1', 'check'), ('p2', 'check')]",-6.0,672.0,12.0,p2,showdown,False,2,114.0,114.0,calling_station
514,j,q,check,['check'],"[('p1', 'check'), ('p2', 'check')]",-6.0,666.0,12.0,p2,showdown,False,2,114.0,114.0,calling_station
515,j,q,check,['check'],"[('p1', 'check'), ('p2', 'check')]",-6.0,660.0,12.0,p2,showdown,False,2,114.0,114.0,calling_station
516,q,j,max_raise,['max_raise'],"[('p1', 'max_raise'), ('p2', 'call')]",18.0,678.0,36.0,p1,showdown,False,2,102.0,114.0,calling_station
517,q,k,max_raise,['max_raise'],"[('p1', 'max_raise'), ('p2', 'call')]",-18.0,660.0,36.0,p2,showdown,False,2,102.0,114.0,calling_station
518,j,j,max_raise,['max_raise'],"[('p1', 'max_raise'), ('p2', 'call')]",0.0,660.0,0.0,tie,showdown,True,2,102.0,114.0,calling_station
519,q,q,max_raise,['max_raise'],"[('p1', 'max_raise'), ('p2', 'call')]",0.0,660.0,0.0,tie,showdown,False,2,102.0,114.0,calling_station
520,q,j,max_raise,['max_raise'],"[('p1', 'max_raise'), ('p2', 'call')]",18.0,678.0,36.0,p1,showdown,False,2,102.0,114.0,calling_station
521,j,k,max_raise,['max_raise'],"[('p1', 'max_raise'), ('p2', 'call')]",-18.0,660.0,36.0,p2,showdown,True,2,102.0,114.0,calling_station
522,q,j,max_raise,['max_raise'],"[('p1', 'max_raise'), ('p2', 'call')]",18.0,678.0,36.0,p1,showdown,False,2,102.0,114.0,calling_station
523,j,k,max_raise,['max_raise'],"[('p1', 'max_raise'), ('p2', 'call')]",-18.0,660.0,36.0,p2,showdown,True,2,102.0,114.0,calling_station
524,q,q,max_raise,['max_raise'],"[('p1', 'max_raise'), ('p2', 'call')]",0.0,660.0,0.0,tie,showdown,False,2,102.0,114.0,calling_station
525,q,k,max_raise,['max_raise'],"[('p1', 'max_raise'), ('p2', 'call')]",-18.0,642.0,36.0,p2,showdown,False,2,102.0,114.0,calling_station
526,j,q,max_raise,['max_raise'],"[('p1', 'max_raise'), ('p2', 'call')]",-18.0,624.0,36.0,p2,showdown,True,2,102.0,114.0,calling_station
527,j,q,max_raise,['max_raise'],"[('p1', 'max_raise'), ('p2', 'call')]",-18.0,606.0,36.0,p2,showdown,True,2,102.0,114.0,calling_station
528,j,k,max_raise,['max_raise'],"[('p1', 'max_raise'), ('p2', 'call')]",-18.0,588.0,36.0,p2,showdown,True,2,102.0,114.0,calling_station
529,j,j,max_raise,['max_raise'],"[('p1', 'max_raise'), ('p2', 'call')]",0.0,588.0,0.0,tie,showdown,True,2,102.0,114.0,calling_station
530,q,j,max_raise,['max_raise'],"[('p1', 'max_raise'), ('p2', 'call')]",18.0,606.0,36.0,p1,showdown,False,2,102.0,114.0,calling_station
531,q,k,max_raise,['max_raise'],"[('p1', 'max_raise'), ('p2', 'call')]",-18.0,588.0,36.0,p2,showdown,False,2,102.0,114.0,calling_station
532,j,q,max_raise,['max_raise'],"[('p1', 'max_raise'), ('p2', 'call')]",-18.0,570.0,36.0,p2,showdown,True,2,102.0,114.0,calling_station
533,q,k,max_raise,['max_raise'],"[('p1', 'max_raise'), ('p2', 'call')]",-18.0,552.0,36.0,p2,showdown,False,2,102.0,114.0,calling_station
534,q,k,max_raise,['max_raise'],"[('p1', 'max_raise'), ('p2', 'call')]",-18.0,534.0,36.0,p2,showdown,False,2,102.0,114.0,calling_station
535,q,k,max_raise,['max_raise'],"[('p1', 'max_raise'), ('p2', 'call')]",-18.0,516.0,36.0,p2,showdown,False,2,102.0,114.0,calling_station
536,j,j,max_raise,['max_raise'],"[('p1', 'max_raise'), ('p2', 'call')]",0.0,516.0,0.0,tie,showdown,True,2,102.0,114.0,calling_station
537,k,q,max_raise,['max_raise'],"[('p1', 'max_raise'), ('p2', 'call')]",18.0,534.0,36.0,p1,showdown,False,2,102.0,114.0,calling_station
538,q,q,max_raise,['max_raise'],"[('p1', 'max_raise'), ('p2', 'call')]",0.0,534.0,0.0,tie,showdown,False,2,102.0,114.0,calling_station
539,q,k,max_raise,['max_raise'],"[('p1', 'max_raise'), ('p2', 'call')]",-18.0,516.0,36.0,p2,showdown,False,2,102.0,114.0,calling_station
540,q,k,max_raise,['max_raise'],"[('p1', 'max_raise'), ('p2', 'call')]",-18.0,498.0,36.0,p2,showdown,False,2,102.0,114.0,calling_station
541,j,j,check,['check'],"[('p1', 'check'), ('p2', 'check')]",0.0,498.0,0.0,tie,showdown,False,2,114.0,114.0,calling_station
542,q,j,max_raise,['max_raise'],"[('p1', 'max_raise'), ('p2', 'call')]",18.0,516.0,36.0,p1,showdown,False,2,102.0,114.0,calling_station
543,k,k,max_raise,['max_raise'],"[('p1', 'max_raise'), ('p2', 'call')]",0.0,516.0,0.0,tie,showdown,False,2,102.0,114.0,calling_station
544,j,q,check,['check'],"[('p1', 'check'), ('p2', 'check')]",-6.0,510.0,12.0,p2,showdown,False,2,114.0,114.0,calling_station
545,q,k,max_raise,['max_raise'],"[('p1', 'max_raise'), ('p2', 'call')]",-18.0,492.0,36.0,p2,showdown,False,2,102.0,114.0,calling_station
546,k,j,max_raise,['max_raise'],"[('p1', 'max_raise'), ('p2', 'call')]",18.0,510.0,36.0,p1,showdown,False,2,102.0,114.0,calling_station
547,j,q,check,['check'],"[('p1', 'check'), ('p2', 'check')]",-6.0,504.0,12.0,p2,showdown,False,2,114.0,114.0,calling_station
548,k,q,max_raise,['max_raise'],"[('p1', 'max_raise'), ('p2', 'call')]",18.0,522.0,36.0,p1,showdown,False,2,102.0,114.0,calling_station
549,q,j,max_raise,['max_raise'],"[('p1', 'max_raise'), ('p2', 'call')]",18.0,540.0,36.0,p1,showdown,False,2,102.0,114.0,calling_station
550,k,j,max_raise,['max_raise'],"[('p1', 'max_raise'), ('p2', 'call')]",18.0,558.0,36.0,p1,showdown,False,2,102.0,114.0,calling_station
551,k,j,max_raise,['max_raise'],"[('p1', 'max_raise'), ('p2', 'call')]",18.0,576.0,36.0,p1,showdown,False,2,102.0,114.0,calling_station
552,j,k,check,['check'],"[('p1', 'check'), ('p2', 'check')]",-6.0,570.0,12.0,p2,showdown,False,2,114.0,114.0,calling_station
553,j,q,check,['check'],"[('p1', 'check'), ('p2', 'check')]",-6.0,564.0,12.0,p2,showdown,False,2,114.0,114.0,calling_station
554,q,j,max_raise,['max_raise'],"[('p1', 'max_raise'), ('p2', 'call')]",18.0,582.0,36.0,p1,showdown,False,2,102.0,114.0,calling_station
555,k,k,max_raise,['max_raise'],"[('p1', 'max_raise'), ('p2', 'call')]",0.0,582.0,0.0,tie,showdown,False,2,102.0,114.0,calling_station
556,q,j,max_raise,['max_raise'],"[('p1', 'max_raise'), ('p2', 'call')]",18.0,600.0,36.0,p1,showdown,False,2,102.0,114.0,calling_station
557,j,k,check,['check'],"[('p1', 'check'), ('p2', 'check')]",-6.0,594.0,12.0,p2,showdown,False,2,114.0,114.0,calling_station
558,q,j,max_raise,['max_raise'],"[('p1', 'max_raise'), ('p2', 'call')]",18.0,612.0,36.0,p1,showdown,False,2,102.0,114.0,calling_station
559,k,j,max_raise,['max_raise'],"[('p1', 'max_raise'), ('p2', 'call')]",18.0,630.0,36.0,p1,showdown,False,2,102.0,114.0,calling_station
560,j,q,max_raise,['max_raise'],"[('p1', 'max_raise'), ('p2', 'call')]",-18.0,612.0,36.0,p2,showdown,True,2,102.0,114.0,calling_station
561,j,q,max_raise,['max_raise'],"[('p1', 'max_raise'), ('p2', 'call')]",-18.0,594.0,36.0,p2,showdown,True,2,102.0,114.0,calling_station
562,k,j,max_raise,['max_raise'],"[('p1', 'max_raise'), ('p2', 'call')]",18.0,612.0,36.0,p1,showdown,False,2,102.0,114.0,calling_station
563,q,j,max_raise,['max_raise'],"[('p1', 'max_raise'), ('p2', 'call')]",18.0,630.0,36.0,p1,showdown,False,2,102.0,114.0,calling_station
564,q,j,max_raise,['max_raise'],"[('p1', 'max_raise'), ('p2', 'call')]",18.0,648.0,36.0,p1,showdown,False,2,102.0,114.0,calling_station
565,k,q,max_raise,['max_raise'],"[('p1', 'max_raise'), ('p2', 'call')]",18.0,666.0,36.0,p1,showdown,False,2,102.0,114.0,calling_station
566,j,j,max_raise,['max_raise'],"[('p1', 'max_raise'), ('p2', 'call')]",0.0,666.0,0.0,tie,showdown,True,2,102.0,114.0,calling_station
567,k,k,max_raise,['max_raise'],"[('p1', 'max_raise'), ('p2', 'call')]",0.0,666.0,0.0,tie,showdown,False,2,102.0,114.0,calling_station
568,k,q,max_raise,['max_raise'],"[('p1', 'max_raise'), ('p2', 'call')]",18.0,684.0,36.0,p1,showdown,False,2,102.0,114.0,calling_station
569,q,j,max_raise,['max_raise'],"[('p1', 'max_raise'), ('p2', 'call')]",18.0,702.0,36.0,p1,showdown,False,2,102.0,114.0,calling_station
570,j,k,max_raise,['max_raise'],"[('p1', 'max_raise'), ('p2', 'call')]",-18.0,684.0,36.0,p2,showdown,True,2,102.0,114.0,calling_station
571,q,k,max_raise,['max_raise'],"[('p1', 'max_raise'), ('p2', 'call')]",-18.0,666.0,36.0,p2,showdown,False,2,102.0,114.0,calling_station
572,q,k,max_raise,['max_raise'],"[('p1', 'max_raise'), ('p2', 'call')]",-18.0,648.0,36.0,p2,showdown,False,2,102.0,114.0,calling_station
573,k,k,max_raise,['max_raise'],"[('p1', 'max_raise'), ('p2', 'call')]",0.0,648.0,0.0,tie,showdown,False,2,102.0,114.0,calling_station
574,k,k,max_raise,['max_raise'],"[('p1', 'max_raise'), ('p2', 'call')]",0.0,648.0,0.0,tie,showdown,False,2,102.0,114.0,calling_station
575,j,k,max_raise,['max_raise'],"[('p1', 'max_raise'), ('p2', 'call')]",-18.0,630.0,36.0,p2,showdown,True,2,102.0,114.0,calling_station
576,q,k,max_raise,['max_raise'],"[('p1', 'max_raise'), ('p2', 'call')]",-18.0,612.0,36.0,p2,showdown,False,2,102.0,114.0,calling_station
577,q,k,max_raise,['max_raise'],"[('p1', 'max_raise'), ('p2', 'call')]",-18.0,594.0,36.0,p2,showdown,False,2,102.0,114.0,calling_station
578,k,k,max_raise,['max_raise'],"[('p1', 'max_raise'), ('p2', 'call')]",0.0,594.0,0.0,tie,showdown,False,2,102.0,114.0,calling_station
579,j,q,max_raise,['max_raise'],"[('p1', 'max_raise'), ('p2', 'call')]",-18.0,576.0,36.0,p2,showdown,True,2,102.0,114.0,calling_station
580,q,k,max_raise,['max_raise'],"[('p1', 'max_raise'), ('p2', 'call')]",-18.0,558.0,36.0,p2,showdown,False,2,102.0,114.0,calling_station
581,j,j,max_raise,['max_raise'],"[('p1', 'max_raise'), ('p2', 'call')]",0.0,558.0,0.0,tie,showdown,True,2,102.0,114.0,calling_station
582,q,q,max_raise,['max_raise'],"[('p1', 'max_raise'), ('p2', 'call')]",0.0,558.0,0.0,tie,showdown,False,2,102.0,114.0,calling_station
583,k,j,max_raise,['max_raise'],"[('p1', 'max_raise'), ('p2', 'call')]",18.0,576.0,36.0,p1,showdown,False,2,102.0,114.0,calling_station
584,j,k,max_raise,['max_raise'],"[('p1', 'max_raise'), ('p2', 'call')]",-18.0,558.0,36.0,p2,showdown,True,2,102.0,114.0,calling_station
585,j,j,max_raise,['max_raise'],"[('p1', 'max_raise'), ('p2', 'call')]",0.0,558.0,0.0,tie,showdown,True,2,102.0,114.0,calling_station
586,k,j,max_raise,['max_raise'],"[('p1', 'max_raise'), ('p2', 'call')]",18.0,576.0,36.0,p1,showdown,False,2,102.0,114.0,calling_station
587,j,k,max_raise,['max_raise'],"[('p1', 'max_raise'), ('p2', 'call')]",-18.0,558.0,36.0,p2,showdown,True,2,102.0,114.0,calling_station
588,q,q,max_raise,['max_raise'],"[('p1', 'max_raise'), ('p2', 'call')]",0.0,558.0,0.0,tie,showdown,False,2,102.0,114.0,calling_station
589,j,k,max_raise,['max_raise'],"[('p1', 'max_raise'), ('p2', 'call')]",-18.0,540.0,36.0,p2,showdown,True,2,102.0,114.0,calling_station
590,k,k,max_raise,['max_raise'],"[('p1', 'max_raise'), ('p2', 'call')]",0.0,540.0,0.0,tie,showdown,False,2,102.0,114.0,calling_station
591,j,q,max_raise,['max_raise'],"[('p1', 'max_raise'), ('p2', 'call')]",-18.0,522.0,36.0,p2,showdown,True,2,102.0,114.0,calling_station
592,j,k,max_raise,['max_raise'],"[('p1', 'max_raise'), ('p2', 'call')]",-18.0,504.0,36.0,p2,showdown,True,2,102.0,114.0,calling_station
593,q,j,max_raise,['max_raise'],"[('p1', 'max_raise'), ('p2', 'call')]",18.0,522.0,36.0,p1,showdown,False,2,102.0,114.0,calling_station
594,k,q,max_raise,['max_raise'],"[('p1', 'max_raise'), ('p2', 'call')]",18.0,540.0,36.0,p1,showdown,False,2,102.0,114.0,calling_station
595,q,k,max_raise,['max_raise'],"[('p1', 'max_raise'), ('p2', 'call')]",-18.0,522.0,36.0,p2,showdown,False,2,102.0,114.0,calling_station
596,j,k,max_raise,['max_raise'],"[('p1', 'max_raise'), ('p2', 'call')]",-18.0,504.0,36.0,p2,showdown,True,2,102.0,114.0,calling_station
597,q,q,max_raise,['max_raise'],"[('p1', 'max_raise'), ('p2', 'call')]",0.0,504.0,0.0,tie,showdown,False,2,102.0,114.0,calling_station
598,q,j,max_raise,['max_raise'],"[('p1', 'max_raise'), ('p2', 'call')]",18.0,522.0,36.0,p1,showdown,False,2,102.0,114.0,calling_station
599,j,j,check,['check'],"[('p1', 'check'), ('p2', 'check')]",0.0,522.0,0.0,tie,showdown,False,2,114.0,114.0,calling_station
600,q,k,max_raise,['max_raise'],"[('p1', 'max_raise'), ('p2', 'call')]",-18.0,504.0,36.0,p2,showdown,False,2,102.0,114.0,calling_station
601,k,q,max_raise,['max_raise'],"[('p1', 'max_raise'), ('p2', 'call')]",18.0,522.0,36.0,p1,showdown,False,2,102.0,114.0,calling_station
602,q,q,max_raise,['max_raise'],"[('p1', 'max_raise'), ('p2', 'call')]",0.0,522.0,0.0,tie,showdown,False,2,102.0,114.0,calling_station
603,k,q,max_raise,['max_raise'],"[('p1', 'max_raise'), ('p2', 'call')]",18.0,540.0,36.0,p1,showdown,False,2,102.0,114.0,calling_station
604,q,k,max_raise,['max_raise'],"[('p1', 'max_raise'), ('p2', 'call')]",-18.0,522.0,36.0,p2,showdown,False,2,102.0,114.0,calling_station
605,q,j,max_raise,['max_raise'],"[('p1', 'max_raise'), ('p2', 'call')]",18.0,540.0,36.0,p1,showdown,False,2,102.0,114.0,calling_station
606,k,q,max_raise,['max_raise'],"[('p1', 'max_raise'), ('p2', 'call')]",18.0,558.0,36.0,p1,showdown,False,2,102.0,114.0,calling_station
607,k,q,max_raise,['max_raise'],"[('p1', 'max_raise'), ('p2', 'call')]",18.0,576.0,36.0,p1,showdown,False,2,102.0,114.0,calling_station
608,k,q,max_raise,['max_raise'],"[('p1', 'max_raise'), ('p2', 'call')]",18.0,594.0,36.0,p1,showdown,False,2,102.0,114.0,calling_station
609,k,q,max_raise,['max_raise'],"[('p1', 'max_raise'), ('p2', 'call')]",18.0,612.0,36.0,p1,showdown,False,2,102.0,114.0,calling_station
610,k,j,max_raise,['max_raise'],"[('p1', 'max_raise'), ('p2', 'call')]",18.0,630.0,36.0,p1,showdown,False,2,102.0,114.0,calling_station
611,j,k,check,['check'],"[('p1', 'check'), ('p2', 'check')]",-6.0,624.0,12.0,p2,showdown,False,2,114.0,114.0,calling_station
612,j,k,check,['check'],"[('p1', 'check'), ('p2', 'check')]",-6.0,618.0,12.0,p2,showdown,False,2,114.0,114.0,calling_station
613,q,j,max_raise,['max_raise'],"[('p1', 'max_raise'), ('p2', 'call')]",18.0,636.0,36.0,p1,showdown,False,2,102.0,114.0,calling_station
614,k,q,max_raise,['max_raise'],"[('p1', 'max_raise'), ('p2', 'call')]",18.0,654.0,36.0,p1,showdown,False,2,102.0,114.0,calling_station
615,q,k,max_raise,['max_raise'],"[('p1', 'max_raise'), ('p2', 'call')]",-18.0,636.0,36.0,p2,showdown,False,2,102.0,114.0,calling_station
616,k,q,max_raise,['max_raise'],"[('p1', 'max_raise'), ('p2', 'call')]",18.0,654.0,36.0,p1,showdown,False,2,102.0,114.0,calling_station
617,j,j,max_raise,['max_raise'],"[('p1', 'max_raise'), ('p2', 'call')]",0.0,654.0,0.0,tie,showdown,True,2,102.0,114.0,calling_station
618,j,q,max_raise,['max_raise'],"[('p1', 'max_raise'), ('p2', 'call')]",-18.0,636.0,36.0,p2,showdown,True,2,102.0,114.0,calling_station
619,j,k,max_raise,['max_raise'],"[('p1', 'max_raise'), ('p2', 'call')]",-18.0,618.0,36.0,p2,showdown,True,2,102.0,114.0,calling_station
620,k,j,max_raise,['max_raise'],"[('p1', 'max_raise'), ('p2', 'call')]",18.0,636.0,36.0,p1,showdown,False,2,102.0,114.0,calling_station
621,q,k,max_raise,['max_raise'],"[('p1', 'max_raise'), ('p2', 'call')]",-18.0,618.0,36.0,p2,showdown,False,2,102.0,114.0,calling_station
622,j,q,max_raise,['max_raise'],"[('p1', 'max_raise'), ('p2', 'call')]",-18.0,600.0,36.0,p2,showdown,True,2,102.0,114.0,calling_station
623,q,q,max_raise,['max_raise'],"[('p1', 'max_raise'), ('p2', 'call')]",0.0,600.0,0.0,tie,showdown,False,2,102.0,114.0,calling_station
624,k,k,max_raise,['max_raise'],"[('p1', 'max_raise'), ('p2', 'call')]",0.0,600.0,0.0,tie,showdown,False,2,102.0,114.0,calling_station
625,q,q,max_raise,['max_raise'],"[('p1', 'max_raise'), ('p2', 'call')]",0.0,600.0,0.0,tie,showdown,False,2,102.0,114.0,calling_station
626,q,j,max_raise,['max_raise'],"[('p1', 'max_raise'), ('p2', 'call')]",18.0,618.0,36.0,p1,showdown,False,2,102.0,114.0,calling_station
627,k,k,max_raise,['max_raise'],"[('p1', 'max_raise'), ('p2', 'call')]",0.0,618.0,0.0,tie,showdown,False,2,102.0,114.0,calling_station
628,k,k,max_raise,['max_raise'],"[('p1', 'max_raise'), ('p2', 'call')]",0.0,618.0,0.0,tie,showdown,False,2,102.0,114.0,calling_station
629,k,j,max_raise,['max_raise'],"[('p1', 'max_raise'), ('p2', 'call')]",18.0,636.0,36.0,p1,showdown,False,2,102.0,114.0,calling_station
630,j,j,max_raise,['max_raise'],"[('p1', 'max_raise'), ('p2', 'call')]",0.0,636.0,0.0,tie,showdown,True,2,102.0,114.0,calling_station
631,k,j,max_raise,['max_raise'],"[('p1', 'max_raise'), ('p2', 'call')]",18.0,654.0,36.0,p1,showdown,False,2,102.0,114.0,calling_station
632,j,j,max_raise,['max_raise'],"[('p1', 'max_raise'), ('p2', 'call')]",0.0,654.0,0.0,tie,showdown,True,2,102.0,114.0,calling_station
633,j,q,max_raise,['max_raise'],"[('p1', 'max_raise'), ('p2', 'call')]",-18.0,636.0,36.0,p2,showdown,True,2,102.0,114.0,calling_station
634,q,q,max_raise,['max_raise'],"[('p1', 'max_raise'), ('p2', 'call')]",0.0,636.0,0.0,tie,showdown,False,2,102.0,114.0,calling_station
635,k,j,max_raise,['max_raise'],"[('p1', 'max_raise'), ('p2', 'call')]",18.0,654.0,36.0,p1,showdown,False,2,102.0,114.0,calling_station
636,k,j,max_raise,['max_raise'],"[('p1', 'max_raise'), ('p2', 'call')]",18.0,672.0,36.0,p1,showdown,False,2,102.0,114.0,calling_station
637,j,k,max_raise,['max_raise'],"[('p1', 'max_raise'), ('p2', 'call')]",-18.0,654.0,36.0,p2,showdown,True,2,102.0,114.0,calling_station
638,j,k,max_raise,['max_raise'],"[('p1', 'max_raise'), ('p2', 'call')]",-18.0,636.0,36.0,p2,showdown,True,2,102.0,114.0,calling_station
639,j,q,max_raise,['max_raise'],"[('p1', 'max_raise'), ('p2', 'call')]",-18.0,618.0,36.0,p2,showdown,True,2,102.0,114.0,calling_station
640,j,k,max_raise,['max_raise'],"[('p1', 'max_raise'), ('p2', 'call')]",-18.0,600.0,36.0,p2,showdown,True,2,102.0,114.0,calling_station
641,k,k,max_raise,['max_raise'],"[('p1', 'max_raise'), ('p2', 'call')]",0.0,600.0,0.0,tie,showdown,False,2,102.0,114.0,calling_station
642,j,k,max_raise,['max_raise'],"[('p1', 'max_raise'), ('p2', 'call')]",-18.0,582.0,36.0,p2,showdown,True,2,102.0,114.0,calling_station
643,q,j,max_raise,['max_raise'],"[('p1', 'max_raise'), ('p2', 'call')]",18.0,600.0,36.0,p1,showdown,False,2,102.0,114.0,calling_station
644,j,q,min_raise,['min_raise'],"[('p1', 'min_raise'), ('p2', 'call')]",-12.0,588.0,24.0,p2,showdown,True,2,108.0,114.0,calling_station
645,q,k,max_raise,['max_raise'],"[('p1', 'max_raise'), ('p2', 'call')]",-18.0,570.0,36.0,p2,showdown,False,2,102.0,114.0,calling_station
646,j,k,check,['check'],"[('p1', 'check'), ('p2', 'check')]",-6.0,564.0,12.0,p2,showdown,False,2,114.0,114.0,calling_station
647,k,k,max_raise,['max_raise'],"[('p1', 'max_raise'), ('p2', 'call')]",0.0,564.0,0.0,tie,showdown,False,2,102.0,114.0,calling_station
648,j,k,check,['check'],"[('p1', 'check'), ('p2', 'check')]",-6.0,558.0,12.0,p2,showdown,False,2,114.0,114.0,calling_station
649,k,k,max_raise,['max_raise'],"[('p1', 'max_raise'), ('p2', 'call')]",0.0,558.0,0.0,tie,showdown,False,2,102.0,114.0,calling_station
650,q,j,max_raise,['max_raise'],"[('p1', 'max_raise'), ('p2', 'call')]",18.0,576.0,36.0,p1,showdown,False,2,102.0,114.0,calling_station
651,j,q,check,['check'],"[('p1', 'check'), ('p2', 'check')]",-6.0,570.0,12.0,p2,showdown,False,2,114.0,114.0,calling_station
652,j,j,check,['check'],"[('p1', 'check'), ('p2', 'check')]",0.0,570.0,0.0,tie,showdown,False,2,114.0,114.0,calling_station
653,q,j,max_raise,['max_raise'],"[('p1', 'max_raise'), ('p2', 'call')]",18.0,588.0,36.0,p1,showdown,False,2,102.0,114.0,calling_station
654,j,k,check,['check'],"[('p1', 'check'), ('p2', 'check')]",-6.0,582.0,12.0,p2,showdown,False,2,114.0,114.0,calling_station
655,k,k,max_raise,['max_raise'],"[('p1', 'max_raise'), ('p2', 'call')]",0.0,582.0,0.0,tie,showdown,False,2,102.0,114.0,calling_station
656,j,k,check,['check'],"[('p1', 'check'), ('p2', 'check')]",-6.0,576.0,12.0,p2,showdown,False,2,114.0,114.0,calling_station
657,j,q,check,['check'],"[('p1', 'check'), ('p2', 'check')]",-6.0,570.0,12.0,p2,showdown,False,2,114.0,114.0,calling_station
658,j,k,check,['check'],"[('p1', 'check'), ('p2', 'check')]",-6.0,564.0,12.0,p2,showdown,False,2,114.0,114.0,calling_station
659,k,j,max_raise,['max_raise'],"[('p1', 'max_raise'), ('p2', 'call')]",18.0,582.0,36.0,p1,showdown,False,2,102.0,114.0,calling_station
660,q,j,max_raise,['max_raise'],"[('p1', 'max_raise'), ('p2', 'call')]",18.0,600.0,36.0,p1,showdown,False,2,102.0,114.0,calling_station
661,k,j,max_raise,['max_raise'],"[('p1', 'max_raise'), ('p2', 'call')]",18.0,618.0,36.0,p1,showdown,False,2,102.0,114.0,calling_station
662,j,q,max_raise,['max_raise'],"[('p1', 'max_raise'), ('p2', 'call')]",-18.0,600.0,36.0,p2,showdown,True,2,102.0,114.0,calling_station
663,q,k,max_raise,['max_raise'],"[('p1', 'max_raise'), ('p2', 'call')]",-18.0,582.0,36.0,p2,showdown,False,2,102.0,114.0,calling_station
664,q,q,max_raise,['max_raise'],"[('p1', 'max_raise'), ('p2', 'call')]",0.0,582.0,0.0,tie,showdown,False,2,102.0,114.0,calling_station
665,k,k,max_raise,['max_raise'],"[('p1', 'max_raise'), ('p2', 'call')]",0.0,582.0,0.0,tie,showdown,False,2,102.0,114.0,calling_station
666,j,k,max_raise,['max_raise'],"[('p1', 'max_raise'), ('p2', 'call')]",-18.0,564.0,36.0,p2,showdown,True,2,102.0,114.0,calling_station
667,k,k,max_raise,['max_raise'],"[('p1', 'max_raise'), ('p2', 'call')]",0.0,564.0,0.0,tie,showdown,False,2,102.0,114.0,calling_station
668,q,k,max_raise,['max_raise'],"[('p1', 'max_raise'), ('p2', 'call')]",-18.0,546.0,36.0,p2,showdown,False,2,102.0,114.0,calling_station
669,j,k,max_raise,['max_raise'],"[('p1', 'max_raise'), ('p2', 'call')]",-18.0,528.0,36.0,p2,showdown,True,2,102.0,114.0,calling_station
670,q,k,max_raise,['max_raise'],"[('p1', 'max_raise'), ('p2', 'call')]",-18.0,510.0,36.0,p2,showdown,False,2,102.0,114.0,calling_station
671,q,j,max_raise,['max_raise'],"[('p1', 'max_raise'), ('p2', 'call')]",18.0,528.0,36.0,p1,showdown,False,2,102.0,114.0,calling_station
672,j,j,max_raise,['max_raise'],"[('p1', 'max_raise'), ('p2', 'call')]",0.0,528.0,0.0,tie,showdown,True,2,102.0,114.0,calling_station
673,k,j,max_raise,['max_raise'],"[('p1', 'max_raise'), ('p2', 'call')]",18.0,546.0,36.0,p1,showdown,False,2,102.0,114.0,calling_station
674,k,q,max_raise,['max_raise'],"[('p1', 'max_raise'), ('p2', 'call')]",18.0,564.0,36.0,p1,showdown,False,2,102.0,114.0,calling_station
675,q,k,max_raise,['max_raise'],"[('p1', 'max_raise'), ('p2', 'call')]",-18.0,546.0,36.0,p2,showdown,False,2,102.0,114.0,calling_station
676,q,j,max_raise,['max_raise'],"[('p1', 'max_raise'), ('p2', 'call')]",18.0,564.0,36.0,p1,showdown,False,2,102.0,114.0,calling_station
677,k,q,max_raise,['max_raise'],"[('p1', 'max_raise'), ('p2', 'call')]",18.0,582.0,36.0,p1,showdown,False,2,102.0,114.0,calling_station
678,q,j,max_raise,['max_raise'],"[('p1', 'max_raise'), ('p2', 'call')]",18.0,600.0,36.0,p1,showdown,False,2,102.0,114.0,calling_station
679,j,q,max_raise,['max_raise'],"[('p1', 'max_raise'), ('p2', 'call')]",-18.0,582.0,36.0,p2,showdown,True,2,102.0,114.0,calling_station
680,q,q,max_raise,['max_raise'],"[('p1', 'max_raise'), ('p2', 'call')]",0.0,582.0,0.0,tie,showdown,False,2,102.0,114.0,calling_station
681,k,q,max_raise,['max_raise'],"[('p1', 'max_raise'), ('p2', 'call')]",18.0,600.0,36.0,p1,showdown,False,2,102.0,114.0,calling_station
682,q,j,max_raise,['max_raise'],"[('p1', 'max_raise'), ('p2', 'call')]",18.0,618.0,36.0,p1,showdown,False,2,102.0,114.0,calling_station
683,k,q,max_raise,['max_raise'],"[('p1', 'max_raise'), ('p2', 'call')]",18.0,636.0,36.0,p1,showdown,False,2,102.0,114.0,calling_station
684,k,q,max_raise,['max_raise'],"[('p1', 'max_raise'), ('p2', 'call')]",18.0,654.0,36.0,p1,showdown,False,2,102.0,114.0,calling_station
685,k,q,max_raise,['max_raise'],"[('p1', 'max_raise'), ('p2', 'call')]",18.0,672.0,36.0,p1,showdown,False,2,102.0,114.0,calling_station
686,j,k,max_raise,['max_raise'],"[('p1', 'max_raise'), ('p2', 'call')]",-18.0,654.0,36.0,p2,showdown,True,2,102.0,114.0,calling_station
687,q,k,max_raise,['max_raise'],"[('p1', 'max_raise'), ('p2', 'call')]",-18.0,636.0,36.0,p2,showdown,False,2,102.0,114.0,calling_station
688,k,q,max_raise,['max_raise'],"[('p1', 'max_raise'), ('p2', 'call')]",18.0,654.0,36.0,p1,showdown,False,2,102.0,114.0,calling_station
689,j,k,max_raise,['max_raise'],"[('p1', 'max_raise'), ('p2', 'call')]",-18.0,636.0,36.0,p2,showdown,True,2,102.0,114.0,calling_station
690,j,k,max_raise,['max_raise'],"[('p1', 'max_raise'), ('p2', 'call')]",-18.0,618.0,36.0,p2,showdown,True,2,102.0,114.0,calling_station
691,q,j,max_raise,['max_raise'],"[('p1', 'max_raise'), ('p2', 'call')]",18.0,636.0,36.0,p1,showdown,False,2,102.0,114.0,calling_station
692,q,k,max_raise,['max_raise'],"[('p1', 'max_raise'), ('p2', 'call')]",-18.0,618.0,36.0,p2,showdown,False,2,102.0,114.0,calling_station
693,q,k,max_raise,['max_raise'],"[('p1', 'max_raise'), ('p2', 'call')]",-18.0,600.0,36.0,p2,showdown,False,2,102.0,114.0,calling_station
694,k,j,max_raise,['max_raise'],"[('p1', 'max_raise'), ('p2', 'call')]",18.0,618.0,36.0,p1,showdown,False,2,102.0,114.0,calling_station
695,q,j,max_raise,['max_raise'],"[('p1', 'max_raise'), ('p2', 'call')]",18.0,636.0,36.0,p1,showdown,False,2,102.0,114.0,calling_station
696,q,k,max_raise,['max_raise'],"[('p1', 'max_raise'), ('p2', 'call')]",-18.0,618.0,36.0,p2,showdown,False,2,102.0,114.0,calling_station
697,q,j,max_raise,['max_raise'],"[('p1', 'max_raise'), ('p2', 'call')]",18.0,636.0,36.0,p1,showdown,False,2,102.0,114.0,calling_station
698,j,k,max_raise,['max_raise'],"[('p1', 'max_raise'), ('p2', 'call')]",-18.0,618.0,36.0,p2,showdown,True,2,102.0,114.0,calling_station
699,k,q,max_raise,['max_raise'],"[('p1', 'max_raise'), ('p2', 'call')]",18.0,636.0,36.0,p1,showdown,False,2,102.0,114.0,calling_station
700,k,k,max_raise,['max_raise'],"[('p1', 'max_raise'), ('p2', 'call')]",0.0,636.0,0.0,tie,showdown,False,2,102.0,114.0,calling_station
701,j,k,max_raise,['max_raise'],"[('p1', 'max_raise'), ('p2', 'call')]",-18.0,618.0,36.0,p2,showdown,True,2,102.0,114.0,calling_station
702,q,q,max_raise,['max_raise'],"[('p1', 'max_raise'), ('p2', 'call')]",0.0,618.0,0.0,tie,showdown,False,2,102.0,114.0,calling_station
703,j,q,max_raise,['max_raise'],"[('p1', 'max_raise'), ('p2', 'call')]",-18.0,600.0,36.0,p2,showdown,True,2,102.0,114.0,calling_station
704,q,j,max_raise,['max_raise'],"[('p1', 'max_raise'), ('p2', 'call')]",18.0,618.0,36.0,p1,showdown,False,2,102.0,114.0,calling_station
705,j,q,max_raise,['max_raise'],"[('p1', 'max_raise'), ('p2', 'call')]",-18.0,600.0,36.0,p2,showdown,True,2,102.0,114.0,calling_station
706,q,k,max_raise,['max_raise'],"[('p1', 'max_raise'), ('p2', 'call')]",-18.0,582.0,36.0,p2,showdown,False,2,102.0,114.0,calling_station
707,j,q,max_raise,['max_raise'],"[('p1', 'max_raise'), ('p2', 'call')]",-18.0,564.0,36.0,p2,showdown,True,2,102.0,114.0,calling_station
708,j,j,check,['check'],"[('p1', 'check'), ('p2', 'check')]",0.0,564.0,0.0,tie,showdown,False,2,114.0,114.0,calling_station
709,q,j,max_raise,['max_raise'],"[('p1', 'max_raise'), ('p2', 'call')]",18.0,582.0,36.0,p1,showdown,False,2,102.0,114.0,calling_station
710,j,q,check,['check'],"[('p1', 'check'), ('p2', 'check')]",-6.0,576.0,12.0,p2,showdown,False,2,114.0,114.0,calling_station
711,q,j,max_raise,['max_raise'],"[('p1', 'max_raise'), ('p2', 'call')]",18.0,594.0,36.0,p1,showdown,False,2,102.0,114.0,calling_station
712,q,k,max_raise,['max_raise'],"[('p1', 'max_raise'), ('p2', 'call')]",-18.0,576.0,36.0,p2,showdown,False,2,102.0,114.0,calling_station
713,q,j,max_raise,['max_raise'],"[('p1', 'max_raise'), ('p2', 'call')]",18.0,594.0,36.0,p1,showdown,False,2,102.0,114.0,calling_station
714,q,k,max_raise,['max_raise'],"[('p1', 'max_raise'), ('p2', 'call')]",-18.0,576.0,36.0,p2,showdown,False,2,102.0,114.0,calling_station
715,k,q,max_raise,['max_raise'],"[('p1', 'max_raise'), ('p2', 'call')]",18.0,594.0,36.0,p1,showdown,False,2,102.0,114.0,calling_station
716,j,j,check,['check'],"[('p1', 'check'), ('p2', 'check')]",0.0,594.0,0.0,tie,showdown,False,2,114.0,114.0,calling_station
717,q,k,max_raise,['max_raise'],"[('p1', 'max_raise'), ('p2', 'call')]",-18.0,576.0,36.0,p2,showdown,False,2,102.0,114.0,calling_station
718,j,k,check,['check'],"[('p1', 'check'), ('p2', 'check')]",-6.0,570.0,12.0,p2,showdown,False,2,114.0,114.0,calling_station
719,j,q,check,['check'],"[('p1', 'check'), ('p2', 'check')]",-6.0,564.0,12.0,p2,showdown,False,2,114.0,114.0,calling_station
720,j,q,check,['check'],"[('p1', 'check'), ('p2', 'check')]",-6.0,558.0,12.0,p2,showdown,False,2,114.0,114.0,calling_station
721,q,k,max_raise,['max_raise'],"[('p1', 'max_raise'), ('p2', 'call')]",-18.0,540.0,36.0,p2,showdown,False,2,102.0,114.0,calling_station
722,k,q,max_raise,['max_raise'],"[('p1', 'max_raise'), ('p2', 'call')]",18.0,558.0,36.0,p1,showdown,False,2,102.0,114.0,calling_station
723,j,q,check,['check'],"[('p1', 'check'), ('p2', 'check')]",-6.0,552.0,12.0,p2,showdown,False,2,114.0,114.0,calling_station
724,k,q,max_raise,['max_raise'],"[('p1', 'max_raise'), ('p2', 'call')]",18.0,570.0,36.0,p1,showdown,False,2,102.0,114.0,calling_station
725,k,q,max_raise,['max_raise'],"[('p1', 'max_raise'), ('p2', 'call')]",18.0,588.0,36.0,p1,showdown,False,2,102.0,114.0,calling_station
726,j,k,min_raise,['min_raise'],"[('p1', 'min_raise'), ('p2', 'call')]",-12.0,576.0,24.0,p2,showdown,True,2,108.0,114.0,calling_station
727,j,k,min_raise,['min_raise'],"[('p1', 'min_raise'), ('p2', 'call')]",-12.0,564.0,24.0,p2,showdown,True,2,108.0,114.0,calling_station
728,k,q,max_raise,['max_raise'],"[('p1', 'max_raise'), ('p2', 'call')]",18.0,582.0,36.0,p1,showdown,False,2,102.0,114.0,calling_station
729,j,q,check,['check'],"[('p1', 'check'), ('p2', 'check')]",-6.0,576.0,12.0,p2,showdown,False,2,114.0,114.0,calling_station
730,k,q,max_raise,['max_raise'],"[('p1', 'max_raise'), ('p2', 'call')]",18.0,594.0,36.0,p1,showdown,False,2,102.0,114.0,calling_station
731,j,k,max_raise,['max_raise'],"[('p1', 'max_raise'), ('p2', 'call')]",-18.0,576.0,36.0,p2,showdown,True,2,102.0,114.0,calling_station
732,j,q,max_raise,['max_raise'],"[('p1', 'max_raise'), ('p2', 'call')]",-18.0,558.0,36.0,p2,showdown,True,2,102.0,114.0,calling_station
733,j,q,max_raise,['max_raise'],"[('p1', 'max_raise'), ('p2', 'call')]",-18.0,540.0,36.0,p2,showdown,True,2,102.0,114.0,calling_station
734,q,j,max_raise,['max_raise'],"[('p1', 'max_raise'), ('p2', 'call')]",18.0,558.0,36.0,p1,showdown,False,2,102.0,114.0,calling_station
735,j,j,max_raise,['max_raise'],"[('p1', 'max_raise'), ('p2', 'call')]",0.0,558.0,0.0,tie,showdown,True,2,102.0,114.0,calling_station
736,j,k,max_raise,['max_raise'],"[('p1', 'max_raise'), ('p2', 'call')]",-18.0,540.0,36.0,p2,showdown,True,2,102.0,114.0,calling_station
737,j,k,max_raise,['max_raise'],"[('p1', 'max_raise'), ('p2', 'call')]",-18.0,522.0,36.0,p2,showdown,True,2,102.0,114.0,calling_station
738,j,k,max_raise,['max_raise'],"[('p1', 'max_raise'), ('p2', 'call')]",-18.0,504.0,36.0,p2,showdown,True,2,102.0,114.0,calling_station
739,q,k,max_raise,['max_raise'],"[('p1', 'max_raise'), ('p2', 'call')]",-18.0,486.0,36.0,p2,showdown,False,2,102.0,114.0,calling_station
740,q,j,max_raise,['max_raise'],"[('p1', 'max_raise'), ('p2', 'call')]",18.0,504.0,36.0,p1,showdown,False,2,102.0,114.0,calling_station
741,j,j,check,['check'],"[('p1', 'check'), ('p2', 'check')]",0.0,504.0,0.0,tie,showdown,False,2,114.0,114.0,calling_station
742,j,k,check,['check'],"[('p1', 'check'), ('p2', 'check')]",-6.0,498.0,12.0,p2,showdown,False,2,114.0,114.0,calling_station
743,q,j,max_raise,['max_raise'],"[('p1', 'max_raise'), ('p2', 'call')]",18.0,516.0,36.0,p1,showdown,False,2,102.0,114.0,calling_station
744,q,j,max_raise,['max_raise'],"[('p1', 'max_raise'), ('p2', 'call')]",18.0,534.0,36.0,p1,showdown,False,2,102.0,114.0,calling_station
745,j,k,check,['check'],"[('p1', 'check'), ('p2', 'check')]",-6.0,528.0,12.0,p2,showdown,False,2,114.0,114.0,calling_station
746,k,q,max_raise,['max_raise'],"[('p1', 'max_raise'), ('p2', 'call')]",18.0,546.0,36.0,p1,showdown,False,2,102.0,114.0,calling_station
747,j,j,check,['check'],"[('p1', 'check'), ('p2', 'check')]",0.0,546.0,0.0,tie,showdown,False,2,114.0,114.0,calling_station
748,k,k,max_raise,['max_raise'],"[('p1', 'max_raise'), ('p2', 'call')]",0.0,546.0,0.0,tie,showdown,False,2,102.0,114.0,calling_station
749,q,k,max_raise,['max_raise'],"[('p1', 'max_raise'), ('p2', 'call')]",-18.0,528.0,36.0,p2,showdown,False,2,102.0,114.0,calling_station
750,k,q,max_raise,['max_raise'],"[('p1', 'max_raise'), ('p2', 'call')]",18.0,546.0,36.0,p1,showdown,False,2,102.0,114.0,calling_station
751,k,k,max_raise,['max_raise'],"[('p1', 'max_raise'), ('p2', 'call')]",0.0,546.0,0.0,tie,showdown,False,2,102.0,114.0,calling_station
752,j,q,check,['check'],"[('p1', 'check'), ('p2', 'check')]",-6.0,540.0,12.0,p2,showdown,False,2,114.0,114.0,calling_station
753,j,k,check,['check'],"[('p1', 'check'), ('p2', 'check')]",-6.0,534.0,12.0,p2,showdown,False,2,114.0,114.0,calling_station
754,q,k,max_raise,['max_raise'],"[('p1', 'max_raise'), ('p2', 'call')]",-18.0,516.0,36.0,p2,showdown,False,2,102.0,114.0,calling_station
755,k,q,max_raise,['max_raise'],"[('p1', 'max_raise'), ('p2', 'call')]",18.0,534.0,36.0,p1,showdown,False,2,102.0,114.0,calling_station
756,j,q,check,['check'],"[('p1', 'check'), ('p2', 'check')]",-6.0,528.0,12.0,p2,showdown,False,2,114.0,114.0,calling_station
757,j,j,check,['check'],"[('p1', 'check'), ('p2', 'check')]",0.0,528.0,0.0,tie,showdown,False,2,114.0,114.0,calling_station
758,k,k,max_raise,['max_raise'],"[('p1', 'max_raise'), ('p2', 'call')]",0.0,528.0,0.0,tie,showdown,False,2,102.0,114.0,calling_station
759,j,k,check,['check'],"[('p1', 'check'), ('p2', 'check')]",-6.0,522.0,12.0,p2,showdown,False,2,114.0,114.0,calling_station
760,q,q,max_raise,['max_raise'],"[('p1', 'max_raise'), ('p2', 'call')]",0.0,522.0,0.0,tie,showdown,False,2,102.0,114.0,calling_station
761,k,q,max_raise,['max_raise'],"[('p1', 'max_raise'), ('p2', 'call')]",18.0,540.0,36.0,p1,showdown,False,2,102.0,114.0,calling_station
762,k,q,max_raise,['max_raise'],"[('p1', 'max_raise'), ('p2', 'call')]",18.0,558.0,36.0,p1,showdown,False,2,102.0,114.0,calling_station
763,k,q,max_raise,['max_raise'],"[('p1', 'max_raise'), ('p2', 'call')]",18.0,576.0,36.0,p1,showdown,False,2,102.0,114.0,calling_station
764,q,q,max_raise,['max_raise'],"[('p1', 'max_raise'), ('p2', 'call')]",0.0,576.0,0.0,tie,showdown,False,2,102.0,114.0,calling_station
765,q,j,max_raise,['max_raise'],"[('p1', 'max_raise'), ('p2', 'call')]",18.0,594.0,36.0,p1,showdown,False,2,102.0,114.0,calling_station
766,k,j,max_raise,['max_raise'],"[('p1', 'max_raise'), ('p2', 'call')]",18.0,612.0,36.0,p1,showdown,False,2,102.0,114.0,calling_station
767,k,q,max_raise,['max_raise'],"[('p1', 'max_raise'), ('p2', 'call')]",18.0,630.0,36.0,p1,showdown,False,2,102.0,114.0,calling_station
768,j,q,max_raise,['max_raise'],"[('p1', 'max_raise'), ('p2', 'call')]",-18.0,612.0,36.0,p2,showdown,True,2,102.0,114.0,calling_station
769,q,q,max_raise,['max_raise'],"[('p1', 'max_raise'), ('p2', 'call')]",0.0,612.0,0.0,tie,showdown,False,2,102.0,114.0,calling_station
770,q,k,max_raise,['max_raise'],"[('p1', 'max_raise'), ('p2', 'call')]",-18.0,594.0,36.0,p2,showdown,False,2,102.0,114.0,calling_station
771,q,k,max_raise,['max_raise'],"[('p1', 'max_raise'), ('p2', 'call')]",-18.0,576.0,36.0,p2,showdown,False,2,102.0,114.0,calling_station
772,q,k,max_raise,['max_raise'],"[('p1', 'max_raise'), ('p2', 'call')]",-18.0,558.0,36.0,p2,showdown,False,2,102.0,114.0,calling_station
773,q,q,max_raise,['max_raise'],"[('p1', 'max_raise'), ('p2', 'call')]",0.0,558.0,0.0,tie,showdown,False,2,102.0,114.0,calling_station
774,q,q,max_raise,['max_raise'],"[('p1', 'max_raise'), ('p2', 'call')]",0.0,558.0,0.0,tie,showdown,False,2,102.0,114.0,calling_station
775,k,q,max_raise,['max_raise'],"[('p1', 'max_raise'), ('p2', 'call')]",18.0,576.0,36.0,p1,showdown,False,2,102.0,114.0,calling_station
776,k,j,max_raise,['max_raise'],"[('p1', 'max_raise'), ('p2', 'call')]",18.0,594.0,36.0,p1,showdown,False,2,102.0,114.0,calling_station
777,j,j,max_raise,['max_raise'],"[('p1', 'max_raise'), ('p2', 'call')]",0.0,594.0,0.0,tie,showdown,True,2,102.0,114.0,calling_station
778,q,j,max_raise,['max_raise'],"[('p1', 'max_raise'), ('p2', 'call')]",18.0,612.0,36.0,p1,showdown,False,2,102.0,114.0,calling_station
779,j,j,max_raise,['max_raise'],"[('p1', 'max_raise'), ('p2', 'call')]",0.0,612.0,0.0,tie,showdown,True,2,102.0,114.0,calling_station
780,q,q,max_raise,['max_raise'],"[('p1', 'max_raise'), ('p2', 'call')]",0.0,612.0,0.0,tie,showdown,False,2,102.0,114.0,calling_station
781,j,k,max_raise,['max_raise'],"[('p1', 'max_raise'), ('p2', 'call')]",-18.0,594.0,36.0,p2,showdown,True,2,102.0,114.0,calling_station
782,k,j,max_raise,['max_raise'],"[('p1', 'max_raise'), ('p2', 'call')]",18.0,612.0,36.0,p1,showdown,False,2,102.0,114.0,calling_station
783,j,q,max_raise,['max_raise'],"[('p1', 'max_raise'), ('p2', 'call')]",-18.0,594.0,36.0,p2,showdown,True,2,102.0,114.0,calling_station
784,q,k,max_raise,['max_raise'],"[('p1', 'max_raise'), ('p2', 'call')]",-18.0,576.0,36.0,p2,showdown,False,2,102.0,114.0,calling_station
785,j,k,max_raise,['max_raise'],"[('p1', 'max_raise'), ('p2', 'call')]",-18.0,558.0,36.0,p2,showdown,True,2,102.0,114.0,calling_station
786,q,k,max_raise,['max_raise'],"[('p1', 'max_raise'), ('p2', 'call')]",-18.0,540.0,36.0,p2,showdown,False,2,102.0,114.0,calling_station
787,k,j,max_raise,['max_raise'],"[('p1', 'max_raise'), ('p2', 'call')]",18.0,558.0,36.0,p1,showdown,False,2,102.0,114.0,calling_station
788,q,k,max_raise,['max_raise'],"[('p1', 'max_raise'), ('p2', 'call')]",-18.0,540.0,36.0,p2,showdown,False,2,102.0,114.0,calling_station
789,q,j,max_raise,['max_raise'],"[('p1', 'max_raise'), ('p2', 'call')]",18.0,558.0,36.0,p1,showdown,False,2,102.0,114.0,calling_station
790,j,j,max_raise,['max_raise'],"[('p1', 'max_raise'), ('p2', 'call')]",0.0,558.0,0.0,tie,showdown,True,2,102.0,114.0,calling_station
791,j,q,check,['check'],"[('p1', 'check'), ('p2', 'check')]",-6.0,552.0,12.0,p2,showdown,False,2,114.0,114.0,calling_station
792,q,j,max_raise,['max_raise'],"[('p1', 'max_raise'), ('p2', 'call')]",18.0,570.0,36.0,p1,showdown,False,2,102.0,114.0,calling_station
793,j,q,check,['check'],"[('p1', 'check'), ('p2', 'check')]",-6.0,564.0,12.0,p2,showdown,False,2,114.0,114.0,calling_station
794,k,q,max_raise,['max_raise'],"[('p1', 'max_raise'), ('p2', 'call')]",18.0,582.0,36.0,p1,showdown,False,2,102.0,114.0,calling_station
795,j,k,check,['check'],"[('p1', 'check'), ('p2', 'check')]",-6.0,576.0,12.0,p2,showdown,False,2,114.0,114.0,calling_station
796,q,j,max_raise,['max_raise'],"[('p1', 'max_raise'), ('p2', 'call')]",18.0,594.0,36.0,p1,showdown,False,2,102.0,114.0,calling_station
797,q,q,max_raise,['max_raise'],"[('p1', 'max_raise'), ('p2', 'call')]",0.0,594.0,0.0,tie,showdown,False,2,102.0,114.0,calling_station
798,k,q,max_raise,['max_raise'],"[('p1', 'max_raise'), ('p2', 'call')]",18.0,612.0,36.0,p1,showdown,False,2,102.0,114.0,calling_station
799,k,j,max_raise,['max_raise'],"[('p1', 'max_raise'), ('p2', 'call')]",18.0,630.0,36.0,p1,showdown,False,2,102.0,114.0,calling_station
800,j,j,max_raise,['max_raise'],"[('p1', 'max_raise'), ('p2', 'call')]",0.0,630.0,0.0,tie,showdown,True,2,102.0,114.0,calling_station
801,k,j,max_raise,['max_raise'],"[('p1', 'max_raise'), ('p2', 'call')]",18.0,648.0,36.0,p1,showdown,False,2,102.0,114.0,calling_station
802,j,k,max_raise,['max_raise'],"[('p1', 'max_raise'), ('p2', 'call')]",-18.0,630.0,36.0,p2,showdown,True,2,102.0,114.0,calling_station
803,j,k,max_raise,['max_raise'],"[('p1', 'max_raise'), ('p2', 'call')]",-18.0,612.0,36.0,p2,showdown,True,2,102.0,114.0,calling_station
804,q,j,max_raise,['max_raise'],"[('p1', 'max_raise'), ('p2', 'call')]",18.0,630.0,36.0,p1,showdown,False,2,102.0,114.0,calling_station
805,k,q,max_raise,['max_raise'],"[('p1', 'max_raise'), ('p2', 'call')]",18.0,648.0,36.0,p1,showdown,False,2,102.0,114.0,calling_station
806,q,j,max_raise,['max_raise'],"[('p1', 'max_raise'), ('p2', 'call')]",18.0,666.0,36.0,p1,showdown,False,2,102.0,114.0,calling_station
807,q,q,max_raise,['max_raise'],"[('p1', 'max_raise'), ('p2', 'call')]",0.0,666.0,0.0,tie,showdown,False,2,102.0,114.0,calling_station
808,k,q,max_raise,['max_raise'],"[('p1', 'max_raise'), ('p2', 'call')]",18.0,684.0,36.0,p1,showdown,False,2,102.0,114.0,calling_station
809,j,q,max_raise,['max_raise'],"[('p1', 'max_raise'), ('p2', 'call')]",-18.0,666.0,36.0,p2,showdown,True,2,102.0,114.0,calling_station
810,q,j,max_raise,['max_raise'],"[('p1', 'max_raise'), ('p2', 'call')]",18.0,684.0,36.0,p1,showdown,False,2,102.0,114.0,calling_station
811,k,q,max_raise,['max_raise'],"[('p1', 'max_raise'), ('p2', 'call')]",18.0,702.0,36.0,p1,showdown,False,2,102.0,114.0,calling_station
812,q,q,max_raise,['max_raise'],"[('p1', 'max_raise'), ('p2', 'call')]",0.0,702.0,0.0,tie,showdown,False,2,102.0,114.0,calling_station
813,k,k,max_raise,['max_raise'],"[('p1', 'max_raise'), ('p2', 'call')]",0.0,702.0,0.0,tie,showdown,False,2,102.0,114.0,calling_station
814,q,j,max_raise,['max_raise'],"[('p1', 'max_raise'), ('p2', 'call')]",18.0,720.0,36.0,p1,showdown,False,2,102.0,114.0,calling_station
815,j,k,max_raise,['max_raise'],"[('p1', 'max_raise'), ('p2', 'call')]",-18.0,702.0,36.0,p2,showdown,True,2,102.0,114.0,calling_station
816,q,k,max_raise,['max_raise'],"[('p1', 'max_raise'), ('p2', 'call')]",-18.0,684.0,36.0,p2,showdown,False,2,102.0,114.0,calling_station
817,j,k,max_raise,['max_raise'],"[('p1', 'max_raise'), ('p2', 'call')]",-18.0,666.0,36.0,p2,showdown,True,2,102.0,114.0,calling_station
818,k,j,max_raise,['max_raise'],"[('p1', 'max_raise'), ('p2', 'call')]",18.0,684.0,36.0,p1,showdown,False,2,102.0,114.0,calling_station
819,j,q,max_raise,['max_raise'],"[('p1', 'max_raise'), ('p2', 'call')]",-18.0,666.0,36.0,p2,showdown,True,2,102.0,114.0,calling_station
820,k,j,max_raise,['max_raise'],"[('p1', 'max_raise'), ('p2', 'call')]",18.0,684.0,36.0,p1,showdown,False,2,102.0,114.0,calling_station
821,q,q,max_raise,['max_raise'],"[('p1', 'max_raise'), ('p2', 'call')]",0.0,684.0,0.0,tie,showdown,False,2,102.0,114.0,calling_station
822,k,q,max_raise,['max_raise'],"[('p1', 'max_raise'), ('p2', 'call')]",18.0,702.0,36.0,p1,showdown,False,2,102.0,114.0,calling_station
823,j,q,max_raise,['max_raise'],"[('p1', 'max_raise'), ('p2', 'call')]",-18.0,684.0,36.0,p2,showdown,True,2,102.0,114.0,calling_station
824,q,q,max_raise,['max_raise'],"[('p1', 'max_raise'), ('p2', 'call')]",0.0,684.0,0.0,tie,showdown,False,2,102.0,114.0,calling_station
825,k,q,max_raise,['max_raise'],"[('p1', 'max_raise'), ('p2', 'call')]",18.0,702.0,36.0,p1,showdown,False,2,102.0,114.0,calling_station
826,q,k,max_raise,['max_raise'],"[('p1', 'max_raise'), ('p2', 'call')]",-18.0,684.0,36.0,p2,showdown,False,2,102.0,114.0,calling_station
827,j,k,max_raise,['max_raise'],"[('p1', 'max_raise'), ('p2', 'call')]",-18.0,666.0,36.0,p2,showdown,True,2,102.0,114.0,calling_station
828,j,j,max_raise,['max_raise'],"[('p1', 'max_raise'), ('p2', 'call')]",0.0,666.0,0.0,tie,showdown,True,2,102.0,114.0,calling_station
829,j,q,max_raise,['max_raise'],"[('p1', 'max_raise'), ('p2', 'call')]",-18.0,648.0,36.0,p2,showdown,True,2,102.0,114.0,calling_station
830,q,k,max_raise,['max_raise'],"[('p1', 'max_raise'), ('p2', 'call')]",-18.0,630.0,36.0,p2,showdown,False,2,102.0,114.0,calling_station
831,k,q,max_raise,['max_raise'],"[('p1', 'max_raise'), ('p2', 'call')]",18.0,648.0,36.0,p1,showdown,False,2,102.0,114.0,calling_station
832,k,j,max_raise,['max_raise'],"[('p1', 'max_raise'), ('p2', 'call')]",18.0,666.0,36.0,p1,showdown,False,2,102.0,114.0,calling_station
833,k,k,max_raise,['max_raise'],"[('p1', 'max_raise'), ('p2', 'call')]",0.0,666.0,0.0,tie,showdown,False,2,102.0,114.0,calling_station
834,j,q,max_raise,['max_raise'],"[('p1', 'max_raise'), ('p2', 'call')]",-18.0,648.0,36.0,p2,showdown,True,2,102.0,114.0,calling_station
835,q,j,max_raise,['max_raise'],"[('p1', 'max_raise'), ('p2', 'call')]",18.0,666.0,36.0,p1,showdown,False,2,102.0,114.0,calling_station
836,q,q,max_raise,['max_raise'],"[('p1', 'max_raise'), ('p2', 'call')]",0.0,666.0,0.0,tie,showdown,False,2,102.0,114.0,calling_station
837,j,k,max_raise,['max_raise'],"[('p1', 'max_raise'), ('p2', 'call')]",-18.0,648.0,36.0,p2,showdown,True,2,102.0,114.0,calling_station
838,j,j,max_raise,['max_raise'],"[('p1', 'max_raise'), ('p2', 'call')]",0.0,648.0,0.0,tie,showdown,True,2,102.0,114.0,calling_station
839,q,k,max_raise,['max_raise'],"[('p1', 'max_raise'), ('p2', 'call')]",-18.0,630.0,36.0,p2,showdown,False,2,102.0,114.0,calling_station
840,k,j,max_raise,['max_raise'],"[('p1', 'max_raise'), ('p2', 'call')]",18.0,648.0,36.0,p1,showdown,False,2,102.0,114.0,calling_station
841,q,q,max_raise,['max_raise'],"[('p1', 'max_raise'), ('p2', 'call')]",0.0,648.0,0.0,tie,showdown,False,2,102.0,114.0,calling_station
842,q,j,max_raise,['max_raise'],"[('p1', 'max_raise'), ('p2', 'call')]",18.0,666.0,36.0,p1,showdown,False,2,102.0,114.0,calling_station
843,q,j,max_raise,['max_raise'],"[('p1', 'max_raise'), ('p2', 'call')]",18.0,684.0,36.0,p1,showdown,False,2,102.0,114.0,calling_station
844,k,j,max_raise,['max_raise'],"[('p1', 'max_raise'), ('p2', 'call')]",18.0,702.0,36.0,p1,showdown,False,2,102.0,114.0,calling_station
845,j,q,max_raise,['max_raise'],"[('p1', 'max_raise'), ('p2', 'call')]",-18.0,684.0,36.0,p2,showdown,True,2,102.0,114.0,calling_station
846,k,j,max_raise,['max_raise'],"[('p1', 'max_raise'), ('p2', 'call')]",18.0,702.0,36.0,p1,showdown,False,2,102.0,114.0,calling_station
847,j,j,max_raise,['max_raise'],"[('p1', 'max_raise'), ('p2', 'call')]",0.0,702.0,0.0,tie,showdown,True,2,102.0,114.0,calling_station
848,k,j,max_raise,['max_raise'],"[('p1', 'max_raise'), ('p2', 'call')]",18.0,720.0,36.0,p1,showdown,False,2,102.0,114.0,calling_station
849,j,q,max_raise,['max_raise'],"[('p1', 'max_raise'), ('p2', 'call')]",-18.0,702.0,36.0,p2,showdown,True,2,102.0,114.0,calling_station
850,k,q,max_raise,['max_raise'],"[('p1', 'max_raise'), ('p2', 'call')]",18.0,720.0,36.0,p1,showdown,False,2,102.0,114.0,calling_station
851,q,j,max_raise,['max_raise'],"[('p1', 'max_raise'), ('p2', 'call')]",18.0,738.0,36.0,p1,showdown,False,2,102.0,114.0,calling_station
852,q,q,max_raise,['max_raise'],"[('p1', 'max_raise'), ('p2', 'call')]",0.0,738.0,0.0,tie,showdown,False,2,102.0,114.0,calling_station
853,k,k,max_raise,['max_raise'],"[('p1', 'max_raise'), ('p2', 'call')]",0.0,738.0,0.0,tie,showdown,False,2,102.0,114.0,calling_station
854,j,q,max_raise,['max_raise'],"[('p1', 'max_raise'), ('p2', 'call')]",-18.0,720.0,36.0,p2,showdown,True,2,102.0,114.0,calling_station
855,q,k,max_raise,['max_raise'],"[('p1', 'max_raise'), ('p2', 'call')]",-18.0,702.0,36.0,p2,showdown,False,2,102.0,114.0,calling_station
856,q,k,max_raise,['max_raise'],"[('p1', 'max_raise'), ('p2', 'call')]",-18.0,684.0,36.0,p2,showdown,False,2,102.0,114.0,calling_station
857,k,q,max_raise,['max_raise'],"[('p1', 'max_raise'), ('p2', 'call')]",18.0,702.0,36.0,p1,showdown,False,2,102.0,114.0,calling_station
858,j,k,max_raise,['max_raise'],"[('p1', 'max_raise'), ('p2', 'call')]",-18.0,684.0,36.0,p2,showdown,True,2,102.0,114.0,calling_station
859,q,q,max_raise,['max_raise'],"[('p1', 'max_raise'), ('p2', 'call')]",0.0,684.0,0.0,tie,showdown,False,2,102.0,114.0,calling_station
860,k,j,max_raise,['max_raise'],"[('p1', 'max_raise'), ('p2', 'call')]",18.0,702.0,36.0,p1,showdown,False,2,102.0,114.0,calling_station
861,j,j,max_raise,['max_raise'],"[('p1', 'max_raise'), ('p2', 'call')]",0.0,702.0,0.0,tie,showdown,True,2,102.0,114.0,calling_station
862,q,j,max_raise,['max_raise'],"[('p1', 'max_raise'), ('p2', 'call')]",18.0,720.0,36.0,p1,showdown,False,2,102.0,114.0,calling_station
863,q,k,max_raise,['max_raise'],"[('p1', 'max_raise'), ('p2', 'call')]",-18.0,702.0,36.0,p2,showdown,False,2,102.0,114.0,calling_station
864,q,j,max_raise,['max_raise'],"[('p1', 'max_raise'), ('p2', 'call')]",18.0,720.0,36.0,p1,showdown,False,2,102.0,114.0,calling_station
865,q,k,max_raise,['max_raise'],"[('p1', 'max_raise'), ('p2', 'call')]",-18.0,702.0,36.0,p2,showdown,False,2,102.0,114.0,calling_station
866,j,q,max_raise,['max_raise'],"[('p1', 'max_raise'), ('p2', 'call')]",-18.0,684.0,36.0,p2,showdown,True,2,102.0,114.0,calling_station
867,q,q,max_raise,['max_raise'],"[('p1', 'max_raise'), ('p2', 'call')]",0.0,684.0,0.0,tie,showdown,False,2,102.0,114.0,calling_station
868,q,q,max_raise,['max_raise'],"[('p1', 'max_raise'), ('p2', 'call')]",0.0,684.0,0.0,tie,showdown,False,2,102.0,114.0,calling_station
869,k,q,max_raise,['max_raise'],"[('p1', 'max_raise'), ('p2', 'call')]",18.0,702.0,36.0,p1,showdown,False,2,102.0,114.0,calling_station
870,q,q,max_raise,['max_raise'],"[('p1', 'max_raise'), ('p2', 'call')]",0.0,702.0,0.0,tie,showdown,False,2,102.0,114.0,calling_station
871,q,j,max_raise,['max_raise'],"[('p1', 'max_raise'), ('p2', 'call')]",18.0,720.0,36.0,p1,showdown,False,2,102.0,114.0,calling_station
872,j,q,check,['check'],"[('p1', 'check'), ('p2', 'check')]",-6.0,714.0,12.0,p2,showdown,False,2,114.0,114.0,calling_station
873,q,j,max_raise,['max_raise'],"[('p1', 'max_raise'), ('p2', 'call')]",18.0,732.0,36.0,p1,showdown,False,2,102.0,114.0,calling_station
874,k,k,max_raise,['max_raise'],"[('p1', 'max_raise'), ('p2', 'call')]",0.0,732.0,0.0,tie,showdown,False,2,102.0,114.0,calling_station
875,q,j,max_raise,['max_raise'],"[('p1', 'max_raise'), ('p2', 'call')]",18.0,750.0,36.0,p1,showdown,False,2,102.0,114.0,calling_station
876,q,q,max_raise,['max_raise'],"[('p1', 'max_raise'), ('p2', 'call')]",0.0,750.0,0.0,tie,showdown,False,2,102.0,114.0,calling_station
877,q,j,max_raise,['max_raise'],"[('p1', 'max_raise'), ('p2', 'call')]",18.0,768.0,36.0,p1,showdown,False,2,102.0,114.0,calling_station
878,q,j,max_raise,['max_raise'],"[('p1', 'max_raise'), ('p2', 'call')]",18.0,786.0,36.0,p1,showdown,False,2,102.0,114.0,calling_station
879,k,k,max_raise,['max_raise'],"[('p1', 'max_raise'), ('p2', 'call')]",0.0,786.0,0.0,tie,showdown,False,2,102.0,114.0,calling_station
880,k,k,max_raise,['max_raise'],"[('p1', 'max_raise'), ('p2', 'call')]",0.0,786.0,0.0,tie,showdown,False,2,102.0,114.0,calling_station
881,j,k,max_raise,['max_raise'],"[('p1', 'max_raise'), ('p2', 'call')]",-18.0,768.0,36.0,p2,showdown,True,2,102.0,114.0,calling_station
882,j,q,max_raise,['max_raise'],"[('p1', 'max_raise'), ('p2', 'call')]",-18.0,750.0,36.0,p2,showdown,True,2,102.0,114.0,calling_station
883,k,k,max_raise,['max_raise'],"[('p1', 'max_raise'), ('p2', 'call')]",0.0,750.0,0.0,tie,showdown,False,2,102.0,114.0,calling_station
884,q,k,max_raise,['max_raise'],"[('p1', 'max_raise'), ('p2', 'call')]",-18.0,732.0,36.0,p2,showdown,False,2,102.0,114.0,calling_station
885,q,j,max_raise,['max_raise'],"[('p1', 'max_raise'), ('p2', 'call')]",18.0,750.0,36.0,p1,showdown,False,2,102.0,114.0,calling_station
886,j,q,max_raise,['max_raise'],"[('p1', 'max_raise'), ('p2', 'call')]",-18.0,732.0,36.0,p2,showdown,True,2,102.0,114.0,calling_station
887,q,j,max_raise,['max_raise'],"[('p1', 'max_raise'), ('p2', 'call')]",18.0,750.0,36.0,p1,showdown,False,2,102.0,114.0,calling_station
888,q,k,max_raise,['max_raise'],"[('p1', 'max_raise'), ('p2', 'call')]",-18.0,732.0,36.0,p2,showdown,False,2,102.0,114.0,calling_station
889,j,q,max_raise,['max_raise'],"[('p1', 'max_raise'), ('p2', 'call')]",-18.0,714.0,36.0,p2,showdown,True,2,102.0,114.0,calling_station
890,j,k,max_raise,['max_raise'],"[('p1', 'max_raise'), ('p2', 'call')]",-18.0,696.0,36.0,p2,showdown,True,2,102.0,114.0,calling_station
891,j,j,max_raise,['max_raise'],"[('p1', 'max_raise'), ('p2', 'call')]",0.0,696.0,0.0,tie,showdown,True,2,102.0,114.0,calling_station
892,j,k,max_raise,['max_raise'],"[('p1', 'max_raise'), ('p2', 'call')]",-18.0,678.0,36.0,p2,showdown,True,2,102.0,114.0,calling_station
893,j,k,check,['check'],"[('p1', 'check'), ('p2', 'check')]",-6.0,672.0,12.0,p2,showdown,False,2,114.0,114.0,calling_station
894,j,j,check,['check'],"[('p1', 'check'), ('p2', 'check')]",0.0,672.0,0.0,tie,showdown,False,2,114.0,114.0,calling_station
895,j,q,check,['check'],"[('p1', 'check'), ('p2', 'check')]",-6.0,666.0,12.0,p2,showdown,False,2,114.0,114.0,calling_station
896,k,j,max_raise,['max_raise'],"[('p1', 'max_raise'), ('p2', 'call')]",18.0,684.0,36.0,p1,showdown,False,2,102.0,114.0,calling_station
897,q,k,max_raise,['max_raise'],"[('p1', 'max_raise'), ('p2', 'call')]",-18.0,666.0,36.0,p2,showdown,False,2,102.0,114.0,calling_station
898,j,j,check,['check'],"[('p1', 'check'), ('p2', 'check')]",0.0,666.0,0.0,tie,showdown,False,2,114.0,114.0,calling_station
899,k,j,max_raise,['max_raise'],"[('p1', 'max_raise'), ('p2', 'call')]",18.0,684.0,36.0,p1,showdown,False,2,102.0,114.0,calling_station
900,q,q,max_raise,['max_raise'],"[('p1', 'max_raise'), ('p2', 'call')]",0.0,684.0,0.0,tie,showdown,False,2,102.0,114.0,calling_station
901,q,q,max_raise,['max_raise'],"[('p1', 'max_raise'), ('p2', 'call')]",0.0,684.0,0.0,tie,showdown,False,2,102.0,114.0,calling_station
902,q,k,max_raise,['max_raise'],"[('p1', 'max_raise'), ('p2', 'call')]",-18.0,666.0,36.0,p2,showdown,False,2,102.0,114.0,calling_station
903,k,q,max_raise,['max_raise'],"[('p1', 'max_raise'), ('p2', 'call')]",18.0,684.0,36.0,p1,showdown,False,2,102.0,114.0,calling_station
904,k,q,max_raise,['max_raise'],"[('p1', 'max_raise'), ('p2', 'call')]",18.0,702.0,36.0,p1,showdown,False,2,102.0,114.0,calling_station
905,j,j,check,['check'],"[('p1', 'check'), ('p2', 'check')]",0.0,702.0,0.0,tie,showdown,False,2,114.0,114.0,calling_station
906,j,j,check,['check'],"[('p1', 'check'), ('p2', 'check')]",0.0,702.0,0.0,tie,showdown,False,2,114.0,114.0,calling_station
907,j,k,check,['check'],"[('p1', 'check'), ('p2', 'check')]",-6.0,696.0,12.0,p2,showdown,False,2,114.0,114.0,calling_station
908,k,j,max_raise,['max_raise'],"[('p1', 'max_raise'), ('p2', 'call')]",18.0,714.0,36.0,p1,showdown,False,2,102.0,114.0,calling_station
909,q,j,max_raise,['max_raise'],"[('p1', 'max_raise'), ('p2', 'call')]",18.0,732.0,36.0,p1,showdown,False,2,102.0,114.0,calling_station
910,k,k,max_raise,['max_raise'],"[('p1', 'max_raise'), ('p2', 'call')]",0.0,732.0,0.0,tie,showdown,False,2,102.0,114.0,calling_station
911,k,k,max_raise,['max_raise'],"[('p1', 'max_raise'), ('p2', 'call')]",0.0,732.0,0.0,tie,showdown,False,2,102.0,114.0,calling_station
912,k,q,max_raise,['max_raise'],"[('p1', 'max_raise'), ('p2', 'call')]",18.0,750.0,36.0,p1,showdown,False,2,102.0,114.0,calling_station
913,q,q,max_raise,['max_raise'],"[('p1', 'max_raise'), ('p2', 'call')]",0.0,750.0,0.0,tie,showdown,False,2,102.0,114.0,calling_station
914,k,j,max_raise,['max_raise'],"[('p1', 'max_raise'), ('p2', 'call')]",18.0,768.0,36.0,p1,showdown,False,2,102.0,114.0,calling_station
915,q,q,max_raise,['max_raise'],"[('p1', 'max_raise'), ('p2', 'call')]",0.0,768.0,0.0,tie,showdown,False,2,102.0,114.0,calling_station
916,k,j,max_raise,['max_raise'],"[('p1', 'max_raise'), ('p2', 'call')]",18.0,786.0,36.0,p1,showdown,False,2,102.0,114.0,calling_station
917,k,q,max_raise,['max_raise'],"[('p1', 'max_raise'), ('p2', 'call')]",18.0,804.0,36.0,p1,showdown,False,2,102.0,114.0,calling_station
918,k,q,max_raise,['max_raise'],"[('p1', 'max_raise'), ('p2', 'call')]",18.0,822.0,36.0,p1,showdown,False,2,102.0,114.0,calling_station
919,q,j,max_raise,['max_raise'],"[('p1', 'max_raise'), ('p2', 'call')]",18.0,840.0,36.0,p1,showdown,False,2,102.0,114.0,calling_station
920,k,j,max_raise,['max_raise'],"[('p1', 'max_raise'), ('p2', 'call')]",18.0,858.0,36.0,p1,showdown,False,2,102.0,114.0,calling_station
921,j,k,check,['check'],"[('p1', 'check'), ('p2', 'check')]",-6.0,852.0,12.0,p2,showdown,False,2,114.0,114.0,calling_station
922,q,k,max_raise,['max_raise'],"[('p1', 'max_raise'), ('p2', 'call')]",-18.0,834.0,36.0,p2,showdown,False,2,102.0,114.0,calling_station
923,j,k,check,['check'],"[('p1', 'check'), ('p2', 'check')]",-6.0,828.0,12.0,p2,showdown,False,2,114.0,114.0,calling_station
924,k,j,max_raise,['max_raise'],"[('p1', 'max_raise'), ('p2', 'call')]",18.0,846.0,36.0,p1,showdown,False,2,102.0,114.0,calling_station
925,j,q,check,['check'],"[('p1', 'check'), ('p2', 'check')]",-6.0,840.0,12.0,p2,showdown,False,2,114.0,114.0,calling_station
926,j,k,check,['check'],"[('p1', 'check'), ('p2', 'check')]",-6.0,834.0,12.0,p2,showdown,False,2,114.0,114.0,calling_station
927,q,j,max_raise,['max_raise'],"[('p1', 'max_raise'), ('p2', 'call')]",18.0,852.0,36.0,p1,showdown,False,2,102.0,114.0,calling_station
928,j,k,check,['check'],"[('p1', 'check'), ('p2', 'check')]",-6.0,846.0,12.0,p2,showdown,False,2,114.0,114.0,calling_station
929,k,j,max_raise,['max_raise'],"[('p1', 'max_raise'), ('p2', 'call')]",18.0,864.0,36.0,p1,showdown,False,2,102.0,114.0,calling_station
930,k,q,max_raise,['max_raise'],"[('p1', 'max_raise'), ('p2', 'call')]",18.0,882.0,36.0,p1,showdown,False,2,102.0,114.0,calling_station
931,k,k,max_raise,['max_raise'],"[('p1', 'max_raise'), ('p2', 'call')]",0.0,882.0,0.0,tie,showdown,False,2,102.0,114.0,calling_station
932,j,j,check,['check'],"[('p1', 'check'), ('p2', 'check')]",0.0,882.0,0.0,tie,showdown,False,2,114.0,114.0,calling_station
933,k,q,max_raise,['max_raise'],"[('p1', 'max_raise'), ('p2', 'call')]",18.0,900.0,36.0,p1,showdown,False,2,102.0,114.0,calling_station
934,q,q,max_raise,['max_raise'],"[('p1', 'max_raise'), ('p2', 'call')]",0.0,900.0,0.0,tie,showdown,False,2,102.0,114.0,calling_station
935,k,j,max_raise,['max_raise'],"[('p1', 'max_raise'), ('p2', 'call')]",18.0,918.0,36.0,p1,showdown,False,2,102.0,114.0,calling_station
936,k,j,max_raise,['max_raise'],"[('p1', 'max_raise'), ('p2', 'call')]",18.0,936.0,36.0,p1,showdown,False,2,102.0,114.0,calling_station
937,j,q,check,['check'],"[('p1', 'check'), ('p2', 'check')]",-6.0,930.0,12.0,p2,showdown,False,2,114.0,114.0,calling_station
938,q,k,max_raise,['max_raise'],"[('p1', 'max_raise'), ('p2', 'call')]",-18.0,912.0,36.0,p2,showdown,False,2,102.0,114.0,calling_station
939,q,j,max_raise,['max_raise'],"[('p1', 'max_raise'), ('p2', 'call')]",18.0,930.0,36.0,p1,showdown,False,2,102.0,114.0,calling_station
940,q,j,max_raise,['max_raise'],"[('p1', 'max_raise'), ('p2', 'call')]",18.0,948.0,36.0,p1,showdown,False,2,102.0,114.0,calling_station
941,q,j,max_raise,['max_raise'],"[('p1', 'max_raise'), ('p2', 'call')]",18.0,966.0,36.0,p1,showdown,False,2,102.0,114.0,calling_station
942,q,k,max_raise,['max_raise'],"[('p1', 'max_raise'), ('p2', 'call')]",-18.0,948.0,36.0,p2,showdown,False,2,102.0,114.0,calling_station
943,k,q,max_raise,['max_raise'],"[('p1', 'max_raise'), ('p2', 'call')]",18.0,966.0,36.0,p1,showdown,False,2,102.0,114.0,calling_station
944,q,q,max_raise,['max_raise'],"[('p1', 'max_raise'), ('p2', 'call')]",0.0,966.0,0.0,tie,showdown,False,2,102.0,114.0,calling_station
945,k,k,max_raise,['max_raise'],"[('p1', 'max_raise'), ('p2', 'call')]",0.0,966.0,0.0,tie,showdown,False,2,102.0,114.0,calling_station
946,k,q,max_raise,['max_raise'],"[('p1', 'max_raise'), ('p2', 'call')]",18.0,984.0,36.0,p1,showdown,False,2,102.0,114.0,calling_station
947,k,j,max_raise,['max_raise'],"[('p1', 'max_raise'), ('p2', 'call')]",18.0,1002.0,36.0,p1,showdown,False,2,102.0,114.0,calling_station
948,j,q,max_raise,['max_raise'],"[('p1', 'max_raise'), ('p2', 'call')]",-18.0,984.0,36.0,p2,showdown,True,2,102.0,114.0,calling_station
949,q,q,max_raise,['max_raise'],"[('p1', 'max_raise'), ('p2', 'call')]",0.0,984.0,0.0,tie,showdown,False,2,102.0,114.0,calling_station
950,j,q,max_raise,['max_raise'],"[('p1', 'max_raise'), ('p2', 'call')]",-18.0,966.0,36.0,p2,showdown,True,2,102.0,114.0,calling_station
951,k,k,max_raise,['max_raise'],"[('p1', 'max_raise'), ('p2', 'call')]",0.0,966.0,0.0,tie,showdown,False,2,102.0,114.0,calling_station
952,k,k,max_raise,['max_raise'],"[('p1', 'max_raise'), ('p2', 'call')]",0.0,966.0,0.0,tie,showdown,False,2,102.0,114.0,calling_station
953,j,q,max_raise,['max_raise'],"[('p1', 'max_raise'), ('p2', 'call')]",-18.0,948.0,36.0,p2,showdown,True,2,102.0,114.0,calling_station
954,j,q,max_raise,['max_raise'],"[('p1', 'max_raise'), ('p2', 'call')]",-18.0,930.0,36.0,p2,showdown,True,2,102.0,114.0,calling_station
955,q,j,max_raise,['max_raise'],"[('p1', 'max_raise'), ('p2', 'call')]",18.0,948.0,36.0,p1,showdown,False,2,102.0,114.0,calling_station
956,k,j,max_raise,['max_raise'],"[('p1', 'max_raise'), ('p2', 'call')]",18.0,966.0,36.0,p1,showdown,False,2,102.0,114.0,calling_station
957,j,k,max_raise,['max_raise'],"[('p1', 'max_raise'), ('p2', 'call')]",-18.0,948.0,36.0,p2,showdown,True,2,102.0,114.0,calling_station
958,j,q,max_raise,['max_raise'],"[('p1', 'max_raise'), ('p2', 'call')]",-18.0,930.0,36.0,p2,showdown,True,2,102.0,114.0,calling_station
959,k,k,max_raise,['max_raise'],"[('p1', 'max_raise'), ('p2', 'call')]",0.0,930.0,0.0,tie,showdown,False,2,102.0,114.0,calling_station
960,j,q,max_raise,['max_raise'],"[('p1', 'max_raise'), ('p2', 'call')]",-18.0,912.0,36.0,p2,showdown,True,2,102.0,114.0,calling_station
961,q,q,max_raise,['max_raise'],"[('p1', 'max_raise'), ('p2', 'call')]",0.0,912.0,0.0,tie,showdown,False,2,102.0,114.0,calling_station
962,q,q,max_raise,['max_raise'],"[('p1', 'max_raise'), ('p2', 'call')]",0.0,912.0,0.0,tie,showdown,False,2,102.0,114.0,calling_station
963,j,q,max_raise,['max_raise'],"[('p1', 'max_raise'), ('p2', 'call')]",-18.0,894.0,36.0,p2,showdown,True,2,102.0,114.0,calling_station
964,q,j,max_raise,['max_raise'],"[('p1', 'max_raise'), ('p2', 'call')]",18.0,912.0,36.0,p1,showdown,False,2,102.0,114.0,calling_station
965,j,k,check,['check'],"[('p1', 'check'), ('p2', 'check')]",-6.0,906.0,12.0,p2,showdown,False,2,114.0,114.0,calling_station
966,q,q,max_raise,['max_raise'],"[('p1', 'max_raise'), ('p2', 'call')]",0.0,906.0,0.0,tie,showdown,False,2,102.0,114.0,calling_station
967,j,q,check,['check'],"[('p1', 'check'), ('p2', 'check')]",-6.0,900.0,12.0,p2,showdown,False,2,114.0,114.0,calling_station
968,k,q,max_raise,['max_raise'],"[('p1', 'max_raise'), ('p2', 'call')]",18.0,918.0,36.0,p1,showdown,False,2,102.0,114.0,calling_station
969,j,k,check,['check'],"[('p1', 'check'), ('p2', 'check')]",-6.0,912.0,12.0,p2,showdown,False,2,114.0,114.0,calling_station
970,j,k,check,['check'],"[('p1', 'check'), ('p2', 'check')]",-6.0,906.0,12.0,p2,showdown,False,2,114.0,114.0,calling_station
971,q,k,max_raise,['max_raise'],"[('p1', 'max_raise'), ('p2', 'call')]",-18.0,888.0,36.0,p2,showdown,False,2,102.0,114.0,calling_station
972,k,j,max_raise,['max_raise'],"[('p1', 'max_raise'), ('p2', 'call')]",18.0,906.0,36.0,p1,showdown,False,2,102.0,114.0,calling_station
973,k,k,max_raise,['max_raise'],"[('p1', 'max_raise'), ('p2', 'call')]",0.0,906.0,0.0,tie,showdown,False,2,102.0,114.0,calling_station
974,j,k,check,['check'],"[('p1', 'check'), ('p2', 'check')]",-6.0,900.0,12.0,p2,showdown,False,2,114.0,114.0,calling_station
975,q,k,max_raise,['max_raise'],"[('p1', 'max_raise'), ('p2', 'call')]",-18.0,882.0,36.0,p2,showdown,False,2,102.0,114.0,calling_station
976,q,q,max_raise,['max_raise'],"[('p1', 'max_raise'), ('p2', 'call')]",0.0,882.0,0.0,tie,showdown,False,2,102.0,114.0,calling_station
977,q,q,max_raise,['max_raise'],"[('p1', 'max_raise'), ('p2', 'call')]",0.0,882.0,0.0,tie,showdown,False,2,102.0,114.0,calling_station
978,j,j,check,['check'],"[('p1', 'check'), ('p2', 'check')]",0.0,882.0,0.0,tie,showdown,False,2,114.0,114.0,calling_station
979,k,q,max_raise,['max_raise'],"[('p1', 'max_raise'), ('p2', 'call')]",18.0,900.0,36.0,p1,showdown,False,2,102.0,114.0,calling_station
980,q,q,max_raise,['max_raise'],"[('p1', 'max_raise'), ('p2', 'call')]",0.0,900.0,0.0,tie,showdown,False,2,102.0,114.0,calling_station
981,j,j,check,['check'],"[('p1', 'check'), ('p2', 'check')]",0.0,900.0,0.0,tie,showdown,False,2,114.0,114.0,calling_station
982,q,k,max_raise,['max_raise'],"[('p1', 'max_raise'), ('p2', 'call')]",-18.0,882.0,36.0,p2,showdown,False,2,102.0,114.0,calling_station
983,q,q,max_raise,['max_raise'],"[('p1', 'max_raise'), ('p2', 'call')]",0.0,882.0,0.0,tie,showdown,False,2,102.0,114.0,calling_station
984,k,q,max_raise,['max_raise'],"[('p1', 'max_raise'), ('p2', 'call')]",18.0,900.0,36.0,p1,showdown,False,2,102.0,114.0,calling_station
985,k,q,max_raise,['max_raise'],"[('p1', 'max_raise'), ('p2', 'call')]",18.0,918.0,36.0,p1,showdown,False,2,102.0,114.0,calling_station
986,j,k,check,['check'],"[('p1', 'check'), ('p2', 'check')]",-6.0,912.0,12.0,p2,showdown,False,2,114.0,114.0,calling_station
987,j,j,check,['check'],"[('p1', 'check'), ('p2', 'check')]",0.0,912.0,0.0,tie,showdown,False,2,114.0,114.0,calling_station
988,k,k,max_raise,['max_raise'],"[('p1', 'max_raise'), ('p2', 'call')]",0.0,912.0,0.0,tie,showdown,False,2,102.0,114.0,calling_station
989,k,q,max_raise,['max_raise'],"[('p1', 'max_raise'), ('p2', 'call')]",18.0,930.0,36.0,p1,showdown,False,2,102.0,114.0,calling_station
990,j,q,check,['check'],"[('p1', 'check'), ('p2', 'check')]",-6.0,924.0,12.0,p2,showdown,False,2,114.0,114.0,calling_station
991,q,j,max_raise,['max_raise'],"[('p1', 'max_raise'), ('p2', 'call')]",18.0,942.0,36.0,p1,showdown,False,2,102.0,114.0,calling_station
992,q,j,max_raise,['max_raise'],"[('p1', 'max_raise'), ('p2', 'call')]",18.0,960.0,36.0,p1,showdown,False,2,102.0,114.0,calling_station
993,q,k,max_raise,['max_raise'],"[('p1', 'max_raise'), ('p2', 'call')]",-18.0,942.0,36.0,p2,showdown,False,2,102.0,114.0,calling_station
994,k,q,max_raise,['max_raise'],"[('p1', 'max_raise'), ('p2', 'call')]",18.0,960.0,36.0,p1,showdown,False,2,102.0,114.0,calling_station
995,k,j,max_raise,['max_raise'],"[('p1', 'max_raise'), ('p2', 'call')]",18.0,978.0,36.0,p1,showdown,False,2,102.0,114.0,calling_station
996,j,k,check,['check'],"[('p1', 'check'), ('p2', 'check')]",-6.0,972.0,12.0,p2,showdown,False,2,114.0,114.0,calling_station
997,q,j,max_raise,['max_raise'],"[('p1', 'max_raise'), ('p2', 'call')]",18.0,990.0,36.0,p1,showdown,False,2,102.0,114.0,calling_station
998,j,k,check,['check'],"[('p1', 'check'), ('p2', 'check')]",-6.0,984.0,12.0,p2,showdown,False,2,114.0,114.0,calling_station
999,k,k,max_raise,['max_raise'],"[('p1', 'max_raise'), ('p2', 'call')]",0.0,984.0,0.0,tie,showdown,False,2,102.0,114.0,calling_station
1000,k,q,max_raise,['max_raise'],"[('p1', 'max_raise'), ('p2', 'call')]",18.0,1002.0,36.0,p1,showdown,False,2,102.0,114.0,calling_station
1001,j,k,check,['check'],"[('p1', 'check'), ('p2', 'check')]",-6.0,996.0,12.0,p2,showdown,False,2,114.0,114.0,calling_station
1002,k,j,max_raise,['max_raise'],"[('p1', 'max_raise'), ('p2', 'call')]",18.0,1014.0,36.0,p1,showdown,False,2,102.0,114.0,calling_station
1003,k,j,max_raise,['max_raise'],"[('p1', 'max_raise'), ('p2', 'call')]",18.0,1032.0,36.0,p1,showdown,False,2,102.0,114.0,calling_station
1004,j,k,check,['check'],"[('p1', 'check'), ('p2', 'check')]",-6.0,1026.0,12.0,p2,showdown,False,2,114.0,114.0,calling_station
1005,q,k,max_raise,['max_raise'],"[('p1', 'max_raise'), ('p2', 'call')]",-18.0,1008.0,36.0,p2,showdown,False,2,102.0,114.0,calling_station
1006,q,j,max_raise,['max_raise'],"[('p1', 'max_raise'), ('p2', 'call')]",18.0,1026.0,36.0,p1,showdown,False,2,102.0,114.0,calling_station
1007,q,k,max_raise,['max_raise'],"[('p1', 'max_raise'), ('p2', 'call')]",-18.0,1008.0,36.0,p2,showdown,False,2,102.0,114.0,calling_station
1008,q,j,max_raise,['max_raise'],"[('p1', 'max_raise'), ('p2', 'call')]",18.0,1026.0,36.0,p1,showdown,False,2,102.0,114.0,calling_station
1009,j,q,check,['check'],"[('p1', 'check'), ('p2', 'check')]",-6.0,1020.0,12.0,p2,showdown,False,2,114.0,114.0,calling_station
1010,j,q,max_raise,['max_raise'],"[('p1', 'max_raise'), ('p2', 'call')]",-18.0,1002.0,36.0,p2,showdown,True,2,102.0,114.0,calling_station
1011,j,k,max_raise,['max_raise'],"[('p1', 'max_raise'), ('p2', 'call')]",-18.0,984.0,36.0,p2,showdown,True,2,102.0,114.0,calling_station
1012,j,j,max_raise,['max_raise'],"[('p1', 'max_raise'), ('p2', 'call')]",0.0,984.0,0.0,tie,showdown,True,2,102.0,114.0,calling_station
1013,j,k,max_raise,['max_raise'],"[('p1', 'max_raise'), ('p2', 'call')]",-18.0,966.0,36.0,p2,showdown,True,2,102.0,114.0,calling_station
1014,q,q,max_raise,['max_raise'],"[('p1', 'max_raise'), ('p2', 'call')]",0.0,966.0,0.0,tie,showdown,False,2,102.0,114.0,calling_station
1015,j,q,max_raise,['max_raise'],"[('p1', 'max_raise'), ('p2', 'call')]",-18.0,948.0,36.0,p2,showdown,True,2,102.0,114.0,calling_station
1016,j,k,max_raise,['max_raise'],"[('p1', 'max_raise'), ('p2', 'call')]",-18.0,930.0,36.0,p2,showdown,True,2,102.0,114.0,calling_station
1017,q,k,max_raise,['max_raise'],"[('p1', 'max_raise'), ('p2', 'call')]",-18.0,912.0,36.0,p2,showdown,False,2,102.0,114.0,calling_station
1018,j,q,max_raise,['max_raise'],"[('p1', 'max_raise'), ('p2', 'call')]",-18.0,894.0,36.0,p2,showdown,True,2,102.0,114.0,calling_station
1019,j,q,check,['check'],"[('p1', 'check'), ('p2', 'check')]",-6.0,888.0,12.0,p2,showdown,False,2,114.0,114.0,calling_station
1020,j,k,check,['check'],"[('p1', 'check'), ('p2', 'check')]",-6.0,882.0,12.0,p2,showdown,False,2,114.0,114.0,calling_station
1021,j,q,check,['check'],"[('p1', 'check'), ('p2', 'check')]",-6.0,876.0,12.0,p2,showdown,False,2,114.0,114.0,calling_station
1022,j,q,check,['check'],"[('p1', 'check'), ('p2', 'check')]",-6.0,870.0,12.0,p2,showdown,False,2,114.0,114.0,calling_station
1023,q,k,max_raise,['max_raise'],"[('p1', 'max_raise'), ('p2', 'call')]",-18.0,852.0,36.0,p2,showdown,False,2,102.0,114.0,calling_station
1024,q,q,max_raise,['max_raise'],"[('p1', 'max_raise'), ('p2', 'call')]",0.0,852.0,0.0,tie,showdown,False,2,102.0,114.0,calling_station
1025,q,k,max_raise,['max_raise'],"[('p1', 'max_raise'), ('p2', 'call')]",-18.0,834.0,36.0,p2,showdown,False,2,102.0,114.0,calling_station
1026,k,q,max_raise,['max_raise'],"[('p1', 'max_raise'), ('p2', 'call')]",18.0,852.0,36.0,p1,showdown,False,2,102.0,114.0,calling_station
1027,k,q,max_raise,['max_raise'],"[('p1', 'max_raise'), ('p2', 'call')]",18.0,870.0,36.0,p1,showdown,False,2,102.0,114.0,calling_station
1028,q,q,max_raise,['max_raise'],"[('p1', 'max_raise'), ('p2', 'call')]",0.0,870.0,0.0,tie,showdown,False,2,102.0,114.0,calling_station
1029,k,q,max_raise,['max_raise'],"[('p1', 'max_raise'), ('p2', 'call')]",18.0,888.0,36.0,p1,showdown,False,2,102.0,114.0,calling_station
1030,j,j,max_raise,['max_raise'],"[('p1', 'max_raise'), ('p2', 'call')]",0.0,888.0,0.0,tie,showdown,True,2,102.0,114.0,calling_station
1031,k,j,max_raise,['max_raise'],"[('p1', 'max_raise'), ('p2', 'call')]",18.0,906.0,36.0,p1,showdown,False,2,102.0,114.0,calling_station
1032,q,q,max_raise,['max_raise'],"[('p1', 'max_raise'), ('p2', 'call')]",0.0,906.0,0.0,tie,showdown,False,2,102.0,114.0,calling_station
1033,j,q,max_raise,['max_raise'],"[('p1', 'max_raise'), ('p2', 'call')]",-18.0,888.0,36.0,p2,showdown,True,2,102.0,114.0,calling_station
1034,k,q,max_raise,['max_raise'],"[('p1', 'max_raise'), ('p2', 'call')]",18.0,906.0,36.0,p1,showdown,False,2,102.0,114.0,calling_station
1035,j,j,max_raise,['max_raise'],"[('p1', 'max_raise'), ('p2', 'call')]",0.0,906.0,0.0,tie,showdown,True,2,102.0,114.0,calling_station
1036,k,k,max_raise,['max_raise'],"[('p1', 'max_raise'), ('p2', 'call')]",0.0,906.0,0.0,tie,showdown,False,2,102.0,114.0,calling_station
1037,k,q,max_raise,['max_raise'],"[('p1', 'max_raise'), ('p2', 'call')]",18.0,924.0,36.0,p1,showdown,False,2,102.0,114.0,calling_station
1038,k,q,max_raise,['max_raise'],"[('p1', 'max_raise'), ('p2', 'call')]",18.0,942.0,36.0,p1,showdown,False,2,102.0,114.0,calling_station
1039,q,q,max_raise,['max_raise'],"[('p1', 'max_raise'), ('p2', 'call')]",0.0,942.0,0.0,tie,showdown,False,2,102.0,114.0,calling_station
1040,q,q,max_raise,['max_raise'],"[('p1', 'max_raise'), ('p2', 'call')]",0.0,942.0,0.0,tie,showdown,False,2,102.0,114.0,calling_station
1041,j,k,max_raise,['max_raise'],"[('p1', 'max_raise'), ('p2', 'call')]",-18.0,924.0,36.0,p2,showdown,True,2,102.0,114.0,calling_station
1042,k,q,max_raise,['max_raise'],"[('p1', 'max_raise'), ('p2', 'call')]",18.0,942.0,36.0,p1,showdown,False,2,102.0,114.0,calling_station
1043,k,q,max_raise,['max_raise'],"[('p1', 'max_raise'), ('p2', 'call')]",18.0,960.0,36.0,p1,showdown,False,2,102.0,114.0,calling_station
1044,j,j,max_raise,['max_raise'],"[('p1', 'max_raise'), ('p2', 'call')]",0.0,960.0,0.0,tie,showdown,True,2,102.0,114.0,calling_station
1045,q,j,max_raise,['max_raise'],"[('p1', 'max_raise'), ('p2', 'call')]",18.0,978.0,36.0,p1,showdown,False,2,102.0,114.0,calling_station
1046,j,j,max_raise,['max_raise'],"[('p1', 'max_raise'), ('p2', 'call')]",0.0,978.0,0.0,tie,showdown,True,2,102.0,114.0,calling_station
1047,k,j,max_raise,['max_raise'],"[('p1', 'max_raise'), ('p2', 'call')]",18.0,996.0,36.0,p1,showdown,False,2,102.0,114.0,calling_station
1048,k,k,max_raise,['max_raise'],"[('p1', 'max_raise'), ('p2', 'call')]",0.0,996.0,0.0,tie,showdown,False,2,102.0,114.0,calling_station
1049,q,q,max_raise,['max_raise'],"[('p1', 'max_raise'), ('p2', 'call')]",0.0,996.0,0.0,tie,showdown,False,2,102.0,114.0,calling_station
1050,q,k,max_raise,['max_raise'],"[('p1', 'max_raise'), ('p2', 'call')]",-18.0,978.0,36.0,p2,showdown,False,2,102.0,114.0,calling_station
1051,j,j,max_raise,['max_raise'],"[('p1', 'max_raise'), ('p2', 'call')]",0.0,978.0,0.0,tie,showdown,True,2,102.0,114.0,calling_station
1052,j,j,max_raise,['max_raise'],"[('p1', 'max_raise'), ('p2', 'call')]",0.0,978.0,0.0,tie,showdown,True,2,102.0,114.0,calling_station
1053,k,k,max_raise,['max_raise'],"[('p1', 'max_raise'), ('p2', 'call')]",0.0,978.0,0.0,tie,showdown,False,2,102.0,114.0,calling_station
1054,j,j,max_raise,['max_raise'],"[('p1', 'max_raise'), ('p2', 'call')]",0.0,978.0,0.0,tie,showdown,True,2,102.0,114.0,calling_station
1055,k,j,max_raise,['max_raise'],"[('p1', 'max_raise'), ('p2', 'call')]",18.0,996.0,36.0,p1,showdown,False,2,102.0,114.0,calling_station
1056,k,q,max_raise,['max_raise'],"[('p1', 'max_raise'), ('p2', 'call')]",18.0,1014.0,36.0,p1,showdown,False,2,102.0,114.0,calling_station
1057,q,k,max_raise,['max_raise'],"[('p1', 'max_raise'), ('p2', 'call')]",-18.0,996.0,36.0,p2,showdown,False,2,102.0,114.0,calling_station
1058,k,j,max_raise,['max_raise'],"[('p1', 'max_raise'), ('p2', 'call')]",18.0,1014.0,36.0,p1,showdown,False,2,102.0,114.0,calling_station
1059,k,k,max_raise,['max_raise'],"[('p1', 'max_raise'), ('p2', 'call')]",0.0,1014.0,0.0,tie,showdown,False,2,102.0,114.0,calling_station
1060,k,j,max_raise,['max_raise'],"[('p1', 'max_raise'), ('p2', 'call')]",18.0,1032.0,36.0,p1,showdown,False,2,102.0,114.0,calling_station
1061,q,j,max_raise,['max_raise'],"[('p1', 'max_raise'), ('p2', 'call')]",18.0,1050.0,36.0,p1,showdown,False,2,102.0,114.0,calling_station
1062,q,j,max_raise,['max_raise'],"[('p1', 'max_raise'), ('p2', 'call')]",18.0,1068.0,36.0,p1,showdown,False,2,102.0,114.0,calling_station
1063,k,q,max_raise,['max_raise'],"[('p1', 'max_raise'), ('p2', 'call')]",18.0,1086.0,36.0,p1,showdown,False,2,102.0,114.0,calling_station
1064,k,k,max_raise,['max_raise'],"[('p1', 'max_raise'), ('p2', 'call')]",0.0,1086.0,0.0,tie,showdown,False,2,102.0,114.0,calling_station
1065,q,j,max_raise,['max_raise'],"[('p1', 'max_raise'), ('p2', 'call')]",18.0,1104.0,36.0,p1,showdown,False,2,102.0,114.0,calling_station
1066,j,k,max_raise,['max_raise'],"[('p1', 'max_raise'), ('p2', 'call')]",-18.0,1086.0,36.0,p2,showdown,True,2,102.0,114.0,calling_station
1067,j,j,max_raise,['max_raise'],"[('p1', 'max_raise'), ('p2', 'call')]",0.0,1086.0,0.0,tie,showdown,True,2,102.0,114.0,calling_station
1068,q,k,max_raise,['max_raise'],"[('p1', 'max_raise'), ('p2', 'call')]",-18.0,1068.0,36.0,p2,showdown,False,2,102.0,114.0,calling_station
1069,k,j,max_raise,['max_raise'],"[('p1', 'max_raise'), ('p2', 'call')]",18.0,1086.0,36.0,p1,showdown,False,2,102.0,114.0,calling_station
1070,j,q,max_raise,['max_raise'],"[('p1', 'max_raise'), ('p2', 'call')]",-18.0,1068.0,36.0,p2,showdown,True,2,102.0,114.0,calling_station
1071,j,k,max_raise,['max_raise'],"[('p1', 'max_raise'), ('p2', 'call')]",-18.0,1050.0,36.0,p2,showdown,True,2,102.0,114.0,calling_station
1072,j,q,max_raise,['max_raise'],"[('p1', 'max_raise'), ('p2', 'call')]",-18.0,1032.0,36.0,p2,showdown,True,2,102.0,114.0,calling_station
1073,j,k,max_raise,['max_raise'],"[('p1', 'max_raise'), ('p2', 'call')]",-18.0,1014.0,36.0,p2,showdown,True,2,102.0,114.0,calling_station
1074,q,j,max_raise,['max_raise'],"[('p1', 'max_raise'), ('p2', 'call')]",18.0,1032.0,36.0,p1,showdown,False,2,102.0,114.0,calling_station
1075,q,k,max_raise,['max_raise'],"[('p1', 'max_raise'), ('p2', 'call')]",-18.0,1014.0,36.0,p2,showdown,False,2,102.0,114.0,calling_station
1076,j,j,max_raise,['max_raise'],"[('p1', 'max_raise'), ('p2', 'call')]",0.0,1014.0,0.0,tie,showdown,True,2,102.0,114.0,calling_station
1077,q,j,max_raise,['max_raise'],"[('p1', 'max_raise'), ('p2', 'call')]",18.0,1032.0,36.0,p1,showdown,False,2,102.0,114.0,calling_station
1078,j,q,max_raise,['max_raise'],"[('p1', 'max_raise'), ('p2', 'call')]",-18.0,1014.0,36.0,p2,showdown,True,2,102.0,114.0,calling_station
1079,k,k,max_raise,['max_raise'],"[('p1', 'max_raise'), ('p2', 'call')]",0.0,1014.0,0.0,tie,showdown,False,2,102.0,114.0,calling_station
1080,k,k,max_raise,['max_raise'],"[('p1', 'max_raise'), ('p2', 'call')]",0.0,1014.0,0.0,tie,showdown,False,2,102.0,114.0,calling_station
1081,j,q,max_raise,['max_raise'],"[('p1', 'max_raise'), ('p2', 'call')]",-18.0,996.0,36.0,p2,showdown,True,2,102.0,114.0,calling_station
1082,k,q,max_raise,['max_raise'],"[('p1', 'max_raise'), ('p2', 'call')]",18.0,1014.0,36.0,p1,showdown,False,2,102.0,114.0,calling_station
1083,q,j,max_raise,['max_raise'],"[('p1', 'max_raise'), ('p2', 'call')]",18.0,1032.0,36.0,p1,showdown,False,2,102.0,114.0,calling_station
1084,q,k,max_raise,['max_raise'],"[('p1', 'max_raise'), ('p2', 'call')]",-18.0,1014.0,36.0,p2,showdown,False,2,102.0,114.0,calling_station
1085,q,j,max_raise,['max_raise'],"[('p1', 'max_raise'), ('p2', 'call')]",18.0,1032.0,36.0,p1,showdown,False,2,102.0,114.0,calling_station
1086,j,q,max_raise,['max_raise'],"[('p1', 'max_raise'), ('p2', 'call')]",-18.0,1014.0,36.0,p2,showdown,True,2,102.0,114.0,calling_station
1087,k,q,max_raise,['max_raise'],"[('p1', 'max_raise'), ('p2', 'call')]",18.0,1032.0,36.0,p1,showdown,False,2,102.0,114.0,calling_station
1088,q,j,max_raise,['max_raise'],"[('p1', 'max_raise'), ('p2', 'call')]",18.0,1050.0,36.0,p1,showdown,False,2,102.0,114.0,calling_station
1089,q,k,max_raise,['max_raise'],"[('p1', 'max_raise'), ('p2', 'call')]",-18.0,1032.0,36.0,p2,showdown,False,2,102.0,114.0,calling_station
1090,k,k,max_raise,['max_raise'],"[('p1', 'max_raise'), ('p2', 'call')]",0.0,1032.0,0.0,tie,showdown,False,2,102.0,114.0,calling_station
1091,k,q,max_raise,['max_raise'],"[('p1', 'max_raise'), ('p2', 'call')]",18.0,1050.0,36.0,p1,showdown,False,2,102.0,114.0,calling_station
1092,j,q,max_raise,['max_raise'],"[('p1', 'max_raise'), ('p2', 'call')]",-18.0,1032.0,36.0,p2,showdown,True,2,102.0,114.0,calling_station
1093,j,k,max_raise,['max_raise'],"[('p1', 'max_raise'), ('p2', 'call')]",-18.0,1014.0,36.0,p2,showdown,True,2,102.0,114.0,calling_station
1094,q,k,max_raise,['max_raise'],"[('p1', 'max_raise'), ('p2', 'call')]",-18.0,996.0,36.0,p2,showdown,False,2,102.0,114.0,calling_station
1095,j,q,max_raise,['max_raise'],"[('p1', 'max_raise'), ('p2', 'call')]",-18.0,978.0,36.0,p2,showdown,True,2,102.0,114.0,calling_station
1096,j,q,max_raise,['max_raise'],"[('p1', 'max_raise'), ('p2', 'call')]",-18.0,960.0,36.0,p2,showdown,True,2,102.0,114.0,calling_station
1097,j,j,max_raise,['max_raise'],"[('p1', 'max_raise'), ('p2', 'call')]",0.0,960.0,0.0,tie,showdown,True,2,102.0,114.0,calling_station
1098,j,q,max_raise,['max_raise'],"[('p1', 'max_raise'), ('p2', 'call')]",-18.0,942.0,36.0,p2,showdown,True,2,102.0,114.0,calling_station
1099,k,q,max_raise,['max_raise'],"[('p1', 'max_raise'), ('p2', 'call')]",18.0,960.0,36.0,p1,showdown,False,2,102.0,114.0,calling_station
1100,j,q,max_raise,['max_raise'],"[('p1', 'max_raise'), ('p2', 'call')]",-18.0,942.0,36.0,p2,showdown,True,2,102.0,114.0,calling_station
1101,q,k,max_raise,['max_raise'],"[('p1', 'max_raise'), ('p2', 'call')]",-18.0,924.0,36.0,p2,showdown,False,2,102.0,114.0,calling_station
1102,j,j,min_raise,['min_raise'],"[('p1', 'min_raise'), ('p2', 'call')]",0.0,924.0,0.0,tie,showdown,True,2,108.0,114.0,calling_station
1103,k,q,max_raise,['max_raise'],"[('p1', 'max_raise'), ('p2', 'call')]",18.0,942.0,36.0,p1,showdown,False,2,102.0,114.0,calling_station
1104,j,k,min_raise,['min_raise'],"[('p1', 'min_raise'), ('p2', 'call')]",-12.0,930.0,24.0,p2,showdown,True,2,108.0,114.0,calling_station
1105,j,q,min_raise,['min_raise'],"[('p1', 'min_raise'), ('p2', 'call')]",-12.0,918.0,24.0,p2,showdown,True,2,108.0,114.0,calling_station
1106,j,q,min_raise,['min_raise'],"[('p1', 'min_raise'), ('p2', 'call')]",-12.0,906.0,24.0,p2,showdown,True,2,108.0,114.0,calling_station
1107,q,j,max_raise,['max_raise'],"[('p1', 'max_raise'), ('p2', 'call')]",18.0,924.0,36.0,p1,showdown,False,2,102.0,114.0,calling_station
1108,j,k,min_raise,['min_raise'],"[('p1', 'min_raise'), ('p2', 'call')]",-12.0,912.0,24.0,p2,showdown,True,2,108.0,114.0,calling_station
1109,q,k,max_raise,['max_raise'],"[('p1', 'max_raise'), ('p2', 'call')]",-18.0,894.0,36.0,p2,showdown,False,2,102.0,114.0,calling_station
1110,q,j,max_raise,['max_raise'],"[('p1', 'max_raise'), ('p2', 'call')]",18.0,912.0,36.0,p1,showdown,False,2,102.0,114.0,calling_station
1111,q,j,max_raise,['max_raise'],"[('p1', 'max_raise'), ('p2', 'call')]",18.0,930.0,36.0,p1,showdown,False,2,102.0,114.0,calling_station
1112,j,k,check,['check'],"[('p1', 'check'), ('p2', 'check')]",-6.0,924.0,12.0,p2,showdown,False,2,114.0,114.0,calling_station
1113,j,j,check,['check'],"[('p1', 'check'), ('p2', 'check')]",0.0,924.0,0.0,tie,showdown,False,2,114.0,114.0,calling_station
1114,q,k,max_raise,['max_raise'],"[('p1', 'max_raise'), ('p2', 'call')]",-18.0,906.0,36.0,p2,showdown,False,2,102.0,114.0,calling_station
1115,k,k,max_raise,['max_raise'],"[('p1', 'max_raise'), ('p2', 'call')]",0.0,906.0,0.0,tie,showdown,False,2,102.0,114.0,calling_station
1116,k,q,max_raise,['max_raise'],"[('p1', 'max_raise'), ('p2', 'call')]",18.0,924.0,36.0,p1,showdown,False,2,102.0,114.0,calling_station
1117,k,j,max_raise,['max_raise'],"[('p1', 'max_raise'), ('p2', 'call')]",18.0,942.0,36.0,p1,showdown,False,2,102.0,114.0,calling_station
1118,q,k,max_raise,['max_raise'],"[('p1', 'max_raise'), ('p2', 'call')]",-18.0,924.0,36.0,p2,showdown,False,2,102.0,114.0,calling_station
1119,q,k,max_raise,['max_raise'],"[('p1', 'max_raise'), ('p2', 'call')]",-18.0,906.0,36.0,p2,showdown,False,2,102.0,114.0,calling_station
1120,q,j,max_raise,['max_raise'],"[('p1', 'max_raise'), ('p2', 'call')]",18.0,924.0,36.0,p1,showdown,False,2,102.0,114.0,calling_station
1121,j,q,check,['check'],"[('p1', 'check'), ('p2', 'check')]",-6.0,918.0,12.0,p2,showdown,False,2,114.0,114.0,calling_station
1122,k,j,max_raise,['max_raise'],"[('p1', 'max_raise'), ('p2', 'call')]",18.0,936.0,36.0,p1,showdown,False,2,102.0,114.0,calling_station
1123,j,j,check,['check'],"[('p1', 'check'), ('p2', 'check')]",0.0,936.0,0.0,tie,showdown,False,2,114.0,114.0,calling_station
1124,k,j,max_raise,['max_raise'],"[('p1', 'max_raise'), ('p2', 'call')]",18.0,954.0,36.0,p1,showdown,False,2,102.0,114.0,calling_station
1125,q,q,max_raise,['max_raise'],"[('p1', 'max_raise'), ('p2', 'call')]",0.0,954.0,0.0,tie,showdown,False,2,102.0,114.0,calling_station
1126,k,k,max_raise,['max_raise'],"[('p1', 'max_raise'), ('p2', 'call')]",0.0,954.0,0.0,tie,showdown,False,2,102.0,114.0,calling_station
1127,j,q,check,['check'],"[('p1', 'check'), ('p2', 'check')]",-6.0,948.0,12.0,p2,showdown,False,2,114.0,114.0,calling_station
1128,k,j,max_raise,['max_raise'],"[('p1', 'max_raise'), ('p2', 'call')]",18.0,966.0,36.0,p1,showdown,False,2,102.0,114.0,calling_station
1129,j,k,check,['check'],"[('p1', 'check'), ('p2', 'check')]",-6.0,960.0,12.0,p2,showdown,False,2,114.0,114.0,calling_station
1130,j,q,check,['check'],"[('p1', 'check'), ('p2', 'check')]",-6.0,954.0,12.0,p2,showdown,False,2,114.0,114.0,calling_station
1131,k,j,max_raise,['max_raise'],"[('p1', 'max_raise'), ('p2', 'call')]",18.0,972.0,36.0,p1,showdown,False,2,102.0,114.0,calling_station
1132,k,k,max_raise,['max_raise'],"[('p1', 'max_raise'), ('p2', 'call')]",0.0,972.0,0.0,tie,showdown,False,2,102.0,114.0,calling_station
1133,k,j,max_raise,['max_raise'],"[('p1', 'max_raise'), ('p2', 'call')]",18.0,990.0,36.0,p1,showdown,False,2,102.0,114.0,calling_station
1134,q,j,max_raise,['max_raise'],"[('p1', 'max_raise'), ('p2', 'call')]",18.0,1008.0,36.0,p1,showdown,False,2,102.0,114.0,calling_station
1135,j,j,check,['check'],"[('p1', 'check'), ('p2', 'check')]",0.0,1008.0,0.0,tie,showdown,False,2,114.0,114.0,calling_station
1136,k,q,max_raise,['max_raise'],"[('p1', 'max_raise'), ('p2', 'call')]",18.0,1026.0,36.0,p1,showdown,False,2,102.0,114.0,calling_station
1137,k,j,max_raise,['max_raise'],"[('p1', 'max_raise'), ('p2', 'call')]",18.0,1044.0,36.0,p1,showdown,False,2,102.0,114.0,calling_station
1138,j,k,check,['check'],"[('p1', 'check'), ('p2', 'check')]",-6.0,1038.0,12.0,p2,showdown,False,2,114.0,114.0,calling_station
1139,q,q,max_raise,['max_raise'],"[('p1', 'max_raise'), ('p2', 'call')]",0.0,1038.0,0.0,tie,showdown,False,2,102.0,114.0,calling_station
1140,q,j,max_raise,['max_raise'],"[('p1', 'max_raise'), ('p2', 'call')]",18.0,1056.0,36.0,p1,showdown,False,2,102.0,114.0,calling_station
1141,q,q,max_raise,['max_raise'],"[('p1', 'max_raise'), ('p2', 'call')]",0.0,1056.0,0.0,tie,showdown,False,2,102.0,114.0,calling_station
1142,q,q,max_raise,['max_raise'],"[('p1', 'max_raise'), ('p2', 'call')]",0.0,1056.0,0.0,tie,showdown,False,2,102.0,114.0,calling_station
1143,q,j,max_raise,['max_raise'],"[('p1', 'max_raise'), ('p2', 'call')]",18.0,1074.0,36.0,p1,showdown,False,2,102.0,114.0,calling_station
1144,k,j,max_raise,['max_raise'],"[('p1', 'max_raise'), ('p2', 'call')]",18.0,1092.0,36.0,p1,showdown,False,2,102.0,114.0,calling_station
1145,k,j,max_raise,['max_raise'],"[('p1', 'max_raise'), ('p2', 'call')]",18.0,1110.0,36.0,p1,showdown,False,2,102.0,114.0,calling_station
1146,q,j,max_raise,['max_raise'],"[('p1', 'max_raise'), ('p2', 'call')]",18.0,1128.0,36.0,p1,showdown,False,2,102.0,114.0,calling_station
1147,q,j,max_raise,['max_raise'],"[('p1', 'max_raise'), ('p2', 'call')]",18.0,1146.0,36.0,p1,showdown,False,2,102.0,114.0,calling_station
1148,k,j,max_raise,['max_raise'],"[('p1', 'max_raise'), ('p2', 'call')]",18.0,1164.0,36.0,p1,showdown,False,2,102.0,114.0,calling_station
1149,q,k,max_raise,['max_raise'],"[('p1', 'max_raise'), ('p2', 'call')]",-18.0,1146.0,36.0,p2,showdown,False,2,102.0,114.0,calling_station
1150,j,q,check,['check'],"[('p1', 'check'), ('p2', 'check')]",-6.0,1140.0,12.0,p2,showdown,False,2,114.0,114.0,calling_station
1151,j,k,check,['check'],"[('p1', 'check'), ('p2', 'check')]",-6.0,1134.0,12.0,p2,showdown,False,2,114.0,114.0,calling_station
1152,k,j,max_raise,['max_raise'],"[('p1', 'max_raise'), ('p2', 'call')]",18.0,1152.0,36.0,p1,showdown,False,2,102.0,114.0,calling_station
1153,k,k,max_raise,['max_raise'],"[('p1', 'max_raise'), ('p2', 'call')]",0.0,1152.0,0.0,tie,showdown,False,2,102.0,114.0,calling_station
1154,j,j,check,['check'],"[('p1', 'check'), ('p2', 'check')]",0.0,1152.0,0.0,tie,showdown,False,2,114.0,114.0,calling_station
1155,q,j,max_raise,['max_raise'],"[('p1', 'max_raise'), ('p2', 'call')]",18.0,1170.0,36.0,p1,showdown,False,2,102.0,114.0,calling_station
1156,q,k,max_raise,['max_raise'],"[('p1', 'max_raise'), ('p2', 'call')]",-18.0,1152.0,36.0,p2,showdown,False,2,102.0,114.0,calling_station
1157,k,q,max_raise,['max_raise'],"[('p1', 'max_raise'), ('p2', 'call')]",18.0,1170.0,36.0,p1,showdown,False,2,102.0,114.0,calling_station
1158,k,q,max_raise,['max_raise'],"[('p1', 'max_raise'), ('p2', 'call')]",18.0,1188.0,36.0,p1,showdown,False,2,102.0,114.0,calling_station
1159,j,k,check,['check'],"[('p1', 'check'), ('p2', 'check')]",-6.0,1182.0,12.0,p2,showdown,False,2,114.0,114.0,calling_station
1160,k,k,max_raise,['max_raise'],"[('p1', 'max_raise'), ('p2', 'call')]",0.0,1182.0,0.0,tie,showdown,False,2,102.0,114.0,calling_station
1161,q,j,max_raise,['max_raise'],"[('p1', 'max_raise'), ('p2', 'call')]",18.0,1200.0,36.0,p1,showdown,False,2,102.0,114.0,calling_station
1162,q,k,max_raise,['max_raise'],"[('p1', 'max_raise'), ('p2', 'call')]",-18.0,1182.0,36.0,p2,showdown,False,2,102.0,114.0,calling_station
1163,q,q,max_raise,['max_raise'],"[('p1', 'max_raise'), ('p2', 'call')]",0.0,1182.0,0.0,tie,showdown,False,2,102.0,114.0,calling_station
1164,j,q,check,['check'],"[('p1', 'check'), ('p2', 'check')]",-6.0,1176.0,12.0,p2,showdown,False,2,114.0,114.0,calling_station
1165,k,j,max_raise,['max_raise'],"[('p1', 'max_raise'), ('p2', 'call')]",18.0,1194.0,36.0,p1,showdown,False,2,102.0,114.0,calling_station
1166,k,j,max_raise,['max_raise'],"[('p1', 'max_raise'), ('p2', 'call')]",18.0,1212.0,36.0,p1,showdown,False,2,102.0,114.0,calling_station
1167,q,j,max_raise,['max_raise'],"[('p1', 'max_raise'), ('p2', 'call')]",18.0,1230.0,36.0,p1,showdown,False,2,102.0,114.0,calling_station
1168,k,j,max_raise,['max_raise'],"[('p1', 'max_raise'), ('p2', 'call')]",18.0,1248.0,36.0,p1,showdown,False,2,102.0,114.0,calling_station
1169,j,k,check,['check'],"[('p1', 'check'), ('p2', 'check')]",-6.0,1242.0,12.0,p2,showdown,False,2,114.0,114.0,calling_station
1170,q,k,max_raise,['max_raise'],"[('p1', 'max_raise'), ('p2', 'call')]",-18.0,1224.0,36.0,p2,showdown,False,2,102.0,114.0,calling_station
1171,j,k,check,['check'],"[('p1', 'check'), ('p2', 'check')]",-6.0,1218.0,12.0,p2,showdown,False,2,114.0,114.0,calling_station
1172,j,q,check,['check'],"[('p1', 'check'), ('p2', 'check')]",-6.0,1212.0,12.0,p2,showdown,False,2,114.0,114.0,calling_station
1173,k,k,max_raise,['max_raise'],"[('p1', 'max_raise'), ('p2', 'call')]",0.0,1212.0,0.0,tie,showdown,False,2,102.0,114.0,calling_station
1174,q,j,max_raise,['max_raise'],"[('p1', 'max_raise'), ('p2', 'call')]",18.0,1230.0,36.0,p1,showdown,False,2,102.0,114.0,calling_station
1175,j,j,check,['check'],"[('p1', 'check'), ('p2', 'check')]",0.0,1230.0,0.0,tie,showdown,False,2,114.0,114.0,calling_station
1176,j,k,check,['check'],"[('p1', 'check'), ('p2', 'check')]",-6.0,1224.0,12.0,p2,showdown,False,2,114.0,114.0,calling_station
1177,k,j,max_raise,['max_raise'],"[('p1', 'max_raise'), ('p2', 'call')]",18.0,1242.0,36.0,p1,showdown,False,2,102.0,114.0,calling_station
1178,q,k,max_raise,['max_raise'],"[('p1', 'max_raise'), ('p2', 'call')]",-18.0,1224.0,36.0,p2,showdown,False,2,102.0,114.0,calling_station
1179,j,q,check,['check'],"[('p1', 'check'), ('p2', 'check')]",-6.0,1218.0,12.0,p2,showdown,False,2,114.0,114.0,calling_station
1180,q,j,max_raise,['max_raise'],"[('p1', 'max_raise'), ('p2', 'call')]",18.0,1236.0,36.0,p1,showdown,False,2,102.0,114.0,calling_station
1181,k,q,max_raise,['max_raise'],"[('p1', 'max_raise'), ('p2', 'call')]",18.0,1254.0,36.0,p1,showdown,False,2,102.0,114.0,calling_station
1182,j,k,check,['check'],"[('p1', 'check'), ('p2', 'check')]",-6.0,1248.0,12.0,p2,showdown,False,2,114.0,114.0,calling_station
1183,k,k,max_raise,['max_raise'],"[('p1', 'max_raise'), ('p2', 'call')]",0.0,1248.0,0.0,tie,showdown,False,2,102.0,114.0,calling_station
1184,k,j,max_raise,['max_raise'],"[('p1', 'max_raise'), ('p2', 'call')]",18.0,1266.0,36.0,p1,showdown,False,2,102.0,114.0,calling_station
1185,k,j,max_raise,['max_raise'],"[('p1', 'max_raise'), ('p2', 'call')]",18.0,1284.0,36.0,p1,showdown,False,2,102.0,114.0,calling_station
1186,j,j,check,['check'],"[('p1', 'check'), ('p2', 'check')]",0.0,1284.0,0.0,tie,showdown,False,2,114.0,114.0,calling_station
1187,j,q,check,['check'],"[('p1', 'check'), ('p2', 'check')]",-6.0,1278.0,12.0,p2,showdown,False,2,114.0,114.0,calling_station
1188,k,k,max_raise,['max_raise'],"[('p1', 'max_raise'), ('p2', 'call')]",0.0,1278.0,0.0,tie,showdown,False,2,102.0,114.0,calling_station
1189,q,q,max_raise,['max_raise'],"[('p1', 'max_raise'), ('p2', 'call')]",0.0,1278.0,0.0,tie,showdown,False,2,102.0,114.0,calling_station
1190,j,q,check,['check'],"[('p1', 'check'), ('p2', 'check')]",-6.0,1272.0,12.0,p2,showdown,False,2,114.0,114.0,calling_station
1191,q,k,max_raise,['max_raise'],"[('p1', 'max_raise'), ('p2', 'call')]",-18.0,1254.0,36.0,p2,showdown,False,2,102.0,114.0,calling_station
1192,k,q,max_raise,['max_raise'],"[('p1', 'max_raise'), ('p2', 'call')]",18.0,1272.0,36.0,p1,showdown,False,2,102.0,114.0,calling_station
1193,q,j,max_raise,['max_raise'],"[('p1', 'max_raise'), ('p2', 'call')]",18.0,1290.0,36.0,p1,showdown,False,2,102.0,114.0,calling_station
1194,k,j,max_raise,['max_raise'],"[('p1', 'max_raise'), ('p2', 'call')]",18.0,1308.0,36.0,p1,showdown,False,2,102.0,114.0,calling_station
1195,q,q,max_raise,['max_raise'],"[('p1', 'max_raise'), ('p2', 'call')]",0.0,1308.0,0.0,tie,showdown,False,2,102.0,114.0,calling_station
1196,q,q,max_raise,['max_raise'],"[('p1', 'max_raise'), ('p2', 'call')]",0.0,1308.0,0.0,tie,showdown,False,2,102.0,114.0,calling_station
1197,j,q,check,['check'],"[('p1', 'check'), ('p2', 'check')]",-6.0,1302.0,12.0,p2,showdown,False,2,114.0,114.0,calling_station
1198,q,j,max_raise,['max_raise'],"[('p1', 'max_raise'), ('p2', 'call')]",18.0,1320.0,36.0,p1,showdown,False,2,102.0,114.0,calling_station
1199,q,k,max_raise,['max_raise'],"[('p1', 'max_raise'), ('p2', 'call')]",-18.0,1302.0,36.0,p2,showdown,False,2,102.0,114.0,calling_station
1200,q,k,max_raise,['max_raise'],"[('p1', 'max_raise'), ('p2', 'call')]",-18.0,1284.0,36.0,p2,showdown,False,2,102.0,114.0,calling_station
1201,j,q,check,['check'],"[('p1', 'check'), ('p2', 'check')]",-6.0,1278.0,12.0,p2,showdown,False,2,114.0,114.0,calling_station
1202,k,k,max_raise,['max_raise'],"[('p1', 'max_raise'), ('p2', 'call')]",0.0,1278.0,0.0,tie,showdown,False,2,102.0,114.0,calling_station
1203,q,j,max_raise,['max_raise'],"[('p1', 'max_raise'), ('p2', 'call')]",18.0,1296.0,36.0,p1,showdown,False,2,102.0,114.0,calling_station
1204,q,k,max_raise,['max_raise'],"[('p1', 'max_raise'), ('p2', 'call')]",-18.0,1278.0,36.0,p2,showdown,False,2,102.0,114.0,calling_station
1205,k,j,max_raise,['max_raise'],"[('p1', 'max_raise'), ('p2', 'call')]",18.0,1296.0,36.0,p1,showdown,False,2,102.0,114.0,calling_station
1206,k,q,max_raise,['max_raise'],"[('p1', 'max_raise'), ('p2', 'call')]",18.0,1314.0,36.0,p1,showdown,False,2,102.0,114.0,calling_station
1207,q,q,max_raise,['max_raise'],"[('p1', 'max_raise'), ('p2', 'call')]",0.0,1314.0,0.0,tie,showdown,False,2,102.0,114.0,calling_station
1208,k,j,max_raise,['max_raise'],"[('p1', 'max_raise'), ('p2', 'call')]",18.0,1332.0,36.0,p1,showdown,False,2,102.0,114.0,calling_station
1209,k,q,max_raise,['max_raise'],"[('p1', 'max_raise'), ('p2', 'call')]",18.0,1350.0,36.0,p1,showdown,False,2,102.0,114.0,calling_station
1210,j,q,check,['check'],"[('p1', 'check'), ('p2', 'check')]",-6.0,1344.0,12.0,p2,showdown,False,2,114.0,114.0,calling_station
1211,j,j,check,['check'],"[('p1', 'check'), ('p2', 'check')]",0.0,1344.0,0.0,tie,showdown,False,2,114.0,114.0,calling_station
1212,q,q,max_raise,['max_raise'],"[('p1', 'max_raise'), ('p2', 'call')]",0.0,1344.0,0.0,tie,showdown,False,2,102.0,114.0,calling_station
1213,j,k,check,['check'],"[('p1', 'check'), ('p2', 'check')]",-6.0,1338.0,12.0,p2,showdown,False,2,114.0,114.0,calling_station
1214,k,k,max_raise,['max_raise'],"[('p1', 'max_raise'), ('p2', 'call')]",0.0,1338.0,0.0,tie,showdown,False,2,102.0,114.0,calling_station
1215,k,k,max_raise,['max_raise'],"[('p1', 'max_raise'), ('p2', 'call')]",0.0,1338.0,0.0,tie,showdown,False,2,102.0,114.0,calling_station
1216,q,k,max_raise,['max_raise'],"[('p1', 'max_raise'), ('p2', 'call')]",-18.0,1320.0,36.0,p2,showdown,False,2,102.0,114.0,calling_station
1217,k,q,max_raise,['max_raise'],"[('p1', 'max_raise'), ('p2', 'call')]",18.0,1338.0,36.0,p1,showdown,False,2,102.0,114.0,calling_station
1218,k,j,max_raise,['max_raise'],"[('p1', 'max_raise'), ('p2', 'call')]",18.0,1356.0,36.0,p1,showdown,False,2,102.0,114.0,calling_station
1219,k,j,max_raise,['max_raise'],"[('p1', 'max_raise'), ('p2', 'call')]",18.0,1374.0,36.0,p1,showdown,False,2,102.0,114.0,calling_station
1220,j,k,check,['check'],"[('p1', 'check'), ('p2', 'check')]",-6.0,1368.0,12.0,p2,showdown,False,2,114.0,114.0,calling_station
1221,k,j,max_raise,['max_raise'],"[('p1', 'max_raise'), ('p2', 'call')]",18.0,1386.0,36.0,p1,showdown,False,2,102.0,114.0,calling_station
1222,k,q,max_raise,['max_raise'],"[('p1', 'max_raise'), ('p2', 'call')]",18.0,1404.0,36.0,p1,showdown,False,2,102.0,114.0,calling_station
1223,q,k,max_raise,['max_raise'],"[('p1', 'max_raise'), ('p2', 'call')]",-18.0,1386.0,36.0,p2,showdown,False,2,102.0,114.0,calling_station
1224,k,k,max_raise,['max_raise'],"[('p1', 'max_raise'), ('p2', 'call')]",0.0,1386.0,0.0,tie,showdown,False,2,102.0,114.0,calling_station
1225,j,j,check,['check'],"[('p1', 'check'), ('p2', 'check')]",0.0,1386.0,0.0,tie,showdown,False,2,114.0,114.0,calling_station
1226,j,q,check,['check'],"[('p1', 'check'), ('p2', 'check')]",-6.0,1380.0,12.0,p2,showdown,False,2,114.0,114.0,calling_station
1227,j,j,check,['check'],"[('p1', 'check'), ('p2', 'check')]",0.0,1380.0,0.0,tie,showdown,False,2,114.0,114.0,calling_station
1228,q,q,max_raise,['max_raise'],"[('p1', 'max_raise'), ('p2', 'call')]",0.0,1380.0,0.0,tie,showdown,False,2,102.0,114.0,calling_station
1229,q,j,max_raise,['max_raise'],"[('p1', 'max_raise'), ('p2', 'call')]",18.0,1398.0,36.0,p1,showdown,False,2,102.0,114.0,calling_station
1230,j,q,check,['check'],"[('p1', 'check'), ('p2', 'check')]",-6.0,1392.0,12.0,p2,showdown,False,2,114.0,114.0,calling_station
1231,q,q,max_raise,['max_raise'],"[('p1', 'max_raise'), ('p2', 'call')]",0.0,1392.0,0.0,tie,showdown,False,2,102.0,114.0,calling_station
1232,q,k,max_raise,['max_raise'],"[('p1', 'max_raise'), ('p2', 'call')]",-18.0,1374.0,36.0,p2,showdown,False,2,102.0,114.0,calling_station
1233,k,j,max_raise,['max_raise'],"[('p1', 'max_raise'), ('p2', 'call')]",18.0,1392.0,36.0,p1,showdown,False,2,102.0,114.0,calling_station
1234,j,j,check,['check'],"[('p1', 'check'), ('p2', 'check')]",0.0,1392.0,0.0,tie,showdown,False,2,114.0,114.0,calling_station
1235,q,k,max_raise,['max_raise'],"[('p1', 'max_raise'), ('p2', 'call')]",-18.0,1374.0,36.0,p2,showdown,False,2,102.0,114.0,calling_station
1236,j,j,check,['check'],"[('p1', 'check'), ('p2', 'check')]",0.0,1374.0,0.0,tie,showdown,False,2,114.0,114.0,calling_station
1237,q,q,max_raise,['max_raise'],"[('p1', 'max_raise'), ('p2', 'call')]",0.0,1374.0,0.0,tie,showdown,False,2,102.0,114.0,calling_station
1238,k,j,max_raise,['max_raise'],"[('p1', 'max_raise'), ('p2', 'call')]",18.0,1392.0,36.0,p1,showdown,False,2,102.0,114.0,calling_station
1239,j,j,check,['check'],"[('p1', 'check'), ('p2', 'check')]",0.0,1392.0,0.0,tie,showdown,False,2,114.0,114.0,calling_station
1240,k,j,max_raise,['max_raise'],"[('p1', 'max_raise'), ('p2', 'call')]",18.0,1410.0,36.0,p1,showdown,False,2,102.0,114.0,calling_station
1241,k,j,max_raise,['max_raise'],"[('p1', 'max_raise'), ('p2', 'call')]",18.0,1428.0,36.0,p1,showdown,False,2,102.0,114.0,calling_station
1242,q,k,max_raise,['max_raise'],"[('p1', 'max_raise'), ('p2', 'call')]",-18.0,1410.0,36.0,p2,showdown,False,2,102.0,114.0,calling_station
1243,j,k,check,['check'],"[('p1', 'check'), ('p2', 'check')]",-6.0,1404.0,12.0,p2,showdown,False,2,114.0,114.0,calling_station
1244,k,j,max_raise,['max_raise'],"[('p1', 'max_raise'), ('p2', 'call')]",18.0,1422.0,36.0,p1,showdown,False,2,102.0,114.0,calling_station
1245,j,j,check,['check'],"[('p1', 'check'), ('p2', 'check')]",0.0,1422.0,0.0,tie,showdown,False,2,114.0,114.0,calling_station
1246,q,q,max_raise,['max_raise'],"[('p1', 'max_raise'), ('p2', 'call')]",0.0,1422.0,0.0,tie,showdown,False,2,102.0,114.0,calling_station
1247,j,q,check,['check'],"[('p1', 'check'), ('p2', 'check')]",-6.0,1416.0,12.0,p2,showdown,False,2,114.0,114.0,calling_station
1248,k,k,max_raise,['max_raise'],"[('p1', 'max_raise'), ('p2', 'call')]",0.0,1416.0,0.0,tie,showdown,False,2,102.0,114.0,calling_station
1249,k,k,max_raise,['max_raise'],"[('p1', 'max_raise'), ('p2', 'call')]",0.0,1416.0,0.0,tie,showdown,False,2,102.0,114.0,calling_station
1250,j,q,check,['check'],"[('p1', 'check'), ('p2', 'check')]",-6.0,1410.0,12.0,p2,showdown,False,2,114.0,114.0,calling_station
1251,q,j,max_raise,['max_raise'],"[('p1', 'max_raise'), ('p2', 'call')]",18.0,1428.0,36.0,p1,showdown,False,2,102.0,114.0,calling_station
1252,q,k,max_raise,['max_raise'],"[('p1', 'max_raise'), ('p2', 'call')]",-18.0,1410.0,36.0,p2,showdown,False,2,102.0,114.0,calling_station
1253,q,j,max_raise,['max_raise'],"[('p1', 'max_raise'), ('p2', 'call')]",18.0,1428.0,36.0,p1,showdown,False,2,102.0,114.0,calling_station
1254,q,j,max_raise,['max_raise'],"[('p1', 'max_raise'), ('p2', 'call')]",18.0,1446.0,36.0,p1,showdown,False,2,102.0,114.0,calling_station
1255,q,j,max_raise,['max_raise'],"[('p1', 'max_raise'), ('p2', 'call')]",18.0,1464.0,36.0,p1,showdown,False,2,102.0,114.0,calling_station
1256,k,k,max_raise,['max_raise'],"[('p1', 'max_raise'), ('p2', 'call')]",0.0,1464.0,0.0,tie,showdown,False,2,102.0,114.0,calling_station
1257,j,j,check,['check'],"[('p1', 'check'), ('p2', 'check')]",0.0,1464.0,0.0,tie,showdown,False,2,114.0,114.0,calling_station
1258,k,q,max_raise,['max_raise'],"[('p1', 'max_raise'), ('p2', 'call')]",18.0,1482.0,36.0,p1,showdown,False,2,102.0,114.0,calling_station
1259,j,q,check,['check'],"[('p1', 'check'), ('p2', 'check')]",-6.0,1476.0,12.0,p2,showdown,False,2,114.0,114.0,calling_station
1260,q,k,max_raise,['max_raise'],"[('p1', 'max_raise'), ('p2', 'call')]",-18.0,1458.0,36.0,p2,showdown,False,2,102.0,114.0,calling_station
1261,j,q,check,['check'],"[('p1', 'check'), ('p2', 'check')]",-6.0,1452.0,12.0,p2,showdown,False,2,114.0,114.0,calling_station
1262,q,k,max_raise,['max_raise'],"[('p1', 'max_raise'), ('p2', 'call')]",-18.0,1434.0,36.0,p2,showdown,False,2,102.0,114.0,calling_station
1263,q,q,max_raise,['max_raise'],"[('p1', 'max_raise'), ('p2', 'call')]",0.0,1434.0,0.0,tie,showdown,False,2,102.0,114.0,calling_station
1264,j,j,check,['check'],"[('p1', 'check'), ('p2', 'check')]",0.0,1434.0,0.0,tie,showdown,False,2,114.0,114.0,calling_station
1265,k,k,max_raise,['max_raise'],"[('p1', 'max_raise'), ('p2', 'call')]",0.0,1434.0,0.0,tie,showdown,False,2,102.0,114.0,calling_station
1266,k,j,max_raise,['max_raise'],"[('p1', 'max_raise'), ('p2', 'call')]",18.0,1452.0,36.0,p1,showdown,False,2,102.0,114.0,calling_station
1267,k,q,max_raise,['max_raise'],"[('p1', 'max_raise'), ('p2', 'call')]",18.0,1470.0,36.0,p1,showdown,False,2,102.0,114.0,calling_station
1268,k,k,max_raise,['max_raise'],"[('p1', 'max_raise'), ('p2', 'call')]",0.0,1470.0,0.0,tie,showdown,False,2,102.0,114.0,calling_station
1269,q,j,max_raise,['max_raise'],"[('p1', 'max_raise'), ('p2', 'call')]",18.0,1488.0,36.0,p1,showdown,False,2,102.0,114.0,calling_station
1270,j,q,check,['check'],"[('p1', 'check'), ('p2', 'check')]",-6.0,1482.0,12.0,p2,showdown,False,2,114.0,114.0,calling_station
1271,j,k,check,['check'],"[('p1', 'check'), ('p2', 'check')]",-6.0,1476.0,12.0,p2,showdown,False,2,114.0,114.0,calling_station
1272,k,j,max_raise,['max_raise'],"[('p1', 'max_raise'), ('p2', 'call')]",18.0,1494.0,36.0,p1,showdown,False,2,102.0,114.0,calling_station
1273,j,j,check,['check'],"[('p1', 'check'), ('p2', 'check')]",0.0,1494.0,0.0,tie,showdown,False,2,114.0,114.0,calling_station
1274,j,j,check,['check'],"[('p1', 'check'), ('p2', 'check')]",0.0,1494.0,0.0,tie,showdown,False,2,114.0,114.0,calling_station
1275,j,q,check,['check'],"[('p1', 'check'), ('p2', 'check')]",-6.0,1488.0,12.0,p2,showdown,False,2,114.0,114.0,calling_station
1276,q,q,max_raise,['max_raise'],"[('p1', 'max_raise'), ('p2', 'call')]",0.0,1488.0,0.0,tie,showdown,False,2,102.0,114.0,calling_station
1277,q,q,max_raise,['max_raise'],"[('p1', 'max_raise'), ('p2', 'call')]",0.0,1488.0,0.0,tie,showdown,False,2,102.0,114.0,calling_station
1278,k,j,max_raise,['max_raise'],"[('p1', 'max_raise'), ('p2', 'call')]",18.0,1506.0,36.0,p1,showdown,False,2,102.0,114.0,calling_station
1279,j,j,check,['check'],"[('p1', 'check'), ('p2', 'check')]",0.0,1506.0,0.0,tie,showdown,False,2,114.0,114.0,calling_station
1280,j,q,check,['check'],"[('p1', 'check'), ('p2', 'check')]",-6.0,1500.0,12.0,p2,showdown,False,2,114.0,114.0,calling_station
1281,q,j,max_raise,['max_raise'],"[('p1', 'max_raise'), ('p2', 'call')]",18.0,1518.0,36.0,p1,showdown,False,2,102.0,114.0,calling_station
1282,k,j,max_raise,['max_raise'],"[('p1', 'max_raise'), ('p2', 'call')]",18.0,1536.0,36.0,p1,showdown,False,2,102.0,114.0,calling_station
1283,q,k,max_raise,['max_raise'],"[('p1', 'max_raise'), ('p2', 'call')]",-18.0,1518.0,36.0,p2,showdown,False,2,102.0,114.0,calling_station
1284,q,k,max_raise,['max_raise'],"[('p1', 'max_raise'), ('p2', 'call')]",-18.0,1500.0,36.0,p2,showdown,False,2,102.0,114.0,calling_station
1285,k,q,max_raise,['max_raise'],"[('p1', 'max_raise'), ('p2', 'call')]",18.0,1518.0,36.0,p1,showdown,False,2,102.0,114.0,calling_station
1286,q,q,max_raise,['max_raise'],"[('p1', 'max_raise'), ('p2', 'call')]",0.0,1518.0,0.0,tie,showdown,False,2,102.0,114.0,calling_station
1287,j,k,check,['check'],"[('p1', 'check'), ('p2', 'check')]",-6.0,1512.0,12.0,p2,showdown,False,2,114.0,114.0,calling_station
1288,k,k,max_raise,['max_raise'],"[('p1', 'max_raise'), ('p2', 'call')]",0.0,1512.0,0.0,tie,showdown,False,2,102.0,114.0,calling_station
1289,j,q,check,['check'],"[('p1', 'check'), ('p2', 'check')]",-6.0,1506.0,12.0,p2,showdown,False,2,114.0,114.0,calling_station
1290,q,j,max_raise,['max_raise'],"[('p1', 'max_raise'), ('p2', 'call')]",18.0,1524.0,36.0,p1,showdown,False,2,102.0,114.0,calling_station
1291,k,k,max_raise,['max_raise'],"[('p1', 'max_raise'), ('p2', 'call')]",0.0,1524.0,0.0,tie,showdown,False,2,102.0,114.0,calling_station
1292,j,k,check,['check'],"[('p1', 'check'), ('p2', 'check')]",-6.0,1518.0,12.0,p2,showdown,False,2,114.0,114.0,calling_station
1293,q,j,max_raise,['max_raise'],"[('p1', 'max_raise'), ('p2', 'call')]",18.0,1536.0,36.0,p1,showdown,False,2,102.0,114.0,calling_station
1294,k,j,max_raise,['max_raise'],"[('p1', 'max_raise'), ('p2', 'call')]",18.0,1554.0,36.0,p1,showdown,False,2,102.0,114.0,calling_station
1295,q,q,max_raise,['max_raise'],"[('p1', 'max_raise'), ('p2', 'call')]",0.0,1554.0,0.0,tie,showdown,False,2,102.0,114.0,calling_station
1296,q,q,max_raise,['max_raise'],"[('p1', 'max_raise'), ('p2', 'call')]",0.0,1554.0,0.0,tie,showdown,False,2,102.0,114.0,calling_station
1297,k,k,max_raise,['max_raise'],"[('p1', 'max_raise'), ('p2', 'call')]",0.0,1554.0,0.0,tie,showdown,False,2,102.0,114.0,calling_station
1298,j,k,check,['check'],"[('p1', 'check'), ('p2', 'check')]",-6.0,1548.0,12.0,p2,showdown,False,2,114.0,114.0,calling_station
1299,q,k,max_raise,['max_raise'],"[('p1', 'max_raise'), ('p2', 'call')]",-18.0,1530.0,36.0,p2,showdown,False,2,102.0,114.0,calling_station
1300,k,q,max_raise,['max_raise'],"[('p1', 'max_raise'), ('p2', 'call')]",18.0,1548.0,36.0,p1,showdown,False,2,102.0,114.0,calling_station
1301,j,k,check,['check'],"[('p1', 'check'), ('p2', 'check')]",-6.0,1542.0,12.0,p2,showdown,False,2,114.0,114.0,calling_station
1302,q,k,max_raise,['max_raise'],"[('p1', 'max_raise'), ('p2', 'call')]",-18.0,1524.0,36.0,p2,showdown,False,2,102.0,114.0,calling_station
1303,k,q,max_raise,['max_raise'],"[('p1', 'max_raise'), ('p2', 'call')]",18.0,1542.0,36.0,p1,showdown,False,2,102.0,114.0,calling_station
1304,k,j,max_raise,['max_raise'],"[('p1', 'max_raise'), ('p2', 'call')]",18.0,1560.0,36.0,p1,showdown,False,2,102.0,114.0,calling_station
1305,j,q,check,['check'],"[('p1', 'check'), ('p2', 'check')]",-6.0,1554.0,12.0,p2,showdown,False,2,114.0,114.0,calling_station
1306,k,j,max_raise,['max_raise'],"[('p1', 'max_raise'), ('p2', 'call')]",18.0,1572.0,36.0,p1,showdown,False,2,102.0,114.0,calling_station
1307,j,k,check,['check'],"[('p1', 'check'), ('p2', 'check')]",-6.0,1566.0,12.0,p2,showdown,False,2,114.0,114.0,calling_station
1308,j,q,check,['check'],"[('p1', 'check'), ('p2', 'check')]",-6.0,1560.0,12.0,p2,showdown,False,2,114.0,114.0,calling_station
1309,k,q,max_raise,['max_raise'],"[('p1', 'max_raise'), ('p2', 'call')]",18.0,1578.0,36.0,p1,showdown,False,2,102.0,114.0,calling_station
1310,j,j,check,['check'],"[('p1', 'check'), ('p2', 'check')]",0.0,1578.0,0.0,tie,showdown,False,2,114.0,114.0,calling_station
1311,j,k,check,['check'],"[('p1', 'check'), ('p2', 'check')]",-6.0,1572.0,12.0,p2,showdown,False,2,114.0,114.0,calling_station
1312,q,k,max_raise,['max_raise'],"[('p1', 'max_raise'), ('p2', 'call')]",-18.0,1554.0,36.0,p2,showdown,False,2,102.0,114.0,calling_station
1313,j,k,check,['check'],"[('p1', 'check'), ('p2', 'check')]",-6.0,1548.0,12.0,p2,showdown,False,2,114.0,114.0,calling_station
1314,k,k,max_raise,['max_raise'],"[('p1', 'max_raise'), ('p2', 'call')]",0.0,1548.0,0.0,tie,showdown,False,2,102.0,114.0,calling_station
1315,j,q,check,['check'],"[('p1', 'check'), ('p2', 'check')]",-6.0,1542.0,12.0,p2,showdown,False,2,114.0,114.0,calling_station
1316,k,q,max_raise,['max_raise'],"[('p1', 'max_raise'), ('p2', 'call')]",18.0,1560.0,36.0,p1,showdown,False,2,102.0,114.0,calling_station
1317,j,j,check,['check'],"[('p1', 'check'), ('p2', 'check')]",0.0,1560.0,0.0,tie,showdown,False,2,114.0,114.0,calling_station
1318,j,j,check,['check'],"[('p1', 'check'), ('p2', 'check')]",0.0,1560.0,0.0,tie,showdown,False,2,114.0,114.0,calling_station
1319,j,k,check,['check'],"[('p1', 'check'), ('p2', 'check')]",-6.0,1554.0,12.0,p2,showdown,False,2,114.0,114.0,calling_station
1320,q,q,max_raise,['max_raise'],"[('p1', 'max_raise'), ('p2', 'call')]",0.0,1554.0,0.0,tie,showdown,False,2,102.0,114.0,calling_station
1321,j,k,check,['check'],"[('p1', 'check'), ('p2', 'check')]",-6.0,1548.0,12.0,p2,showdown,False,2,114.0,114.0,calling_station
1322,j,q,check,['check'],"[('p1', 'check'), ('p2', 'check')]",-6.0,1542.0,12.0,p2,showdown,False,2,114.0,114.0,calling_station
1323,k,q,max_raise,['max_raise'],"[('p1', 'max_raise'), ('p2', 'call')]",18.0,1560.0,36.0,p1,showdown,False,2,102.0,114.0,calling_station
1324,j,k,check,['check'],"[('p1', 'check'), ('p2', 'check')]",-6.0,1554.0,12.0,p2,showdown,False,2,114.0,114.0,calling_station
1325,j,q,check,['check'],"[('p1', 'check'), ('p2', 'check')]",-6.0,1548.0,12.0,p2,showdown,False,2,114.0,114.0,calling_station
1326,q,j,max_raise,['max_raise'],"[('p1', 'max_raise'), ('p2', 'call')]",18.0,1566.0,36.0,p1,showdown,False,2,102.0,114.0,calling_station
1327,q,q,max_raise,['max_raise'],"[('p1', 'max_raise'), ('p2', 'call')]",0.0,1566.0,0.0,tie,showdown,False,2,102.0,114.0,calling_station
1328,k,k,max_raise,['max_raise'],"[('p1', 'max_raise'), ('p2', 'call')]",0.0,1566.0,0.0,tie,showdown,False,2,102.0,114.0,calling_station
1329,k,k,max_raise,['max_raise'],"[('p1', 'max_raise'), ('p2', 'call')]",0.0,1566.0,0.0,tie,showdown,False,2,102.0,114.0,calling_station
1330,q,k,max_raise,['max_raise'],"[('p1', 'max_raise'), ('p2', 'call')]",-18.0,1548.0,36.0,p2,showdown,False,2,102.0,114.0,calling_station
1331,j,q,check,['check'],"[('p1', 'check'), ('p2', 'check')]",-6.0,1542.0,12.0,p2,showdown,False,2,114.0,114.0,calling_station
1332,q,k,max_raise,['max_raise'],"[('p1', 'max_raise'), ('p2', 'call')]",-18.0,1524.0,36.0,p2,showdown,False,2,102.0,114.0,calling_station
1333,q,j,max_raise,['max_raise'],"[('p1', 'max_raise'), ('p2', 'call')]",18.0,1542.0,36.0,p1,showdown,False,2,102.0,114.0,calling_station
1334,k,k,max_raise,['max_raise'],"[('p1', 'max_raise'), ('p2', 'call')]",0.0,1542.0,0.0,tie,showdown,False,2,102.0,114.0,calling_station
1335,k,q,max_raise,['max_raise'],"[('p1', 'max_raise'), ('p2', 'call')]",18.0,1560.0,36.0,p1,showdown,False,2,102.0,114.0,calling_station
1336,q,q,max_raise,['max_raise'],"[('p1', 'max_raise'), ('p2', 'call')]",0.0,1560.0,0.0,tie,showdown,False,2,102.0,114.0,calling_station
1337,q,k,max_raise,['max_raise'],"[('p1', 'max_raise'), ('p2', 'call')]",-18.0,1542.0,36.0,p2,showdown,False,2,102.0,114.0,calling_station
1338,q,j,max_raise,['max_raise'],"[('p1', 'max_raise'), ('p2', 'call')]",18.0,1560.0,36.0,p1,showdown,False,2,102.0,114.0,calling_station
1339,j,j,check,['check'],"[('p1', 'check'), ('p2', 'check')]",0.0,1560.0,0.0,tie,showdown,False,2,114.0,114.0,calling_station
1340,j,k,check,['check'],"[('p1', 'check'), ('p2', 'check')]",-6.0,1554.0,12.0,p2,showdown,False,2,114.0,114.0,calling_station
1341,q,j,max_raise,['max_raise'],"[('p1', 'max_raise'), ('p2', 'call')]",18.0,1572.0,36.0,p1,showdown,False,2,102.0,114.0,calling_station
1342,k,q,max_raise,['max_raise'],"[('p1', 'max_raise'), ('p2', 'call')]",18.0,1590.0,36.0,p1,showdown,False,2,102.0,114.0,calling_station
1343,q,k,max_raise,['max_raise'],"[('p1', 'max_raise'), ('p2', 'call')]",-18.0,1572.0,36.0,p2,showdown,False,2,102.0,114.0,calling_station
1344,j,k,check,['check'],"[('p1', 'check'), ('p2', 'check')]",-6.0,1566.0,12.0,p2,showdown,False,2,114.0,114.0,calling_station
1345,q,j,max_raise,['max_raise'],"[('p1', 'max_raise'), ('p2', 'call')]",18.0,1584.0,36.0,p1,showdown,False,2,102.0,114.0,calling_station
1346,q,j,max_raise,['max_raise'],"[('p1', 'max_raise'), ('p2', 'call')]",18.0,1602.0,36.0,p1,showdown,False,2,102.0,114.0,calling_station
1347,k,j,max_raise,['max_raise'],"[('p1', 'max_raise'), ('p2', 'call')]",18.0,1620.0,36.0,p1,showdown,False,2,102.0,114.0,calling_station
1348,j,q,check,['check'],"[('p1', 'check'), ('p2', 'check')]",-6.0,1614.0,12.0,p2,showdown,False,2,114.0,114.0,calling_station
1349,k,k,max_raise,['max_raise'],"[('p1', 'max_raise'), ('p2', 'call')]",0.0,1614.0,0.0,tie,showdown,False,2,102.0,114.0,calling_station
1350,q,q,max_raise,['max_raise'],"[('p1', 'max_raise'), ('p2', 'call')]",0.0,1614.0,0.0,tie,showdown,False,2,102.0,114.0,calling_station
1351,j,j,check,['check'],"[('p1', 'check'), ('p2', 'check')]",0.0,1614.0,0.0,tie,showdown,False,2,114.0,114.0,calling_station
1352,j,k,check,['check'],"[('p1', 'check'), ('p2', 'check')]",-6.0,1608.0,12.0,p2,showdown,False,2,114.0,114.0,calling_station
1353,k,j,max_raise,['max_raise'],"[('p1', 'max_raise'), ('p2', 'call')]",18.0,1626.0,36.0,p1,showdown,False,2,102.0,114.0,calling_station
1354,j,q,check,['check'],"[('p1', 'check'), ('p2', 'check')]",-6.0,1620.0,12.0,p2,showdown,False,2,114.0,114.0,calling_station
1355,j,q,check,['check'],"[('p1', 'check'), ('p2', 'check')]",-6.0,1614.0,12.0,p2,showdown,False,2,114.0,114.0,calling_station
1356,q,q,max_raise,['max_raise'],"[('p1', 'max_raise'), ('p2', 'call')]",0.0,1614.0,0.0,tie,showdown,False,2,102.0,114.0,calling_station
1357,q,j,max_raise,['max_raise'],"[('p1', 'max_raise'), ('p2', 'call')]",18.0,1632.0,36.0,p1,showdown,False,2,102.0,114.0,calling_station
1358,q,j,max_raise,['max_raise'],"[('p1', 'max_raise'), ('p2', 'call')]",18.0,1650.0,36.0,p1,showdown,False,2,102.0,114.0,calling_station
1359,j,q,check,['check'],"[('p1', 'check'), ('p2', 'check')]",-6.0,1644.0,12.0,p2,showdown,False,2,114.0,114.0,calling_station
1360,q,j,max_raise,['max_raise'],"[('p1', 'max_raise'), ('p2', 'call')]",18.0,1662.0,36.0,p1,showdown,False,2,102.0,114.0,calling_station
1361,q,k,max_raise,['max_raise'],"[('p1', 'max_raise'), ('p2', 'call')]",-18.0,1644.0,36.0,p2,showdown,False,2,102.0,114.0,calling_station
1362,j,k,max_raise,['max_raise'],"[('p1', 'max_raise'), ('p2', 'call')]",-18.0,1626.0,36.0,p2,showdown,True,2,102.0,114.0,calling_station
1363,k,k,max_raise,['max_raise'],"[('p1', 'max_raise'), ('p2', 'call')]",0.0,1626.0,0.0,tie,showdown,False,2,102.0,114.0,calling_station
1364,q,k,max_raise,['max_raise'],"[('p1', 'max_raise'), ('p2', 'call')]",-18.0,1608.0,36.0,p2,showdown,False,2,102.0,114.0,calling_station
1365,j,j,max_raise,['max_raise'],"[('p1', 'max_raise'), ('p2', 'call')]",0.0,1608.0,0.0,tie,showdown,True,2,102.0,114.0,calling_station
1366,k,k,max_raise,['max_raise'],"[('p1', 'max_raise'), ('p2', 'call')]",0.0,1608.0,0.0,tie,showdown,False,2,102.0,114.0,calling_station
1367,j,j,max_raise,['max_raise'],"[('p1', 'max_raise'), ('p2', 'call')]",0.0,1608.0,0.0,tie,showdown,True,2,102.0,114.0,calling_station
1368,q,q,max_raise,['max_raise'],"[('p1', 'max_raise'), ('p2', 'call')]",0.0,1608.0,0.0,tie,showdown,False,2,102.0,114.0,calling_station
1369,q,q,max_raise,['max_raise'],"[('p1', 'max_raise'), ('p2', 'call')]",0.0,1608.0,0.0,tie,showdown,False,2,102.0,114.0,calling_station
1370,k,q,max_raise,['max_raise'],"[('p1', 'max_raise'), ('p2', 'call')]",18.0,1626.0,36.0,p1,showdown,False,2,102.0,114.0,calling_station
1371,q,q,max_raise,['max_raise'],"[('p1', 'max_raise'), ('p2', 'call')]",0.0,1626.0,0.0,tie,showdown,False,2,102.0,114.0,calling_station
1372,k,j,max_raise,['max_raise'],"[('p1', 'max_raise'), ('p2', 'call')]",18.0,1644.0,36.0,p1,showdown,False,2,102.0,114.0,calling_station
1373,k,q,max_raise,['max_raise'],"[('p1', 'max_raise'), ('p2', 'call')]",18.0,1662.0,36.0,p1,showdown,False,2,102.0,114.0,calling_station
1374,j,j,max_raise,['max_raise'],"[('p1', 'max_raise'), ('p2', 'call')]",0.0,1662.0,0.0,tie,showdown,True,2,102.0,114.0,calling_station
1375,j,k,max_raise,['max_raise'],"[('p1', 'max_raise'), ('p2', 'call')]",-18.0,1644.0,36.0,p2,showdown,True,2,102.0,114.0,calling_station
1376,k,q,max_raise,['max_raise'],"[('p1', 'max_raise'), ('p2', 'call')]",18.0,1662.0,36.0,p1,showdown,False,2,102.0,114.0,calling_station
1377,q,j,max_raise,['max_raise'],"[('p1', 'max_raise'), ('p2', 'call')]",18.0,1680.0,36.0,p1,showdown,False,2,102.0,114.0,calling_station
1378,k,j,max_raise,['max_raise'],"[('p1', 'max_raise'), ('p2', 'call')]",18.0,1698.0,36.0,p1,showdown,False,2,102.0,114.0,calling_station
1379,j,q,max_raise,['max_raise'],"[('p1', 'max_raise'), ('p2', 'call')]",-18.0,1680.0,36.0,p2,showdown,True,2,102.0,114.0,calling_station
1380,q,k,max_raise,['max_raise'],"[('p1', 'max_raise'), ('p2', 'call')]",-18.0,1662.0,36.0,p2,showdown,False,2,102.0,114.0,calling_station
1381,q,k,max_raise,['max_raise'],"[('p1', 'max_raise'), ('p2', 'call')]",-18.0,1644.0,36.0,p2,showdown,False,2,102.0,114.0,calling_station
1382,q,k,max_raise,['max_raise'],"[('p1', 'max_raise'), ('p2', 'call')]",-18.0,1626.0,36.0,p2,showdown,False,2,102.0,114.0,calling_station
1383,j,j,max_raise,['max_raise'],"[('p1', 'max_raise'), ('p2', 'call')]",0.0,1626.0,0.0,tie,showdown,True,2,102.0,114.0,calling_station
1384,q,j,max_raise,['max_raise'],"[('p1', 'max_raise'), ('p2', 'call')]",18.0,1644.0,36.0,p1,showdown,False,2,102.0,114.0,calling_station
1385,j,k,max_raise,['max_raise'],"[('p1', 'max_raise'), ('p2', 'call')]",-18.0,1626.0,36.0,p2,showdown,True,2,102.0,114.0,calling_station
1386,k,k,max_raise,['max_raise'],"[('p1', 'max_raise'), ('p2', 'call')]",0.0,1626.0,0.0,tie,showdown,False,2,102.0,114.0,calling_station
1387,q,q,max_raise,['max_raise'],"[('p1', 'max_raise'), ('p2', 'call')]",0.0,1626.0,0.0,tie,showdown,False,2,102.0,114.0,calling_station
1388,j,q,max_raise,['max_raise'],"[('p1', 'max_raise'), ('p2', 'call')]",-18.0,1608.0,36.0,p2,showdown,True,2,102.0,114.0,calling_station
1389,k,j,max_raise,['max_raise'],"[('p1', 'max_raise'), ('p2', 'call')]",18.0,1626.0,36.0,p1,showdown,False,2,102.0,114.0,calling_station
1390,q,j,max_raise,['max_raise'],"[('p1', 'max_raise'), ('p2', 'call')]",18.0,1644.0,36.0,p1,showdown,False,2,102.0,114.0,calling_station
1391,j,k,max_raise,['max_raise'],"[('p1', 'max_raise'), ('p2', 'call')]",-18.0,1626.0,36.0,p2,showdown,True,2,102.0,114.0,calling_station
1392,j,j,max_raise,['max_raise'],"[('p1', 'max_raise'), ('p2', 'call')]",0.0,1626.0,0.0,tie,showdown,True,2,102.0,114.0,calling_station
1393,q,j,max_raise,['max_raise'],"[('p1', 'max_raise'), ('p2', 'call')]",18.0,1644.0,36.0,p1,showdown,False,2,102.0,114.0,calling_station
1394,j,k,max_raise,['max_raise'],"[('p1', 'max_raise'), ('p2', 'call')]",-18.0,1626.0,36.0,p2,showdown,True,2,102.0,114.0,calling_station
1395,k,q,max_raise,['max_raise'],"[('p1', 'max_raise'), ('p2', 'call')]",18.0,1644.0,36.0,p1,showdown,False,2,102.0,114.0,calling_station
1396,q,q,max_raise,['max_raise'],"[('p1', 'max_raise'), ('p2', 'call')]",0.0,1644.0,0.0,tie,showdown,False,2,102.0,114.0,calling_station
1397,q,j,max_raise,['max_raise'],"[('p1', 'max_raise'), ('p2', 'call')]",18.0,1662.0,36.0,p1,showdown,False,2,102.0,114.0,calling_station
1398,q,j,max_raise,['max_raise'],"[('p1', 'max_raise'), ('p2', 'call')]",18.0,1680.0,36.0,p1,showdown,False,2,102.0,114.0,calling_station
1399,j,q,max_raise,['max_raise'],"[('p1', 'max_raise'), ('p2', 'call')]",-18.0,1662.0,36.0,p2,showdown,True,2,102.0,114.0,calling_station
1400,q,q,max_raise,['max_raise'],"[('p1', 'max_raise'), ('p2', 'call')]",0.0,1662.0,0.0,tie,showdown,False,2,102.0,114.0,calling_station
1401,k,k,max_raise,['max_raise'],"[('p1', 'max_raise'), ('p2', 'call')]",0.0,1662.0,0.0,tie,showdown,False,2,102.0,114.0,calling_station
1402,k,q,max_raise,['max_raise'],"[('p1', 'max_raise'), ('p2', 'call')]",18.0,1680.0,36.0,p1,showdown,False,2,102.0,114.0,calling_station
1403,j,j,max_raise,['max_raise'],"[('p1', 'max_raise'), ('p2', 'call')]",0.0,1680.0,0.0,tie,showdown,True,2,102.0,114.0,calling_station
1404,k,q,max_raise,['max_raise'],"[('p1', 'max_raise'), ('p2', 'call')]",18.0,1698.0,36.0,p1,showdown,False,2,102.0,114.0,calling_station
1405,k,k,max_raise,['max_raise'],"[('p1', 'max_raise'), ('p2', 'call')]",0.0,1698.0,0.0,tie,showdown,False,2,102.0,114.0,calling_station
1406,k,j,max_raise,['max_raise'],"[('p1', 'max_raise'), ('p2', 'call')]",18.0,1716.0,36.0,p1,showdown,False,2,102.0,114.0,calling_station
1407,q,q,max_raise,['max_raise'],"[('p1', 'max_raise'), ('p2', 'call')]",0.0,1716.0,0.0,tie,showdown,False,2,102.0,114.0,calling_station
1408,j,q,max_raise,['max_raise'],"[('p1', 'max_raise'), ('p2', 'call')]",-18.0,1698.0,36.0,p2,showdown,True,2,102.0,114.0,calling_station
1409,j,q,max_raise,['max_raise'],"[('p1', 'max_raise'), ('p2', 'call')]",-18.0,1680.0,36.0,p2,showdown,True,2,102.0,114.0,calling_station
1410,j,k,max_raise,['max_raise'],"[('p1', 'max_raise'), ('p2', 'call')]",-18.0,1662.0,36.0,p2,showdown,True,2,102.0,114.0,calling_station
1411,k,k,max_raise,['max_raise'],"[('p1', 'max_raise'), ('p2', 'call')]",0.0,1662.0,0.0,tie,showdown,False,2,102.0,114.0,calling_station
1412,j,j,max_raise,['max_raise'],"[('p1', 'max_raise'), ('p2', 'call')]",0.0,1662.0,0.0,tie,showdown,True,2,102.0,114.0,calling_station
1413,q,j,max_raise,['max_raise'],"[('p1', 'max_raise'), ('p2', 'call')]",18.0,1680.0,36.0,p1,showdown,False,2,102.0,114.0,calling_station
1414,q,q,max_raise,['max_raise'],"[('p1', 'max_raise'), ('p2', 'call')]",0.0,1680.0,0.0,tie,showdown,False,2,102.0,114.0,calling_station
1415,q,k,max_raise,['max_raise'],"[('p1', 'max_raise'), ('p2', 'call')]",-18.0,1662.0,36.0,p2,showdown,False,2,102.0,114.0,calling_station
1416,q,q,max_raise,['max_raise'],"[('p1', 'max_raise'), ('p2', 'call')]",0.0,1662.0,0.0,tie,showdown,False,2,102.0,114.0,calling_station
1417,q,k,max_raise,['max_raise'],"[('p1', 'max_raise'), ('p2', 'call')]",-18.0,1644.0,36.0,p2,showdown,False,2,102.0,114.0,calling_station
1418,j,k,max_raise,['max_raise'],"[('p1', 'max_raise'), ('p2', 'call')]",-18.0,1626.0,36.0,p2,showdown,True,2,102.0,114.0,calling_station
1419,j,j,max_raise,['max_raise'],"[('p1', 'max_raise'), ('p2', 'call')]",0.0,1626.0,0.0,tie,showdown,True,2,102.0,114.0,calling_station
1420,j,j,check,['check'],"[('p1', 'check'), ('p2', 'check')]",0.0,1626.0,0.0,tie,showdown,False,2,114.0,114.0,calling_station
1421,q,j,max_raise,['max_raise'],"[('p1', 'max_raise'), ('p2', 'call')]",18.0,1644.0,36.0,p1,showdown,False,2,102.0,114.0,calling_station
1422,q,j,max_raise,['max_raise'],"[('p1', 'max_raise'), ('p2', 'call')]",18.0,1662.0,36.0,p1,showdown,False,2,102.0,114.0,calling_station
1423,k,q,max_raise,['max_raise'],"[('p1', 'max_raise'), ('p2', 'call')]",18.0,1680.0,36.0,p1,showdown,False,2,102.0,114.0,calling_station
1424,j,j,check,['check'],"[('p1', 'check'), ('p2', 'check')]",0.0,1680.0,0.0,tie,showdown,False,2,114.0,114.0,calling_station
1425,k,k,max_raise,['max_raise'],"[('p1', 'max_raise'), ('p2', 'call')]",0.0,1680.0,0.0,tie,showdown,False,2,102.0,114.0,calling_station
1426,k,q,max_raise,['max_raise'],"[('p1', 'max_raise'), ('p2', 'call')]",18.0,1698.0,36.0,p1,showdown,False,2,102.0,114.0,calling_station
1427,q,k,max_raise,['max_raise'],"[('p1', 'max_raise'), ('p2', 'call')]",-18.0,1680.0,36.0,p2,showdown,False,2,102.0,114.0,calling_station
1428,q,k,max_raise,['max_raise'],"[('p1', 'max_raise'), ('p2', 'call')]",-18.0,1662.0,36.0,p2,showdown,False,2,102.0,114.0,calling_station
1429,q,q,max_raise,['max_raise'],"[('p1', 'max_raise'), ('p2', 'call')]",0.0,1662.0,0.0,tie,showdown,False,2,102.0,114.0,calling_station
1430,q,j,max_raise,['max_raise'],"[('p1', 'max_raise'), ('p2', 'call')]",18.0,1680.0,36.0,p1,showdown,False,2,102.0,114.0,calling_station
1431,k,k,max_raise,['max_raise'],"[('p1', 'max_raise'), ('p2', 'call')]",0.0,1680.0,0.0,tie,showdown,False,2,102.0,114.0,calling_station
1432,k,q,max_raise,['max_raise'],"[('p1', 'max_raise'), ('p2', 'call')]",18.0,1698.0,36.0,p1,showdown,False,2,102.0,114.0,calling_station
1433,j,j,check,['check'],"[('p1', 'check'), ('p2', 'check')]",0.0,1698.0,0.0,tie,showdown,False,2,114.0,114.0,calling_station
1434,k,k,max_raise,['max_raise'],"[('p1', 'max_raise'), ('p2', 'call')]",0.0,1698.0,0.0,tie,showdown,False,2,102.0,114.0,calling_station
1435,k,k,max_raise,['max_raise'],"[('p1', 'max_raise'), ('p2', 'call')]",0.0,1698.0,0.0,tie,showdown,False,2,102.0,114.0,calling_station
1436,j,k,check,['check'],"[('p1', 'check'), ('p2', 'check')]",-6.0,1692.0,12.0,p2,showdown,False,2,114.0,114.0,calling_station
1437,q,q,max_raise,['max_raise'],"[('p1', 'max_raise'), ('p2', 'call')]",0.0,1692.0,0.0,tie,showdown,False,2,102.0,114.0,calling_station
1438,q,j,max_raise,['max_raise'],"[('p1', 'max_raise'), ('p2', 'call')]",18.0,1710.0,36.0,p1,showdown,False,2,102.0,114.0,calling_station
1439,q,k,max_raise,['max_raise'],"[('p1', 'max_raise'), ('p2', 'call')]",-18.0,1692.0,36.0,p2,showdown,False,2,102.0,114.0,calling_station
1440,q,k,max_raise,['max_raise'],"[('p1', 'max_raise'), ('p2', 'call')]",-18.0,1674.0,36.0,p2,showdown,False,2,102.0,114.0,calling_station
1441,j,q,check,['check'],"[('p1', 'check'), ('p2', 'check')]",-6.0,1668.0,12.0,p2,showdown,False,2,114.0,114.0,calling_station
1442,j,q,check,['check'],"[('p1', 'check'), ('p2', 'check')]",-6.0,1662.0,12.0,p2,showdown,False,2,114.0,114.0,calling_station
1443,k,k,max_raise,['max_raise'],"[('p1', 'max_raise'), ('p2', 'call')]",0.0,1662.0,0.0,tie,showdown,False,2,102.0,114.0,calling_station
1444,q,k,max_raise,['max_raise'],"[('p1', 'max_raise'), ('p2', 'call')]",-18.0,1644.0,36.0,p2,showdown,False,2,102.0,114.0,calling_station
1445,k,q,max_raise,['max_raise'],"[('p1', 'max_raise'), ('p2', 'call')]",18.0,1662.0,36.0,p1,showdown,False,2,102.0,114.0,calling_station
1446,k,q,max_raise,['max_raise'],"[('p1', 'max_raise'), ('p2', 'call')]",18.0,1680.0,36.0,p1,showdown,False,2,102.0,114.0,calling_station
1447,q,j,max_raise,['max_raise'],"[('p1', 'max_raise'), ('p2', 'call')]",18.0,1698.0,36.0,p1,showdown,False,2,102.0,114.0,calling_station
1448,q,k,max_raise,['max_raise'],"[('p1', 'max_raise'), ('p2', 'call')]",-18.0,1680.0,36.0,p2,showdown,False,2,102.0,114.0,calling_station
1449,j,q,check,['check'],"[('p1', 'check'), ('p2', 'check')]",-6.0,1674.0,12.0,p2,showdown,False,2,114.0,114.0,calling_station
1450,q,k,max_raise,['max_raise'],"[('p1', 'max_raise'), ('p2', 'call')]",-18.0,1656.0,36.0,p2,showdown,False,2,102.0,114.0,calling_station
1451,k,k,max_raise,['max_raise'],"[('p1', 'max_raise'), ('p2', 'call')]",0.0,1656.0,0.0,tie,showdown,False,2,102.0,114.0,calling_station
1452,k,j,max_raise,['max_raise'],"[('p1', 'max_raise'), ('p2', 'call')]",18.0,1674.0,36.0,p1,showdown,False,2,102.0,114.0,calling_station
1453,q,j,max_raise,['max_raise'],"[('p1', 'max_raise'), ('p2', 'call')]",18.0,1692.0,36.0,p1,showdown,False,2,102.0,114.0,calling_station
1454,k,k,max_raise,['max_raise'],"[('p1', 'max_raise'), ('p2', 'call')]",0.0,1692.0,0.0,tie,showdown,False,2,102.0,114.0,calling_station
1455,j,k,check,['check'],"[('p1', 'check'), ('p2', 'check')]",-6.0,1686.0,12.0,p2,showdown,False,2,114.0,114.0,calling_station
1456,k,j,max_raise,['max_raise'],"[('p1', 'max_raise'), ('p2', 'call')]",18.0,1704.0,36.0,p1,showdown,False,2,102.0,114.0,calling_station
1457,q,j,max_raise,['max_raise'],"[('p1', 'max_raise'), ('p2', 'call')]",18.0,1722.0,36.0,p1,showdown,False,2,102.0,114.0,calling_station
1458,q,k,max_raise,['max_raise'],"[('p1', 'max_raise'), ('p2', 'call')]",-18.0,1704.0,36.0,p2,showdown,False,2,102.0,114.0,calling_station
1459,j,j,check,['check'],"[('p1', 'check'), ('p2', 'check')]",0.0,1704.0,0.0,tie,showdown,False,2,114.0,114.0,calling_station
1460,q,q,max_raise,['max_raise'],"[('p1', 'max_raise'), ('p2', 'call')]",0.0,1704.0,0.0,tie,showdown,False,2,102.0,114.0,calling_station
1461,j,k,check,['check'],"[('p1', 'check'), ('p2', 'check')]",-6.0,1698.0,12.0,p2,showdown,False,2,114.0,114.0,calling_station
1462,q,q,max_raise,['max_raise'],"[('p1', 'max_raise'), ('p2', 'call')]",0.0,1698.0,0.0,tie,showdown,False,2,102.0,114.0,calling_station
1463,k,j,max_raise,['max_raise'],"[('p1', 'max_raise'), ('p2', 'call')]",18.0,1716.0,36.0,p1,showdown,False,2,102.0,114.0,calling_station
1464,k,q,max_raise,['max_raise'],"[('p1', 'max_raise'), ('p2', 'call')]",18.0,1734.0,36.0,p1,showdown,False,2,102.0,114.0,calling_station
1465,k,j,max_raise,['max_raise'],"[('p1', 'max_raise'), ('p2', 'call')]",18.0,1752.0,36.0,p1,showdown,False,2,102.0,114.0,calling_station
1466,j,j,check,['check'],"[('p1', 'check'), ('p2', 'check')]",0.0,1752.0,0.0,tie,showdown,False,2,114.0,114.0,calling_station
1467,q,k,max_raise,['max_raise'],"[('p1', 'max_raise'), ('p2', 'call')]",-18.0,1734.0,36.0,p2,showdown,False,2,102.0,114.0,calling_station
1468,q,j,max_raise,['max_raise'],"[('p1', 'max_raise'), ('p2', 'call')]",18.0,1752.0,36.0,p1,showdown,False,2,102.0,114.0,calling_station
1469,q,q,max_raise,['max_raise'],"[('p1', 'max_raise'), ('p2', 'call')]",0.0,1752.0,0.0,tie,showdown,False,2,102.0,114.0,calling_station
1470,k,q,max_raise,['max_raise'],"[('p1', 'max_raise'), ('p2', 'call')]",18.0,1770.0,36.0,p1,showdown,False,2,102.0,114.0,calling_station
1471,k,j,max_raise,['max_raise'],"[('p1', 'max_raise'), ('p2', 'call')]",18.0,1788.0,36.0,p1,showdown,False,2,102.0,114.0,calling_station
1472,q,q,max_raise,['max_raise'],"[('p1', 'max_raise'), ('p2', 'call')]",0.0,1788.0,0.0,tie,showdown,False,2,102.0,114.0,calling_station
1473,j,q,check,['check'],"[('p1', 'check'), ('p2', 'check')]",-6.0,1782.0,12.0,p2,showdown,False,2,114.0,114.0,calling_station
1474,k,q,max_raise,['max_raise'],"[('p1', 'max_raise'), ('p2', 'call')]",18.0,1800.0,36.0,p1,showdown,False,2,102.0,114.0,calling_station
1475,q,j,max_raise,['max_raise'],"[('p1', 'max_raise'), ('p2', 'call')]",18.0,1818.0,36.0,p1,showdown,False,2,102.0,114.0,calling_station
1476,j,k,check,['check'],"[('p1', 'check'), ('p2', 'check')]",-6.0,1812.0,12.0,p2,showdown,False,2,114.0,114.0,calling_station
1477,q,j,max_raise,['max_raise'],"[('p1', 'max_raise'), ('p2', 'call')]",18.0,1830.0,36.0,p1,showdown,False,2,102.0,114.0,calling_station
1478,q,k,max_raise,['max_raise'],"[('p1', 'max_raise'), ('p2', 'call')]",-18.0,1812.0,36.0,p2,showdown,False,2,102.0,114.0,calling_station
1479,q,k,max_raise,['max_raise'],"[('p1', 'max_raise'), ('p2', 'call')]",-18.0,1794.0,36.0,p2,showdown,False,2,102.0,114.0,calling_station
1480,k,k,max_raise,['max_raise'],"[('p1', 'max_raise'), ('p2', 'call')]",0.0,1794.0,0.0,tie,showdown,False,2,102.0,114.0,calling_station
1481,k,j,max_raise,['max_raise'],"[('p1', 'max_raise'), ('p2', 'call')]",18.0,1812.0,36.0,p1,showdown,False,2,102.0,114.0,calling_station
1482,j,k,check,['check'],"[('p1', 'check'), ('p2', 'check')]",-6.0,1806.0,12.0,p2,showdown,False,2,114.0,114.0,calling_station
1483,k,q,max_raise,['max_raise'],"[('p1', 'max_raise'), ('p2', 'call')]",18.0,1824.0,36.0,p1,showdown,False,2,102.0,114.0,calling_station
1484,q,j,max_raise,['max_raise'],"[('p1', 'max_raise'), ('p2', 'call')]",18.0,1842.0,36.0,p1,showdown,False,2,102.0,114.0,calling_station
1485,k,j,max_raise,['max_raise'],"[('p1', 'max_raise'), ('p2', 'call')]",18.0,1860.0,36.0,p1,showdown,False,2,102.0,114.0,calling_station
1486,k,j,max_raise,['max_raise'],"[('p1', 'max_raise'), ('p2', 'call')]",18.0,1878.0,36.0,p1,showdown,False,2,102.0,114.0,calling_station
1487,q,j,max_raise,['max_raise'],"[('p1', 'max_raise'), ('p2', 'call')]",18.0,1896.0,36.0,p1,showdown,False,2,102.0,114.0,calling_station
1488,j,k,check,['check'],"[('p1', 'check'), ('p2', 'check')]",-6.0,1890.0,12.0,p2,showdown,False,2,114.0,114.0,calling_station
1489,j,q,check,['check'],"[('p1', 'check'), ('p2', 'check')]",-6.0,1884.0,12.0,p2,showdown,False,2,114.0,114.0,calling_station
1490,q,k,max_raise,['max_raise'],"[('p1', 'max_raise'), ('p2', 'call')]",-18.0,1866.0,36.0,p2,showdown,False,2,102.0,114.0,calling_station
1491,k,q,max_raise,['max_raise'],"[('p1', 'max_raise'), ('p2', 'call')]",18.0,1884.0,36.0,p1,showdown,False,2,102.0,114.0,calling_station
1492,q,q,max_raise,['max_raise'],"[('p1', 'max_raise'), ('p2', 'call')]",0.0,1884.0,0.0,tie,showdown,False,2,102.0,114.0,calling_station
1493,j,j,check,['check'],"[('p1', 'check'), ('p2', 'check')]",0.0,1884.0,0.0,tie,showdown,False,2,114.0,114.0,calling_station
1494,j,j,check,['check'],"[('p1', 'check'), ('p2', 'check')]",0.0,1884.0,0.0,tie,showdown,False,2,114.0,114.0,calling_station
1495,j,k,check,['check'],"[('p1', 'check'), ('p2', 'check')]",-6.0,1878.0,12.0,p2,showdown,False,2,114.0,114.0,calling_station
1496,k,q,max_raise,['max_raise'],"[('p1', 'max_raise'), ('p2', 'call')]",18.0,1896.0,36.0,p1,showdown,False,2,102.0,114.0,calling_station
1497,j,q,check,['check'],"[('p1', 'check'), ('p2', 'check')]",-6.0,1890.0,12.0,p2,showdown,False,2,114.0,114.0,calling_station
1498,q,k,max_raise,['max_raise'],"[('p1', 'max_raise'), ('p2', 'call')]",-18.0,1872.0,36.0,p2,showdown,False,2,102.0,114.0,calling_station
1499,j,k,check,['check'],"[('p1', 'check'), ('p2', 'check')]",-6.0,1866.0,12.0,p2,showdown,False,2,114.0,114.0,calling_station
1500,j,j,check,['check'],"[('p1', 'check'), ('p2', 'check')]",0.0,1866.0,0.0,tie,showdown,False,2,114.0,114.0,calling_station
1501,j,j,check,['check'],"[('p1', 'check'), ('p2', 'check')]",0.0,1866.0,0.0,tie,showdown,False,2,114.0,114.0,calling_station
1502,q,q,max_raise,['max_raise'],"[('p1', 'max_raise'), ('p2', 'call')]",0.0,1866.0,0.0,tie,showdown,False,2,102.0,114.0,calling_station
1503,j,j,check,['check'],"[('p1', 'check'), ('p2', 'check')]",0.0,1866.0,0.0,tie,showdown,False,2,114.0,114.0,calling_station
1504,k,q,max_raise,['max_raise'],"[('p1', 'max_raise'), ('p2', 'call')]",18.0,1884.0,36.0,p1,showdown,False,2,102.0,114.0,calling_station
1505,k,q,max_raise,['max_raise'],"[('p1', 'max_raise'), ('p2', 'call')]",18.0,1902.0,36.0,p1,showdown,False,2,102.0,114.0,calling_station
1506,q,k,max_raise,['max_raise'],"[('p1', 'max_raise'), ('p2', 'call')]",-18.0,1884.0,36.0,p2,showdown,False,2,102.0,114.0,calling_station
1507,q,q,max_raise,['max_raise'],"[('p1', 'max_raise'), ('p2', 'call')]",0.0,1884.0,0.0,tie,showdown,False,2,102.0,114.0,calling_station
1508,q,k,max_raise,['max_raise'],"[('p1', 'max_raise'), ('p2', 'call')]",-18.0,1866.0,36.0,p2,showdown,False,2,102.0,114.0,calling_station
1509,q,k,max_raise,['max_raise'],"[('p1', 'max_raise'), ('p2', 'call')]",-18.0,1848.0,36.0,p2,showdown,False,2,102.0,114.0,calling_station
1510,j,k,check,['check'],"[('p1', 'check'), ('p2', 'check')]",-6.0,1842.0,12.0,p2,showdown,False,2,114.0,114.0,calling_station
1511,j,q,check,['check'],"[('p1', 'check'), ('p2', 'check')]",-6.0,1836.0,12.0,p2,showdown,False,2,114.0,114.0,calling_station
1512,j,j,check,['check'],"[('p1', 'check'), ('p2', 'check')]",0.0,1836.0,0.0,tie,showdown,False,2,114.0,114.0,calling_station
1513,k,j,max_raise,['max_raise'],"[('p1', 'max_raise'), ('p2', 'call')]",18.0,1854.0,36.0,p1,showdown,False,2,102.0,114.0,calling_station
1514,q,j,max_raise,['max_raise'],"[('p1', 'max_raise'), ('p2', 'call')]",18.0,1872.0,36.0,p1,showdown,False,2,102.0,114.0,calling_station
1515,j,k,check,['check'],"[('p1', 'check'), ('p2', 'check')]",-6.0,1866.0,12.0,p2,showdown,False,2,114.0,114.0,calling_station
1516,j,k,check,['check'],"[('p1', 'check'), ('p2', 'check')]",-6.0,1860.0,12.0,p2,showdown,False,2,114.0,114.0,calling_station
1517,q,q,max_raise,['max_raise'],"[('p1', 'max_raise'), ('p2', 'call')]",0.0,1860.0,0.0,tie,showdown,False,2,102.0,114.0,calling_station
1518,k,q,max_raise,['max_raise'],"[('p1', 'max_raise'), ('p2', 'call')]",18.0,1878.0,36.0,p1,showdown,False,2,102.0,114.0,calling_station
1519,k,j,max_raise,['max_raise'],"[('p1', 'max_raise'), ('p2', 'call')]",18.0,1896.0,36.0,p1,showdown,False,2,102.0,114.0,calling_station
1520,q,j,max_raise,['max_raise'],"[('p1', 'max_raise'), ('p2', 'call')]",18.0,1914.0,36.0,p1,showdown,False,2,102.0,114.0,calling_station
1521,k,q,max_raise,['max_raise'],"[('p1', 'max_raise'), ('p2', 'call')]",18.0,1932.0,36.0,p1,showdown,False,2,102.0,114.0,calling_station
1522,k,q,max_raise,['max_raise'],"[('p1', 'max_raise'), ('p2', 'call')]",18.0,1950.0,36.0,p1,showdown,False,2,102.0,114.0,calling_station
1523,j,j,check,['check'],"[('p1', 'check'), ('p2', 'check')]",0.0,1950.0,0.0,tie,showdown,False,2,114.0,114.0,calling_station
1524,k,q,max_raise,['max_raise'],"[('p1', 'max_raise'), ('p2', 'call')]",18.0,1968.0,36.0,p1,showdown,False,2,102.0,114.0,calling_station
1525,j,j,check,['check'],"[('p1', 'check'), ('p2', 'check')]",0.0,1968.0,0.0,tie,showdown,False,2,114.0,114.0,calling_station
1526,q,k,max_raise,['max_raise'],"[('p1', 'max_raise'), ('p2', 'call')]",-18.0,1950.0,36.0,p2,showdown,False,2,102.0,114.0,calling_station
1527,k,k,max_raise,['max_raise'],"[('p1', 'max_raise'), ('p2', 'call')]",0.0,1950.0,0.0,tie,showdown,False,2,102.0,114.0,calling_station
1528,q,j,max_raise,['max_raise'],"[('p1', 'max_raise'), ('p2', 'call')]",18.0,1968.0,36.0,p1,showdown,False,2,102.0,114.0,calling_station
1529,k,k,max_raise,['max_raise'],"[('p1', 'max_raise'), ('p2', 'call')]",0.0,1968.0,0.0,tie,showdown,False,2,102.0,114.0,calling_station
1530,k,q,max_raise,['max_raise'],"[('p1', 'max_raise'), ('p2', 'call')]",18.0,1986.0,36.0,p1,showdown,False,2,102.0,114.0,calling_station
1531,k,j,max_raise,['max_raise'],"[('p1', 'max_raise'), ('p2', 'call')]",18.0,2004.0,36.0,p1,showdown,False,2,102.0,114.0,calling_station
1532,k,k,max_raise,['max_raise'],"[('p1', 'max_raise'), ('p2', 'call')]",0.0,2004.0,0.0,tie,showdown,False,2,102.0,114.0,calling_station
1533,k,k,max_raise,['max_raise'],"[('p1', 'max_raise'), ('p2', 'call')]",0.0,2004.0,0.0,tie,showdown,False,2,102.0,114.0,calling_station
1534,k,q,max_raise,['max_raise'],"[('p1', 'max_raise'), ('p2', 'call')]",18.0,2022.0,36.0,p1,showdown,False,2,102.0,114.0,calling_station
1535,q,j,max_raise,['max_raise'],"[('p1', 'max_raise'), ('p2', 'call')]",18.0,2040.0,36.0,p1,showdown,False,2,102.0,114.0,calling_station
1536,q,k,max_raise,['max_raise'],"[('p1', 'max_raise'), ('p2', 'call')]",-18.0,2022.0,36.0,p2,showdown,False,2,102.0,114.0,calling_station
1537,q,k,max_raise,['max_raise'],"[('p1', 'max_raise'), ('p2', 'call')]",-18.0,2004.0,36.0,p2,showdown,False,2,102.0,114.0,calling_station
1538,q,q,max_raise,['max_raise'],"[('p1', 'max_raise'), ('p2', 'call')]",0.0,2004.0,0.0,tie,showdown,False,2,102.0,114.0,calling_station
1539,q,k,max_raise,['max_raise'],"[('p1', 'max_raise'), ('p2', 'call')]",-18.0,1986.0,36.0,p2,showdown,False,2,102.0,114.0,calling_station
1540,q,q,max_raise,['max_raise'],"[('p1', 'max_raise'), ('p2', 'call')]",0.0,1986.0,0.0,tie,showdown,False,2,102.0,114.0,calling_station
1541,j,k,check,['check'],"[('p1', 'check'), ('p2', 'check')]",-6.0,1980.0,12.0,p2,showdown,False,2,114.0,114.0,calling_station
1542,k,j,max_raise,['max_raise'],"[('p1', 'max_raise'), ('p2', 'call')]",18.0,1998.0,36.0,p1,showdown,False,2,102.0,114.0,calling_station
1543,j,k,check,['check'],"[('p1', 'check'), ('p2', 'check')]",-6.0,1992.0,12.0,p2,showdown,False,2,114.0,114.0,calling_station
1544,q,q,max_raise,['max_raise'],"[('p1', 'max_raise'), ('p2', 'call')]",0.0,1992.0,0.0,tie,showdown,False,2,102.0,114.0,calling_station
1545,k,j,max_raise,['max_raise'],"[('p1', 'max_raise'), ('p2', 'call')]",18.0,2010.0,36.0,p1,showdown,False,2,102.0,114.0,calling_station
1546,q,j,max_raise,['max_raise'],"[('p1', 'max_raise'), ('p2', 'call')]",18.0,2028.0,36.0,p1,showdown,False,2,102.0,114.0,calling_station
1547,j,j,check,['check'],"[('p1', 'check'), ('p2', 'check')]",0.0,2028.0,0.0,tie,showdown,False,2,114.0,114.0,calling_station
1548,k,q,max_raise,['max_raise'],"[('p1', 'max_raise'), ('p2', 'call')]",18.0,2046.0,36.0,p1,showdown,False,2,102.0,114.0,calling_station
1549,k,j,max_raise,['max_raise'],"[('p1', 'max_raise'), ('p2', 'call')]",18.0,2064.0,36.0,p1,showdown,False,2,102.0,114.0,calling_station
1550,k,q,max_raise,['max_raise'],"[('p1', 'max_raise'), ('p2', 'call')]",18.0,2082.0,36.0,p1,showdown,False,2,102.0,114.0,calling_station
1551,k,q,max_raise,['max_raise'],"[('p1', 'max_raise'), ('p2', 'call')]",18.0,2100.0,36.0,p1,showdown,False,2,102.0,114.0,calling_station
1552,j,q,check,['check'],"[('p1', 'check'), ('p2', 'check')]",-6.0,2094.0,12.0,p2,showdown,False,2,114.0,114.0,calling_station
1553,q,j,max_raise,['max_raise'],"[('p1', 'max_raise'), ('p2', 'call')]",18.0,2112.0,36.0,p1,showdown,False,2,102.0,114.0,calling_station
1554,q,q,max_raise,['max_raise'],"[('p1', 'max_raise'), ('p2', 'call')]",0.0,2112.0,0.0,tie,showdown,False,2,102.0,114.0,calling_station
1555,q,j,max_raise,['max_raise'],"[('p1', 'max_raise'), ('p2', 'call')]",18.0,2130.0,36.0,p1,showdown,False,2,102.0,114.0,calling_station
1556,q,q,max_raise,['max_raise'],"[('p1', 'max_raise'), ('p2', 'call')]",0.0,2130.0,0.0,tie,showdown,False,2,102.0,114.0,calling_station
1557,q,q,max_raise,['max_raise'],"[('p1', 'max_raise'), ('p2', 'call')]",0.0,2130.0,0.0,tie,showdown,False,2,102.0,114.0,calling_station
1558,j,k,check,['check'],"[('p1', 'check'), ('p2', 'check')]",-6.0,2124.0,12.0,p2,showdown,False,2,114.0,114.0,calling_station
1559,q,k,max_raise,['max_raise'],"[('p1', 'max_raise'), ('p2', 'call')]",-18.0,2106.0,36.0,p2,showdown,False,2,102.0,114.0,calling_station
1560,j,q,check,['check'],"[('p1', 'check'), ('p2', 'check')]",-6.0,2100.0,12.0,p2,showdown,False,2,114.0,114.0,calling_station
1561,j,q,check,['check'],"[('p1', 'check'), ('p2', 'check')]",-6.0,2094.0,12.0,p2,showdown,False,2,114.0,114.0,calling_station
1562,q,k,max_raise,['max_raise'],"[('p1', 'max_raise'), ('p2', 'call')]",-18.0,2076.0,36.0,p2,showdown,False,2,102.0,114.0,calling_station
1563,q,q,max_raise,['max_raise'],"[('p1', 'max_raise'), ('p2', 'call')]",0.0,2076.0,0.0,tie,showdown,False,2,102.0,114.0,calling_station
1564,q,k,max_raise,['max_raise'],"[('p1', 'max_raise'), ('p2', 'call')]",-18.0,2058.0,36.0,p2,showdown,False,2,102.0,114.0,calling_station
1565,k,k,max_raise,['max_raise'],"[('p1', 'max_raise'), ('p2', 'call')]",0.0,2058.0,0.0,tie,showdown,False,2,102.0,114.0,calling_station
1566,q,j,max_raise,['max_raise'],"[('p1', 'max_raise'), ('p2', 'call')]",18.0,2076.0,36.0,p1,showdown,False,2,102.0,114.0,calling_station
1567,j,j,check,['check'],"[('p1', 'check'), ('p2', 'check')]",0.0,2076.0,0.0,tie,showdown,False,2,114.0,114.0,calling_station
1568,j,k,check,['check'],"[('p1', 'check'), ('p2', 'check')]",-6.0,2070.0,12.0,p2,showdown,False,2,114.0,114.0,calling_station
1569,k,k,max_raise,['max_raise'],"[('p1', 'max_raise'), ('p2', 'call')]",0.0,2070.0,0.0,tie,showdown,False,2,102.0,114.0,calling_station
1570,k,k,max_raise,['max_raise'],"[('p1', 'max_raise'), ('p2', 'call')]",0.0,2070.0,0.0,tie,showdown,False,2,102.0,114.0,calling_station
1571,q,k,max_raise,['max_raise'],"[('p1', 'max_raise'), ('p2', 'call')]",-18.0,2052.0,36.0,p2,showdown,False,2,102.0,114.0,calling_station
1572,k,k,max_raise,['max_raise'],"[('p1', 'max_raise'), ('p2', 'call')]",0.0,2052.0,0.0,tie,showdown,False,2,102.0,114.0,calling_station
1573,q,q,max_raise,['max_raise'],"[('p1', 'max_raise'), ('p2', 'call')]",0.0,2052.0,0.0,tie,showdown,False,2,102.0,114.0,calling_station
1574,q,k,max_raise,['max_raise'],"[('p1', 'max_raise'), ('p2', 'call')]",-18.0,2034.0,36.0,p2,showdown,False,2,102.0,114.0,calling_station
1575,j,q,check,['check'],"[('p1', 'check'), ('p2', 'check')]",-6.0,2028.0,12.0,p2,showdown,False,2,114.0,114.0,calling_station
1576,j,q,check,['check'],"[('p1', 'check'), ('p2', 'check')]",-6.0,2022.0,12.0,p2,showdown,False,2,114.0,114.0,calling_station
1577,q,k,max_raise,['max_raise'],"[('p1', 'max_raise'), ('p2', 'call')]",-18.0,2004.0,36.0,p2,showdown,False,2,102.0,114.0,calling_station
1578,k,j,max_raise,['max_raise'],"[('p1', 'max_raise'), ('p2', 'call')]",18.0,2022.0,36.0,p1,showdown,False,2,102.0,114.0,calling_station
1579,q,k,max_raise,['max_raise'],"[('p1', 'max_raise'), ('p2', 'call')]",-18.0,2004.0,36.0,p2,showdown,False,2,102.0,114.0,calling_station
1580,j,q,check,['check'],"[('p1', 'check'), ('p2', 'check')]",-6.0,1998.0,12.0,p2,showdown,False,2,114.0,114.0,calling_station
1581,q,j,max_raise,['max_raise'],"[('p1', 'max_raise'), ('p2', 'call')]",18.0,2016.0,36.0,p1,showdown,False,2,102.0,114.0,calling_station
1582,q,q,max_raise,['max_raise'],"[('p1', 'max_raise'), ('p2', 'call')]",0.0,2016.0,0.0,tie,showdown,False,2,102.0,114.0,calling_station
1583,q,k,max_raise,['max_raise'],"[('p1', 'max_raise'), ('p2', 'call')]",-18.0,1998.0,36.0,p2,showdown,False,2,102.0,114.0,calling_station
1584,q,k,max_raise,['max_raise'],"[('p1', 'max_raise'), ('p2', 'call')]",-18.0,1980.0,36.0,p2,showdown,False,2,102.0,114.0,calling_station
1585,q,q,max_raise,['max_raise'],"[('p1', 'max_raise'), ('p2', 'call')]",0.0,1980.0,0.0,tie,showdown,False,2,102.0,114.0,calling_station
1586,k,j,max_raise,['max_raise'],"[('p1', 'max_raise'), ('p2', 'call')]",18.0,1998.0,36.0,p1,showdown,False,2,102.0,114.0,calling_station
1587,k,j,max_raise,['max_raise'],"[('p1', 'max_raise'), ('p2', 'call')]",18.0,2016.0,36.0,p1,showdown,False,2,102.0,114.0,calling_station
1588,q,q,max_raise,['max_raise'],"[('p1', 'max_raise'), ('p2', 'call')]",0.0,2016.0,0.0,tie,showdown,False,2,102.0,114.0,calling_station
1589,q,q,max_raise,['max_raise'],"[('p1', 'max_raise'), ('p2', 'call')]",0.0,2016.0,0.0,tie,showdown,False,2,102.0,114.0,calling_station
1590,q,k,max_raise,['max_raise'],"[('p1', 'max_raise'), ('p2', 'call')]",-18.0,1998.0,36.0,p2,showdown,False,2,102.0,114.0,calling_station
1591,k,j,max_raise,['max_raise'],"[('p1', 'max_raise'), ('p2', 'call')]",18.0,2016.0,36.0,p1,showdown,False,2,102.0,114.0,calling_station
1592,q,q,max_raise,['max_raise'],"[('p1', 'max_raise'), ('p2', 'call')]",0.0,2016.0,0.0,tie,showdown,False,2,102.0,114.0,calling_station
1593,q,k,max_raise,['max_raise'],"[('p1', 'max_raise'), ('p2', 'call')]",-18.0,1998.0,36.0,p2,showdown,False,2,102.0,114.0,calling_station
1594,q,k,max_raise,['max_raise'],"[('p1', 'max_raise'), ('p2', 'call')]",-18.0,1980.0,36.0,p2,showdown,False,2,102.0,114.0,calling_station
1595,q,j,max_raise,['max_raise'],"[('p1', 'max_raise'), ('p2', 'call')]",18.0,1998.0,36.0,p1,showdown,False,2,102.0,114.0,calling_station
1596,j,j,check,['check'],"[('p1', 'check'), ('p2', 'check')]",0.0,1998.0,0.0,tie,showdown,False,2,114.0,114.0,calling_station
1597,q,k,max_raise,['max_raise'],"[('p1', 'max_raise'), ('p2', 'call')]",-18.0,1980.0,36.0,p2,showdown,False,2,102.0,114.0,calling_station
1598,q,k,max_raise,['max_raise'],"[('p1', 'max_raise'), ('p2', 'call')]",-18.0,1962.0,36.0,p2,showdown,False,2,102.0,114.0,calling_station
1599,k,j,max_raise,['max_raise'],"[('p1', 'max_raise'), ('p2', 'call')]",18.0,1980.0,36.0,p1,showdown,False,2,102.0,114.0,calling_station
1600,k,k,max_raise,['max_raise'],"[('p1', 'max_raise'), ('p2', 'call')]",0.0,1980.0,0.0,tie,showdown,False,2,102.0,114.0,calling_station
1601,k,k,max_raise,['max_raise'],"[('p1', 'max_raise'), ('p2', 'call')]",0.0,1980.0,0.0,tie,showdown,False,2,102.0,114.0,calling_station
1602,k,k,max_raise,['max_raise'],"[('p1', 'max_raise'), ('p2', 'call')]",0.0,1980.0,0.0,tie,showdown,False,2,102.0,114.0,calling_station
1603,q,j,max_raise,['max_raise'],"[('p1', 'max_raise'), ('p2', 'call')]",18.0,1998.0,36.0,p1,showdown,False,2,102.0,114.0,calling_station
1604,q,k,max_raise,['max_raise'],"[('p1', 'max_raise'), ('p2', 'call')]",-18.0,1980.0,36.0,p2,showdown,False,2,102.0,114.0,calling_station
1605,q,k,max_raise,['max_raise'],"[('p1', 'max_raise'), ('p2', 'call')]",-18.0,1962.0,36.0,p2,showdown,False,2,102.0,114.0,calling_station
1606,k,k,max_raise,['max_raise'],"[('p1', 'max_raise'), ('p2', 'call')]",0.0,1962.0,0.0,tie,showdown,False,2,102.0,114.0,calling_station
1607,j,j,check,['check'],"[('p1', 'check'), ('p2', 'check')]",0.0,1962.0,0.0,tie,showdown,False,2,114.0,114.0,calling_station
1608,j,q,check,['check'],"[('p1', 'check'), ('p2', 'check')]",-6.0,1956.0,12.0,p2,showdown,False,2,114.0,114.0,calling_station
1609,q,j,max_raise,['max_raise'],"[('p1', 'max_raise'), ('p2', 'call')]",18.0,1974.0,36.0,p1,showdown,False,2,102.0,114.0,calling_station
1610,q,q,max_raise,['max_raise'],"[('p1', 'max_raise'), ('p2', 'call')]",0.0,1974.0,0.0,tie,showdown,False,2,102.0,114.0,calling_station
1611,j,k,check,['check'],"[('p1', 'check'), ('p2', 'check')]",-6.0,1968.0,12.0,p2,showdown,False,2,114.0,114.0,calling_station
1612,k,k,max_raise,['max_raise'],"[('p1', 'max_raise'), ('p2', 'call')]",0.0,1968.0,0.0,tie,showdown,False,2,102.0,114.0,calling_station
1613,j,q,check,['check'],"[('p1', 'check'), ('p2', 'check')]",-6.0,1962.0,12.0,p2,showdown,False,2,114.0,114.0,calling_station
1614,j,q,check,['check'],"[('p1', 'check'), ('p2', 'check')]",-6.0,1956.0,12.0,p2,showdown,False,2,114.0,114.0,calling_station
1615,q,j,max_raise,['max_raise'],"[('p1', 'max_raise'), ('p2', 'call')]",18.0,1974.0,36.0,p1,showdown,False,2,102.0,114.0,calling_station
1616,q,q,max_raise,['max_raise'],"[('p1', 'max_raise'), ('p2', 'call')]",0.0,1974.0,0.0,tie,showdown,False,2,102.0,114.0,calling_station
1617,j,k,check,['check'],"[('p1', 'check'), ('p2', 'check')]",-6.0,1968.0,12.0,p2,showdown,False,2,114.0,114.0,calling_station
1618,j,k,check,['check'],"[('p1', 'check'), ('p2', 'check')]",-6.0,1962.0,12.0,p2,showdown,False,2,114.0,114.0,calling_station
1619,j,k,check,['check'],"[('p1', 'check'), ('p2', 'check')]",-6.0,1956.0,12.0,p2,showdown,False,2,114.0,114.0,calling_station
1620,q,k,max_raise,['max_raise'],"[('p1', 'max_raise'), ('p2', 'call')]",-18.0,1938.0,36.0,p2,showdown,False,2,102.0,114.0,calling_station
1621,j,q,check,['check'],"[('p1', 'check'), ('p2', 'check')]",-6.0,1932.0,12.0,p2,showdown,False,2,114.0,114.0,calling_station
1622,q,q,max_raise,['max_raise'],"[('p1', 'max_raise'), ('p2', 'call')]",0.0,1932.0,0.0,tie,showdown,False,2,102.0,114.0,calling_station
1623,q,q,max_raise,['max_raise'],"[('p1', 'max_raise'), ('p2', 'call')]",0.0,1932.0,0.0,tie,showdown,False,2,102.0,114.0,calling_station
1624,j,j,check,['check'],"[('p1', 'check'), ('p2', 'check')]",0.0,1932.0,0.0,tie,showdown,False,2,114.0,114.0,calling_station
1625,j,q,check,['check'],"[('p1', 'check'), ('p2', 'check')]",-6.0,1926.0,12.0,p2,showdown,False,2,114.0,114.0,calling_station
1626,q,q,max_raise,['max_raise'],"[('p1', 'max_raise'), ('p2', 'call')]",0.0,1926.0,0.0,tie,showdown,False,2,102.0,114.0,calling_station
1627,j,j,check,['check'],"[('p1', 'check'), ('p2', 'check')]",0.0,1926.0,0.0,tie,showdown,False,2,114.0,114.0,calling_station
1628,j,j,check,['check'],"[('p1', 'check'), ('p2', 'check')]",0.0,1926.0,0.0,tie,showdown,False,2,114.0,114.0,calling_station
1629,k,j,max_raise,['max_raise'],"[('p1', 'max_raise'), ('p2', 'call')]",18.0,1944.0,36.0,p1,showdown,False,2,102.0,114.0,calling_station
1630,k,q,max_raise,['max_raise'],"[('p1', 'max_raise'), ('p2', 'call')]",18.0,1962.0,36.0,p1,showdown,False,2,102.0,114.0,calling_station
1631,j,k,check,['check'],"[('p1', 'check'), ('p2', 'check')]",-6.0,1956.0,12.0,p2,showdown,False,2,114.0,114.0,calling_station
1632,k,j,max_raise,['max_raise'],"[('p1', 'max_raise'), ('p2', 'call')]",18.0,1974.0,36.0,p1,showdown,False,2,102.0,114.0,calling_station
1633,k,k,max_raise,['max_raise'],"[('p1', 'max_raise'), ('p2', 'call')]",0.0,1974.0,0.0,tie,showdown,False,2,102.0,114.0,calling_station
1634,j,q,check,['check'],"[('p1', 'check'), ('p2', 'check')]",-6.0,1968.0,12.0,p2,showdown,False,2,114.0,114.0,calling_station
1635,q,q,max_raise,['max_raise'],"[('p1', 'max_raise'), ('p2', 'call')]",0.0,1968.0,0.0,tie,showdown,False,2,102.0,114.0,calling_station
1636,j,k,check,['check'],"[('p1', 'check'), ('p2', 'check')]",-6.0,1962.0,12.0,p2,showdown,False,2,114.0,114.0,calling_station
1637,q,k,max_raise,['max_raise'],"[('p1', 'max_raise'), ('p2', 'call')]",-18.0,1944.0,36.0,p2,showdown,False,2,102.0,114.0,calling_station
1638,j,q,check,['check'],"[('p1', 'check'), ('p2', 'check')]",-6.0,1938.0,12.0,p2,showdown,False,2,114.0,114.0,calling_station
1639,j,k,check,['check'],"[('p1', 'check'), ('p2', 'check')]",-6.0,1932.0,12.0,p2,showdown,False,2,114.0,114.0,calling_station
1640,q,j,max_raise,['max_raise'],"[('p1', 'max_raise'), ('p2', 'call')]",18.0,1950.0,36.0,p1,showdown,False,2,102.0,114.0,calling_station
1641,q,j,max_raise,['max_raise'],"[('p1', 'max_raise'), ('p2', 'call')]",18.0,1968.0,36.0,p1,showdown,False,2,102.0,114.0,calling_station
1642,k,j,max_raise,['max_raise'],"[('p1', 'max_raise'), ('p2', 'call')]",18.0,1986.0,36.0,p1,showdown,False,2,102.0,114.0,calling_station
1643,k,k,max_raise,['max_raise'],"[('p1', 'max_raise'), ('p2', 'call')]",0.0,1986.0,0.0,tie,showdown,False,2,102.0,114.0,calling_station
1644,q,j,max_raise,['max_raise'],"[('p1', 'max_raise'), ('p2', 'call')]",18.0,2004.0,36.0,p1,showdown,False,2,102.0,114.0,calling_station
1645,j,q,check,['check'],"[('p1', 'check'), ('p2', 'check')]",-6.0,1998.0,12.0,p2,showdown,False,2,114.0,114.0,calling_station
1646,k,j,max_raise,['max_raise'],"[('p1', 'max_raise'), ('p2', 'call')]",18.0,2016.0,36.0,p1,showdown,False,2,102.0,114.0,calling_station
1647,j,q,check,['check'],"[('p1', 'check'), ('p2', 'check')]",-6.0,2010.0,12.0,p2,showdown,False,2,114.0,114.0,calling_station
1648,q,k,max_raise,['max_raise'],"[('p1', 'max_raise'), ('p2', 'call')]",-18.0,1992.0,36.0,p2,showdown,False,2,102.0,114.0,calling_station
1649,k,q,max_raise,['max_raise'],"[('p1', 'max_raise'), ('p2', 'call')]",18.0,2010.0,36.0,p1,showdown,False,2,102.0,114.0,calling_station
1650,j,q,check,['check'],"[('p1', 'check'), ('p2', 'check')]",-6.0,2004.0,12.0,p2,showdown,False,2,114.0,114.0,calling_station
1651,k,j,max_raise,['max_raise'],"[('p1', 'max_raise'), ('p2', 'call')]",18.0,2022.0,36.0,p1,showdown,False,2,102.0,114.0,calling_station
1652,j,k,check,['check'],"[('p1', 'check'), ('p2', 'check')]",-6.0,2016.0,12.0,p2,showdown,False,2,114.0,114.0,calling_station
1653,k,k,max_raise,['max_raise'],"[('p1', 'max_raise'), ('p2', 'call')]",0.0,2016.0,0.0,tie,showdown,False,2,102.0,114.0,calling_station
1654,j,q,check,['check'],"[('p1', 'check'), ('p2', 'check')]",-6.0,2010.0,12.0,p2,showdown,False,2,114.0,114.0,calling_station
1655,k,q,max_raise,['max_raise'],"[('p1', 'max_raise'), ('p2', 'call')]",18.0,2028.0,36.0,p1,showdown,False,2,102.0,114.0,calling_station
1656,k,q,max_raise,['max_raise'],"[('p1', 'max_raise'), ('p2', 'call')]",18.0,2046.0,36.0,p1,showdown,False,2,102.0,114.0,calling_station
1657,q,j,max_raise,['max_raise'],"[('p1', 'max_raise'), ('p2', 'call')]",18.0,2064.0,36.0,p1,showdown,False,2,102.0,114.0,calling_station
1658,k,q,max_raise,['max_raise'],"[('p1', 'max_raise'), ('p2', 'call')]",18.0,2082.0,36.0,p1,showdown,False,2,102.0,114.0,calling_station
1659,j,q,check,['check'],"[('p1', 'check'), ('p2', 'check')]",-6.0,2076.0,12.0,p2,showdown,False,2,114.0,114.0,calling_station
1660,k,q,max_raise,['max_raise'],"[('p1', 'max_raise'), ('p2', 'call')]",18.0,2094.0,36.0,p1,showdown,False,2,102.0,114.0,calling_station
1661,q,q,max_raise,['max_raise'],"[('p1', 'max_raise'), ('p2', 'call')]",0.0,2094.0,0.0,tie,showdown,False,2,102.0,114.0,calling_station
1662,q,k,max_raise,['max_raise'],"[('p1', 'max_raise'), ('p2', 'call')]",-18.0,2076.0,36.0,p2,showdown,False,2,102.0,114.0,calling_station
1663,q,j,max_raise,['max_raise'],"[('p1', 'max_raise'), ('p2', 'call')]",18.0,2094.0,36.0,p1,showdown,False,2,102.0,114.0,calling_station
1664,j,j,check,['check'],"[('p1', 'check'), ('p2', 'check')]",0.0,2094.0,0.0,tie,showdown,False,2,114.0,114.0,calling_station
1665,q,q,max_raise,['max_raise'],"[('p1', 'max_raise'), ('p2', 'call')]",0.0,2094.0,0.0,tie,showdown,False,2,102.0,114.0,calling_station
1666,k,q,max_raise,['max_raise'],"[('p1', 'max_raise'), ('p2', 'call')]",18.0,2112.0,36.0,p1,showdown,False,2,102.0,114.0,calling_station
1667,k,k,max_raise,['max_raise'],"[('p1', 'max_raise'), ('p2', 'call')]",0.0,2112.0,0.0,tie,showdown,False,2,102.0,114.0,calling_station
1668,k,q,max_raise,['max_raise'],"[('p1', 'max_raise'), ('p2', 'call')]",18.0,2130.0,36.0,p1,showdown,False,2,102.0,114.0,calling_station
1669,q,k,max_raise,['max_raise'],"[('p1', 'max_raise'), ('p2', 'call')]",-18.0,2112.0,36.0,p2,showdown,False,2,102.0,114.0,calling_station
1670,j,k,check,['check'],"[('p1', 'check'), ('p2', 'check')]",-6.0,2106.0,12.0,p2,showdown,False,2,114.0,114.0,calling_station
1671,q,k,max_raise,['max_raise'],"[('p1', 'max_raise'), ('p2', 'call')]",-18.0,2088.0,36.0,p2,showdown,False,2,102.0,114.0,calling_station
1672,k,k,max_raise,['max_raise'],"[('p1', 'max_raise'), ('p2', 'call')]",0.0,2088.0,0.0,tie,showdown,False,2,102.0,114.0,calling_station
1673,j,q,check,['check'],"[('p1', 'check'), ('p2', 'check')]",-6.0,2082.0,12.0,p2,showdown,False,2,114.0,114.0,calling_station
1674,q,j,max_raise,['max_raise'],"[('p1', 'max_raise'), ('p2', 'call')]",18.0,2100.0,36.0,p1,showdown,False,2,102.0,114.0,calling_station
1675,k,q,max_raise,['max_raise'],"[('p1', 'max_raise'), ('p2', 'call')]",18.0,2118.0,36.0,p1,showdown,False,2,102.0,114.0,calling_station
1676,j,k,check,['check'],"[('p1', 'check'), ('p2', 'check')]",-6.0,2112.0,12.0,p2,showdown,False,2,114.0,114.0,calling_station
1677,k,q,max_raise,['max_raise'],"[('p1', 'max_raise'), ('p2', 'call')]",18.0,2130.0,36.0,p1,showdown,False,2,102.0,114.0,calling_station
1678,k,k,max_raise,['max_raise'],"[('p1', 'max_raise'), ('p2', 'call')]",0.0,2130.0,0.0,tie,showdown,False,2,102.0,114.0,calling_station
1679,k,k,max_raise,['max_raise'],"[('p1', 'max_raise'), ('p2', 'call')]",0.0,2130.0,0.0,tie,showdown,False,2,102.0,114.0,calling_station
1680,k,j,max_raise,['max_raise'],"[('p1', 'max_raise'), ('p2', 'call')]",18.0,2148.0,36.0,p1,showdown,False,2,102.0,114.0,calling_station
1681,j,q,check,['check'],"[('p1', 'check'), ('p2', 'check')]",-6.0,2142.0,12.0,p2,showdown,False,2,114.0,114.0,calling_station
1682,q,k,max_raise,['max_raise'],"[('p1', 'max_raise'), ('p2', 'call')]",-18.0,2124.0,36.0,p2,showdown,False,2,102.0,114.0,calling_station
1683,j,q,check,['check'],"[('p1', 'check'), ('p2', 'check')]",-6.0,2118.0,12.0,p2,showdown,False,2,114.0,114.0,calling_station
1684,j,q,check,['check'],"[('p1', 'check'), ('p2', 'check')]",-6.0,2112.0,12.0,p2,showdown,False,2,114.0,114.0,calling_station
1685,k,j,max_raise,['max_raise'],"[('p1', 'max_raise'), ('p2', 'call')]",18.0,2130.0,36.0,p1,showdown,False,2,102.0,114.0,calling_station
1686,q,k,max_raise,['max_raise'],"[('p1', 'max_raise'), ('p2', 'call')]",-18.0,2112.0,36.0,p2,showdown,False,2,102.0,114.0,calling_station
1687,j,q,check,['check'],"[('p1', 'check'), ('p2', 'check')]",-6.0,2106.0,12.0,p2,showdown,False,2,114.0,114.0,calling_station
1688,j,j,check,['check'],"[('p1', 'check'), ('p2', 'check')]",0.0,2106.0,0.0,tie,showdown,False,2,114.0,114.0,calling_station
1689,k,j,max_raise,['max_raise'],"[('p1', 'max_raise'), ('p2', 'call')]",18.0,2124.0,36.0,p1,showdown,False,2,102.0,114.0,calling_station
1690,q,q,max_raise,['max_raise'],"[('p1', 'max_raise'), ('p2', 'call')]",0.0,2124.0,0.0,tie,showdown,False,2,102.0,114.0,calling_station
1691,j,j,check,['check'],"[('p1', 'check'), ('p2', 'check')]",0.0,2124.0,0.0,tie,showdown,False,2,114.0,114.0,calling_station
1692,q,k,max_raise,['max_raise'],"[('p1', 'max_raise'), ('p2', 'call')]",-18.0,2106.0,36.0,p2,showdown,False,2,102.0,114.0,calling_station
1693,k,q,max_raise,['max_raise'],"[('p1', 'max_raise'), ('p2', 'call')]",18.0,2124.0,36.0,p1,showdown,False,2,102.0,114.0,calling_station
1694,q,q,max_raise,['max_raise'],"[('p1', 'max_raise'), ('p2', 'call')]",0.0,2124.0,0.0,tie,showdown,False,2,102.0,114.0,calling_station
1695,j,q,check,['check'],"[('p1', 'check'), ('p2', 'check')]",-6.0,2118.0,12.0,p2,showdown,False,2,114.0,114.0,calling_station
1696,j,q,check,['check'],"[('p1', 'check'), ('p2', 'check')]",-6.0,2112.0,12.0,p2,showdown,False,2,114.0,114.0,calling_station
1697,j,q,check,['check'],"[('p1', 'check'), ('p2', 'check')]",-6.0,2106.0,12.0,p2,showdown,False,2,114.0,114.0,calling_station
1698,q,k,max_raise,['max_raise'],"[('p1', 'max_raise'), ('p2', 'call')]",-18.0,2088.0,36.0,p2,showdown,False,2,102.0,114.0,calling_station
1699,q,q,max_raise,['max_raise'],"[('p1', 'max_raise'), ('p2', 'call')]",0.0,2088.0,0.0,tie,showdown,False,2,102.0,114.0,calling_station
1700,k,k,max_raise,['max_raise'],"[('p1', 'max_raise'), ('p2', 'call')]",0.0,2088.0,0.0,tie,showdown,False,2,102.0,114.0,calling_station
1701,j,q,check,['check'],"[('p1', 'check'), ('p2', 'check')]",-6.0,2082.0,12.0,p2,showdown,False,2,114.0,114.0,calling_station
1702,k,q,max_raise,['max_raise'],"[('p1', 'max_raise'), ('p2', 'call')]",18.0,2100.0,36.0,p1,showdown,False,2,102.0,114.0,calling_station
1703,k,k,max_raise,['max_raise'],"[('p1', 'max_raise'), ('p2', 'call')]",0.0,2100.0,0.0,tie,showdown,False,2,102.0,114.0,calling_station
1704,j,q,check,['check'],"[('p1', 'check'), ('p2', 'check')]",-6.0,2094.0,12.0,p2,showdown,False,2,114.0,114.0,calling_station
1705,j,k,check,['check'],"[('p1', 'check'), ('p2', 'check')]",-6.0,2088.0,12.0,p2,showdown,False,2,114.0,114.0,calling_station
1706,j,q,check,['check'],"[('p1', 'check'), ('p2', 'check')]",-6.0,2082.0,12.0,p2,showdown,False,2,114.0,114.0,calling_station
1707,j,j,check,['check'],"[('p1', 'check'), ('p2', 'check')]",0.0,2082.0,0.0,tie,showdown,False,2,114.0,114.0,calling_station
1708,q,k,max_raise,['max_raise'],"[('p1', 'max_raise'), ('p2', 'call')]",-18.0,2064.0,36.0,p2,showdown,False,2,102.0,114.0,calling_station
1709,j,q,check,['check'],"[('p1', 'check'), ('p2', 'check')]",-6.0,2058.0,12.0,p2,showdown,False,2,114.0,114.0,calling_station
1710,q,j,max_raise,['max_raise'],"[('p1', 'max_raise'), ('p2', 'call')]",18.0,2076.0,36.0,p1,showdown,False,2,102.0,114.0,calling_station
1711,k,q,max_raise,['max_raise'],"[('p1', 'max_raise'), ('p2', 'call')]",18.0,2094.0,36.0,p1,showdown,False,2,102.0,114.0,calling_station
1712,q,j,max_raise,['max_raise'],"[('p1', 'max_raise'), ('p2', 'call')]",18.0,2112.0,36.0,p1,showdown,False,2,102.0,114.0,calling_station
1713,k,q,max_raise,['max_raise'],"[('p1', 'max_raise'), ('p2', 'call')]",18.0,2130.0,36.0,p1,showdown,False,2,102.0,114.0,calling_station
1714,j,k,check,['check'],"[('p1', 'check'), ('p2', 'check')]",-6.0,2124.0,12.0,p2,showdown,False,2,114.0,114.0,calling_station
1715,j,j,check,['check'],"[('p1', 'check'), ('p2', 'check')]",0.0,2124.0,0.0,tie,showdown,False,2,114.0,114.0,calling_station
1716,q,q,max_raise,['max_raise'],"[('p1', 'max_raise'), ('p2', 'call')]",0.0,2124.0,0.0,tie,showdown,False,2,102.0,114.0,calling_station
1717,k,j,max_raise,['max_raise'],"[('p1', 'max_raise'), ('p2', 'call')]",18.0,2142.0,36.0,p1,showdown,False,2,102.0,114.0,calling_station
1718,q,q,max_raise,['max_raise'],"[('p1', 'max_raise'), ('p2', 'call')]",0.0,2142.0,0.0,tie,showdown,False,2,102.0,114.0,calling_station
1719,j,q,max_raise,['max_raise'],"[('p1', 'max_raise'), ('p2', 'call')]",-18.0,2124.0,36.0,p2,showdown,True,2,102.0,114.0,calling_station
1720,j,j,max_raise,['max_raise'],"[('p1', 'max_raise'), ('p2', 'call')]",0.0,2124.0,0.0,tie,showdown,True,2,102.0,114.0,calling_station
1721,k,j,max_raise,['max_raise'],"[('p1', 'max_raise'), ('p2', 'call')]",18.0,2142.0,36.0,p1,showdown,False,2,102.0,114.0,calling_station
1722,j,j,max_raise,['max_raise'],"[('p1', 'max_raise'), ('p2', 'call')]",0.0,2142.0,0.0,tie,showdown,True,2,102.0,114.0,calling_station
1723,k,j,max_raise,['max_raise'],"[('p1', 'max_raise'), ('p2', 'call')]",18.0,2160.0,36.0,p1,showdown,False,2,102.0,114.0,calling_station
1724,k,k,max_raise,['max_raise'],"[('p1', 'max_raise'), ('p2', 'call')]",0.0,2160.0,0.0,tie,showdown,False,2,102.0,114.0,calling_station
1725,j,k,max_raise,['max_raise'],"[('p1', 'max_raise'), ('p2', 'call')]",-18.0,2142.0,36.0,p2,showdown,True,2,102.0,114.0,calling_station
1726,j,k,max_raise,['max_raise'],"[('p1', 'max_raise'), ('p2', 'call')]",-18.0,2124.0,36.0,p2,showdown,True,2,102.0,114.0,calling_station
1727,j,k,max_raise,['max_raise'],"[('p1', 'max_raise'), ('p2', 'call')]",-18.0,2106.0,36.0,p2,showdown,True,2,102.0,114.0,calling_station
1728,q,q,max_raise,['max_raise'],"[('p1', 'max_raise'), ('p2', 'call')]",0.0,2106.0,0.0,tie,showdown,False,2,102.0,114.0,calling_station
1729,k,q,max_raise,['max_raise'],"[('p1', 'max_raise'), ('p2', 'call')]",18.0,2124.0,36.0,p1,showdown,False,2,102.0,114.0,calling_station
1730,q,j,max_raise,['max_raise'],"[('p1', 'max_raise'), ('p2', 'call')]",18.0,2142.0,36.0,p1,showdown,False,2,102.0,114.0,calling_station
1731,j,j,max_raise,['max_raise'],"[('p1', 'max_raise'), ('p2', 'call')]",0.0,2142.0,0.0,tie,showdown,True,2,102.0,114.0,calling_station
1732,q,k,max_raise,['max_raise'],"[('p1', 'max_raise'), ('p2', 'call')]",-18.0,2124.0,36.0,p2,showdown,False,2,102.0,114.0,calling_station
1733,k,k,max_raise,['max_raise'],"[('p1', 'max_raise'), ('p2', 'call')]",0.0,2124.0,0.0,tie,showdown,False,2,102.0,114.0,calling_station
1734,j,k,max_raise,['max_raise'],"[('p1', 'max_raise'), ('p2', 'call')]",-18.0,2106.0,36.0,p2,showdown,True,2,102.0,114.0,calling_station
1735,k,k,max_raise,['max_raise'],"[('p1', 'max_raise'), ('p2', 'call')]",0.0,2106.0,0.0,tie,showdown,False,2,102.0,114.0,calling_station
1736,q,j,max_raise,['max_raise'],"[('p1', 'max_raise'), ('p2', 'call')]",18.0,2124.0,36.0,p1,showdown,False,2,102.0,114.0,calling_station
1737,q,q,max_raise,['max_raise'],"[('p1', 'max_raise'), ('p2', 'call')]",0.0,2124.0,0.0,tie,showdown,False,2,102.0,114.0,calling_station
1738,k,q,max_raise,['max_raise'],"[('p1', 'max_raise'), ('p2', 'call')]",18.0,2142.0,36.0,p1,showdown,False,2,102.0,114.0,calling_station
1739,q,j,max_raise,['max_raise'],"[('p1', 'max_raise'), ('p2', 'call')]",18.0,2160.0,36.0,p1,showdown,False,2,102.0,114.0,calling_station
1740,j,j,max_raise,['max_raise'],"[('p1', 'max_raise'), ('p2', 'call')]",0.0,2160.0,0.0,tie,showdown,True,2,102.0,114.0,calling_station
1741,q,k,max_raise,['max_raise'],"[('p1', 'max_raise'), ('p2', 'call')]",-18.0,2142.0,36.0,p2,showdown,False,2,102.0,114.0,calling_station
1742,j,q,max_raise,['max_raise'],"[('p1', 'max_raise'), ('p2', 'call')]",-18.0,2124.0,36.0,p2,showdown,True,2,102.0,114.0,calling_station
1743,k,j,max_raise,['max_raise'],"[('p1', 'max_raise'), ('p2', 'call')]",18.0,2142.0,36.0,p1,showdown,False,2,102.0,114.0,calling_station
1744,j,j,max_raise,['max_raise'],"[('p1', 'max_raise'), ('p2', 'call')]",0.0,2142.0,0.0,tie,showdown,True,2,102.0,114.0,calling_station
1745,j,q,max_raise,['max_raise'],"[('p1', 'max_raise'), ('p2', 'call')]",-18.0,2124.0,36.0,p2,showdown,True,2,102.0,114.0,calling_station
1746,q,j,max_raise,['max_raise'],"[('p1', 'max_raise'), ('p2', 'call')]",18.0,2142.0,36.0,p1,showdown,False,2,102.0,114.0,calling_station
1747,q,k,max_raise,['max_raise'],"[('p1', 'max_raise'), ('p2', 'call')]",-18.0,2124.0,36.0,p2,showdown,False,2,102.0,114.0,calling_station
1748,j,q,max_raise,['max_raise'],"[('p1', 'max_raise'), ('p2', 'call')]",-18.0,2106.0,36.0,p2,showdown,True,2,102.0,114.0,calling_station
1749,j,j,max_raise,['max_raise'],"[('p1', 'max_raise'), ('p2', 'call')]",0.0,2106.0,0.0,tie,showdown,True,2,102.0,114.0,calling_station
1750,k,k,max_raise,['max_raise'],"[('p1', 'max_raise'), ('p2', 'call')]",0.0,2106.0,0.0,tie,showdown,False,2,102.0,114.0,calling_station
1751,j,k,check,['check'],"[('p1', 'check'), ('p2', 'check')]",-6.0,2100.0,12.0,p2,showdown,False,2,114.0,114.0,calling_station
1752,j,q,check,['check'],"[('p1', 'check'), ('p2', 'check')]",-6.0,2094.0,12.0,p2,showdown,False,2,114.0,114.0,calling_station
1753,q,k,max_raise,['max_raise'],"[('p1', 'max_raise'), ('p2', 'call')]",-18.0,2076.0,36.0,p2,showdown,False,2,102.0,114.0,calling_station
1754,k,j,max_raise,['max_raise'],"[('p1', 'max_raise'), ('p2', 'call')]",18.0,2094.0,36.0,p1,showdown,False,2,102.0,114.0,calling_station
1755,k,q,max_raise,['max_raise'],"[('p1', 'max_raise'), ('p2', 'call')]",18.0,2112.0,36.0,p1,showdown,False,2,102.0,114.0,calling_station
1756,q,q,max_raise,['max_raise'],"[('p1', 'max_raise'), ('p2', 'call')]",0.0,2112.0,0.0,tie,showdown,False,2,102.0,114.0,calling_station
1757,q,k,max_raise,['max_raise'],"[('p1', 'max_raise'), ('p2', 'call')]",-18.0,2094.0,36.0,p2,showdown,False,2,102.0,114.0,calling_station
1758,k,j,max_raise,['max_raise'],"[('p1', 'max_raise'), ('p2', 'call')]",18.0,2112.0,36.0,p1,showdown,False,2,102.0,114.0,calling_station
1759,j,k,max_raise,['max_raise'],"[('p1', 'max_raise'), ('p2', 'call')]",-18.0,2094.0,36.0,p2,showdown,True,2,102.0,114.0,calling_station
1760,j,j,max_raise,['max_raise'],"[('p1', 'max_raise'), ('p2', 'call')]",0.0,2094.0,0.0,tie,showdown,True,2,102.0,114.0,calling_station
1761,j,k,max_raise,['max_raise'],"[('p1', 'max_raise'), ('p2', 'call')]",-18.0,2076.0,36.0,p2,showdown,True,2,102.0,114.0,calling_station
1762,j,j,max_raise,['max_raise'],"[('p1', 'max_raise'), ('p2', 'call')]",0.0,2076.0,0.0,tie,showdown,True,2,102.0,114.0,calling_station
1763,q,k,max_raise,['max_raise'],"[('p1', 'max_raise'), ('p2', 'call')]",-18.0,2058.0,36.0,p2,showdown,False,2,102.0,114.0,calling_station
1764,k,j,max_raise,['max_raise'],"[('p1', 'max_raise'), ('p2', 'call')]",18.0,2076.0,36.0,p1,showdown,False,2,102.0,114.0,calling_station
1765,j,j,check,['check'],"[('p1', 'check'), ('p2', 'check')]",0.0,2076.0,0.0,tie,showdown,False,2,114.0,114.0,calling_station
1766,k,k,max_raise,['max_raise'],"[('p1', 'max_raise'), ('p2', 'call')]",0.0,2076.0,0.0,tie,showdown,False,2,102.0,114.0,calling_station
1767,k,k,max_raise,['max_raise'],"[('p1', 'max_raise'), ('p2', 'call')]",0.0,2076.0,0.0,tie,showdown,False,2,102.0,114.0,calling_station
1768,j,k,check,['check'],"[('p1', 'check'), ('p2', 'check')]",-6.0,2070.0,12.0,p2,showdown,False,2,114.0,114.0,calling_station
1769,k,q,max_raise,['max_raise'],"[('p1', 'max_raise'), ('p2', 'call')]",18.0,2088.0,36.0,p1,showdown,False,2,102.0,114.0,calling_station
1770,k,j,max_raise,['max_raise'],"[('p1', 'max_raise'), ('p2', 'call')]",18.0,2106.0,36.0,p1,showdown,False,2,102.0,114.0,calling_station
1771,k,q,max_raise,['max_raise'],"[('p1', 'max_raise'), ('p2', 'call')]",18.0,2124.0,36.0,p1,showdown,False,2,102.0,114.0,calling_station
1772,j,q,check,['check'],"[('p1', 'check'), ('p2', 'check')]",-6.0,2118.0,12.0,p2,showdown,False,2,114.0,114.0,calling_station
1773,j,k,check,['check'],"[('p1', 'check'), ('p2', 'check')]",-6.0,2112.0,12.0,p2,showdown,False,2,114.0,114.0,calling_station
1774,k,k,max_raise,['max_raise'],"[('p1', 'max_raise'), ('p2', 'call')]",0.0,2112.0,0.0,tie,showdown,False,2,102.0,114.0,calling_station
1775,k,k,max_raise,['max_raise'],"[('p1', 'max_raise'), ('p2', 'call')]",0.0,2112.0,0.0,tie,showdown,False,2,102.0,114.0,calling_station
1776,j,j,check,['check'],"[('p1', 'check'), ('p2', 'check')]",0.0,2112.0,0.0,tie,showdown,False,2,114.0,114.0,calling_station
1777,j,q,check,['check'],"[('p1', 'check'), ('p2', 'check')]",-6.0,2106.0,12.0,p2,showdown,False,2,114.0,114.0,calling_station
1778,q,q,max_raise,['max_raise'],"[('p1', 'max_raise'), ('p2', 'call')]",0.0,2106.0,0.0,tie,showdown,False,2,102.0,114.0,calling_station
1779,q,j,max_raise,['max_raise'],"[('p1', 'max_raise'), ('p2', 'call')]",18.0,2124.0,36.0,p1,showdown,False,2,102.0,114.0,calling_station
1780,q,q,max_raise,['max_raise'],"[('p1', 'max_raise'), ('p2', 'call')]",0.0,2124.0,0.0,tie,showdown,False,2,102.0,114.0,calling_station
1781,k,q,max_raise,['max_raise'],"[('p1', 'max_raise'), ('p2', 'call')]",18.0,2142.0,36.0,p1,showdown,False,2,102.0,114.0,calling_station
1782,j,q,check,['check'],"[('p1', 'check'), ('p2', 'check')]",-6.0,2136.0,12.0,p2,showdown,False,2,114.0,114.0,calling_station
1783,k,k,max_raise,['max_raise'],"[('p1', 'max_raise'), ('p2', 'call')]",0.0,2136.0,0.0,tie,showdown,False,2,102.0,114.0,calling_station
1784,j,j,check,['check'],"[('p1', 'check'), ('p2', 'check')]",0.0,2136.0,0.0,tie,showdown,False,2,114.0,114.0,calling_station
1785,j,q,check,['check'],"[('p1', 'check'), ('p2', 'check')]",-6.0,2130.0,12.0,p2,showdown,False,2,114.0,114.0,calling_station
1786,j,j,check,['check'],"[('p1', 'check'), ('p2', 'check')]",0.0,2130.0,0.0,tie,showdown,False,2,114.0,114.0,calling_station
1787,q,k,max_raise,['max_raise'],"[('p1', 'max_raise'), ('p2', 'call')]",-18.0,2112.0,36.0,p2,showdown,False,2,102.0,114.0,calling_station
1788,k,j,max_raise,['max_raise'],"[('p1', 'max_raise'), ('p2', 'call')]",18.0,2130.0,36.0,p1,showdown,False,2,102.0,114.0,calling_station
1789,q,k,max_raise,['max_raise'],"[('p1', 'max_raise'), ('p2', 'call')]",-18.0,2112.0,36.0,p2,showdown,False,2,102.0,114.0,calling_station
1790,q,j,max_raise,['max_raise'],"[('p1', 'max_raise'), ('p2', 'call')]",18.0,2130.0,36.0,p1,showdown,False,2,102.0,114.0,calling_station
1791,k,q,max_raise,['max_raise'],"[('p1', 'max_raise'), ('p2', 'call')]",18.0,2148.0,36.0,p1,showdown,False,2,102.0,114.0,calling_station
1792,k,j,max_raise,['max_raise'],"[('p1', 'max_raise'), ('p2', 'call')]",18.0,2166.0,36.0,p1,showdown,False,2,102.0,114.0,calling_station
1793,j,j,check,['check'],"[('p1', 'check'), ('p2', 'check')]",0.0,2166.0,0.0,tie,showdown,False,2,114.0,114.0,calling_station
1794,j,k,check,['check'],"[('p1', 'check'), ('p2', 'check')]",-6.0,2160.0,12.0,p2,showdown,False,2,114.0,114.0,calling_station
1795,j,k,check,['check'],"[('p1', 'check'), ('p2', 'check')]",-6.0,2154.0,12.0,p2,showdown,False,2,114.0,114.0,calling_station
1796,k,k,max_raise,['max_raise'],"[('p1', 'max_raise'), ('p2', 'call')]",0.0,2154.0,0.0,tie,showdown,False,2,102.0,114.0,calling_station
1797,j,k,check,['check'],"[('p1', 'check'), ('p2', 'check')]",-6.0,2148.0,12.0,p2,showdown,False,2,114.0,114.0,calling_station
1798,k,q,max_raise,['max_raise'],"[('p1', 'max_raise'), ('p2', 'call')]",18.0,2166.0,36.0,p1,showdown,False,2,102.0,114.0,calling_station
1799,q,k,max_raise,['max_raise'],"[('p1', 'max_raise'), ('p2', 'call')]",-18.0,2148.0,36.0,p2,showdown,False,2,102.0,114.0,calling_station
1800,j,j,check,['check'],"[('p1', 'check'), ('p2', 'check')]",0.0,2148.0,0.0,tie,showdown,False,2,114.0,114.0,calling_station
1801,j,q,check,['check'],"[('p1', 'check'), ('p2', 'check')]",-6.0,2142.0,12.0,p2,showdown,False,2,114.0,114.0,calling_station
1802,k,k,max_raise,['max_raise'],"[('p1', 'max_raise'), ('p2', 'call')]",0.0,2142.0,0.0,tie,showdown,False,2,102.0,114.0,calling_station
1803,k,q,max_raise,['max_raise'],"[('p1', 'max_raise'), ('p2', 'call')]",18.0,2160.0,36.0,p1,showdown,False,2,102.0,114.0,calling_station
1804,k,q,max_raise,['max_raise'],"[('p1', 'max_raise'), ('p2', 'call')]",18.0,2178.0,36.0,p1,showdown,False,2,102.0,114.0,calling_station
1805,j,j,check,['check'],"[('p1', 'check'), ('p2', 'check')]",0.0,2178.0,0.0,tie,showdown,False,2,114.0,114.0,calling_station
1806,q,j,max_raise,['max_raise'],"[('p1', 'max_raise'), ('p2', 'call')]",18.0,2196.0,36.0,p1,showdown,False,2,102.0,114.0,calling_station
1807,q,j,max_raise,['max_raise'],"[('p1', 'max_raise'), ('p2', 'call')]",18.0,2214.0,36.0,p1,showdown,False,2,102.0,114.0,calling_station
1808,j,q,check,['check'],"[('p1', 'check'), ('p2', 'check')]",-6.0,2208.0,12.0,p2,showdown,False,2,114.0,114.0,calling_station
1809,k,k,max_raise,['max_raise'],"[('p1', 'max_raise'), ('p2', 'call')]",0.0,2208.0,0.0,tie,showdown,False,2,102.0,114.0,calling_station
1810,k,k,max_raise,['max_raise'],"[('p1', 'max_raise'), ('p2', 'call')]",0.0,2208.0,0.0,tie,showdown,False,2,102.0,114.0,calling_station
1811,k,q,max_raise,['max_raise'],"[('p1', 'max_raise'), ('p2', 'call')]",18.0,2226.0,36.0,p1,showdown,False,2,102.0,114.0,calling_station
1812,j,q,check,['check'],"[('p1', 'check'), ('p2', 'check')]",-6.0,2220.0,12.0,p2,showdown,False,2,114.0,114.0,calling_station
1813,q,k,max_raise,['max_raise'],"[('p1', 'max_raise'), ('p2', 'call')]",-18.0,2202.0,36.0,p2,showdown,False,2,102.0,114.0,calling_station
1814,q,j,max_raise,['max_raise'],"[('p1', 'max_raise'), ('p2', 'call')]",18.0,2220.0,36.0,p1,showdown,False,2,102.0,114.0,calling_station
1815,q,k,max_raise,['max_raise'],"[('p1', 'max_raise'), ('p2', 'call')]",-18.0,2202.0,36.0,p2,showdown,False,2,102.0,114.0,calling_station
1816,j,k,check,['check'],"[('p1', 'check'), ('p2', 'check')]",-6.0,2196.0,12.0,p2,showdown,False,2,114.0,114.0,calling_station
1817,j,q,check,['check'],"[('p1', 'check'), ('p2', 'check')]",-6.0,2190.0,12.0,p2,showdown,False,2,114.0,114.0,calling_station
1818,k,q,max_raise,['max_raise'],"[('p1', 'max_raise'), ('p2', 'call')]",18.0,2208.0,36.0,p1,showdown,False,2,102.0,114.0,calling_station
1819,k,q,max_raise,['max_raise'],"[('p1', 'max_raise'), ('p2', 'call')]",18.0,2226.0,36.0,p1,showdown,False,2,102.0,114.0,calling_station
1820,k,q,max_raise,['max_raise'],"[('p1', 'max_raise'), ('p2', 'call')]",18.0,2244.0,36.0,p1,showdown,False,2,102.0,114.0,calling_station
1821,q,j,max_raise,['max_raise'],"[('p1', 'max_raise'), ('p2', 'call')]",18.0,2262.0,36.0,p1,showdown,False,2,102.0,114.0,calling_station
1822,q,q,max_raise,['max_raise'],"[('p1', 'max_raise'), ('p2', 'call')]",0.0,2262.0,0.0,tie,showdown,False,2,102.0,114.0,calling_station
1823,k,q,max_raise,['max_raise'],"[('p1', 'max_raise'), ('p2', 'call')]",18.0,2280.0,36.0,p1,showdown,False,2,102.0,114.0,calling_station
1824,q,q,max_raise,['max_raise'],"[('p1', 'max_raise'), ('p2', 'call')]",0.0,2280.0,0.0,tie,showdown,False,2,102.0,114.0,calling_station
1825,q,j,max_raise,['max_raise'],"[('p1', 'max_raise'), ('p2', 'call')]",18.0,2298.0,36.0,p1,showdown,False,2,102.0,114.0,calling_station
1826,j,j,check,['check'],"[('p1', 'check'), ('p2', 'check')]",0.0,2298.0,0.0,tie,showdown,False,2,114.0,114.0,calling_station
1827,j,q,check,['check'],"[('p1', 'check'), ('p2', 'check')]",-6.0,2292.0,12.0,p2,showdown,False,2,114.0,114.0,calling_station
1828,k,j,max_raise,['max_raise'],"[('p1', 'max_raise'), ('p2', 'call')]",18.0,2310.0,36.0,p1,showdown,False,2,102.0,114.0,calling_station
1829,k,q,max_raise,['max_raise'],"[('p1', 'max_raise'), ('p2', 'call')]",18.0,2328.0,36.0,p1,showdown,False,2,102.0,114.0,calling_station
1830,k,k,max_raise,['max_raise'],"[('p1', 'max_raise'), ('p2', 'call')]",0.0,2328.0,0.0,tie,showdown,False,2,102.0,114.0,calling_station
1831,k,j,max_raise,['max_raise'],"[('p1', 'max_raise'), ('p2', 'call')]",18.0,2346.0,36.0,p1,showdown,False,2,102.0,114.0,calling_station
1832,q,j,max_raise,['max_raise'],"[('p1', 'max_raise'), ('p2', 'call')]",18.0,2364.0,36.0,p1,showdown,False,2,102.0,114.0,calling_station
1833,k,q,max_raise,['max_raise'],"[('p1', 'max_raise'), ('p2', 'call')]",18.0,2382.0,36.0,p1,showdown,False,2,102.0,114.0,calling_station
1834,k,j,max_raise,['max_raise'],"[('p1', 'max_raise'), ('p2', 'call')]",18.0,2400.0,36.0,p1,showdown,False,2,102.0,114.0,calling_station
1835,q,j,max_raise,['max_raise'],"[('p1', 'max_raise'), ('p2', 'call')]",18.0,2418.0,36.0,p1,showdown,False,2,102.0,114.0,calling_station
1836,q,j,max_raise,['max_raise'],"[('p1', 'max_raise'), ('p2', 'call')]",18.0,2436.0,36.0,p1,showdown,False,2,102.0,114.0,calling_station
1837,k,q,max_raise,['max_raise'],"[('p1', 'max_raise'), ('p2', 'call')]",18.0,2454.0,36.0,p1,showdown,False,2,102.0,114.0,calling_station
1838,j,q,check,['check'],"[('p1', 'check'), ('p2', 'check')]",-6.0,2448.0,12.0,p2,showdown,False,2,114.0,114.0,calling_station
1839,k,k,max_raise,['max_raise'],"[('p1', 'max_raise'), ('p2', 'call')]",0.0,2448.0,0.0,tie,showdown,False,2,102.0,114.0,calling_station
1840,j,k,check,['check'],"[('p1', 'check'), ('p2', 'check')]",-6.0,2442.0,12.0,p2,showdown,False,2,114.0,114.0,calling_station
1841,q,k,max_raise,['max_raise'],"[('p1', 'max_raise'), ('p2', 'call')]",-18.0,2424.0,36.0,p2,showdown,False,2,102.0,114.0,calling_station
1842,k,q,max_raise,['max_raise'],"[('p1', 'max_raise'), ('p2', 'call')]",18.0,2442.0,36.0,p1,showdown,False,2,102.0,114.0,calling_station
1843,k,q,max_raise,['max_raise'],"[('p1', 'max_raise'), ('p2', 'call')]",18.0,2460.0,36.0,p1,showdown,False,2,102.0,114.0,calling_station
1844,k,q,max_raise,['max_raise'],"[('p1', 'max_raise'), ('p2', 'call')]",18.0,2478.0,36.0,p1,showdown,False,2,102.0,114.0,calling_station
1845,q,j,max_raise,['max_raise'],"[('p1', 'max_raise'), ('p2', 'call')]",18.0,2496.0,36.0,p1,showdown,False,2,102.0,114.0,calling_station
1846,q,k,max_raise,['max_raise'],"[('p1', 'max_raise'), ('p2', 'call')]",-18.0,2478.0,36.0,p2,showdown,False,2,102.0,114.0,calling_station
1847,k,k,max_raise,['max_raise'],"[('p1', 'max_raise'), ('p2', 'call')]",0.0,2478.0,0.0,tie,showdown,False,2,102.0,114.0,calling_station
1848,q,q,max_raise,['max_raise'],"[('p1', 'max_raise'), ('p2', 'call')]",0.0,2478.0,0.0,tie,showdown,False,2,102.0,114.0,calling_station
1849,j,j,check,['check'],"[('p1', 'check'), ('p2', 'check')]",0.0,2478.0,0.0,tie,showdown,False,2,114.0,114.0,calling_station
1850,j,q,check,['check'],"[('p1', 'check'), ('p2', 'check')]",-6.0,2472.0,12.0,p2,showdown,False,2,114.0,114.0,calling_station
1851,k,q,max_raise,['max_raise'],"[('p1', 'max_raise'), ('p2', 'call')]",18.0,2490.0,36.0,p1,showdown,False,2,102.0,114.0,calling_station
1852,q,k,max_raise,['max_raise'],"[('p1', 'max_raise'), ('p2', 'call')]",-18.0,2472.0,36.0,p2,showdown,False,2,102.0,114.0,calling_station
1853,k,q,max_raise,['max_raise'],"[('p1', 'max_raise'), ('p2', 'call')]",18.0,2490.0,36.0,p1,showdown,False,2,102.0,114.0,calling_station
1854,j,k,check,['check'],"[('p1', 'check'), ('p2', 'check')]",-6.0,2484.0,12.0,p2,showdown,False,2,114.0,114.0,calling_station
1855,j,q,check,['check'],"[('p1', 'check'), ('p2', 'check')]",-6.0,2478.0,12.0,p2,showdown,False,2,114.0,114.0,calling_station
1856,j,k,check,['check'],"[('p1', 'check'), ('p2', 'check')]",-6.0,2472.0,12.0,p2,showdown,False,2,114.0,114.0,calling_station
1857,q,j,max_raise,['max_raise'],"[('p1', 'max_raise'), ('p2', 'call')]",18.0,2490.0,36.0,p1,showdown,False,2,102.0,114.0,calling_station
1858,j,q,check,['check'],"[('p1', 'check'), ('p2', 'check')]",-6.0,2484.0,12.0,p2,showdown,False,2,114.0,114.0,calling_station
1859,j,k,check,['check'],"[('p1', 'check'), ('p2', 'check')]",-6.0,2478.0,12.0,p2,showdown,False,2,114.0,114.0,calling_station
1860,q,j,max_raise,['max_raise'],"[('p1', 'max_raise'), ('p2', 'call')]",18.0,2496.0,36.0,p1,showdown,False,2,102.0,114.0,calling_station
1861,j,k,check,['check'],"[('p1', 'check'), ('p2', 'check')]",-6.0,2490.0,12.0,p2,showdown,False,2,114.0,114.0,calling_station
1862,k,q,max_raise,['max_raise'],"[('p1', 'max_raise'), ('p2', 'call')]",18.0,2508.0,36.0,p1,showdown,False,2,102.0,114.0,calling_station
1863,k,k,max_raise,['max_raise'],"[('p1', 'max_raise'), ('p2', 'call')]",0.0,2508.0,0.0,tie,showdown,False,2,102.0,114.0,calling_station
1864,q,j,max_raise,['max_raise'],"[('p1', 'max_raise'), ('p2', 'call')]",18.0,2526.0,36.0,p1,showdown,False,2,102.0,114.0,calling_station
1865,q,q,max_raise,['max_raise'],"[('p1', 'max_raise'), ('p2', 'call')]",0.0,2526.0,0.0,tie,showdown,False,2,102.0,114.0,calling_station
1866,j,k,check,['check'],"[('p1', 'check'), ('p2', 'check')]",-6.0,2520.0,12.0,p2,showdown,False,2,114.0,114.0,calling_station
1867,q,q,max_raise,['max_raise'],"[('p1', 'max_raise'), ('p2', 'call')]",0.0,2520.0,0.0,tie,showdown,False,2,102.0,114.0,calling_station
1868,q,q,max_raise,['max_raise'],"[('p1', 'max_raise'), ('p2', 'call')]",0.0,2520.0,0.0,tie,showdown,False,2,102.0,114.0,calling_station
1869,q,q,max_raise,['max_raise'],"[('p1', 'max_raise'), ('p2', 'call')]",0.0,2520.0,0.0,tie,showdown,False,2,102.0,114.0,calling_station
1870,j,k,check,['check'],"[('p1', 'check'), ('p2', 'check')]",-6.0,2514.0,12.0,p2,showdown,False,2,114.0,114.0,calling_station
1871,q,k,max_raise,['max_raise'],"[('p1', 'max_raise'), ('p2', 'call')]",-18.0,2496.0,36.0,p2,showdown,False,2,102.0,114.0,calling_station
1872,j,j,max_raise,['max_raise'],"[('p1', 'max_raise'), ('p2', 'call')]",0.0,2496.0,0.0,tie,showdown,True,2,102.0,114.0,calling_station
1873,k,q,max_raise,['max_raise'],"[('p1', 'max_raise'), ('p2', 'call')]",18.0,2514.0,36.0,p1,showdown,False,2,102.0,114.0,calling_station
1874,q,k,max_raise,['max_raise'],"[('p1', 'max_raise'), ('p2', 'call')]",-18.0,2496.0,36.0,p2,showdown,False,2,102.0,114.0,calling_station
1875,j,k,max_raise,['max_raise'],"[('p1', 'max_raise'), ('p2', 'call')]",-18.0,2478.0,36.0,p2,showdown,True,2,102.0,114.0,calling_station
1876,j,q,max_raise,['max_raise'],"[('p1', 'max_raise'), ('p2', 'call')]",-18.0,2460.0,36.0,p2,showdown,True,2,102.0,114.0,calling_station
1877,k,k,max_raise,['max_raise'],"[('p1', 'max_raise'), ('p2', 'call')]",0.0,2460.0,0.0,tie,showdown,False,2,102.0,114.0,calling_station
1878,q,q,max_raise,['max_raise'],"[('p1', 'max_raise'), ('p2', 'call')]",0.0,2460.0,0.0,tie,showdown,False,2,102.0,114.0,calling_station
1879,j,k,max_raise,['max_raise'],"[('p1', 'max_raise'), ('p2', 'call')]",-18.0,2442.0,36.0,p2,showdown,True,2,102.0,114.0,calling_station
1880,q,k,max_raise,['max_raise'],"[('p1', 'max_raise'), ('p2', 'call')]",-18.0,2424.0,36.0,p2,showdown,False,2,102.0,114.0,calling_station
1881,j,q,max_raise,['max_raise'],"[('p1', 'max_raise'), ('p2', 'call')]",-18.0,2406.0,36.0,p2,showdown,True,2,102.0,114.0,calling_station
1882,q,q,max_raise,['max_raise'],"[('p1', 'max_raise'), ('p2', 'call')]",0.0,2406.0,0.0,tie,showdown,False,2,102.0,114.0,calling_station
1883,j,k,max_raise,['max_raise'],"[('p1', 'max_raise'), ('p2', 'call')]",-18.0,2388.0,36.0,p2,showdown,True,2,102.0,114.0,calling_station
1884,q,k,max_raise,['max_raise'],"[('p1', 'max_raise'), ('p2', 'call')]",-18.0,2370.0,36.0,p2,showdown,False,2,102.0,114.0,calling_station
1885,q,j,max_raise,['max_raise'],"[('p1', 'max_raise'), ('p2', 'call')]",18.0,2388.0,36.0,p1,showdown,False,2,102.0,114.0,calling_station
1886,k,q,max_raise,['max_raise'],"[('p1', 'max_raise'), ('p2', 'call')]",18.0,2406.0,36.0,p1,showdown,False,2,102.0,114.0,calling_station
1887,k,j,max_raise,['max_raise'],"[('p1', 'max_raise'), ('p2', 'call')]",18.0,2424.0,36.0,p1,showdown,False,2,102.0,114.0,calling_station
1888,j,j,check,['check'],"[('p1', 'check'), ('p2', 'check')]",0.0,2424.0,0.0,tie,showdown,False,2,114.0,114.0,calling_station
1889,k,q,max_raise,['max_raise'],"[('p1', 'max_raise'), ('p2', 'call')]",18.0,2442.0,36.0,p1,showdown,False,2,102.0,114.0,calling_station
1890,q,k,max_raise,['max_raise'],"[('p1', 'max_raise'), ('p2', 'call')]",-18.0,2424.0,36.0,p2,showdown,False,2,102.0,114.0,calling_station
1891,q,j,max_raise,['max_raise'],"[('p1', 'max_raise'), ('p2', 'call')]",18.0,2442.0,36.0,p1,showdown,False,2,102.0,114.0,calling_station
1892,k,j,max_raise,['max_raise'],"[('p1', 'max_raise'), ('p2', 'call')]",18.0,2460.0,36.0,p1,showdown,False,2,102.0,114.0,calling_station
1893,j,j,check,['check'],"[('p1', 'check'), ('p2', 'check')]",0.0,2460.0,0.0,tie,showdown,False,2,114.0,114.0,calling_station
1894,j,j,check,['check'],"[('p1', 'check'), ('p2', 'check')]",0.0,2460.0,0.0,tie,showdown,False,2,114.0,114.0,calling_station
1895,j,q,check,['check'],"[('p1', 'check'), ('p2', 'check')]",-6.0,2454.0,12.0,p2,showdown,False,2,114.0,114.0,calling_station
1896,j,k,check,['check'],"[('p1', 'check'), ('p2', 'check')]",-6.0,2448.0,12.0,p2,showdown,False,2,114.0,114.0,calling_station
1897,j,j,check,['check'],"[('p1', 'check'), ('p2', 'check')]",0.0,2448.0,0.0,tie,showdown,False,2,114.0,114.0,calling_station
1898,q,j,max_raise,['max_raise'],"[('p1', 'max_raise'), ('p2', 'call')]",18.0,2466.0,36.0,p1,showdown,False,2,102.0,114.0,calling_station
1899,q,q,max_raise,['max_raise'],"[('p1', 'max_raise'), ('p2', 'call')]",0.0,2466.0,0.0,tie,showdown,False,2,102.0,114.0,calling_station
1900,j,k,check,['check'],"[('p1', 'check'), ('p2', 'check')]",-6.0,2460.0,12.0,p2,showdown,False,2,114.0,114.0,calling_station
1901,j,j,check,['check'],"[('p1', 'check'), ('p2', 'check')]",0.0,2460.0,0.0,tie,showdown,False,2,114.0,114.0,calling_station
1902,j,q,check,['check'],"[('p1', 'check'), ('p2', 'check')]",-6.0,2454.0,12.0,p2,showdown,False,2,114.0,114.0,calling_station
1903,q,q,max_raise,['max_raise'],"[('p1', 'max_raise'), ('p2', 'call')]",0.0,2454.0,0.0,tie,showdown,False,2,102.0,114.0,calling_station
1904,k,k,max_raise,['max_raise'],"[('p1', 'max_raise'), ('p2', 'call')]",0.0,2454.0,0.0,tie,showdown,False,2,102.0,114.0,calling_station
1905,j,k,check,['check'],"[('p1', 'check'), ('p2', 'check')]",-6.0,2448.0,12.0,p2,showdown,False,2,114.0,114.0,calling_station
1906,q,j,max_raise,['max_raise'],"[('p1', 'max_raise'), ('p2', 'call')]",18.0,2466.0,36.0,p1,showdown,False,2,102.0,114.0,calling_station
1907,q,q,max_raise,['max_raise'],"[('p1', 'max_raise'), ('p2', 'call')]",0.0,2466.0,0.0,tie,showdown,False,2,102.0,114.0,calling_station
1908,k,q,max_raise,['max_raise'],"[('p1', 'max_raise'), ('p2', 'call')]",18.0,2484.0,36.0,p1,showdown,False,2,102.0,114.0,calling_station
1909,j,j,check,['check'],"[('p1', 'check'), ('p2', 'check')]",0.0,2484.0,0.0,tie,showdown,False,2,114.0,114.0,calling_station
1910,q,k,max_raise,['max_raise'],"[('p1', 'max_raise'), ('p2', 'call')]",-18.0,2466.0,36.0,p2,showdown,False,2,102.0,114.0,calling_station
1911,j,j,check,['check'],"[('p1', 'check'), ('p2', 'check')]",0.0,2466.0,0.0,tie,showdown,False,2,114.0,114.0,calling_station
1912,k,j,max_raise,['max_raise'],"[('p1', 'max_raise'), ('p2', 'call')]",18.0,2484.0,36.0,p1,showdown,False,2,102.0,114.0,calling_station
1913,k,k,max_raise,['max_raise'],"[('p1', 'max_raise'), ('p2', 'call')]",0.0,2484.0,0.0,tie,showdown,False,2,102.0,114.0,calling_station
1914,q,q,max_raise,['max_raise'],"[('p1', 'max_raise'), ('p2', 'call')]",0.0,2484.0,0.0,tie,showdown,False,2,102.0,114.0,calling_station
1915,k,j,max_raise,['max_raise'],"[('p1', 'max_raise'), ('p2', 'call')]",18.0,2502.0,36.0,p1,showdown,False,2,102.0,114.0,calling_station
1916,j,k,check,['check'],"[('p1', 'check'), ('p2', 'check')]",-6.0,2496.0,12.0,p2,showdown,False,2,114.0,114.0,calling_station
1917,q,k,max_raise,['max_raise'],"[('p1', 'max_raise'), ('p2', 'call')]",-18.0,2478.0,36.0,p2,showdown,False,2,102.0,114.0,calling_station
1918,k,k,max_raise,['max_raise'],"[('p1', 'max_raise'), ('p2', 'call')]",0.0,2478.0,0.0,tie,showdown,False,2,102.0,114.0,calling_station
1919,q,k,max_raise,['max_raise'],"[('p1', 'max_raise'), ('p2', 'call')]",-18.0,2460.0,36.0,p2,showdown,False,2,102.0,114.0,calling_station
1920,k,k,max_raise,['max_raise'],"[('p1', 'max_raise'), ('p2', 'call')]",0.0,2460.0,0.0,tie,showdown,False,2,102.0,114.0,calling_station
1921,q,k,max_raise,['max_raise'],"[('p1', 'max_raise'), ('p2', 'call')]",-18.0,2442.0,36.0,p2,showdown,False,2,102.0,114.0,calling_station
1922,k,k,max_raise,['max_raise'],"[('p1', 'max_raise'), ('p2', 'call')]",0.0,2442.0,0.0,tie,showdown,False,2,102.0,114.0,calling_station
1923,j,k,check,['check'],"[('p1', 'check'), ('p2', 'check')]",-6.0,2436.0,12.0,p2,showdown,False,2,114.0,114.0,calling_station
1924,j,j,check,['check'],"[('p1', 'check'), ('p2', 'check')]",0.0,2436.0,0.0,tie,showdown,False,2,114.0,114.0,calling_station
1925,k,k,max_raise,['max_raise'],"[('p1', 'max_raise'), ('p2', 'call')]",0.0,2436.0,0.0,tie,showdown,False,2,102.0,114.0,calling_station
1926,q,q,max_raise,['max_raise'],"[('p1', 'max_raise'), ('p2', 'call')]",0.0,2436.0,0.0,tie,showdown,False,2,102.0,114.0,calling_station
1927,q,j,max_raise,['max_raise'],"[('p1', 'max_raise'), ('p2', 'call')]",18.0,2454.0,36.0,p1,showdown,False,2,102.0,114.0,calling_station
1928,j,k,check,['check'],"[('p1', 'check'), ('p2', 'check')]",-6.0,2448.0,12.0,p2,showdown,False,2,114.0,114.0,calling_station
1929,q,k,max_raise,['max_raise'],"[('p1', 'max_raise'), ('p2', 'call')]",-18.0,2430.0,36.0,p2,showdown,False,2,102.0,114.0,calling_station
1930,k,j,max_raise,['max_raise'],"[('p1', 'max_raise'), ('p2', 'call')]",18.0,2448.0,36.0,p1,showdown,False,2,102.0,114.0,calling_station
1931,k,k,max_raise,['max_raise'],"[('p1', 'max_raise'), ('p2', 'call')]",0.0,2448.0,0.0,tie,showdown,False,2,102.0,114.0,calling_station
1932,j,q,check,['check'],"[('p1', 'check'), ('p2', 'check')]",-6.0,2442.0,12.0,p2,showdown,False,2,114.0,114.0,calling_station
1933,q,k,max_raise,['max_raise'],"[('p1', 'max_raise'), ('p2', 'call')]",-18.0,2424.0,36.0,p2,showdown,False,2,102.0,114.0,calling_station
1934,j,k,check,['check'],"[('p1', 'check'), ('p2', 'check')]",-6.0,2418.0,12.0,p2,showdown,False,2,114.0,114.0,calling_station
1935,q,k,max_raise,['max_raise'],"[('p1', 'max_raise'), ('p2', 'call')]",-18.0,2400.0,36.0,p2,showdown,False,2,102.0,114.0,calling_station
1936,q,k,max_raise,['max_raise'],"[('p1', 'max_raise'), ('p2', 'call')]",-18.0,2382.0,36.0,p2,showdown,False,2,102.0,114.0,calling_station
1937,k,j,max_raise,['max_raise'],"[('p1', 'max_raise'), ('p2', 'call')]",18.0,2400.0,36.0,p1,showdown,False,2,102.0,114.0,calling_station
1938,j,q,check,['check'],"[('p1', 'check'), ('p2', 'check')]",-6.0,2394.0,12.0,p2,showdown,False,2,114.0,114.0,calling_station
1939,q,k,max_raise,['max_raise'],"[('p1', 'max_raise'), ('p2', 'call')]",-18.0,2376.0,36.0,p2,showdown,False,2,102.0,114.0,calling_station
1940,k,j,max_raise,['max_raise'],"[('p1', 'max_raise'), ('p2', 'call')]",18.0,2394.0,36.0,p1,showdown,False,2,102.0,114.0,calling_station
1941,k,j,max_raise,['max_raise'],"[('p1', 'max_raise'), ('p2', 'call')]",18.0,2412.0,36.0,p1,showdown,False,2,102.0,114.0,calling_station
1942,q,q,max_raise,['max_raise'],"[('p1', 'max_raise'), ('p2', 'call')]",0.0,2412.0,0.0,tie,showdown,False,2,102.0,114.0,calling_station
1943,j,k,check,['check'],"[('p1', 'check'), ('p2', 'check')]",-6.0,2406.0,12.0,p2,showdown,False,2,114.0,114.0,calling_station
1944,j,k,check,['check'],"[('p1', 'check'), ('p2', 'check')]",-6.0,2400.0,12.0,p2,showdown,False,2,114.0,114.0,calling_station
1945,j,k,check,['check'],"[('p1', 'check'), ('p2', 'check')]",-6.0,2394.0,12.0,p2,showdown,False,2,114.0,114.0,calling_station
1946,q,j,max_raise,['max_raise'],"[('p1', 'max_raise'), ('p2', 'call')]",18.0,2412.0,36.0,p1,showdown,False,2,102.0,114.0,calling_station
1947,j,q,check,['check'],"[('p1', 'check'), ('p2', 'check')]",-6.0,2406.0,12.0,p2,showdown,False,2,114.0,114.0,calling_station
1948,k,k,max_raise,['max_raise'],"[('p1', 'max_raise'), ('p2', 'call')]",0.0,2406.0,0.0,tie,showdown,False,2,102.0,114.0,calling_station
1949,q,j,max_raise,['max_raise'],"[('p1', 'max_raise'), ('p2', 'call')]",18.0,2424.0,36.0,p1,showdown,False,2,102.0,114.0,calling_station
1950,q,q,max_raise,['max_raise'],"[('p1', 'max_raise'), ('p2', 'call')]",0.0,2424.0,0.0,tie,showdown,False,2,102.0,114.0,calling_station
1951,j,j,check,['check'],"[('p1', 'check'), ('p2', 'check')]",0.0,2424.0,0.0,tie,showdown,False,2,114.0,114.0,calling_station
1952,j,k,check,['check'],"[('p1', 'check'), ('p2', 'check')]",-6.0,2418.0,12.0,p2,showdown,False,2,114.0,114.0,calling_station
1953,q,q,max_raise,['max_raise'],"[('p1', 'max_raise'), ('p2', 'call')]",0.0,2418.0,0.0,tie,showdown,False,2,102.0,114.0,calling_station
1954,q,k,max_raise,['max_raise'],"[('p1', 'max_raise'), ('p2', 'call')]",-18.0,2400.0,36.0,p2,showdown,False,2,102.0,114.0,calling_station
1955,q,j,max_raise,['max_raise'],"[('p1', 'max_raise'), ('p2', 'call')]",18.0,2418.0,36.0,p1,showdown,False,2,102.0,114.0,calling_station
1956,k,j,max_raise,['max_raise'],"[('p1', 'max_raise'), ('p2', 'call')]",18.0,2436.0,36.0,p1,showdown,False,2,102.0,114.0,calling_station
1957,q,k,max_raise,['max_raise'],"[('p1', 'max_raise'), ('p2', 'call')]",-18.0,2418.0,36.0,p2,showdown,False,2,102.0,114.0,calling_station
1958,k,j,max_raise,['max_raise'],"[('p1', 'max_raise'), ('p2', 'call')]",18.0,2436.0,36.0,p1,showdown,False,2,102.0,114.0,calling_station
1959,q,q,max_raise,['max_raise'],"[('p1', 'max_raise'), ('p2', 'call')]",0.0,2436.0,0.0,tie,showdown,False,2,102.0,114.0,calling_station
1960,k,q,max_raise,['max_raise'],"[('p1', 'max_raise'), ('p2', 'call')]",18.0,2454.0,36.0,p1,showdown,False,2,102.0,114.0,calling_station
1961,q,j,max_raise,['max_raise'],"[('p1', 'max_raise'), ('p2', 'call')]",18.0,2472.0,36.0,p1,showdown,False,2,102.0,114.0,calling_station
1962,k,j,max_raise,['max_raise'],"[('p1', 'max_raise'), ('p2', 'call')]",18.0,2490.0,36.0,p1,showdown,False,2,102.0,114.0,calling_station
1963,j,j,check,['check'],"[('p1', 'check'), ('p2', 'check')]",0.0,2490.0,0.0,tie,showdown,False,2,114.0,114.0,calling_station
1964,q,j,max_raise,['max_raise'],"[('p1', 'max_raise'), ('p2', 'call')]",18.0,2508.0,36.0,p1,showdown,False,2,102.0,114.0,calling_station
1965,j,j,check,['check'],"[('p1', 'check'), ('p2', 'check')]",0.0,2508.0,0.0,tie,showdown,False,2,114.0,114.0,calling_station
1966,q,q,max_raise,['max_raise'],"[('p1', 'max_raise'), ('p2', 'call')]",0.0,2508.0,0.0,tie,showdown,False,2,102.0,114.0,calling_station
1967,j,q,check,['check'],"[('p1', 'check'), ('p2', 'check')]",-6.0,2502.0,12.0,p2,showdown,False,2,114.0,114.0,calling_station
1968,j,j,check,['check'],"[('p1', 'check'), ('p2', 'check')]",0.0,2502.0,0.0,tie,showdown,False,2,114.0,114.0,calling_station
1969,j,j,check,['check'],"[('p1', 'check'), ('p2', 'check')]",0.0,2502.0,0.0,tie,showdown,False,2,114.0,114.0,calling_station
1970,k,q,max_raise,['max_raise'],"[('p1', 'max_raise'), ('p2', 'call')]",18.0,2520.0,36.0,p1,showdown,False,2,102.0,114.0,calling_station
1971,j,k,check,['check'],"[('p1', 'check'), ('p2', 'check')]",-6.0,2514.0,12.0,p2,showdown,False,2,114.0,114.0,calling_station
1972,k,j,max_raise,['max_raise'],"[('p1', 'max_raise'), ('p2', 'call')]",18.0,2532.0,36.0,p1,showdown,False,2,102.0,114.0,calling_station
1973,j,q,check,['check'],"[('p1', 'check'), ('p2', 'check')]",-6.0,2526.0,12.0,p2,showdown,False,2,114.0,114.0,calling_station
1974,k,q,max_raise,['max_raise'],"[('p1', 'max_raise'), ('p2', 'call')]",18.0,2544.0,36.0,p1,showdown,False,2,102.0,114.0,calling_station
1975,q,k,max_raise,['max_raise'],"[('p1', 'max_raise'), ('p2', 'call')]",-18.0,2526.0,36.0,p2,showdown,False,2,102.0,114.0,calling_station
1976,q,k,max_raise,['max_raise'],"[('p1', 'max_raise'), ('p2', 'call')]",-18.0,2508.0,36.0,p2,showdown,False,2,102.0,114.0,calling_station
1977,j,j,check,['check'],"[('p1', 'check'), ('p2', 'check')]",0.0,2508.0,0.0,tie,showdown,False,2,114.0,114.0,calling_station
1978,j,j,check,['check'],"[('p1', 'check'), ('p2', 'check')]",0.0,2508.0,0.0,tie,showdown,False,2,114.0,114.0,calling_station
1979,j,j,check,['check'],"[('p1', 'check'), ('p2', 'check')]",0.0,2508.0,0.0,tie,showdown,False,2,114.0,114.0,calling_station
1980,j,k,check,['check'],"[('p1', 'check'), ('p2', 'check')]",-6.0,2502.0,12.0,p2,showdown,False,2,114.0,114.0,calling_station
1981,q,q,max_raise,['max_raise'],"[('p1', 'max_raise'), ('p2', 'call')]",0.0,2502.0,0.0,tie,showdown,False,2,102.0,114.0,calling_station
1982,q,k,max_raise,['max_raise'],"[('p1', 'max_raise'), ('p2', 'call')]",-18.0,2484.0,36.0,p2,showdown,False,2,102.0,114.0,calling_station
1983,q,q,max_raise,['max_raise'],"[('p1', 'max_raise'), ('p2', 'call')]",0.0,2484.0,0.0,tie,showdown,False,2,102.0,114.0,calling_station
1984,k,k,max_raise,['max_raise'],"[('p1', 'max_raise'), ('p2', 'call')]",0.0,2484.0,0.0,tie,showdown,False,2,102.0,114.0,calling_station
1985,j,q,check,['check'],"[('p1', 'check'), ('p2', 'check')]",-6.0,2478.0,12.0,p2,showdown,False,2,114.0,114.0,calling_station
1986,q,k,max_raise,['max_raise'],"[('p1', 'max_raise'), ('p2', 'call')]",-18.0,2460.0,36.0,p2,showdown,False,2,102.0,114.0,calling_station
1987,j,k,check,['check'],"[('p1', 'check'), ('p2', 'check')]",-6.0,2454.0,12.0,p2,showdown,False,2,114.0,114.0,calling_station
1988,j,q,check,['check'],"[('p1', 'check'), ('p2', 'check')]",-6.0,2448.0,12.0,p2,showdown,False,2,114.0,114.0,calling_station
1989,k,j,max_raise,['max_raise'],"[('p1', 'max_raise'), ('p2', 'call')]",18.0,2466.0,36.0,p1,showdown,False,2,102.0,114.0,calling_station
1990,k,j,max_raise,['max_raise'],"[('p1', 'max_raise'), ('p2', 'call')]",18.0,2484.0,36.0,p1,showdown,False,2,102.0,114.0,calling_station
1991,k,k,max_raise,['max_raise'],"[('p1', 'max_raise'), ('p2', 'call')]",0.0,2484.0,0.0,tie,showdown,False,2,102.0,114.0,calling_station
1992,j,k,check,['check'],"[('p1', 'check'), ('p2', 'check')]",-6.0,2478.0,12.0,p2,showdown,False,2,114.0,114.0,calling_station
1993,j,q,check,['check'],"[('p1', 'check'), ('p2', 'check')]",-6.0,2472.0,12.0,p2,showdown,False,2,114.0,114.0,calling_station
1994,j,q,check,['check'],"[('p1', 'check'), ('p2', 'check')]",-6.0,2466.0,12.0,p2,showdown,False,2,114.0,114.0,calling_station
1995,k,q,max_raise,['max_raise'],"[('p1', 'max_raise'), ('p2', 'call')]",18.0,2484.0,36.0,p1,showdown,False,2,102.0,114.0,calling_station
1996,k,q,max_raise,['max_raise'],"[('p1', 'max_raise'), ('p2', 'call')]",18.0,2502.0,36.0,p1,showdown,False,2,102.0,114.0,calling_station
1997,q,k,max_raise,['max_raise'],"[('p1', 'max_raise'), ('p2', 'call')]",-18.0,2484.0,36.0,p2,showdown,False,2,102.0,114.0,calling_station
1998,k,q,max_raise,['max_raise'],"[('p1', 'max_raise'), ('p2', 'call')]",18.0,2502.0,36.0,p1,showdown,False,2,102.0,114.0,calling_station
1999,k,j,max_raise,['max_raise'],"[('p1', 'max_raise'), ('p2', 'call')]",18.0,2520.0,36.0,p1,showdown,False,2,102.0,114.0,calling_station
2000,q,j,max_raise,['max_raise'],"[('p1', 'max_raise'), ('p2', 'call')]",18.0,2538.0,36.0,p1,showdown,False,2,102.0,114.0,calling_station
2001,q,q,max_raise,['max_raise'],"[('p1', 'max_raise'), ('p2', 'call')]",0.0,2538.0,0.0,tie,showdown,False,2,102.0,114.0,calling_station
2002,k,q,max_raise,['max_raise'],"[('p1', 'max_raise'), ('p2', 'call')]",18.0,2556.0,36.0,p1,showdown,False,2,102.0,114.0,calling_station
2003,q,q,max_raise,['max_raise'],"[('p1', 'max_raise'), ('p2', 'call')]",0.0,2556.0,0.0,tie,showdown,False,2,102.0,114.0,calling_station
2004,j,k,check,['check'],"[('p1', 'check'), ('p2', 'check')]",-6.0,2550.0,12.0,p2,showdown,False,2,114.0,114.0,calling_station
2005,k,q,max_raise,['max_raise'],"[('p1', 'max_raise'), ('p2', 'call')]",18.0,2568.0,36.0,p1,showdown,False,2,102.0,114.0,calling_station
2006,j,q,check,['check'],"[('p1', 'check'), ('p2', 'check')]",-6.0,2562.0,12.0,p2,showdown,False,2,114.0,114.0,calling_station
2007,j,q,check,['check'],"[('p1', 'check'), ('p2', 'check')]",-6.0,2556.0,12.0,p2,showdown,False,2,114.0,114.0,calling_station
2008,j,q,check,['check'],"[('p1', 'check'), ('p2', 'check')]",-6.0,2550.0,12.0,p2,showdown,False,2,114.0,114.0,calling_station
2009,q,q,max_raise,['max_raise'],"[('p1', 'max_raise'), ('p2', 'call')]",0.0,2550.0,0.0,tie,showdown,False,2,102.0,114.0,calling_station
2010,j,q,check,['check'],"[('p1', 'check'), ('p2', 'check')]",-6.0,2544.0,12.0,p2,showdown,False,2,114.0,114.0,calling_station
2011,k,k,max_raise,['max_raise'],"[('p1', 'max_raise'), ('p2', 'call')]",0.0,2544.0,0.0,tie,showdown,False,2,102.0,114.0,calling_station
2012,k,q,max_raise,['max_raise'],"[('p1', 'max_raise'), ('p2', 'call')]",18.0,2562.0,36.0,p1,showdown,False,2,102.0,114.0,calling_station
2013,k,q,max_raise,['max_raise'],"[('p1', 'max_raise'), ('p2', 'call')]",18.0,2580.0,36.0,p1,showdown,False,2,102.0,114.0,calling_station
2014,j,k,check,['check'],"[('p1', 'check'), ('p2', 'check')]",-6.0,2574.0,12.0,p2,showdown,False,2,114.0,114.0,calling_station
2015,q,j,max_raise,['max_raise'],"[('p1', 'max_raise'), ('p2', 'call')]",18.0,2592.0,36.0,p1,showdown,False,2,102.0,114.0,calling_station
2016,j,q,check,['check'],"[('p1', 'check'), ('p2', 'check')]",-6.0,2586.0,12.0,p2,showdown,False,2,114.0,114.0,calling_station
2017,k,k,max_raise,['max_raise'],"[('p1', 'max_raise'), ('p2', 'call')]",0.0,2586.0,0.0,tie,showdown,False,2,102.0,114.0,calling_station
2018,q,k,max_raise,['max_raise'],"[('p1', 'max_raise'), ('p2', 'call')]",-18.0,2568.0,36.0,p2,showdown,False,2,102.0,114.0,calling_station
2019,q,j,max_raise,['max_raise'],"[('p1', 'max_raise'), ('p2', 'call')]",18.0,2586.0,36.0,p1,showdown,False,2,102.0,114.0,calling_station
2020,j,j,check,['check'],"[('p1', 'check'), ('p2', 'check')]",0.0,2586.0,0.0,tie,showdown,False,2,114.0,114.0,calling_station
2021,q,k,max_raise,['max_raise'],"[('p1', 'max_raise'), ('p2', 'call')]",-18.0,2568.0,36.0,p2,showdown,False,2,102.0,114.0,calling_station
2022,k,q,max_raise,['max_raise'],"[('p1', 'max_raise'), ('p2', 'call')]",18.0,2586.0,36.0,p1,showdown,False,2,102.0,114.0,calling_station
2023,j,q,check,['check'],"[('p1', 'check'), ('p2', 'check')]",-6.0,2580.0,12.0,p2,showdown,False,2,114.0,114.0,calling_station
2024,q,q,max_raise,['max_raise'],"[('p1', 'max_raise'), ('p2', 'call')]",0.0,2580.0,0.0,tie,showdown,False,2,102.0,114.0,calling_station
2025,j,k,check,['check'],"[('p1', 'check'), ('p2', 'check')]",-6.0,2574.0,12.0,p2,showdown,False,2,114.0,114.0,calling_station
2026,k,k,max_raise,['max_raise'],"[('p1', 'max_raise'), ('p2', 'call')]",0.0,2574.0,0.0,tie,showdown,False,2,102.0,114.0,calling_station
2027,q,k,max_raise,['max_raise'],"[('p1', 'max_raise'), ('p2', 'call')]",-18.0,2556.0,36.0,p2,showdown,False,2,102.0,114.0,calling_station
2028,k,k,max_raise,['max_raise'],"[('p1', 'max_raise'), ('p2', 'call')]",0.0,2556.0,0.0,tie,showdown,False,2,102.0,114.0,calling_station
2029,q,q,max_raise,['max_raise'],"[('p1', 'max_raise'), ('p2', 'call')]",0.0,2556.0,0.0,tie,showdown,False,2,102.0,114.0,calling_station
2030,k,q,max_raise,['max_raise'],"[('p1', 'max_raise'), ('p2', 'call')]",18.0,2574.0,36.0,p1,showdown,False,2,102.0,114.0,calling_station
2031,k,j,max_raise,['max_raise'],"[('p1', 'max_raise'), ('p2', 'call')]",18.0,2592.0,36.0,p1,showdown,False,2,102.0,114.0,calling_station
2032,q,j,max_raise,['max_raise'],"[('p1', 'max_raise'), ('p2', 'call')]",18.0,2610.0,36.0,p1,showdown,False,2,102.0,114.0,calling_station
2033,q,j,max_raise,['max_raise'],"[('p1', 'max_raise'), ('p2', 'call')]",18.0,2628.0,36.0,p1,showdown,False,2,102.0,114.0,calling_station
2034,q,k,max_raise,['max_raise'],"[('p1', 'max_raise'), ('p2', 'call')]",-18.0,2610.0,36.0,p2,showdown,False,2,102.0,114.0,calling_station
2035,k,j,max_raise,['max_raise'],"[('p1', 'max_raise'), ('p2', 'call')]",18.0,2628.0,36.0,p1,showdown,False,2,102.0,114.0,calling_station
2036,k,k,max_raise,['max_raise'],"[('p1', 'max_raise'), ('p2', 'call')]",0.0,2628.0,0.0,tie,showdown,False,2,102.0,114.0,calling_station
2037,q,k,max_raise,['max_raise'],"[('p1', 'max_raise'), ('p2', 'call')]",-18.0,2610.0,36.0,p2,showdown,False,2,102.0,114.0,calling_station
2038,q,q,max_raise,['max_raise'],"[('p1', 'max_raise'), ('p2', 'call')]",0.0,2610.0,0.0,tie,showdown,False,2,102.0,114.0,calling_station
2039,j,q,check,['check'],"[('p1', 'check'), ('p2', 'check')]",-6.0,2604.0,12.0,p2,showdown,False,2,114.0,114.0,calling_station
2040,q,k,max_raise,['max_raise'],"[('p1', 'max_raise'), ('p2', 'call')]",-18.0,2586.0,36.0,p2,showdown,False,2,102.0,114.0,calling_station
2041,j,k,check,['check'],"[('p1', 'check'), ('p2', 'check')]",-6.0,2580.0,12.0,p2,showdown,False,2,114.0,114.0,calling_station
2042,k,j,max_raise,['max_raise'],"[('p1', 'max_raise'), ('p2', 'call')]",18.0,2598.0,36.0,p1,showdown,False,2,102.0,114.0,calling_station
2043,j,j,check,['check'],"[('p1', 'check'), ('p2', 'check')]",0.0,2598.0,0.0,tie,showdown,False,2,114.0,114.0,calling_station
2044,k,k,max_raise,['max_raise'],"[('p1', 'max_raise'), ('p2', 'call')]",0.0,2598.0,0.0,tie,showdown,False,2,102.0,114.0,calling_station
2045,k,q,max_raise,['max_raise'],"[('p1', 'max_raise'), ('p2', 'call')]",18.0,2616.0,36.0,p1,showdown,False,2,102.0,114.0,calling_station
2046,j,k,check,['check'],"[('p1', 'check'), ('p2', 'check')]",-6.0,2610.0,12.0,p2,showdown,False,2,114.0,114.0,calling_station
2047,j,q,check,['check'],"[('p1', 'check'), ('p2', 'check')]",-6.0,2604.0,12.0,p2,showdown,False,2,114.0,114.0,calling_station
2048,q,j,max_raise,['max_raise'],"[('p1', 'max_raise'), ('p2', 'call')]",18.0,2622.0,36.0,p1,showdown,False,2,102.0,114.0,calling_station
2049,q,k,max_raise,['max_raise'],"[('p1', 'max_raise'), ('p2', 'call')]",-18.0,2604.0,36.0,p2,showdown,False,2,102.0,114.0,calling_station
2050,q,q,max_raise,['max_raise'],"[('p1', 'max_raise'), ('p2', 'call')]",0.0,2604.0,0.0,tie,showdown,False,2,102.0,114.0,calling_station
2051,q,j,max_raise,['max_raise'],"[('p1', 'max_raise'), ('p2', 'call')]",18.0,2622.0,36.0,p1,showdown,False,2,102.0,114.0,calling_station
2052,k,q,max_raise,['max_raise'],"[('p1', 'max_raise'), ('p2', 'call')]",18.0,2640.0,36.0,p1,showdown,False,2,102.0,114.0,calling_station
2053,j,k,check,['check'],"[('p1', 'check'), ('p2', 'check')]",-6.0,2634.0,12.0,p2,showdown,False,2,114.0,114.0,calling_station
2054,q,j,max_raise,['max_raise'],"[('p1', 'max_raise'), ('p2', 'call')]",18.0,2652.0,36.0,p1,showdown,False,2,102.0,114.0,calling_station
2055,j,q,check,['check'],"[('p1', 'check'), ('p2', 'check')]",-6.0,2646.0,12.0,p2,showdown,False,2,114.0,114.0,calling_station
2056,q,k,max_raise,['max_raise'],"[('p1', 'max_raise'), ('p2', 'call')]",-18.0,2628.0,36.0,p2,showdown,False,2,102.0,114.0,calling_station
2057,j,q,check,['check'],"[('p1', 'check'), ('p2', 'check')]",-6.0,2622.0,12.0,p2,showdown,False,2,114.0,114.0,calling_station
2058,j,j,check,['check'],"[('p1', 'check'), ('p2', 'check')]",0.0,2622.0,0.0,tie,showdown,False,2,114.0,114.0,calling_station
2059,q,q,max_raise,['max_raise'],"[('p1', 'max_raise'), ('p2', 'call')]",0.0,2622.0,0.0,tie,showdown,False,2,102.0,114.0,calling_station
2060,k,q,max_raise,['max_raise'],"[('p1', 'max_raise'), ('p2', 'call')]",18.0,2640.0,36.0,p1,showdown,False,2,102.0,114.0,calling_station
2061,j,q,check,['check'],"[('p1', 'check'), ('p2', 'check')]",-6.0,2634.0,12.0,p2,showdown,False,2,114.0,114.0,calling_station
2062,j,j,check,['check'],"[('p1', 'check'), ('p2', 'check')]",0.0,2634.0,0.0,tie,showdown,False,2,114.0,114.0,calling_station
2063,q,j,max_raise,['max_raise'],"[('p1', 'max_raise'), ('p2', 'call')]",18.0,2652.0,36.0,p1,showdown,False,2,102.0,114.0,calling_station
2064,j,q,check,['check'],"[('p1', 'check'), ('p2', 'check')]",-6.0,2646.0,12.0,p2,showdown,False,2,114.0,114.0,calling_station
2065,q,j,max_raise,['max_raise'],"[('p1', 'max_raise'), ('p2', 'call')]",18.0,2664.0,36.0,p1,showdown,False,2,102.0,114.0,calling_station
2066,q,q,max_raise,['max_raise'],"[('p1', 'max_raise'), ('p2', 'call')]",0.0,2664.0,0.0,tie,showdown,False,2,102.0,114.0,calling_station
2067,q,j,max_raise,['max_raise'],"[('p1', 'max_raise'), ('p2', 'call')]",18.0,2682.0,36.0,p1,showdown,False,2,102.0,114.0,calling_station
2068,q,q,max_raise,['max_raise'],"[('p1', 'max_raise'), ('p2', 'call')]",0.0,2682.0,0.0,tie,showdown,False,2,102.0,114.0,calling_station
2069,k,k,max_raise,['max_raise'],"[('p1', 'max_raise'), ('p2', 'call')]",0.0,2682.0,0.0,tie,showdown,False,2,102.0,114.0,calling_station
2070,q,j,max_raise,['max_raise'],"[('p1', 'max_raise'), ('p2', 'call')]",18.0,2700.0,36.0,p1,showdown,False,2,102.0,114.0,calling_station
2071,j,j,check,['check'],"[('p1', 'check'), ('p2', 'check')]",0.0,2700.0,0.0,tie,showdown,False,2,114.0,114.0,calling_station
2072,k,q,max_raise,['max_raise'],"[('p1', 'max_raise'), ('p2', 'call')]",18.0,2718.0,36.0,p1,showdown,False,2,102.0,114.0,calling_station
2073,j,k,check,['check'],"[('p1', 'check'), ('p2', 'check')]",-6.0,2712.0,12.0,p2,showdown,False,2,114.0,114.0,calling_station
2074,k,k,max_raise,['max_raise'],"[('p1', 'max_raise'), ('p2', 'call')]",0.0,2712.0,0.0,tie,showdown,False,2,102.0,114.0,calling_station
2075,q,j,max_raise,['max_raise'],"[('p1', 'max_raise'), ('p2', 'call')]",18.0,2730.0,36.0,p1,showdown,False,2,102.0,114.0,calling_station
2076,j,k,check,['check'],"[('p1', 'check'), ('p2', 'check')]",-6.0,2724.0,12.0,p2,showdown,False,2,114.0,114.0,calling_station
2077,j,k,check,['check'],"[('p1', 'check'), ('p2', 'check')]",-6.0,2718.0,12.0,p2,showdown,False,2,114.0,114.0,calling_station
2078,j,j,check,['check'],"[('p1', 'check'), ('p2', 'check')]",0.0,2718.0,0.0,tie,showdown,False,2,114.0,114.0,calling_station
2079,k,q,max_raise,['max_raise'],"[('p1', 'max_raise'), ('p2', 'call')]",18.0,2736.0,36.0,p1,showdown,False,2,102.0,114.0,calling_station
2080,j,j,check,['check'],"[('p1', 'check'), ('p2', 'check')]",0.0,2736.0,0.0,tie,showdown,False,2,114.0,114.0,calling_station
2081,j,q,check,['check'],"[('p1', 'check'), ('p2', 'check')]",-6.0,2730.0,12.0,p2,showdown,False,2,114.0,114.0,calling_station
2082,j,q,check,['check'],"[('p1', 'check'), ('p2', 'check')]",-6.0,2724.0,12.0,p2,showdown,False,2,114.0,114.0,calling_station
2083,k,q,max_raise,['max_raise'],"[('p1', 'max_raise'), ('p2', 'call')]",18.0,2742.0,36.0,p1,showdown,False,2,102.0,114.0,calling_station
2084,j,q,check,['check'],"[('p1', 'check'), ('p2', 'check')]",-6.0,2736.0,12.0,p2,showdown,False,2,114.0,114.0,calling_station
2085,k,k,max_raise,['max_raise'],"[('p1', 'max_raise'), ('p2', 'call')]",0.0,2736.0,0.0,tie,showdown,False,2,102.0,114.0,calling_station
2086,j,q,check,['check'],"[('p1', 'check'), ('p2', 'check')]",-6.0,2730.0,12.0,p2,showdown,False,2,114.0,114.0,calling_station
2087,k,q,max_raise,['max_raise'],"[('p1', 'max_raise'), ('p2', 'call')]",18.0,2748.0,36.0,p1,showdown,False,2,102.0,114.0,calling_station
2088,q,q,max_raise,['max_raise'],"[('p1', 'max_raise'), ('p2', 'call')]",0.0,2748.0,0.0,tie,showdown,False,2,102.0,114.0,calling_station
2089,j,q,check,['check'],"[('p1', 'check'), ('p2', 'check')]",-6.0,2742.0,12.0,p2,showdown,False,2,114.0,114.0,calling_station
2090,q,j,max_raise,['max_raise'],"[('p1', 'max_raise'), ('p2', 'call')]",18.0,2760.0,36.0,p1,showdown,False,2,102.0,114.0,calling_station
2091,j,q,check,['check'],"[('p1', 'check'), ('p2', 'check')]",-6.0,2754.0,12.0,p2,showdown,False,2,114.0,114.0,calling_station
2092,k,q,max_raise,['max_raise'],"[('p1', 'max_raise'), ('p2', 'call')]",18.0,2772.0,36.0,p1,showdown,False,2,102.0,114.0,calling_station
2093,j,k,check,['check'],"[('p1', 'check'), ('p2', 'check')]",-6.0,2766.0,12.0,p2,showdown,False,2,114.0,114.0,calling_station
2094,j,q,check,['check'],"[('p1', 'check'), ('p2', 'check')]",-6.0,2760.0,12.0,p2,showdown,False,2,114.0,114.0,calling_station
2095,k,q,max_raise,['max_raise'],"[('p1', 'max_raise'), ('p2', 'call')]",18.0,2778.0,36.0,p1,showdown,False,2,102.0,114.0,calling_station
2096,q,j,max_raise,['max_raise'],"[('p1', 'max_raise'), ('p2', 'call')]",18.0,2796.0,36.0,p1,showdown,False,2,102.0,114.0,calling_station
2097,k,j,max_raise,['max_raise'],"[('p1', 'max_raise'), ('p2', 'call')]",18.0,2814.0,36.0,p1,showdown,False,2,102.0,114.0,calling_station
2098,k,j,max_raise,['max_raise'],"[('p1', 'max_raise'), ('p2', 'call')]",18.0,2832.0,36.0,p1,showdown,False,2,102.0,114.0,calling_station
2099,q,q,max_raise,['max_raise'],"[('p1', 'max_raise'), ('p2', 'call')]",0.0,2832.0,0.0,tie,showdown,False,2,102.0,114.0,calling_station
2100,q,q,max_raise,['max_raise'],"[('p1', 'max_raise'), ('p2', 'call')]",0.0,2832.0,0.0,tie,showdown,False,2,102.0,114.0,calling_station
2101,q,q,max_raise,['max_raise'],"[('p1', 'max_raise'), ('p2', 'call')]",0.0,2832.0,0.0,tie,showdown,False,2,102.0,114.0,calling_station
2102,j,j,check,['check'],"[('p1', 'check'), ('p2', 'check')]",0.0,2832.0,0.0,tie,showdown,False,2,114.0,114.0,calling_station
2103,k,q,max_raise,['max_raise'],"[('p1', 'max_raise'), ('p2', 'call')]",18.0,2850.0,36.0,p1,showdown,False,2,102.0,114.0,calling_station
2104,j,j,check,['check'],"[('p1', 'check'), ('p2', 'check')]",0.0,2850.0,0.0,tie,showdown,False,2,114.0,114.0,calling_station
2105,q,j,max_raise,['max_raise'],"[('p1', 'max_raise'), ('p2', 'call')]",18.0,2868.0,36.0,p1,showdown,False,2,102.0,114.0,calling_station
2106,j,k,check,['check'],"[('p1', 'check'), ('p2', 'check')]",-6.0,2862.0,12.0,p2,showdown,False,2,114.0,114.0,calling_station
2107,q,j,max_raise,['max_raise'],"[('p1', 'max_raise'), ('p2', 'call')]",18.0,2880.0,36.0,p1,showdown,False,2,102.0,114.0,calling_station
2108,q,j,max_raise,['max_raise'],"[('p1', 'max_raise'), ('p2', 'call')]",18.0,2898.0,36.0,p1,showdown,False,2,102.0,114.0,calling_station
2109,k,q,max_raise,['max_raise'],"[('p1', 'max_raise'), ('p2', 'call')]",18.0,2916.0,36.0,p1,showdown,False,2,102.0,114.0,calling_station
2110,k,k,max_raise,['max_raise'],"[('p1', 'max_raise'), ('p2', 'call')]",0.0,2916.0,0.0,tie,showdown,False,2,102.0,114.0,calling_station
2111,q,j,max_raise,['max_raise'],"[('p1', 'max_raise'), ('p2', 'call')]",18.0,2934.0,36.0,p1,showdown,False,2,102.0,114.0,calling_station
2112,j,q,check,['check'],"[('p1', 'check'), ('p2', 'check')]",-6.0,2928.0,12.0,p2,showdown,False,2,114.0,114.0,calling_station
2113,j,k,check,['check'],"[('p1', 'check'), ('p2', 'check')]",-6.0,2922.0,12.0,p2,showdown,False,2,114.0,114.0,calling_station
2114,k,k,max_raise,['max_raise'],"[('p1', 'max_raise'), ('p2', 'call')]",0.0,2922.0,0.0,tie,showdown,False,2,102.0,114.0,calling_station
2115,q,k,max_raise,['max_raise'],"[('p1', 'max_raise'), ('p2', 'call')]",-18.0,2904.0,36.0,p2,showdown,False,2,102.0,114.0,calling_station
2116,j,j,check,['check'],"[('p1', 'check'), ('p2', 'check')]",0.0,2904.0,0.0,tie,showdown,False,2,114.0,114.0,calling_station
2117,j,q,check,['check'],"[('p1', 'check'), ('p2', 'check')]",-6.0,2898.0,12.0,p2,showdown,False,2,114.0,114.0,calling_station
2118,k,q,max_raise,['max_raise'],"[('p1', 'max_raise'), ('p2', 'call')]",18.0,2916.0,36.0,p1,showdown,False,2,102.0,114.0,calling_station
2119,q,k,max_raise,['max_raise'],"[('p1', 'max_raise'), ('p2', 'call')]",-18.0,2898.0,36.0,p2,showdown,False,2,102.0,114.0,calling_station
2120,q,k,max_raise,['max_raise'],"[('p1', 'max_raise'), ('p2', 'call')]",-18.0,2880.0,36.0,p2,showdown,False,2,102.0,114.0,calling_station
2121,q,k,max_raise,['max_raise'],"[('p1', 'max_raise'), ('p2', 'call')]",-18.0,2862.0,36.0,p2,showdown,False,2,102.0,114.0,calling_station
2122,j,k,check,['check'],"[('p1', 'check'), ('p2', 'check')]",-6.0,2856.0,12.0,p2,showdown,False,2,114.0,114.0,calling_station
2123,j,q,check,['check'],"[('p1', 'check'), ('p2', 'check')]",-6.0,2850.0,12.0,p2,showdown,False,2,114.0,114.0,calling_station
2124,j,k,check,['check'],"[('p1', 'check'), ('p2', 'check')]",-6.0,2844.0,12.0,p2,showdown,False,2,114.0,114.0,calling_station
2125,k,q,max_raise,['max_raise'],"[('p1', 'max_raise'), ('p2', 'call')]",18.0,2862.0,36.0,p1,showdown,False,2,102.0,114.0,calling_station
2126,q,k,max_raise,['max_raise'],"[('p1', 'max_raise'), ('p2', 'call')]",-18.0,2844.0,36.0,p2,showdown,False,2,102.0,114.0,calling_station
2127,k,q,max_raise,['max_raise'],"[('p1', 'max_raise'), ('p2', 'call')]",18.0,2862.0,36.0,p1,showdown,False,2,102.0,114.0,calling_station
2128,k,q,max_raise,['max_raise'],"[('p1', 'max_raise'), ('p2', 'call')]",18.0,2880.0,36.0,p1,showdown,False,2,102.0,114.0,calling_station
2129,j,q,check,['check'],"[('p1', 'check'), ('p2', 'check')]",-6.0,2874.0,12.0,p2,showdown,False,2,114.0,114.0,calling_station
2130,q,j,max_raise,['max_raise'],"[('p1', 'max_raise'), ('p2', 'call')]",18.0,2892.0,36.0,p1,showdown,False,2,102.0,114.0,calling_station
2131,q,k,max_raise,['max_raise'],"[('p1', 'max_raise'), ('p2', 'call')]",-18.0,2874.0,36.0,p2,showdown,False,2,102.0,114.0,calling_station
2132,q,k,max_raise,['max_raise'],"[('p1', 'max_raise'), ('p2', 'call')]",-18.0,2856.0,36.0,p2,showdown,False,2,102.0,114.0,calling_station
2133,k,q,max_raise,['max_raise'],"[('p1', 'max_raise'), ('p2', 'call')]",18.0,2874.0,36.0,p1,showdown,False,2,102.0,114.0,calling_station
2134,q,k,max_raise,['max_raise'],"[('p1', 'max_raise'), ('p2', 'call')]",-18.0,2856.0,36.0,p2,showdown,False,2,102.0,114.0,calling_station
2135,q,k,max_raise,['max_raise'],"[('p1', 'max_raise'), ('p2', 'call')]",-18.0,2838.0,36.0,p2,showdown,False,2,102.0,114.0,calling_station
2136,q,j,max_raise,['max_raise'],"[('p1', 'max_raise'), ('p2', 'call')]",18.0,2856.0,36.0,p1,showdown,False,2,102.0,114.0,calling_station
2137,k,j,max_raise,['max_raise'],"[('p1', 'max_raise'), ('p2', 'call')]",18.0,2874.0,36.0,p1,showdown,False,2,102.0,114.0,calling_station
2138,q,j,max_raise,['max_raise'],"[('p1', 'max_raise'), ('p2', 'call')]",18.0,2892.0,36.0,p1,showdown,False,2,102.0,114.0,calling_station
2139,q,j,max_raise,['max_raise'],"[('p1', 'max_raise'), ('p2', 'call')]",18.0,2910.0,36.0,p1,showdown,False,2,102.0,114.0,calling_station
2140,k,q,max_raise,['max_raise'],"[('p1', 'max_raise'), ('p2', 'call')]",18.0,2928.0,36.0,p1,showdown,False,2,102.0,114.0,calling_station
2141,j,q,check,['check'],"[('p1', 'check'), ('p2', 'check')]",-6.0,2922.0,12.0,p2,showdown,False,2,114.0,114.0,calling_station
2142,q,j,max_raise,['max_raise'],"[('p1', 'max_raise'), ('p2', 'call')]",18.0,2940.0,36.0,p1,showdown,False,2,102.0,114.0,calling_station
2143,q,q,max_raise,['max_raise'],"[('p1', 'max_raise'), ('p2', 'call')]",0.0,2940.0,0.0,tie,showdown,False,2,102.0,114.0,calling_station
2144,q,k,max_raise,['max_raise'],"[('p1', 'max_raise'), ('p2', 'call')]",-18.0,2922.0,36.0,p2,showdown,False,2,102.0,114.0,calling_station
2145,k,j,max_raise,['max_raise'],"[('p1', 'max_raise'), ('p2', 'call')]",18.0,2940.0,36.0,p1,showdown,False,2,102.0,114.0,calling_station
2146,j,j,check,['check'],"[('p1', 'check'), ('p2', 'check')]",0.0,2940.0,0.0,tie,showdown,False,2,114.0,114.0,calling_station
2147,j,j,check,['check'],"[('p1', 'check'), ('p2', 'check')]",0.0,2940.0,0.0,tie,showdown,False,2,114.0,114.0,calling_station
2148,k,j,max_raise,['max_raise'],"[('p1', 'max_raise'), ('p2', 'call')]",18.0,2958.0,36.0,p1,showdown,False,2,102.0,114.0,calling_station
2149,k,q,max_raise,['max_raise'],"[('p1', 'max_raise'), ('p2', 'call')]",18.0,2976.0,36.0,p1,showdown,False,2,102.0,114.0,calling_station
2150,k,q,max_raise,['max_raise'],"[('p1', 'max_raise'), ('p2', 'call')]",18.0,2994.0,36.0,p1,showdown,False,2,102.0,114.0,calling_station
2151,k,j,max_raise,['max_raise'],"[('p1', 'max_raise'), ('p2', 'call')]",18.0,3012.0,36.0,p1,showdown,False,2,102.0,114.0,calling_station
2152,q,j,max_raise,['max_raise'],"[('p1', 'max_raise'), ('p2', 'call')]",18.0,3030.0,36.0,p1,showdown,False,2,102.0,114.0,calling_station
2153,k,q,max_raise,['max_raise'],"[('p1', 'max_raise'), ('p2', 'call')]",18.0,3048.0,36.0,p1,showdown,False,2,102.0,114.0,calling_station
2154,q,k,max_raise,['max_raise'],"[('p1', 'max_raise'), ('p2', 'call')]",-18.0,3030.0,36.0,p2,showdown,False,2,102.0,114.0,calling_station
2155,j,k,check,['check'],"[('p1', 'check'), ('p2', 'check')]",-6.0,3024.0,12.0,p2,showdown,False,2,114.0,114.0,calling_station
2156,q,k,max_raise,['max_raise'],"[('p1', 'max_raise'), ('p2', 'call')]",-18.0,3006.0,36.0,p2,showdown,False,2,102.0,114.0,calling_station
2157,j,k,check,['check'],"[('p1', 'check'), ('p2', 'check')]",-6.0,3000.0,12.0,p2,showdown,False,2,114.0,114.0,calling_station
2158,q,k,max_raise,['max_raise'],"[('p1', 'max_raise'), ('p2', 'call')]",-18.0,2982.0,36.0,p2,showdown,False,2,102.0,114.0,calling_station
2159,q,k,max_raise,['max_raise'],"[('p1', 'max_raise'), ('p2', 'call')]",-18.0,2964.0,36.0,p2,showdown,False,2,102.0,114.0,calling_station
2160,q,q,max_raise,['max_raise'],"[('p1', 'max_raise'), ('p2', 'call')]",0.0,2964.0,0.0,tie,showdown,False,2,102.0,114.0,calling_station
2161,j,q,check,['check'],"[('p1', 'check'), ('p2', 'check')]",-6.0,2958.0,12.0,p2,showdown,False,2,114.0,114.0,calling_station
2162,j,q,check,['check'],"[('p1', 'check'), ('p2', 'check')]",-6.0,2952.0,12.0,p2,showdown,False,2,114.0,114.0,calling_station
2163,k,j,max_raise,['max_raise'],"[('p1', 'max_raise'), ('p2', 'call')]",18.0,2970.0,36.0,p1,showdown,False,2,102.0,114.0,calling_station
2164,j,j,check,['check'],"[('p1', 'check'), ('p2', 'check')]",0.0,2970.0,0.0,tie,showdown,False,2,114.0,114.0,calling_station
2165,q,q,max_raise,['max_raise'],"[('p1', 'max_raise'), ('p2', 'call')]",0.0,2970.0,0.0,tie,showdown,False,2,102.0,114.0,calling_station
2166,q,k,max_raise,['max_raise'],"[('p1', 'max_raise'), ('p2', 'call')]",-18.0,2952.0,36.0,p2,showdown,False,2,102.0,114.0,calling_station
2167,q,q,max_raise,['max_raise'],"[('p1', 'max_raise'), ('p2', 'call')]",0.0,2952.0,0.0,tie,showdown,False,2,102.0,114.0,calling_station
2168,j,k,check,['check'],"[('p1', 'check'), ('p2', 'check')]",-6.0,2946.0,12.0,p2,showdown,False,2,114.0,114.0,calling_station
2169,q,k,max_raise,['max_raise'],"[('p1', 'max_raise'), ('p2', 'call')]",-18.0,2928.0,36.0,p2,showdown,False,2,102.0,114.0,calling_station
2170,q,k,max_raise,['max_raise'],"[('p1', 'max_raise'), ('p2', 'call')]",-18.0,2910.0,36.0,p2,showdown,False,2,102.0,114.0,calling_station
2171,q,q,max_raise,['max_raise'],"[('p1', 'max_raise'), ('p2', 'call')]",0.0,2910.0,0.0,tie,showdown,False,2,102.0,114.0,calling_station
2172,k,q,max_raise,['max_raise'],"[('p1', 'max_raise'), ('p2', 'call')]",18.0,2928.0,36.0,p1,showdown,False,2,102.0,114.0,calling_station
2173,q,j,max_raise,['max_raise'],"[('p1', 'max_raise'), ('p2', 'call')]",18.0,2946.0,36.0,p1,showdown,False,2,102.0,114.0,calling_station
2174,q,k,max_raise,['max_raise'],"[('p1', 'max_raise'), ('p2', 'call')]",-18.0,2928.0,36.0,p2,showdown,False,2,102.0,114.0,calling_station
2175,j,k,check,['check'],"[('p1', 'check'), ('p2', 'check')]",-6.0,2922.0,12.0,p2,showdown,False,2,114.0,114.0,calling_station
2176,j,k,check,['check'],"[('p1', 'check'), ('p2', 'check')]",-6.0,2916.0,12.0,p2,showdown,False,2,114.0,114.0,calling_station
2177,k,q,max_raise,['max_raise'],"[('p1', 'max_raise'), ('p2', 'call')]",18.0,2934.0,36.0,p1,showdown,False,2,102.0,114.0,calling_station
2178,j,q,check,['check'],"[('p1', 'check'), ('p2', 'check')]",-6.0,2928.0,12.0,p2,showdown,False,2,114.0,114.0,calling_station
2179,k,k,max_raise,['max_raise'],"[('p1', 'max_raise'), ('p2', 'call')]",0.0,2928.0,0.0,tie,showdown,False,2,102.0,114.0,calling_station
2180,j,k,check,['check'],"[('p1', 'check'), ('p2', 'check')]",-6.0,2922.0,12.0,p2,showdown,False,2,114.0,114.0,calling_station
2181,k,q,max_raise,['max_raise'],"[('p1', 'max_raise'), ('p2', 'call')]",18.0,2940.0,36.0,p1,showdown,False,2,102.0,114.0,calling_station
2182,j,q,check,['check'],"[('p1', 'check'), ('p2', 'check')]",-6.0,2934.0,12.0,p2,showdown,False,2,114.0,114.0,calling_station
2183,q,j,max_raise,['max_raise'],"[('p1', 'max_raise'), ('p2', 'call')]",18.0,2952.0,36.0,p1,showdown,False,2,102.0,114.0,calling_station
2184,j,q,check,['check'],"[('p1', 'check'), ('p2', 'check')]",-6.0,2946.0,12.0,p2,showdown,False,2,114.0,114.0,calling_station
2185,q,q,max_raise,['max_raise'],"[('p1', 'max_raise'), ('p2', 'call')]",0.0,2946.0,0.0,tie,showdown,False,2,102.0,114.0,calling_station
2186,q,q,max_raise,['max_raise'],"[('p1', 'max_raise'), ('p2', 'call')]",0.0,2946.0,0.0,tie,showdown,False,2,102.0,114.0,calling_station
2187,k,j,max_raise,['max_raise'],"[('p1', 'max_raise'), ('p2', 'call')]",18.0,2964.0,36.0,p1,showdown,False,2,102.0,114.0,calling_station
2188,q,q,max_raise,['max_raise'],"[('p1', 'max_raise'), ('p2', 'call')]",0.0,2964.0,0.0,tie,showdown,False,2,102.0,114.0,calling_station
2189,j,j,check,['check'],"[('p1', 'check'), ('p2', 'check')]",0.0,2964.0,0.0,tie,showdown,False,2,114.0,114.0,calling_station
2190,j,j,check,['check'],"[('p1', 'check'), ('p2', 'check')]",0.0,2964.0,0.0,tie,showdown,False,2,114.0,114.0,calling_station
2191,j,j,check,['check'],"[('p1', 'check'), ('p2', 'check')]",0.0,2964.0,0.0,tie,showdown,False,2,114.0,114.0,calling_station
2192,j,k,check,['check'],"[('p1', 'check'), ('p2', 'check')]",-6.0,2958.0,12.0,p2,showdown,False,2,114.0,114.0,calling_station
2193,k,k,max_raise,['max_raise'],"[('p1', 'max_raise'), ('p2', 'call')]",0.0,2958.0,0.0,tie,showdown,False,2,102.0,114.0,calling_station
2194,j,q,check,['check'],"[('p1', 'check'), ('p2', 'check')]",-6.0,2952.0,12.0,p2,showdown,False,2,114.0,114.0,calling_station
2195,q,k,max_raise,['max_raise'],"[('p1', 'max_raise'), ('p2', 'call')]",-18.0,2934.0,36.0,p2,showdown,False,2,102.0,114.0,calling_station
2196,k,j,max_raise,['max_raise'],"[('p1', 'max_raise'), ('p2', 'call')]",18.0,2952.0,36.0,p1,showdown,False,2,102.0,114.0,calling_station
2197,j,j,check,['check'],"[('p1', 'check'), ('p2', 'check')]",0.0,2952.0,0.0,tie,showdown,False,2,114.0,114.0,calling_station
2198,k,k,max_raise,['max_raise'],"[('p1', 'max_raise'), ('p2', 'call')]",0.0,2952.0,0.0,tie,showdown,False,2,102.0,114.0,calling_station
2199,k,k,max_raise,['max_raise'],"[('p1', 'max_raise'), ('p2', 'call')]",0.0,2952.0,0.0,tie,showdown,False,2,102.0,114.0,calling_station
2200,q,q,max_raise,['max_raise'],"[('p1', 'max_raise'), ('p2', 'call')]",0.0,2952.0,0.0,tie,showdown,False,2,102.0,114.0,calling_station
2201,q,k,max_raise,['max_raise'],"[('p1', 'max_raise'), ('p2', 'call')]",-18.0,2934.0,36.0,p2,showdown,False,2,102.0,114.0,calling_station
2202,k,q,max_raise,['max_raise'],"[('p1', 'max_raise'), ('p2', 'call')]",18.0,2952.0,36.0,p1,showdown,False,2,102.0,114.0,calling_station
2203,q,q,max_raise,['max_raise'],"[('p1', 'max_raise'), ('p2', 'call')]",0.0,2952.0,0.0,tie,showdown,False,2,102.0,114.0,calling_station
2204,k,j,max_raise,['max_raise'],"[('p1', 'max_raise'), ('p2', 'call')]",18.0,2970.0,36.0,p1,showdown,False,2,102.0,114.0,calling_station
2205,j,q,check,['check'],"[('p1', 'check'), ('p2', 'check')]",-6.0,2964.0,12.0,p2,showdown,False,2,114.0,114.0,calling_station
2206,j,j,check,['check'],"[('p1', 'check'), ('p2', 'check')]",0.0,2964.0,0.0,tie,showdown,False,2,114.0,114.0,calling_station
2207,j,j,check,['check'],"[('p1', 'check'), ('p2', 'check')]",0.0,2964.0,0.0,tie,showdown,False,2,114.0,114.0,calling_station
2208,j,j,check,['check'],"[('p1', 'check'), ('p2', 'check')]",0.0,2964.0,0.0,tie,showdown,False,2,114.0,114.0,calling_station
2209,q,q,max_raise,['max_raise'],"[('p1', 'max_raise'), ('p2', 'call')]",0.0,2964.0,0.0,tie,showdown,False,2,102.0,114.0,calling_station
2210,k,k,max_raise,['max_raise'],"[('p1', 'max_raise'), ('p2', 'call')]",0.0,2964.0,0.0,tie,showdown,False,2,102.0,114.0,calling_station
2211,j,j,check,['check'],"[('p1', 'check'), ('p2', 'check')]",0.0,2964.0,0.0,tie,showdown,False,2,114.0,114.0,calling_station
2212,j,k,check,['check'],"[('p1', 'check'), ('p2', 'check')]",-6.0,2958.0,12.0,p2,showdown,False,2,114.0,114.0,calling_station
2213,j,j,check,['check'],"[('p1', 'check'), ('p2', 'check')]",0.0,2958.0,0.0,tie,showdown,False,2,114.0,114.0,calling_station
2214,j,k,check,['check'],"[('p1', 'check'), ('p2', 'check')]",-6.0,2952.0,12.0,p2,showdown,False,2,114.0,114.0,calling_station
2215,k,q,max_raise,['max_raise'],"[('p1', 'max_raise'), ('p2', 'call')]",18.0,2970.0,36.0,p1,showdown,False,2,102.0,114.0,calling_station
2216,j,k,check,['check'],"[('p1', 'check'), ('p2', 'check')]",-6.0,2964.0,12.0,p2,showdown,False,2,114.0,114.0,calling_station
2217,j,q,check,['check'],"[('p1', 'check'), ('p2', 'check')]",-6.0,2958.0,12.0,p2,showdown,False,2,114.0,114.0,calling_station
2218,j,q,check,['check'],"[('p1', 'check'), ('p2', 'check')]",-6.0,2952.0,12.0,p2,showdown,False,2,114.0,114.0,calling_station
2219,j,q,check,['check'],"[('p1', 'check'), ('p2', 'check')]",-6.0,2946.0,12.0,p2,showdown,False,2,114.0,114.0,calling_station
2220,k,q,max_raise,['max_raise'],"[('p1', 'max_raise'), ('p2', 'call')]",18.0,2964.0,36.0,p1,showdown,False,2,102.0,114.0,calling_station
2221,q,q,max_raise,['max_raise'],"[('p1', 'max_raise'), ('p2', 'call')]",0.0,2964.0,0.0,tie,showdown,False,2,102.0,114.0,calling_station
2222,q,k,max_raise,['max_raise'],"[('p1', 'max_raise'), ('p2', 'call')]",-18.0,2946.0,36.0,p2,showdown,False,2,102.0,114.0,calling_station
2223,q,k,max_raise,['max_raise'],"[('p1', 'max_raise'), ('p2', 'call')]",-18.0,2928.0,36.0,p2,showdown,False,2,102.0,114.0,calling_station
2224,k,j,max_raise,['max_raise'],"[('p1', 'max_raise'), ('p2', 'call')]",18.0,2946.0,36.0,p1,showdown,False,2,102.0,114.0,calling_station
2225,q,k,max_raise,['max_raise'],"[('p1', 'max_raise'), ('p2', 'call')]",-18.0,2928.0,36.0,p2,showdown,False,2,102.0,114.0,calling_station
2226,j,q,check,['check'],"[('p1', 'check'), ('p2', 'check')]",-6.0,2922.0,12.0,p2,showdown,False,2,114.0,114.0,calling_station
2227,j,q,check,['check'],"[('p1', 'check'), ('p2', 'check')]",-6.0,2916.0,12.0,p2,showdown,False,2,114.0,114.0,calling_station
2228,j,k,check,['check'],"[('p1', 'check'), ('p2', 'check')]",-6.0,2910.0,12.0,p2,showdown,False,2,114.0,114.0,calling_station
2229,j,k,check,['check'],"[('p1', 'check'), ('p2', 'check')]",-6.0,2904.0,12.0,p2,showdown,False,2,114.0,114.0,calling_station
2230,k,k,max_raise,['max_raise'],"[('p1', 'max_raise'), ('p2', 'call')]",0.0,2904.0,0.0,tie,showdown,False,2,102.0,114.0,calling_station
2231,q,k,max_raise,['max_raise'],"[('p1', 'max_raise'), ('p2', 'call')]",-18.0,2886.0,36.0,p2,showdown,False,2,102.0,114.0,calling_station
2232,k,j,max_raise,['max_raise'],"[('p1', 'max_raise'), ('p2', 'call')]",18.0,2904.0,36.0,p1,showdown,False,2,102.0,114.0,calling_station
2233,k,q,max_raise,['max_raise'],"[('p1', 'max_raise'), ('p2', 'call')]",18.0,2922.0,36.0,p1,showdown,False,2,102.0,114.0,calling_station
2234,k,q,max_raise,['max_raise'],"[('p1', 'max_raise'), ('p2', 'call')]",18.0,2940.0,36.0,p1,showdown,False,2,102.0,114.0,calling_station
2235,k,k,max_raise,['max_raise'],"[('p1', 'max_raise'), ('p2', 'call')]",0.0,2940.0,0.0,tie,showdown,False,2,102.0,114.0,calling_station
2236,k,j,max_raise,['max_raise'],"[('p1', 'max_raise'), ('p2', 'call')]",18.0,2958.0,36.0,p1,showdown,False,2,102.0,114.0,calling_station
2237,q,j,max_raise,['max_raise'],"[('p1', 'max_raise'), ('p2', 'call')]",18.0,2976.0,36.0,p1,showdown,False,2,102.0,114.0,calling_station
2238,j,k,check,['check'],"[('p1', 'check'), ('p2', 'check')]",-6.0,2970.0,12.0,p2,showdown,False,2,114.0,114.0,calling_station
2239,k,k,max_raise,['max_raise'],"[('p1', 'max_raise'), ('p2', 'call')]",0.0,2970.0,0.0,tie,showdown,False,2,102.0,114.0,calling_station
2240,j,q,check,['check'],"[('p1', 'check'), ('p2', 'check')]",-6.0,2964.0,12.0,p2,showdown,False,2,114.0,114.0,calling_station
2241,j,q,check,['check'],"[('p1', 'check'), ('p2', 'check')]",-6.0,2958.0,12.0,p2,showdown,False,2,114.0,114.0,calling_station
2242,k,q,max_raise,['max_raise'],"[('p1', 'max_raise'), ('p2', 'call')]",18.0,2976.0,36.0,p1,showdown,False,2,102.0,114.0,calling_station
2243,k,q,max_raise,['max_raise'],"[('p1', 'max_raise'), ('p2', 'call')]",18.0,2994.0,36.0,p1,showdown,False,2,102.0,114.0,calling_station
2244,j,k,check,['check'],"[('p1', 'check'), ('p2', 'check')]",-6.0,2988.0,12.0,p2,showdown,False,2,114.0,114.0,calling_station
2245,q,j,max_raise,['max_raise'],"[('p1', 'max_raise'), ('p2', 'call')]",18.0,3006.0,36.0,p1,showdown,False,2,102.0,114.0,calling_station
2246,j,j,check,['check'],"[('p1', 'check'), ('p2', 'check')]",0.0,3006.0,0.0,tie,showdown,False,2,114.0,114.0,calling_station
2247,k,j,max_raise,['max_raise'],"[('p1', 'max_raise'), ('p2', 'call')]",18.0,3024.0,36.0,p1,showdown,False,2,102.0,114.0,calling_station
2248,q,k,max_raise,['max_raise'],"[('p1', 'max_raise'), ('p2', 'call')]",-18.0,3006.0,36.0,p2,showdown,False,2,102.0,114.0,calling_station
2249,k,q,max_raise,['max_raise'],"[('p1', 'max_raise'), ('p2', 'call')]",18.0,3024.0,36.0,p1,showdown,False,2,102.0,114.0,calling_station
2250,q,j,max_raise,['max_raise'],"[('p1', 'max_raise'), ('p2', 'call')]",18.0,3042.0,36.0,p1,showdown,False,2,102.0,114.0,calling_station
2251,k,j,max_raise,['max_raise'],"[('p1', 'max_raise'), ('p2', 'call')]",18.0,3060.0,36.0,p1,showdown,False,2,102.0,114.0,calling_station
2252,j,k,check,['check'],"[('p1', 'check'), ('p2', 'check')]",-6.0,3054.0,12.0,p2,showdown,False,2,114.0,114.0,calling_station
2253,j,q,check,['check'],"[('p1', 'check'), ('p2', 'check')]",-6.0,3048.0,12.0,p2,showdown,False,2,114.0,114.0,calling_station
2254,q,k,max_raise,['max_raise'],"[('p1', 'max_raise'), ('p2', 'call')]",-18.0,3030.0,36.0,p2,showdown,False,2,102.0,114.0,calling_station
2255,j,j,check,['check'],"[('p1', 'check'), ('p2', 'check')]",0.0,3030.0,0.0,tie,showdown,False,2,114.0,114.0,calling_station
2256,q,k,max_raise,['max_raise'],"[('p1', 'max_raise'), ('p2', 'call')]",-18.0,3012.0,36.0,p2,showdown,False,2,102.0,114.0,calling_station
2257,j,j,check,['check'],"[('p1', 'check'), ('p2', 'check')]",0.0,3012.0,0.0,tie,showdown,False,2,114.0,114.0,calling_station
2258,q,j,max_raise,['max_raise'],"[('p1', 'max_raise'), ('p2', 'call')]",18.0,3030.0,36.0,p1,showdown,False,2,102.0,114.0,calling_station
2259,k,q,max_raise,['max_raise'],"[('p1', 'max_raise'), ('p2', 'call')]",18.0,3048.0,36.0,p1,showdown,False,2,102.0,114.0,calling_station
2260,q,q,max_raise,['max_raise'],"[('p1', 'max_raise'), ('p2', 'call')]",0.0,3048.0,0.0,tie,showdown,False,2,102.0,114.0,calling_station
2261,k,j,max_raise,['max_raise'],"[('p1', 'max_raise'), ('p2', 'call')]",18.0,3066.0,36.0,p1,showdown,False,2,102.0,114.0,calling_station
2262,j,k,check,['check'],"[('p1', 'check'), ('p2', 'check')]",-6.0,3060.0,12.0,p2,showdown,False,2,114.0,114.0,calling_station
2263,j,j,check,['check'],"[('p1', 'check'), ('p2', 'check')]",0.0,3060.0,0.0,tie,showdown,False,2,114.0,114.0,calling_station
2264,q,j,max_raise,['max_raise'],"[('p1', 'max_raise'), ('p2', 'call')]",18.0,3078.0,36.0,p1,showdown,False,2,102.0,114.0,calling_station
2265,q,k,max_raise,['max_raise'],"[('p1', 'max_raise'), ('p2', 'call')]",-18.0,3060.0,36.0,p2,showdown,False,2,102.0,114.0,calling_station
2266,j,q,check,['check'],"[('p1', 'check'), ('p2', 'check')]",-6.0,3054.0,12.0,p2,showdown,False,2,114.0,114.0,calling_station
2267,j,q,check,['check'],"[('p1', 'check'), ('p2', 'check')]",-6.0,3048.0,12.0,p2,showdown,False,2,114.0,114.0,calling_station
2268,j,j,check,['check'],"[('p1', 'check'), ('p2', 'check')]",0.0,3048.0,0.0,tie,showdown,False,2,114.0,114.0,calling_station
2269,j,q,check,['check'],"[('p1', 'check'), ('p2', 'check')]",-6.0,3042.0,12.0,p2,showdown,False,2,114.0,114.0,calling_station
2270,q,k,max_raise,['max_raise'],"[('p1', 'max_raise'), ('p2', 'call')]",-18.0,3024.0,36.0,p2,showdown,False,2,102.0,114.0,calling_station
2271,j,q,check,['check'],"[('p1', 'check'), ('p2', 'check')]",-6.0,3018.0,12.0,p2,showdown,False,2,114.0,114.0,calling_station
2272,j,k,check,['check'],"[('p1', 'check'), ('p2', 'check')]",-6.0,3012.0,12.0,p2,showdown,False,2,114.0,114.0,calling_station
2273,q,k,max_raise,['max_raise'],"[('p1', 'max_raise'), ('p2', 'call')]",-18.0,2994.0,36.0,p2,showdown,False,2,102.0,114.0,calling_station
2274,q,q,max_raise,['max_raise'],"[('p1', 'max_raise'), ('p2', 'call')]",0.0,2994.0,0.0,tie,showdown,False,2,102.0,114.0,calling_station
2275,q,j,max_raise,['max_raise'],"[('p1', 'max_raise'), ('p2', 'call')]",18.0,3012.0,36.0,p1,showdown,False,2,102.0,114.0,calling_station
2276,j,j,check,['check'],"[('p1', 'check'), ('p2', 'check')]",0.0,3012.0,0.0,tie,showdown,False,2,114.0,114.0,calling_station
2277,k,q,max_raise,['max_raise'],"[('p1', 'max_raise'), ('p2', 'call')]",18.0,3030.0,36.0,p1,showdown,False,2,102.0,114.0,calling_station
2278,j,k,check,['check'],"[('p1', 'check'), ('p2', 'check')]",-6.0,3024.0,12.0,p2,showdown,False,2,114.0,114.0,calling_station
2279,q,q,max_raise,['max_raise'],"[('p1', 'max_raise'), ('p2', 'call')]",0.0,3024.0,0.0,tie,showdown,False,2,102.0,114.0,calling_station
2280,j,j,check,['check'],"[('p1', 'check'), ('p2', 'check')]",0.0,3024.0,0.0,tie,showdown,False,2,114.0,114.0,calling_station
2281,j,q,check,['check'],"[('p1', 'check'), ('p2', 'check')]",-6.0,3018.0,12.0,p2,showdown,False,2,114.0,114.0,calling_station
2282,j,q,check,['check'],"[('p1', 'check'), ('p2', 'check')]",-6.0,3012.0,12.0,p2,showdown,False,2,114.0,114.0,calling_station
2283,q,k,max_raise,['max_raise'],"[('p1', 'max_raise'), ('p2', 'call')]",-18.0,2994.0,36.0,p2,showdown,False,2,102.0,114.0,calling_station
2284,k,q,max_raise,['max_raise'],"[('p1', 'max_raise'), ('p2', 'call')]",18.0,3012.0,36.0,p1,showdown,False,2,102.0,114.0,calling_station
2285,j,q,check,['check'],"[('p1', 'check'), ('p2', 'check')]",-6.0,3006.0,12.0,p2,showdown,False,2,114.0,114.0,calling_station
2286,k,k,max_raise,['max_raise'],"[('p1', 'max_raise'), ('p2', 'call')]",0.0,3006.0,0.0,tie,showdown,False,2,102.0,114.0,calling_station
2287,k,q,max_raise,['max_raise'],"[('p1', 'max_raise'), ('p2', 'call')]",18.0,3024.0,36.0,p1,showdown,False,2,102.0,114.0,calling_station
2288,k,j,max_raise,['max_raise'],"[('p1', 'max_raise'), ('p2', 'call')]",18.0,3042.0,36.0,p1,showdown,False,2,102.0,114.0,calling_station
2289,j,q,check,['check'],"[('p1', 'check'), ('p2', 'check')]",-6.0,3036.0,12.0,p2,showdown,False,2,114.0,114.0,calling_station
2290,q,j,max_raise,['max_raise'],"[('p1', 'max_raise'), ('p2', 'call')]",18.0,3054.0,36.0,p1,showdown,False,2,102.0,114.0,calling_station
2291,k,k,max_raise,['max_raise'],"[('p1', 'max_raise'), ('p2', 'call')]",0.0,3054.0,0.0,tie,showdown,False,2,102.0,114.0,calling_station
2292,j,k,check,['check'],"[('p1', 'check'), ('p2', 'check')]",-6.0,3048.0,12.0,p2,showdown,False,2,114.0,114.0,calling_station
2293,j,k,check,['check'],"[('p1', 'check'), ('p2', 'check')]",-6.0,3042.0,12.0,p2,showdown,False,2,114.0,114.0,calling_station
2294,k,q,max_raise,['max_raise'],"[('p1', 'max_raise'), ('p2', 'call')]",18.0,3060.0,36.0,p1,showdown,False,2,102.0,114.0,calling_station
2295,q,j,max_raise,['max_raise'],"[('p1', 'max_raise'), ('p2', 'call')]",18.0,3078.0,36.0,p1,showdown,False,2,102.0,114.0,calling_station
2296,q,k,max_raise,['max_raise'],"[('p1', 'max_raise'), ('p2', 'call')]",-18.0,3060.0,36.0,p2,showdown,False,2,102.0,114.0,calling_station
2297,k,j,max_raise,['max_raise'],"[('p1', 'max_raise'), ('p2', 'call')]",18.0,3078.0,36.0,p1,showdown,False,2,102.0,114.0,calling_station
2298,j,q,check,['check'],"[('p1', 'check'), ('p2', 'check')]",-6.0,3072.0,12.0,p2,showdown,False,2,114.0,114.0,calling_station
2299,j,q,check,['check'],"[('p1', 'check'), ('p2', 'check')]",-6.0,3066.0,12.0,p2,showdown,False,2,114.0,114.0,calling_station
2300,k,q,max_raise,['max_raise'],"[('p1', 'max_raise'), ('p2', 'call')]",18.0,3084.0,36.0,p1,showdown,False,2,102.0,114.0,calling_station
2301,k,j,max_raise,['max_raise'],"[('p1', 'max_raise'), ('p2', 'call')]",18.0,3102.0,36.0,p1,showdown,False,2,102.0,114.0,calling_station
2302,j,q,check,['check'],"[('p1', 'check'), ('p2', 'check')]",-6.0,3096.0,12.0,p2,showdown,False,2,114.0,114.0,calling_station
2303,j,k,check,['check'],"[('p1', 'check'), ('p2', 'check')]",-6.0,3090.0,12.0,p2,showdown,False,2,114.0,114.0,calling_station
2304,q,k,max_raise,['max_raise'],"[('p1', 'max_raise'), ('p2', 'call')]",-18.0,3072.0,36.0,p2,showdown,False,2,102.0,114.0,calling_station
2305,k,k,max_raise,['max_raise'],"[('p1', 'max_raise'), ('p2', 'call')]",0.0,3072.0,0.0,tie,showdown,False,2,102.0,114.0,calling_station
2306,j,k,check,['check'],"[('p1', 'check'), ('p2', 'check')]",-6.0,3066.0,12.0,p2,showdown,False,2,114.0,114.0,calling_station
2307,k,j,max_raise,['max_raise'],"[('p1', 'max_raise'), ('p2', 'call')]",18.0,3084.0,36.0,p1,showdown,False,2,102.0,114.0,calling_station
2308,k,j,max_raise,['max_raise'],"[('p1', 'max_raise'), ('p2', 'call')]",18.0,3102.0,36.0,p1,showdown,False,2,102.0,114.0,calling_station
2309,q,q,max_raise,['max_raise'],"[('p1', 'max_raise'), ('p2', 'call')]",0.0,3102.0,0.0,tie,showdown,False,2,102.0,114.0,calling_station
2310,j,q,check,['check'],"[('p1', 'check'), ('p2', 'check')]",-6.0,3096.0,12.0,p2,showdown,False,2,114.0,114.0,calling_station
2311,k,j,max_raise,['max_raise'],"[('p1', 'max_raise'), ('p2', 'call')]",18.0,3114.0,36.0,p1,showdown,False,2,102.0,114.0,calling_station
2312,j,k,check,['check'],"[('p1', 'check'), ('p2', 'check')]",-6.0,3108.0,12.0,p2,showdown,False,2,114.0,114.0,calling_station
2313,q,j,max_raise,['max_raise'],"[('p1', 'max_raise'), ('p2', 'call')]",18.0,3126.0,36.0,p1,showdown,False,2,102.0,114.0,calling_station
2314,j,j,check,['check'],"[('p1', 'check'), ('p2', 'check')]",0.0,3126.0,0.0,tie,showdown,False,2,114.0,114.0,calling_station
2315,q,q,max_raise,['max_raise'],"[('p1', 'max_raise'), ('p2', 'call')]",0.0,3126.0,0.0,tie,showdown,False,2,102.0,114.0,calling_station
2316,q,j,max_raise,['max_raise'],"[('p1', 'max_raise'), ('p2', 'call')]",18.0,3144.0,36.0,p1,showdown,False,2,102.0,114.0,calling_station
2317,k,k,max_raise,['max_raise'],"[('p1', 'max_raise'), ('p2', 'call')]",0.0,3144.0,0.0,tie,showdown,False,2,102.0,114.0,calling_station
2318,k,j,max_raise,['max_raise'],"[('p1', 'max_raise'), ('p2', 'call')]",18.0,3162.0,36.0,p1,showdown,False,2,102.0,114.0,calling_station
2319,j,k,check,['check'],"[('p1', 'check'), ('p2', 'check')]",-6.0,3156.0,12.0,p2,showdown,False,2,114.0,114.0,calling_station
2320,j,q,check,['check'],"[('p1', 'check'), ('p2', 'check')]",-6.0,3150.0,12.0,p2,showdown,False,2,114.0,114.0,calling_station
2321,q,j,max_raise,['max_raise'],"[('p1', 'max_raise'), ('p2', 'call')]",18.0,3168.0,36.0,p1,showdown,False,2,102.0,114.0,calling_station
2322,j,k,check,['check'],"[('p1', 'check'), ('p2', 'check')]",-6.0,3162.0,12.0,p2,showdown,False,2,114.0,114.0,calling_station
2323,k,j,max_raise,['max_raise'],"[('p1', 'max_raise'), ('p2', 'call')]",18.0,3180.0,36.0,p1,showdown,False,2,102.0,114.0,calling_station
2324,q,q,max_raise,['max_raise'],"[('p1', 'max_raise'), ('p2', 'call')]",0.0,3180.0,0.0,tie,showdown,False,2,102.0,114.0,calling_station
2325,j,k,check,['check'],"[('p1', 'check'), ('p2', 'check')]",-6.0,3174.0,12.0,p2,showdown,False,2,114.0,114.0,calling_station
2326,k,q,max_raise,['max_raise'],"[('p1', 'max_raise'), ('p2', 'call')]",18.0,3192.0,36.0,p1,showdown,False,2,102.0,114.0,calling_station
2327,q,k,max_raise,['max_raise'],"[('p1', 'max_raise'), ('p2', 'call')]",-18.0,3174.0,36.0,p2,showdown,False,2,102.0,114.0,calling_station
2328,j,j,check,['check'],"[('p1', 'check'), ('p2', 'check')]",0.0,3174.0,0.0,tie,showdown,False,2,114.0,114.0,calling_station
2329,j,k,check,['check'],"[('p1', 'check'), ('p2', 'check')]",-6.0,3168.0,12.0,p2,showdown,False,2,114.0,114.0,calling_station
2330,q,k,max_raise,['max_raise'],"[('p1', 'max_raise'), ('p2', 'call')]",-18.0,3150.0,36.0,p2,showdown,False,2,102.0,114.0,calling_station
2331,q,j,max_raise,['max_raise'],"[('p1', 'max_raise'), ('p2', 'call')]",18.0,3168.0,36.0,p1,showdown,False,2,102.0,114.0,calling_station
2332,q,q,max_raise,['max_raise'],"[('p1', 'max_raise'), ('p2', 'call')]",0.0,3168.0,0.0,tie,showdown,False,2,102.0,114.0,calling_station
2333,j,j,check,['check'],"[('p1', 'check'), ('p2', 'check')]",0.0,3168.0,0.0,tie,showdown,False,2,114.0,114.0,calling_station
2334,q,q,max_raise,['max_raise'],"[('p1', 'max_raise'), ('p2', 'call')]",0.0,3168.0,0.0,tie,showdown,False,2,102.0,114.0,calling_station
2335,q,q,max_raise,['max_raise'],"[('p1', 'max_raise'), ('p2', 'call')]",0.0,3168.0,0.0,tie,showdown,False,2,102.0,114.0,calling_station
2336,j,j,check,['check'],"[('p1', 'check'), ('p2', 'check')]",0.0,3168.0,0.0,tie,showdown,False,2,114.0,114.0,calling_station
2337,k,k,max_raise,['max_raise'],"[('p1', 'max_raise'), ('p2', 'call')]",0.0,3168.0,0.0,tie,showdown,False,2,102.0,114.0,calling_station
2338,q,q,max_raise,['max_raise'],"[('p1', 'max_raise'), ('p2', 'call')]",0.0,3168.0,0.0,tie,showdown,False,2,102.0,114.0,calling_station
2339,k,q,max_raise,['max_raise'],"[('p1', 'max_raise'), ('p2', 'call')]",18.0,3186.0,36.0,p1,showdown,False,2,102.0,114.0,calling_station
2340,k,q,max_raise,['max_raise'],"[('p1', 'max_raise'), ('p2', 'call')]",18.0,3204.0,36.0,p1,showdown,False,2,102.0,114.0,calling_station
2341,k,q,max_raise,['max_raise'],"[('p1', 'max_raise'), ('p2', 'call')]",18.0,3222.0,36.0,p1,showdown,False,2,102.0,114.0,calling_station
2342,k,q,max_raise,['max_raise'],"[('p1', 'max_raise'), ('p2', 'call')]",18.0,3240.0,36.0,p1,showdown,False,2,102.0,114.0,calling_station
2343,k,j,max_raise,['max_raise'],"[('p1', 'max_raise'), ('p2', 'call')]",18.0,3258.0,36.0,p1,showdown,False,2,102.0,114.0,calling_station
2344,k,k,max_raise,['max_raise'],"[('p1', 'max_raise'), ('p2', 'call')]",0.0,3258.0,0.0,tie,showdown,False,2,102.0,114.0,calling_station
2345,j,q,check,['check'],"[('p1', 'check'), ('p2', 'check')]",-6.0,3252.0,12.0,p2,showdown,False,2,114.0,114.0,calling_station
2346,k,k,max_raise,['max_raise'],"[('p1', 'max_raise'), ('p2', 'call')]",0.0,3252.0,0.0,tie,showdown,False,2,102.0,114.0,calling_station
2347,j,q,check,['check'],"[('p1', 'check'), ('p2', 'check')]",-6.0,3246.0,12.0,p2,showdown,False,2,114.0,114.0,calling_station
2348,k,k,max_raise,['max_raise'],"[('p1', 'max_raise'), ('p2', 'call')]",0.0,3246.0,0.0,tie,showdown,False,2,102.0,114.0,calling_station
2349,k,j,max_raise,['max_raise'],"[('p1', 'max_raise'), ('p2', 'call')]",18.0,3264.0,36.0,p1,showdown,False,2,102.0,114.0,calling_station
2350,j,j,check,['check'],"[('p1', 'check'), ('p2', 'check')]",0.0,3264.0,0.0,tie,showdown,False,2,114.0,114.0,calling_station
2351,q,j,max_raise,['max_raise'],"[('p1', 'max_raise'), ('p2', 'call')]",18.0,3282.0,36.0,p1,showdown,False,2,102.0,114.0,calling_station
2352,k,j,max_raise,['max_raise'],"[('p1', 'max_raise'), ('p2', 'call')]",18.0,3300.0,36.0,p1,showdown,False,2,102.0,114.0,calling_station
2353,q,q,max_raise,['max_raise'],"[('p1', 'max_raise'), ('p2', 'call')]",0.0,3300.0,0.0,tie,showdown,False,2,102.0,114.0,calling_station
2354,q,k,max_raise,['max_raise'],"[('p1', 'max_raise'), ('p2', 'call')]",-18.0,3282.0,36.0,p2,showdown,False,2,102.0,114.0,calling_station
2355,j,k,check,['check'],"[('p1', 'check'), ('p2', 'check')]",-6.0,3276.0,12.0,p2,showdown,False,2,114.0,114.0,calling_station
2356,j,q,check,['check'],"[('p1', 'check'), ('p2', 'check')]",-6.0,3270.0,12.0,p2,showdown,False,2,114.0,114.0,calling_station
2357,k,k,max_raise,['max_raise'],"[('p1', 'max_raise'), ('p2', 'call')]",0.0,3270.0,0.0,tie,showdown,False,2,102.0,114.0,calling_station
2358,j,j,check,['check'],"[('p1', 'check'), ('p2', 'check')]",0.0,3270.0,0.0,tie,showdown,False,2,114.0,114.0,calling_station
2359,k,j,max_raise,['max_raise'],"[('p1', 'max_raise'), ('p2', 'call')]",18.0,3288.0,36.0,p1,showdown,False,2,102.0,114.0,calling_station
2360,k,q,max_raise,['max_raise'],"[('p1', 'max_raise'), ('p2', 'call')]",18.0,3306.0,36.0,p1,showdown,False,2,102.0,114.0,calling_station
2361,j,q,check,['check'],"[('p1', 'check'), ('p2', 'check')]",-6.0,3300.0,12.0,p2,showdown,False,2,114.0,114.0,calling_station
2362,q,k,max_raise,['max_raise'],"[('p1', 'max_raise'), ('p2', 'call')]",-18.0,3282.0,36.0,p2,showdown,False,2,102.0,114.0,calling_station
2363,q,q,max_raise,['max_raise'],"[('p1', 'max_raise'), ('p2', 'call')]",0.0,3282.0,0.0,tie,showdown,False,2,102.0,114.0,calling_station
2364,k,j,max_raise,['max_raise'],"[('p1', 'max_raise'), ('p2', 'call')]",18.0,3300.0,36.0,p1,showdown,False,2,102.0,114.0,calling_station
2365,k,q,max_raise,['max_raise'],"[('p1', 'max_raise'), ('p2', 'call')]",18.0,3318.0,36.0,p1,showdown,False,2,102.0,114.0,calling_station
2366,q,q,max_raise,['max_raise'],"[('p1', 'max_raise'), ('p2', 'call')]",0.0,3318.0,0.0,tie,showdown,False,2,102.0,114.0,calling_station
2367,j,j,check,['check'],"[('p1', 'check'), ('p2', 'check')]",0.0,3318.0,0.0,tie,showdown,False,2,114.0,114.0,calling_station
2368,j,j,check,['check'],"[('p1', 'check'), ('p2', 'check')]",0.0,3318.0,0.0,tie,showdown,False,2,114.0,114.0,calling_station
2369,q,k,max_raise,['max_raise'],"[('p1', 'max_raise'), ('p2', 'call')]",-18.0,3300.0,36.0,p2,showdown,False,2,102.0,114.0,calling_station
2370,k,q,max_raise,['max_raise'],"[('p1', 'max_raise'), ('p2', 'call')]",18.0,3318.0,36.0,p1,showdown,False,2,102.0,114.0,calling_station
2371,j,j,check,['check'],"[('p1', 'check'), ('p2', 'check')]",0.0,3318.0,0.0,tie,showdown,False,2,114.0,114.0,calling_station
2372,q,q,max_raise,['max_raise'],"[('p1', 'max_raise'), ('p2', 'call')]",0.0,3318.0,0.0,tie,showdown,False,2,102.0,114.0,calling_station
2373,q,j,max_raise,['max_raise'],"[('p1', 'max_raise'), ('p2', 'call')]",18.0,3336.0,36.0,p1,showdown,False,2,102.0,114.0,calling_station
2374,q,q,max_raise,['max_raise'],"[('p1', 'max_raise'), ('p2', 'call')]",0.0,3336.0,0.0,tie,showdown,False,2,102.0,114.0,calling_station
2375,j,k,check,['check'],"[('p1', 'check'), ('p2', 'check')]",-6.0,3330.0,12.0,p2,showdown,False,2,114.0,114.0,calling_station
2376,k,j,max_raise,['max_raise'],"[('p1', 'max_raise'), ('p2', 'call')]",18.0,3348.0,36.0,p1,showdown,False,2,102.0,114.0,calling_station
2377,q,q,max_raise,['max_raise'],"[('p1', 'max_raise'), ('p2', 'call')]",0.0,3348.0,0.0,tie,showdown,False,2,102.0,114.0,calling_station
2378,k,q,max_raise,['max_raise'],"[('p1', 'max_raise'), ('p2', 'call')]",18.0,3366.0,36.0,p1,showdown,False,2,102.0,114.0,calling_station
2379,k,k,max_raise,['max_raise'],"[('p1', 'max_raise'), ('p2', 'call')]",0.0,3366.0,0.0,tie,showdown,False,2,102.0,114.0,calling_station
2380,k,j,max_raise,['max_raise'],"[('p1', 'max_raise'), ('p2', 'call')]",18.0,3384.0,36.0,p1,showdown,False,2,102.0,114.0,calling_station
2381,q,q,max_raise,['max_raise'],"[('p1', 'max_raise'), ('p2', 'call')]",0.0,3384.0,0.0,tie,showdown,False,2,102.0,114.0,calling_station
2382,q,q,max_raise,['max_raise'],"[('p1', 'max_raise'), ('p2', 'call')]",0.0,3384.0,0.0,tie,showdown,False,2,102.0,114.0,calling_station
2383,k,q,max_raise,['max_raise'],"[('p1', 'max_raise'), ('p2', 'call')]",18.0,3402.0,36.0,p1,showdown,False,2,102.0,114.0,calling_station
2384,j,k,check,['check'],"[('p1', 'check'), ('p2', 'check')]",-6.0,3396.0,12.0,p2,showdown,False,2,114.0,114.0,calling_station
2385,j,q,check,['check'],"[('p1', 'check'), ('p2', 'check')]",-6.0,3390.0,12.0,p2,showdown,False,2,114.0,114.0,calling_station
2386,q,q,max_raise,['max_raise'],"[('p1', 'max_raise'), ('p2', 'call')]",0.0,3390.0,0.0,tie,showdown,False,2,102.0,114.0,calling_station
2387,j,k,check,['check'],"[('p1', 'check'), ('p2', 'check')]",-6.0,3384.0,12.0,p2,showdown,False,2,114.0,114.0,calling_station
2388,k,q,max_raise,['max_raise'],"[('p1', 'max_raise'), ('p2', 'call')]",18.0,3402.0,36.0,p1,showdown,False,2,102.0,114.0,calling_station
2389,q,k,max_raise,['max_raise'],"[('p1', 'max_raise'), ('p2', 'call')]",-18.0,3384.0,36.0,p2,showdown,False,2,102.0,114.0,calling_station
2390,j,k,check,['check'],"[('p1', 'check'), ('p2', 'check')]",-6.0,3378.0,12.0,p2,showdown,False,2,114.0,114.0,calling_station
2391,q,k,max_raise,['max_raise'],"[('p1', 'max_raise'), ('p2', 'call')]",-18.0,3360.0,36.0,p2,showdown,False,2,102.0,114.0,calling_station
2392,j,j,check,['check'],"[('p1', 'check'), ('p2', 'check')]",0.0,3360.0,0.0,tie,showdown,False,2,114.0,114.0,calling_station
2393,j,j,check,['check'],"[('p1', 'check'), ('p2', 'check')]",0.0,3360.0,0.0,tie,showdown,False,2,114.0,114.0,calling_station
2394,j,k,check,['check'],"[('p1', 'check'), ('p2', 'check')]",-6.0,3354.0,12.0,p2,showdown,False,2,114.0,114.0,calling_station
2395,q,q,max_raise,['max_raise'],"[('p1', 'max_raise'), ('p2', 'call')]",0.0,3354.0,0.0,tie,showdown,False,2,102.0,114.0,calling_station
2396,j,k,check,['check'],"[('p1', 'check'), ('p2', 'check')]",-6.0,3348.0,12.0,p2,showdown,False,2,114.0,114.0,calling_station
2397,k,j,max_raise,['max_raise'],"[('p1', 'max_raise'), ('p2', 'call')]",18.0,3366.0,36.0,p1,showdown,False,2,102.0,114.0,calling_station
2398,k,k,max_raise,['max_raise'],"[('p1', 'max_raise'), ('p2', 'call')]",0.0,3366.0,0.0,tie,showdown,False,2,102.0,114.0,calling_station
2399,k,k,max_raise,['max_raise'],"[('p1', 'max_raise'), ('p2', 'call')]",0.0,3366.0,0.0,tie,showdown,False,2,102.0,114.0,calling_station
2400,j,k,check,['check'],"[('p1', 'check'), ('p2', 'check')]",-6.0,3360.0,12.0,p2,showdown,False,2,114.0,114.0,calling_station
2401,k,q,max_raise,['max_raise'],"[('p1', 'max_raise'), ('p2', 'call')]",18.0,3378.0,36.0,p1,showdown,False,2,102.0,114.0,calling_station
2402,q,j,max_raise,['max_raise'],"[('p1', 'max_raise'), ('p2', 'call')]",18.0,3396.0,36.0,p1,showdown,False,2,102.0,114.0,calling_station
2403,q,j,max_raise,['max_raise'],"[('p1', 'max_raise'), ('p2', 'call')]",18.0,3414.0,36.0,p1,showdown,False,2,102.0,114.0,calling_station
2404,k,j,max_raise,['max_raise'],"[('p1', 'max_raise'), ('p2', 'call')]",18.0,3432.0,36.0,p1,showdown,False,2,102.0,114.0,calling_station
2405,k,q,max_raise,['max_raise'],"[('p1', 'max_raise'), ('p2', 'call')]",18.0,3450.0,36.0,p1,showdown,False,2,102.0,114.0,calling_station
2406,k,q,max_raise,['max_raise'],"[('p1', 'max_raise'), ('p2', 'call')]",18.0,3468.0,36.0,p1,showdown,False,2,102.0,114.0,calling_station
2407,q,k,max_raise,['max_raise'],"[('p1', 'max_raise'), ('p2', 'call')]",-18.0,3450.0,36.0,p2,showdown,False,2,102.0,114.0,calling_station
2408,j,k,check,['check'],"[('p1', 'check'), ('p2', 'check')]",-6.0,3444.0,12.0,p2,showdown,False,2,114.0,114.0,calling_station
2409,j,k,check,['check'],"[('p1', 'check'), ('p2', 'check')]",-6.0,3438.0,12.0,p2,showdown,False,2,114.0,114.0,calling_station
2410,j,j,check,['check'],"[('p1', 'check'), ('p2', 'check')]",0.0,3438.0,0.0,tie,showdown,False,2,114.0,114.0,calling_station
2411,q,q,max_raise,['max_raise'],"[('p1', 'max_raise'), ('p2', 'call')]",0.0,3438.0,0.0,tie,showdown,False,2,102.0,114.0,calling_station
2412,k,j,max_raise,['max_raise'],"[('p1', 'max_raise'), ('p2', 'call')]",18.0,3456.0,36.0,p1,showdown,False,2,102.0,114.0,calling_station
2413,k,q,max_raise,['max_raise'],"[('p1', 'max_raise'), ('p2', 'call')]",18.0,3474.0,36.0,p1,showdown,False,2,102.0,114.0,calling_station
2414,q,j,max_raise,['max_raise'],"[('p1', 'max_raise'), ('p2', 'call')]",18.0,3492.0,36.0,p1,showdown,False,2,102.0,114.0,calling_station
2415,k,k,max_raise,['max_raise'],"[('p1', 'max_raise'), ('p2', 'call')]",0.0,3492.0,0.0,tie,showdown,False,2,102.0,114.0,calling_station
2416,q,q,max_raise,['max_raise'],"[('p1', 'max_raise'), ('p2', 'call')]",0.0,3492.0,0.0,tie,showdown,False,2,102.0,114.0,calling_station
2417,k,k,max_raise,['max_raise'],"[('p1', 'max_raise'), ('p2', 'call')]",0.0,3492.0,0.0,tie,showdown,False,2,102.0,114.0,calling_station
2418,j,k,check,['check'],"[('p1', 'check'), ('p2', 'check')]",-6.0,3486.0,12.0,p2,showdown,False,2,114.0,114.0,calling_station
2419,j,q,check,['check'],"[('p1', 'check'), ('p2', 'check')]",-6.0,3480.0,12.0,p2,showdown,False,2,114.0,114.0,calling_station
2420,k,q,max_raise,['max_raise'],"[('p1', 'max_raise'), ('p2', 'call')]",18.0,3498.0,36.0,p1,showdown,False,2,102.0,114.0,calling_station
2421,k,k,max_raise,['max_raise'],"[('p1', 'max_raise'), ('p2', 'call')]",0.0,3498.0,0.0,tie,showdown,False,2,102.0,114.0,calling_station
2422,k,q,max_raise,['max_raise'],"[('p1', 'max_raise'), ('p2', 'call')]",18.0,3516.0,36.0,p1,showdown,False,2,102.0,114.0,calling_station
2423,j,k,check,['check'],"[('p1', 'check'), ('p2', 'check')]",-6.0,3510.0,12.0,p2,showdown,False,2,114.0,114.0,calling_station
2424,k,j,max_raise,['max_raise'],"[('p1', 'max_raise'), ('p2', 'call')]",18.0,3528.0,36.0,p1,showdown,False,2,102.0,114.0,calling_station
2425,q,j,max_raise,['max_raise'],"[('p1', 'max_raise'), ('p2', 'call')]",18.0,3546.0,36.0,p1,showdown,False,2,102.0,114.0,calling_station
2426,k,q,max_raise,['max_raise'],"[('p1', 'max_raise'), ('p2', 'call')]",18.0,3564.0,36.0,p1,showdown,False,2,102.0,114.0,calling_station
2427,k,k,max_raise,['max_raise'],"[('p1', 'max_raise'), ('p2', 'call')]",0.0,3564.0,0.0,tie,showdown,False,2,102.0,114.0,calling_station
2428,j,k,check,['check'],"[('p1', 'check'), ('p2', 'check')]",-6.0,3558.0,12.0,p2,showdown,False,2,114.0,114.0,calling_station
2429,q,q,max_raise,['max_raise'],"[('p1', 'max_raise'), ('p2', 'call')]",0.0,3558.0,0.0,tie,showdown,False,2,102.0,114.0,calling_station
2430,k,k,max_raise,['max_raise'],"[('p1', 'max_raise'), ('p2', 'call')]",0.0,3558.0,0.0,tie,showdown,False,2,102.0,114.0,calling_station
2431,k,j,max_raise,['max_raise'],"[('p1', 'max_raise'), ('p2', 'call')]",18.0,3576.0,36.0,p1,showdown,False,2,102.0,114.0,calling_station
2432,q,q,max_raise,['max_raise'],"[('p1', 'max_raise'), ('p2', 'call')]",0.0,3576.0,0.0,tie,showdown,False,2,102.0,114.0,calling_station
2433,j,q,check,['check'],"[('p1', 'check'), ('p2', 'check')]",-6.0,3570.0,12.0,p2,showdown,False,2,114.0,114.0,calling_station
2434,q,j,max_raise,['max_raise'],"[('p1', 'max_raise'), ('p2', 'call')]",18.0,3588.0,36.0,p1,showdown,False,2,102.0,114.0,calling_station
2435,q,j,max_raise,['max_raise'],"[('p1', 'max_raise'), ('p2', 'call')]",18.0,3606.0,36.0,p1,showdown,False,2,102.0,114.0,calling_station
2436,k,j,max_raise,['max_raise'],"[('p1', 'max_raise'), ('p2', 'call')]",18.0,3624.0,36.0,p1,showdown,False,2,102.0,114.0,calling_station
2437,k,k,max_raise,['max_raise'],"[('p1', 'max_raise'), ('p2', 'call')]",0.0,3624.0,0.0,tie,showdown,False,2,102.0,114.0,calling_station
2438,j,k,check,['check'],"[('p1', 'check'), ('p2', 'check')]",-6.0,3618.0,12.0,p2,showdown,False,2,114.0,114.0,calling_station
2439,j,q,check,['check'],"[('p1', 'check'), ('p2', 'check')]",-6.0,3612.0,12.0,p2,showdown,False,2,114.0,114.0,calling_station
2440,j,q,check,['check'],"[('p1', 'check'), ('p2', 'check')]",-6.0,3606.0,12.0,p2,showdown,False,2,114.0,114.0,calling_station
2441,q,q,max_raise,['max_raise'],"[('p1', 'max_raise'), ('p2', 'call')]",0.0,3606.0,0.0,tie,showdown,False,2,102.0,114.0,calling_station
2442,q,k,max_raise,['max_raise'],"[('p1', 'max_raise'), ('p2', 'call')]",-18.0,3588.0,36.0,p2,showdown,False,2,102.0,114.0,calling_station
2443,k,q,max_raise,['max_raise'],"[('p1', 'max_raise'), ('p2', 'call')]",18.0,3606.0,36.0,p1,showdown,False,2,102.0,114.0,calling_station
2444,k,q,max_raise,['max_raise'],"[('p1', 'max_raise'), ('p2', 'call')]",18.0,3624.0,36.0,p1,showdown,False,2,102.0,114.0,calling_station
2445,j,q,check,['check'],"[('p1', 'check'), ('p2', 'check')]",-6.0,3618.0,12.0,p2,showdown,False,2,114.0,114.0,calling_station
2446,k,q,max_raise,['max_raise'],"[('p1', 'max_raise'), ('p2', 'call')]",18.0,3636.0,36.0,p1,showdown,False,2,102.0,114.0,calling_station
2447,k,q,max_raise,['max_raise'],"[('p1', 'max_raise'), ('p2', 'call')]",18.0,3654.0,36.0,p1,showdown,False,2,102.0,114.0,calling_station
2448,q,k,max_raise,['max_raise'],"[('p1', 'max_raise'), ('p2', 'call')]",-18.0,3636.0,36.0,p2,showdown,False,2,102.0,114.0,calling_station
2449,j,j,check,['check'],"[('p1', 'check'), ('p2', 'check')]",0.0,3636.0,0.0,tie,showdown,False,2,114.0,114.0,calling_station
2450,j,q,check,['check'],"[('p1', 'check'), ('p2', 'check')]",-6.0,3630.0,12.0,p2,showdown,False,2,114.0,114.0,calling_station
2451,q,k,max_raise,['max_raise'],"[('p1', 'max_raise'), ('p2', 'call')]",-18.0,3612.0,36.0,p2,showdown,False,2,102.0,114.0,calling_station
2452,q,j,max_raise,['max_raise'],"[('p1', 'max_raise'), ('p2', 'call')]",18.0,3630.0,36.0,p1,showdown,False,2,102.0,114.0,calling_station
2453,k,k,max_raise,['max_raise'],"[('p1', 'max_raise'), ('p2', 'call')]",0.0,3630.0,0.0,tie,showdown,False,2,102.0,114.0,calling_station
2454,k,k,max_raise,['max_raise'],"[('p1', 'max_raise'), ('p2', 'call')]",0.0,3630.0,0.0,tie,showdown,False,2,102.0,114.0,calling_station
2455,j,q,max_raise,['max_raise'],"[('p1', 'max_raise'), ('p2', 'call')]",-18.0,3612.0,36.0,p2,showdown,True,2,102.0,114.0,calling_station
2456,q,j,max_raise,['max_raise'],"[('p1', 'max_raise'), ('p2', 'call')]",18.0,3630.0,36.0,p1,showdown,False,2,102.0,114.0,calling_station
2457,q,q,max_raise,['max_raise'],"[('p1', 'max_raise'), ('p2', 'call')]",0.0,3630.0,0.0,tie,showdown,False,2,102.0,114.0,calling_station
2458,k,j,max_raise,['max_raise'],"[('p1', 'max_raise'), ('p2', 'call')]",18.0,3648.0,36.0,p1,showdown,False,2,102.0,114.0,calling_station
2459,q,q,max_raise,['max_raise'],"[('p1', 'max_raise'), ('p2', 'call')]",0.0,3648.0,0.0,tie,showdown,False,2,102.0,114.0,calling_station
2460,k,q,max_raise,['max_raise'],"[('p1', 'max_raise'), ('p2', 'call')]",18.0,3666.0,36.0,p1,showdown,False,2,102.0,114.0,calling_station
2461,q,q,max_raise,['max_raise'],"[('p1', 'max_raise'), ('p2', 'call')]",0.0,3666.0,0.0,tie,showdown,False,2,102.0,114.0,calling_station
2462,k,q,max_raise,['max_raise'],"[('p1', 'max_raise'), ('p2', 'call')]",18.0,3684.0,36.0,p1,showdown,False,2,102.0,114.0,calling_station
2463,j,k,max_raise,['max_raise'],"[('p1', 'max_raise'), ('p2', 'call')]",-18.0,3666.0,36.0,p2,showdown,True,2,102.0,114.0,calling_station
2464,q,k,max_raise,['max_raise'],"[('p1', 'max_raise'), ('p2', 'call')]",-18.0,3648.0,36.0,p2,showdown,False,2,102.0,114.0,calling_station
2465,j,k,max_raise,['max_raise'],"[('p1', 'max_raise'), ('p2', 'call')]",-18.0,3630.0,36.0,p2,showdown,True,2,102.0,114.0,calling_station
2466,k,q,max_raise,['max_raise'],"[('p1', 'max_raise'), ('p2', 'call')]",18.0,3648.0,36.0,p1,showdown,False,2,102.0,114.0,calling_station
2467,j,j,max_raise,['max_raise'],"[('p1', 'max_raise'), ('p2', 'call')]",0.0,3648.0,0.0,tie,showdown,True,2,102.0,114.0,calling_station
2468,k,k,max_raise,['max_raise'],"[('p1', 'max_raise'), ('p2', 'call')]",0.0,3648.0,0.0,tie,showdown,False,2,102.0,114.0,calling_station
2469,j,k,max_raise,['max_raise'],"[('p1', 'max_raise'), ('p2', 'call')]",-18.0,3630.0,36.0,p2,showdown,True,2,102.0,114.0,calling_station
2470,q,j,max_raise,['max_raise'],"[('p1', 'max_raise'), ('p2', 'call')]",18.0,3648.0,36.0,p1,showdown,False,2,102.0,114.0,calling_station
2471,q,q,max_raise,['max_raise'],"[('p1', 'max_raise'), ('p2', 'call')]",0.0,3648.0,0.0,tie,showdown,False,2,102.0,114.0,calling_station
2472,j,j,max_raise,['max_raise'],"[('p1', 'max_raise'), ('p2', 'call')]",0.0,3648.0,0.0,tie,showdown,True,2,102.0,114.0,calling_station
2473,q,k,max_raise,['max_raise'],"[('p1', 'max_raise'), ('p2', 'call')]",-18.0,3630.0,36.0,p2,showdown,False,2,102.0,114.0,calling_station
2474,j,q,check,['check'],"[('p1', 'check'), ('p2', 'check')]",-6.0,3624.0,12.0,p2,showdown,False,2,114.0,114.0,calling_station
2475,k,q,max_raise,['max_raise'],"[('p1', 'max_raise'), ('p2', 'call')]",18.0,3642.0,36.0,p1,showdown,False,2,102.0,114.0,calling_station
2476,q,q,max_raise,['max_raise'],"[('p1', 'max_raise'), ('p2', 'call')]",0.0,3642.0,0.0,tie,showdown,False,2,102.0,114.0,calling_station
2477,k,j,max_raise,['max_raise'],"[('p1', 'max_raise'), ('p2', 'call')]",18.0,3660.0,36.0,p1,showdown,False,2,102.0,114.0,calling_station
2478,k,k,max_raise,['max_raise'],"[('p1', 'max_raise'), ('p2', 'call')]",0.0,3660.0,0.0,tie,showdown,False,2,102.0,114.0,calling_station
2479,q,k,max_raise,['max_raise'],"[('p1', 'max_raise'), ('p2', 'call')]",-18.0,3642.0,36.0,p2,showdown,False,2,102.0,114.0,calling_station
2480,k,j,max_raise,['max_raise'],"[('p1', 'max_raise'), ('p2', 'call')]",18.0,3660.0,36.0,p1,showdown,False,2,102.0,114.0,calling_station
2481,j,k,check,['check'],"[('p1', 'check'), ('p2', 'check')]",-6.0,3654.0,12.0,p2,showdown,False,2,114.0,114.0,calling_station
2482,q,k,max_raise,['max_raise'],"[('p1', 'max_raise'), ('p2', 'call')]",-18.0,3636.0,36.0,p2,showdown,False,2,102.0,114.0,calling_station
2483,j,k,check,['check'],"[('p1', 'check'), ('p2', 'check')]",-6.0,3630.0,12.0,p2,showdown,False,2,114.0,114.0,calling_station
2484,j,j,check,['check'],"[('p1', 'check'), ('p2', 'check')]",0.0,3630.0,0.0,tie,showdown,False,2,114.0,114.0,calling_station
2485,j,k,check,['check'],"[('p1', 'check'), ('p2', 'check')]",-6.0,3624.0,12.0,p2,showdown,False,2,114.0,114.0,calling_station
2486,k,j,max_raise,['max_raise'],"[('p1', 'max_raise'), ('p2', 'call')]",18.0,3642.0,36.0,p1,showdown,False,2,102.0,114.0,calling_station
2487,k,k,max_raise,['max_raise'],"[('p1', 'max_raise'), ('p2', 'call')]",0.0,3642.0,0.0,tie,showdown,False,2,102.0,114.0,calling_station
2488,j,k,check,['check'],"[('p1', 'check'), ('p2', 'check')]",-6.0,3636.0,12.0,p2,showdown,False,2,114.0,114.0,calling_station
2489,k,j,max_raise,['max_raise'],"[('p1', 'max_raise'), ('p2', 'call')]",18.0,3654.0,36.0,p1,showdown,False,2,102.0,114.0,calling_station
2490,k,q,max_raise,['max_raise'],"[('p1', 'max_raise'), ('p2', 'call')]",18.0,3672.0,36.0,p1,showdown,False,2,102.0,114.0,calling_station
2491,k,k,max_raise,['max_raise'],"[('p1', 'max_raise'), ('p2', 'call')]",0.0,3672.0,0.0,tie,showdown,False,2,102.0,114.0,calling_station
2492,k,q,max_raise,['max_raise'],"[('p1', 'max_raise'), ('p2', 'call')]",18.0,3690.0,36.0,p1,showdown,False,2,102.0,114.0,calling_station
2493,k,q,max_raise,['max_raise'],"[('p1', 'max_raise'), ('p2', 'call')]",18.0,3708.0,36.0,p1,showdown,False,2,102.0,114.0,calling_station
2494,q,k,max_raise,['max_raise'],"[('p1', 'max_raise'), ('p2', 'call')]",-18.0,3690.0,36.0,p2,showdown,False,2,102.0,114.0,calling_station
2495,j,k,check,['check'],"[('p1', 'check'), ('p2', 'check')]",-6.0,3684.0,12.0,p2,showdown,False,2,114.0,114.0,calling_station
2496,j,k,check,['check'],"[('p1', 'check'), ('p2', 'check')]",-6.0,3678.0,12.0,p2,showdown,False,2,114.0,114.0,calling_station
2497,k,k,max_raise,['max_raise'],"[('p1', 'max_raise'), ('p2', 'call')]",0.0,3678.0,0.0,tie,showdown,False,2,102.0,114.0,calling_station
2498,j,k,check,['check'],"[('p1', 'check'), ('p2', 'check')]",-6.0,3672.0,12.0,p2,showdown,False,2,114.0,114.0,calling_station
2499,k,j,max_raise,['max_raise'],"[('p1', 'max_raise'), ('p2', 'call')]",18.0,3690.0,36.0,p1,showdown,False,2,102.0,114.0,calling_station
2500,q,k,max_raise,['max_raise'],"[('p1', 'max_raise'), ('p2', 'call')]",-18.0,3672.0,36.0,p2,showdown,False,2,102.0,114.0,calling_station
2501,j,q,check,['check'],"[('p1', 'check'), ('p2', 'check')]",-6.0,3666.0,12.0,p2,showdown,False,2,114.0,114.0,calling_station
2502,q,q,max_raise,['max_raise'],"[('p1', 'max_raise'), ('p2', 'call')]",0.0,3666.0,0.0,tie,showdown,False,2,102.0,114.0,calling_station
2503,q,k,max_raise,['max_raise'],"[('p1', 'max_raise'), ('p2', 'call')]",-18.0,3648.0,36.0,p2,showdown,False,2,102.0,114.0,calling_station
2504,k,q,max_raise,['max_raise'],"[('p1', 'max_raise'), ('p2', 'call')]",18.0,3666.0,36.0,p1,showdown,False,2,102.0,114.0,calling_station
2505,k,k,max_raise,['max_raise'],"[('p1', 'max_raise'), ('p2', 'call')]",0.0,3666.0,0.0,tie,showdown,False,2,102.0,114.0,calling_station
2506,j,j,check,['check'],"[('p1', 'check'), ('p2', 'check')]",0.0,3666.0,0.0,tie,showdown,False,2,114.0,114.0,calling_station
2507,q,k,max_raise,['max_raise'],"[('p1', 'max_raise'), ('p2', 'call')]",-18.0,3648.0,36.0,p2,showdown,False,2,102.0,114.0,calling_station
2508,k,q,max_raise,['max_raise'],"[('p1', 'max_raise'), ('p2', 'call')]",18.0,3666.0,36.0,p1,showdown,False,2,102.0,114.0,calling_station
2509,j,k,check,['check'],"[('p1', 'check'), ('p2', 'check')]",-6.0,3660.0,12.0,p2,showdown,False,2,114.0,114.0,calling_station
2510,j,k,check,['check'],"[('p1', 'check'), ('p2', 'check')]",-6.0,3654.0,12.0,p2,showdown,False,2,114.0,114.0,calling_station
2511,q,k,max_raise,['max_raise'],"[('p1', 'max_raise'), ('p2', 'call')]",-18.0,3636.0,36.0,p2,showdown,False,2,102.0,114.0,calling_station
2512,j,k,check,['check'],"[('p1', 'check'), ('p2', 'check')]",-6.0,3630.0,12.0,p2,showdown,False,2,114.0,114.0,calling_station
2513,k,k,max_raise,['max_raise'],"[('p1', 'max_raise'), ('p2', 'call')]",0.0,3630.0,0.0,tie,showdown,False,2,102.0,114.0,calling_station
2514,k,j,max_raise,['max_raise'],"[('p1', 'max_raise'), ('p2', 'call')]",18.0,3648.0,36.0,p1,showdown,False,2,102.0,114.0,calling_station
2515,k,j,max_raise,['max_raise'],"[('p1', 'max_raise'), ('p2', 'call')]",18.0,3666.0,36.0,p1,showdown,False,2,102.0,114.0,calling_station
2516,k,j,max_raise,['max_raise'],"[('p1', 'max_raise'), ('p2', 'call')]",18.0,3684.0,36.0,p1,showdown,False,2,102.0,114.0,calling_station
2517,q,k,max_raise,['max_raise'],"[('p1', 'max_raise'), ('p2', 'call')]",-18.0,3666.0,36.0,p2,showdown,False,2,102.0,114.0,calling_station
2518,k,k,max_raise,['max_raise'],"[('p1', 'max_raise'), ('p2', 'call')]",0.0,3666.0,0.0,tie,showdown,False,2,102.0,114.0,calling_station
2519,q,j,max_raise,['max_raise'],"[('p1', 'max_raise'), ('p2', 'call')]",18.0,3684.0,36.0,p1,showdown,False,2,102.0,114.0,calling_station
2520,q,j,max_raise,['max_raise'],"[('p1', 'max_raise'), ('p2', 'call')]",18.0,3702.0,36.0,p1,showdown,False,2,102.0,114.0,calling_station
2521,j,k,check,['check'],"[('p1', 'check'), ('p2', 'check')]",-6.0,3696.0,12.0,p2,showdown,False,2,114.0,114.0,calling_station
2522,q,k,max_raise,['max_raise'],"[('p1', 'max_raise'), ('p2', 'call')]",-18.0,3678.0,36.0,p2,showdown,False,2,102.0,114.0,calling_station
2523,k,j,max_raise,['max_raise'],"[('p1', 'max_raise'), ('p2', 'call')]",18.0,3696.0,36.0,p1,showdown,False,2,102.0,114.0,calling_station
2524,q,k,max_raise,['max_raise'],"[('p1', 'max_raise'), ('p2', 'call')]",-18.0,3678.0,36.0,p2,showdown,False,2,102.0,114.0,calling_station
2525,q,q,max_raise,['max_raise'],"[('p1', 'max_raise'), ('p2', 'call')]",0.0,3678.0,0.0,tie,showdown,False,2,102.0,114.0,calling_station
2526,q,q,max_raise,['max_raise'],"[('p1', 'max_raise'), ('p2', 'call')]",0.0,3678.0,0.0,tie,showdown,False,2,102.0,114.0,calling_station
2527,j,k,check,['check'],"[('p1', 'check'), ('p2', 'check')]",-6.0,3672.0,12.0,p2,showdown,False,2,114.0,114.0,calling_station
2528,q,q,max_raise,['max_raise'],"[('p1', 'max_raise'), ('p2', 'call')]",0.0,3672.0,0.0,tie,showdown,False,2,102.0,114.0,calling_station
2529,q,q,max_raise,['max_raise'],"[('p1', 'max_raise'), ('p2', 'call')]",0.0,3672.0,0.0,tie,showdown,False,2,102.0,114.0,calling_station
2530,j,q,check,['check'],"[('p1', 'check'), ('p2', 'check')]",-6.0,3666.0,12.0,p2,showdown,False,2,114.0,114.0,calling_station
2531,q,j,max_raise,['max_raise'],"[('p1', 'max_raise'), ('p2', 'call')]",18.0,3684.0,36.0,p1,showdown,False,2,102.0,114.0,calling_station
2532,k,k,max_raise,['max_raise'],"[('p1', 'max_raise'), ('p2', 'call')]",0.0,3684.0,0.0,tie,showdown,False,2,102.0,114.0,calling_station
2533,j,j,check,['check'],"[('p1', 'check'), ('p2', 'check')]",0.0,3684.0,0.0,tie,showdown,False,2,114.0,114.0,calling_station
2534,q,q,max_raise,['max_raise'],"[('p1', 'max_raise'), ('p2', 'call')]",0.0,3684.0,0.0,tie,showdown,False,2,102.0,114.0,calling_station
2535,q,j,max_raise,['max_raise'],"[('p1', 'max_raise'), ('p2', 'call')]",18.0,3702.0,36.0,p1,showdown,False,2,102.0,114.0,calling_station
2536,q,j,max_raise,['max_raise'],"[('p1', 'max_raise'), ('p2', 'call')]",18.0,3720.0,36.0,p1,showdown,False,2,102.0,114.0,calling_station
2537,k,j,max_raise,['max_raise'],"[('p1', 'max_raise'), ('p2', 'call')]",18.0,3738.0,36.0,p1,showdown,False,2,102.0,114.0,calling_station
2538,j,k,max_raise,['max_raise'],"[('p1', 'max_raise'), ('p2', 'call')]",-18.0,3720.0,36.0,p2,showdown,True,2,102.0,114.0,calling_station
2539,k,j,max_raise,['max_raise'],"[('p1', 'max_raise'), ('p2', 'call')]",18.0,3738.0,36.0,p1,showdown,False,2,102.0,114.0,calling_station
2540,j,q,check,['check'],"[('p1', 'check'), ('p2', 'check')]",-6.0,3732.0,12.0,p2,showdown,False,2,114.0,114.0,calling_station
2541,k,k,max_raise,['max_raise'],"[('p1', 'max_raise'), ('p2', 'call')]",0.0,3732.0,0.0,tie,showdown,False,2,102.0,114.0,calling_station
2542,k,j,max_raise,['max_raise'],"[('p1', 'max_raise'), ('p2', 'call')]",18.0,3750.0,36.0,p1,showdown,False,2,102.0,114.0,calling_station
2543,j,k,check,['check'],"[('p1', 'check'), ('p2', 'check')]",-6.0,3744.0,12.0,p2,showdown,False,2,114.0,114.0,calling_station
2544,q,j,max_raise,['max_raise'],"[('p1', 'max_raise'), ('p2', 'call')]",18.0,3762.0,36.0,p1,showdown,False,2,102.0,114.0,calling_station
2545,q,j,max_raise,['max_raise'],"[('p1', 'max_raise'), ('p2', 'call')]",18.0,3780.0,36.0,p1,showdown,False,2,102.0,114.0,calling_station
2546,j,q,check,['check'],"[('p1', 'check'), ('p2', 'check')]",-6.0,3774.0,12.0,p2,showdown,False,2,114.0,114.0,calling_station
2547,j,k,check,['check'],"[('p1', 'check'), ('p2', 'check')]",-6.0,3768.0,12.0,p2,showdown,False,2,114.0,114.0,calling_station
2548,q,j,max_raise,['max_raise'],"[('p1', 'max_raise'), ('p2', 'call')]",18.0,3786.0,36.0,p1,showdown,False,2,102.0,114.0,calling_station
2549,q,q,max_raise,['max_raise'],"[('p1', 'max_raise'), ('p2', 'call')]",0.0,3786.0,0.0,tie,showdown,False,2,102.0,114.0,calling_station
2550,j,q,check,['check'],"[('p1', 'check'), ('p2', 'check')]",-6.0,3780.0,12.0,p2,showdown,False,2,114.0,114.0,calling_station
2551,j,k,check,['check'],"[('p1', 'check'), ('p2', 'check')]",-6.0,3774.0,12.0,p2,showdown,False,2,114.0,114.0,calling_station
2552,j,j,check,['check'],"[('p1', 'check'), ('p2', 'check')]",0.0,3774.0,0.0,tie,showdown,False,2,114.0,114.0,calling_station
2553,q,q,max_raise,['max_raise'],"[('p1', 'max_raise'), ('p2', 'call')]",0.0,3774.0,0.0,tie,showdown,False,2,102.0,114.0,calling_station
2554,j,k,check,['check'],"[('p1', 'check'), ('p2', 'check')]",-6.0,3768.0,12.0,p2,showdown,False,2,114.0,114.0,calling_station
2555,j,k,check,['check'],"[('p1', 'check'), ('p2', 'check')]",-6.0,3762.0,12.0,p2,showdown,False,2,114.0,114.0,calling_station
2556,k,k,max_raise,['max_raise'],"[('p1', 'max_raise'), ('p2', 'call')]",0.0,3762.0,0.0,tie,showdown,False,2,102.0,114.0,calling_station
2557,j,k,check,['check'],"[('p1', 'check'), ('p2', 'check')]",-6.0,3756.0,12.0,p2,showdown,False,2,114.0,114.0,calling_station
2558,q,j,max_raise,['max_raise'],"[('p1', 'max_raise'), ('p2', 'call')]",18.0,3774.0,36.0,p1,showdown,False,2,102.0,114.0,calling_station
2559,j,k,check,['check'],"[('p1', 'check'), ('p2', 'check')]",-6.0,3768.0,12.0,p2,showdown,False,2,114.0,114.0,calling_station
2560,j,q,check,['check'],"[('p1', 'check'), ('p2', 'check')]",-6.0,3762.0,12.0,p2,showdown,False,2,114.0,114.0,calling_station
2561,q,j,max_raise,['max_raise'],"[('p1', 'max_raise'), ('p2', 'call')]",18.0,3780.0,36.0,p1,showdown,False,2,102.0,114.0,calling_station
2562,k,q,max_raise,['max_raise'],"[('p1', 'max_raise'), ('p2', 'call')]",18.0,3798.0,36.0,p1,showdown,False,2,102.0,114.0,calling_station
2563,j,q,max_raise,['max_raise'],"[('p1', 'max_raise'), ('p2', 'call')]",-18.0,3780.0,36.0,p2,showdown,True,2,102.0,114.0,calling_station
2564,q,k,max_raise,['max_raise'],"[('p1', 'max_raise'), ('p2', 'call')]",-18.0,3762.0,36.0,p2,showdown,False,2,102.0,114.0,calling_station
2565,k,q,max_raise,['max_raise'],"[('p1', 'max_raise'), ('p2', 'call')]",18.0,3780.0,36.0,p1,showdown,False,2,102.0,114.0,calling_station
2566,k,j,max_raise,['max_raise'],"[('p1', 'max_raise'), ('p2', 'call')]",18.0,3798.0,36.0,p1,showdown,False,2,102.0,114.0,calling_station
2567,j,j,max_raise,['max_raise'],"[('p1', 'max_raise'), ('p2', 'call')]",0.0,3798.0,0.0,tie,showdown,True,2,102.0,114.0,calling_station
2568,j,k,max_raise,['max_raise'],"[('p1', 'max_raise'), ('p2', 'call')]",-18.0,3780.0,36.0,p2,showdown,True,2,102.0,114.0,calling_station
2569,q,j,max_raise,['max_raise'],"[('p1', 'max_raise'), ('p2', 'call')]",18.0,3798.0,36.0,p1,showdown,False,2,102.0,114.0,calling_station
2570,q,j,max_raise,['max_raise'],"[('p1', 'max_raise'), ('p2', 'call')]",18.0,3816.0,36.0,p1,showdown,False,2,102.0,114.0,calling_station
2571,k,j,max_raise,['max_raise'],"[('p1', 'max_raise'), ('p2', 'call')]",18.0,3834.0,36.0,p1,showdown,False,2,102.0,114.0,calling_station
2572,k,q,max_raise,['max_raise'],"[('p1', 'max_raise'), ('p2', 'call')]",18.0,3852.0,36.0,p1,showdown,False,2,102.0,114.0,calling_station
2573,q,j,max_raise,['max_raise'],"[('p1', 'max_raise'), ('p2', 'call')]",18.0,3870.0,36.0,p1,showdown,False,2,102.0,114.0,calling_station
2574,k,q,max_raise,['max_raise'],"[('p1', 'max_raise'), ('p2', 'call')]",18.0,3888.0,36.0,p1,showdown,False,2,102.0,114.0,calling_station
2575,j,q,max_raise,['max_raise'],"[('p1', 'max_raise'), ('p2', 'call')]",-18.0,3870.0,36.0,p2,showdown,True,2,102.0,114.0,calling_station
2576,q,j,max_raise,['max_raise'],"[('p1', 'max_raise'), ('p2', 'call')]",18.0,3888.0,36.0,p1,showdown,False,2,102.0,114.0,calling_station
2577,j,k,max_raise,['max_raise'],"[('p1', 'max_raise'), ('p2', 'call')]",-18.0,3870.0,36.0,p2,showdown,True,2,102.0,114.0,calling_station
2578,k,q,max_raise,['max_raise'],"[('p1', 'max_raise'), ('p2', 'call')]",18.0,3888.0,36.0,p1,showdown,False,2,102.0,114.0,calling_station
2579,j,k,max_raise,['max_raise'],"[('p1', 'max_raise'), ('p2', 'call')]",-18.0,3870.0,36.0,p2,showdown,True,2,102.0,114.0,calling_station
2580,k,q,max_raise,['max_raise'],"[('p1', 'max_raise'), ('p2', 'call')]",18.0,3888.0,36.0,p1,showdown,False,2,102.0,114.0,calling_station
2581,j,j,max_raise,['max_raise'],"[('p1', 'max_raise'), ('p2', 'call')]",0.0,3888.0,0.0,tie,showdown,True,2,102.0,114.0,calling_station
2582,q,j,max_raise,['max_raise'],"[('p1', 'max_raise'), ('p2', 'call')]",18.0,3906.0,36.0,p1,showdown,False,2,102.0,114.0,calling_station
2583,j,k,max_raise,['max_raise'],"[('p1', 'max_raise'), ('p2', 'call')]",-18.0,3888.0,36.0,p2,showdown,True,2,102.0,114.0,calling_station
2584,j,k,max_raise,['max_raise'],"[('p1', 'max_raise'), ('p2', 'call')]",-18.0,3870.0,36.0,p2,showdown,True,2,102.0,114.0,calling_station
2585,q,j,max_raise,['max_raise'],"[('p1', 'max_raise'), ('p2', 'call')]",18.0,3888.0,36.0,p1,showdown,False,2,102.0,114.0,calling_station
2586,q,k,max_raise,['max_raise'],"[('p1', 'max_raise'), ('p2', 'call')]",-18.0,3870.0,36.0,p2,showdown,False,2,102.0,114.0,calling_station
2587,j,q,max_raise,['max_raise'],"[('p1', 'max_raise'), ('p2', 'call')]",-18.0,3852.0,36.0,p2,showdown,True,2,102.0,114.0,calling_station
2588,k,j,max_raise,['max_raise'],"[('p1', 'max_raise'), ('p2', 'call')]",18.0,3870.0,36.0,p1,showdown,False,2,102.0,114.0,calling_station
2589,j,j,max_raise,['max_raise'],"[('p1', 'max_raise'), ('p2', 'call')]",0.0,3870.0,0.0,tie,showdown,True,2,102.0,114.0,calling_station
2590,k,j,max_raise,['max_raise'],"[('p1', 'max_raise'), ('p2', 'call')]",18.0,3888.0,36.0,p1,showdown,False,2,102.0,114.0,calling_station
2591,k,j,max_raise,['max_raise'],"[('p1', 'max_raise'), ('p2', 'call')]",18.0,3906.0,36.0,p1,showdown,False,2,102.0,114.0,calling_station
2592,q,j,max_raise,['max_raise'],"[('p1', 'max_raise'), ('p2', 'call')]",18.0,3924.0,36.0,p1,showdown,False,2,102.0,114.0,calling_station
2593,k,j,max_raise,['max_raise'],"[('p1', 'max_raise'), ('p2', 'call')]",18.0,3942.0,36.0,p1,showdown,False,2,102.0,114.0,calling_station
2594,k,q,max_raise,['max_raise'],"[('p1', 'max_raise'), ('p2', 'call')]",18.0,3960.0,36.0,p1,showdown,False,2,102.0,114.0,calling_station
2595,k,j,max_raise,['max_raise'],"[('p1', 'max_raise'), ('p2', 'call')]",18.0,3978.0,36.0,p1,showdown,False,2,102.0,114.0,calling_station
2596,k,q,max_raise,['max_raise'],"[('p1', 'max_raise'), ('p2', 'call')]",18.0,3996.0,36.0,p1,showdown,False,2,102.0,114.0,calling_station
2597,q,j,max_raise,['max_raise'],"[('p1', 'max_raise'), ('p2', 'call')]",18.0,4014.0,36.0,p1,showdown,False,2,102.0,114.0,calling_station
2598,q,q,max_raise,['max_raise'],"[('p1', 'max_raise'), ('p2', 'call')]",0.0,4014.0,0.0,tie,showdown,False,2,102.0,114.0,calling_station
2599,q,j,max_raise,['max_raise'],"[('p1', 'max_raise'), ('p2', 'call')]",18.0,4032.0,36.0,p1,showdown,False,2,102.0,114.0,calling_station
2600,k,j,max_raise,['max_raise'],"[('p1', 'max_raise'), ('p2', 'call')]",18.0,4050.0,36.0,p1,showdown,False,2,102.0,114.0,calling_station
2601,q,j,max_raise,['max_raise'],"[('p1', 'max_raise'), ('p2', 'call')]",18.0,4068.0,36.0,p1,showdown,False,2,102.0,114.0,calling_station
2602,j,j,max_raise,['max_raise'],"[('p1', 'max_raise'), ('p2', 'call')]",0.0,4068.0,0.0,tie,showdown,True,2,102.0,114.0,calling_station
2603,k,j,max_raise,['max_raise'],"[('p1', 'max_raise'), ('p2', 'call')]",18.0,4086.0,36.0,p1,showdown,False,2,102.0,114.0,calling_station
2604,k,k,max_raise,['max_raise'],"[('p1', 'max_raise'), ('p2', 'call')]",0.0,4086.0,0.0,tie,showdown,False,2,102.0,114.0,calling_station
2605,j,k,max_raise,['max_raise'],"[('p1', 'max_raise'), ('p2', 'call')]",-18.0,4068.0,36.0,p2,showdown,True,2,102.0,114.0,calling_station
2606,j,k,max_raise,['max_raise'],"[('p1', 'max_raise'), ('p2', 'call')]",-18.0,4050.0,36.0,p2,showdown,True,2,102.0,114.0,calling_station
2607,q,q,max_raise,['max_raise'],"[('p1', 'max_raise'), ('p2', 'call')]",0.0,4050.0,0.0,tie,showdown,False,2,102.0,114.0,calling_station
2608,j,k,max_raise,['max_raise'],"[('p1', 'max_raise'), ('p2', 'call')]",-18.0,4032.0,36.0,p2,showdown,True,2,102.0,114.0,calling_station
2609,j,j,max_raise,['max_raise'],"[('p1', 'max_raise'), ('p2', 'call')]",0.0,4032.0,0.0,tie,showdown,True,2,102.0,114.0,calling_station
2610,q,k,max_raise,['max_raise'],"[('p1', 'max_raise'), ('p2', 'call')]",-18.0,4014.0,36.0,p2,showdown,False,2,102.0,114.0,calling_station
2611,k,j,max_raise,['max_raise'],"[('p1', 'max_raise'), ('p2', 'call')]",18.0,4032.0,36.0,p1,showdown,False,2,102.0,114.0,calling_station
2612,j,k,max_raise,['max_raise'],"[('p1', 'max_raise'), ('p2', 'call')]",-18.0,4014.0,36.0,p2,showdown,True,2,102.0,114.0,calling_station
2613,k,q,max_raise,['max_raise'],"[('p1', 'max_raise'), ('p2', 'call')]",18.0,4032.0,36.0,p1,showdown,False,2,102.0,114.0,calling_station
2614,j,k,max_raise,['max_raise'],"[('p1', 'max_raise'), ('p2', 'call')]",-18.0,4014.0,36.0,p2,showdown,True,2,102.0,114.0,calling_station
2615,q,j,max_raise,['max_raise'],"[('p1', 'max_raise'), ('p2', 'call')]",18.0,4032.0,36.0,p1,showdown,False,2,102.0,114.0,calling_station
2616,k,j,max_raise,['max_raise'],"[('p1', 'max_raise'), ('p2', 'call')]",18.0,4050.0,36.0,p1,showdown,False,2,102.0,114.0,calling_station
2617,q,k,max_raise,['max_raise'],"[('p1', 'max_raise'), ('p2', 'call')]",-18.0,4032.0,36.0,p2,showdown,False,2,102.0,114.0,calling_station
2618,j,j,max_raise,['max_raise'],"[('p1', 'max_raise'), ('p2', 'call')]",0.0,4032.0,0.0,tie,showdown,True,2,102.0,114.0,calling_station
2619,k,k,max_raise,['max_raise'],"[('p1', 'max_raise'), ('p2', 'call')]",0.0,4032.0,0.0,tie,showdown,False,2,102.0,114.0,calling_station
2620,j,k,max_raise,['max_raise'],"[('p1', 'max_raise'), ('p2', 'call')]",-18.0,4014.0,36.0,p2,showdown,True,2,102.0,114.0,calling_station
2621,k,k,max_raise,['max_raise'],"[('p1', 'max_raise'), ('p2', 'call')]",0.0,4014.0,0.0,tie,showdown,False,2,102.0,114.0,calling_station
2622,q,j,max_raise,['max_raise'],"[('p1', 'max_raise'), ('p2', 'call')]",18.0,4032.0,36.0,p1,showdown,False,2,102.0,114.0,calling_station
2623,k,q,max_raise,['max_raise'],"[('p1', 'max_raise'), ('p2', 'call')]",18.0,4050.0,36.0,p1,showdown,False,2,102.0,114.0,calling_station
2624,j,k,max_raise,['max_raise'],"[('p1', 'max_raise'), ('p2', 'call')]",-18.0,4032.0,36.0,p2,showdown,True,2,102.0,114.0,calling_station
2625,j,k,max_raise,['max_raise'],"[('p1', 'max_raise'), ('p2', 'call')]",-18.0,4014.0,36.0,p2,showdown,True,2,102.0,114.0,calling_station
2626,j,j,max_raise,['max_raise'],"[('p1', 'max_raise'), ('p2', 'call')]",0.0,4014.0,0.0,tie,showdown,True,2,102.0,114.0,calling_station
2627,q,j,max_raise,['max_raise'],"[('p1', 'max_raise'), ('p2', 'call')]",18.0,4032.0,36.0,p1,showdown,False,2,102.0,114.0,calling_station
2628,q,q,max_raise,['max_raise'],"[('p1', 'max_raise'), ('p2', 'call')]",0.0,4032.0,0.0,tie,showdown,False,2,102.0,114.0,calling_station
2629,j,q,max_raise,['max_raise'],"[('p1', 'max_raise'), ('p2', 'call')]",-18.0,4014.0,36.0,p2,showdown,True,2,102.0,114.0,calling_station
2630,q,q,max_raise,['max_raise'],"[('p1', 'max_raise'), ('p2', 'call')]",0.0,4014.0,0.0,tie,showdown,False,2,102.0,114.0,calling_station
2631,k,j,max_raise,['max_raise'],"[('p1', 'max_raise'), ('p2', 'call')]",18.0,4032.0,36.0,p1,showdown,False,2,102.0,114.0,calling_station
2632,q,j,max_raise,['max_raise'],"[('p1', 'max_raise'), ('p2', 'call')]",18.0,4050.0,36.0,p1,showdown,False,2,102.0,114.0,calling_station
2633,k,q,max_raise,['max_raise'],"[('p1', 'max_raise'), ('p2', 'call')]",18.0,4068.0,36.0,p1,showdown,False,2,102.0,114.0,calling_station
2634,q,j,max_raise,['max_raise'],"[('p1', 'max_raise'), ('p2', 'call')]",18.0,4086.0,36.0,p1,showdown,False,2,102.0,114.0,calling_station
2635,q,k,max_raise,['max_raise'],"[('p1', 'max_raise'), ('p2', 'call')]",-18.0,4068.0,36.0,p2,showdown,False,2,102.0,114.0,calling_station
2636,j,k,max_raise,['max_raise'],"[('p1', 'max_raise'), ('p2', 'call')]",-18.0,4050.0,36.0,p2,showdown,True,2,102.0,114.0,calling_station
2637,q,k,max_raise,['max_raise'],"[('p1', 'max_raise'), ('p2', 'call')]",-18.0,4032.0,36.0,p2,showdown,False,2,102.0,114.0,calling_station
2638,j,q,max_raise,['max_raise'],"[('p1', 'max_raise'), ('p2', 'call')]",-18.0,4014.0,36.0,p2,showdown,True,2,102.0,114.0,calling_station
2639,k,k,max_raise,['max_raise'],"[('p1', 'max_raise'), ('p2', 'call')]",0.0,4014.0,0.0,tie,showdown,False,2,102.0,114.0,calling_station
2640,j,q,max_raise,['max_raise'],"[('p1', 'max_raise'), ('p2', 'call')]",-18.0,3996.0,36.0,p2,showdown,True,2,102.0,114.0,calling_station
2641,q,k,max_raise,['max_raise'],"[('p1', 'max_raise'), ('p2', 'call')]",-18.0,3978.0,36.0,p2,showdown,False,2,102.0,114.0,calling_station
2642,k,k,max_raise,['max_raise'],"[('p1', 'max_raise'), ('p2', 'call')]",0.0,3978.0,0.0,tie,showdown,False,2,102.0,114.0,calling_station
2643,q,k,max_raise,['max_raise'],"[('p1', 'max_raise'), ('p2', 'call')]",-18.0,3960.0,36.0,p2,showdown,False,2,102.0,114.0,calling_station
2644,q,j,max_raise,['max_raise'],"[('p1', 'max_raise'), ('p2', 'call')]",18.0,3978.0,36.0,p1,showdown,False,2,102.0,114.0,calling_station
2645,k,j,max_raise,['max_raise'],"[('p1', 'max_raise'), ('p2', 'call')]",18.0,3996.0,36.0,p1,showdown,False,2,102.0,114.0,calling_station
2646,j,j,check,['check'],"[('p1', 'check'), ('p2', 'check')]",0.0,3996.0,0.0,tie,showdown,False,2,114.0,114.0,calling_station
2647,q,k,max_raise,['max_raise'],"[('p1', 'max_raise'), ('p2', 'call')]",-18.0,3978.0,36.0,p2,showdown,False,2,102.0,114.0,calling_station
2648,q,q,max_raise,['max_raise'],"[('p1', 'max_raise'), ('p2', 'call')]",0.0,3978.0,0.0,tie,showdown,False,2,102.0,114.0,calling_station
2649,q,j,max_raise,['max_raise'],"[('p1', 'max_raise'), ('p2', 'call')]",18.0,3996.0,36.0,p1,showdown,False,2,102.0,114.0,calling_station
2650,j,j,check,['check'],"[('p1', 'check'), ('p2', 'check')]",0.0,3996.0,0.0,tie,showdown,False,2,114.0,114.0,calling_station
2651,j,j,check,['check'],"[('p1', 'check'), ('p2', 'check')]",0.0,3996.0,0.0,tie,showdown,False,2,114.0,114.0,calling_station
2652,q,j,max_raise,['max_raise'],"[('p1', 'max_raise'), ('p2', 'call')]",18.0,4014.0,36.0,p1,showdown,False,2,102.0,114.0,calling_station
2653,k,j,max_raise,['max_raise'],"[('p1', 'max_raise'), ('p2', 'call')]",18.0,4032.0,36.0,p1,showdown,False,2,102.0,114.0,calling_station
2654,j,q,check,['check'],"[('p1', 'check'), ('p2', 'check')]",-6.0,4026.0,12.0,p2,showdown,False,2,114.0,114.0,calling_station
2655,q,q,max_raise,['max_raise'],"[('p1', 'max_raise'), ('p2', 'call')]",0.0,4026.0,0.0,tie,showdown,False,2,102.0,114.0,calling_station
2656,j,k,check,['check'],"[('p1', 'check'), ('p2', 'check')]",-6.0,4020.0,12.0,p2,showdown,False,2,114.0,114.0,calling_station
2657,q,j,max_raise,['max_raise'],"[('p1', 'max_raise'), ('p2', 'call')]",18.0,4038.0,36.0,p1,showdown,False,2,102.0,114.0,calling_station
2658,k,k,max_raise,['max_raise'],"[('p1', 'max_raise'), ('p2', 'call')]",0.0,4038.0,0.0,tie,showdown,False,2,102.0,114.0,calling_station
2659,j,k,check,['check'],"[('p1', 'check'), ('p2', 'check')]",-6.0,4032.0,12.0,p2,showdown,False,2,114.0,114.0,calling_station
2660,j,k,check,['check'],"[('p1', 'check'), ('p2', 'check')]",-6.0,4026.0,12.0,p2,showdown,False,2,114.0,114.0,calling_station
2661,k,k,max_raise,['max_raise'],"[('p1', 'max_raise'), ('p2', 'call')]",0.0,4026.0,0.0,tie,showdown,False,2,102.0,114.0,calling_station
2662,j,q,check,['check'],"[('p1', 'check'), ('p2', 'check')]",-6.0,4020.0,12.0,p2,showdown,False,2,114.0,114.0,calling_station
2663,k,k,max_raise,['max_raise'],"[('p1', 'max_raise'), ('p2', 'call')]",0.0,4020.0,0.0,tie,showdown,False,2,102.0,114.0,calling_station
2664,j,q,check,['check'],"[('p1', 'check'), ('p2', 'check')]",-6.0,4014.0,12.0,p2,showdown,False,2,114.0,114.0,calling_station
2665,q,k,max_raise,['max_raise'],"[('p1', 'max_raise'), ('p2', 'call')]",-18.0,3996.0,36.0,p2,showdown,False,2,102.0,114.0,calling_station
2666,k,q,max_raise,['max_raise'],"[('p1', 'max_raise'), ('p2', 'call')]",18.0,4014.0,36.0,p1,showdown,False,2,102.0,114.0,calling_station
2667,q,j,max_raise,['max_raise'],"[('p1', 'max_raise'), ('p2', 'call')]",18.0,4032.0,36.0,p1,showdown,False,2,102.0,114.0,calling_station
2668,k,k,max_raise,['max_raise'],"[('p1', 'max_raise'), ('p2', 'call')]",0.0,4032.0,0.0,tie,showdown,False,2,102.0,114.0,calling_station
2669,j,q,check,['check'],"[('p1', 'check'), ('p2', 'check')]",-6.0,4026.0,12.0,p2,showdown,False,2,114.0,114.0,calling_station
2670,k,q,max_raise,['max_raise'],"[('p1', 'max_raise'), ('p2', 'call')]",18.0,4044.0,36.0,p1,showdown,False,2,102.0,114.0,calling_station
2671,k,q,max_raise,['max_raise'],"[('p1', 'max_raise'), ('p2', 'call')]",18.0,4062.0,36.0,p1,showdown,False,2,102.0,114.0,calling_station
2672,q,j,max_raise,['max_raise'],"[('p1', 'max_raise'), ('p2', 'call')]",18.0,4080.0,36.0,p1,showdown,False,2,102.0,114.0,calling_station
2673,k,j,max_raise,['max_raise'],"[('p1', 'max_raise'), ('p2', 'call')]",18.0,4098.0,36.0,p1,showdown,False,2,102.0,114.0,calling_station
2674,q,j,max_raise,['max_raise'],"[('p1', 'max_raise'), ('p2', 'call')]",18.0,4116.0,36.0,p1,showdown,False,2,102.0,114.0,calling_station
2675,k,q,max_raise,['max_raise'],"[('p1', 'max_raise'), ('p2', 'call')]",18.0,4134.0,36.0,p1,showdown,False,2,102.0,114.0,calling_station
2676,q,k,max_raise,['max_raise'],"[('p1', 'max_raise'), ('p2', 'call')]",-18.0,4116.0,36.0,p2,showdown,False,2,102.0,114.0,calling_station
2677,j,j,check,['check'],"[('p1', 'check'), ('p2', 'check')]",0.0,4116.0,0.0,tie,showdown,False,2,114.0,114.0,calling_station
2678,k,k,max_raise,['max_raise'],"[('p1', 'max_raise'), ('p2', 'call')]",0.0,4116.0,0.0,tie,showdown,False,2,102.0,114.0,calling_station
2679,k,q,max_raise,['max_raise'],"[('p1', 'max_raise'), ('p2', 'call')]",18.0,4134.0,36.0,p1,showdown,False,2,102.0,114.0,calling_station
2680,q,k,max_raise,['max_raise'],"[('p1', 'max_raise'), ('p2', 'call')]",-18.0,4116.0,36.0,p2,showdown,False,2,102.0,114.0,calling_station
2681,q,k,max_raise,['max_raise'],"[('p1', 'max_raise'), ('p2', 'call')]",-18.0,4098.0,36.0,p2,showdown,False,2,102.0,114.0,calling_station
2682,k,j,max_raise,['max_raise'],"[('p1', 'max_raise'), ('p2', 'call')]",18.0,4116.0,36.0,p1,showdown,False,2,102.0,114.0,calling_station
2683,j,k,check,['check'],"[('p1', 'check'), ('p2', 'check')]",-6.0,4110.0,12.0,p2,showdown,False,2,114.0,114.0,calling_station
2684,j,q,check,['check'],"[('p1', 'check'), ('p2', 'check')]",-6.0,4104.0,12.0,p2,showdown,False,2,114.0,114.0,calling_station
2685,k,k,max_raise,['max_raise'],"[('p1', 'max_raise'), ('p2', 'call')]",0.0,4104.0,0.0,tie,showdown,False,2,102.0,114.0,calling_station
2686,k,j,max_raise,['max_raise'],"[('p1', 'max_raise'), ('p2', 'call')]",18.0,4122.0,36.0,p1,showdown,False,2,102.0,114.0,calling_station
2687,q,j,max_raise,['max_raise'],"[('p1', 'max_raise'), ('p2', 'call')]",18.0,4140.0,36.0,p1,showdown,False,2,102.0,114.0,calling_station
2688,j,j,check,['check'],"[('p1', 'check'), ('p2', 'check')]",0.0,4140.0,0.0,tie,showdown,False,2,114.0,114.0,calling_station
2689,k,q,max_raise,['max_raise'],"[('p1', 'max_raise'), ('p2', 'call')]",18.0,4158.0,36.0,p1,showdown,False,2,102.0,114.0,calling_station
2690,q,k,max_raise,['max_raise'],"[('p1', 'max_raise'), ('p2', 'call')]",-18.0,4140.0,36.0,p2,showdown,False,2,102.0,114.0,calling_station
2691,k,k,max_raise,['max_raise'],"[('p1', 'max_raise'), ('p2', 'call')]",0.0,4140.0,0.0,tie,showdown,False,2,102.0,114.0,calling_station
2692,k,k,max_raise,['max_raise'],"[('p1', 'max_raise'), ('p2', 'call')]",0.0,4140.0,0.0,tie,showdown,False,2,102.0,114.0,calling_station
2693,k,k,max_raise,['max_raise'],"[('p1', 'max_raise'), ('p2', 'call')]",0.0,4140.0,0.0,tie,showdown,False,2,102.0,114.0,calling_station
2694,q,j,max_raise,['max_raise'],"[('p1', 'max_raise'), ('p2', 'call')]",18.0,4158.0,36.0,p1,showdown,False,2,102.0,114.0,calling_station
2695,k,j,max_raise,['max_raise'],"[('p1', 'max_raise'), ('p2', 'call')]",18.0,4176.0,36.0,p1,showdown,False,2,102.0,114.0,calling_station
2696,j,k,check,['check'],"[('p1', 'check'), ('p2', 'check')]",-6.0,4170.0,12.0,p2,showdown,False,2,114.0,114.0,calling_station
2697,j,q,check,['check'],"[('p1', 'check'), ('p2', 'check')]",-6.0,4164.0,12.0,p2,showdown,False,2,114.0,114.0,calling_station
2698,k,j,max_raise,['max_raise'],"[('p1', 'max_raise'), ('p2', 'call')]",18.0,4182.0,36.0,p1,showdown,False,2,102.0,114.0,calling_station
2699,q,j,max_raise,['max_raise'],"[('p1', 'max_raise'), ('p2', 'call')]",18.0,4200.0,36.0,p1,showdown,False,2,102.0,114.0,calling_station
2700,q,j,max_raise,['max_raise'],"[('p1', 'max_raise'), ('p2', 'call')]",18.0,4218.0,36.0,p1,showdown,False,2,102.0,114.0,calling_station
2701,k,j,max_raise,['max_raise'],"[('p1', 'max_raise'), ('p2', 'call')]",18.0,4236.0,36.0,p1,showdown,False,2,102.0,114.0,calling_station
2702,k,k,max_raise,['max_raise'],"[('p1', 'max_raise'), ('p2', 'call')]",0.0,4236.0,0.0,tie,showdown,False,2,102.0,114.0,calling_station
2703,k,j,max_raise,['max_raise'],"[('p1', 'max_raise'), ('p2', 'call')]",18.0,4254.0,36.0,p1,showdown,False,2,102.0,114.0,calling_station
2704,j,q,check,['check'],"[('p1', 'check'), ('p2', 'check')]",-6.0,4248.0,12.0,p2,showdown,False,2,114.0,114.0,calling_station
2705,q,q,max_raise,['max_raise'],"[('p1', 'max_raise'), ('p2', 'call')]",0.0,4248.0,0.0,tie,showdown,False,2,102.0,114.0,calling_station
2706,q,j,max_raise,['max_raise'],"[('p1', 'max_raise'), ('p2', 'call')]",18.0,4266.0,36.0,p1,showdown,False,2,102.0,114.0,calling_station
2707,k,q,max_raise,['max_raise'],"[('p1', 'max_raise'), ('p2', 'call')]",18.0,4284.0,36.0,p1,showdown,False,2,102.0,114.0,calling_station
2708,j,k,check,['check'],"[('p1', 'check'), ('p2', 'check')]",-6.0,4278.0,12.0,p2,showdown,False,2,114.0,114.0,calling_station
2709,q,j,max_raise,['max_raise'],"[('p1', 'max_raise'), ('p2', 'call')]",18.0,4296.0,36.0,p1,showdown,False,2,102.0,114.0,calling_station
2710,k,q,max_raise,['max_raise'],"[('p1', 'max_raise'), ('p2', 'call')]",18.0,4314.0,36.0,p1,showdown,False,2,102.0,114.0,calling_station
2711,q,j,max_raise,['max_raise'],"[('p1', 'max_raise'), ('p2', 'call')]",18.0,4332.0,36.0,p1,showdown,False,2,102.0,114.0,calling_station
2712,j,k,check,['check'],"[('p1', 'check'), ('p2', 'check')]",-6.0,4326.0,12.0,p2,showdown,False,2,114.0,114.0,calling_station
2713,q,k,max_raise,['max_raise'],"[('p1', 'max_raise'), ('p2', 'call')]",-18.0,4308.0,36.0,p2,showdown,False,2,102.0,114.0,calling_station
2714,q,q,max_raise,['max_raise'],"[('p1', 'max_raise'), ('p2', 'call')]",0.0,4308.0,0.0,tie,showdown,False,2,102.0,114.0,calling_station
2715,j,k,check,['check'],"[('p1', 'check'), ('p2', 'check')]",-6.0,4302.0,12.0,p2,showdown,False,2,114.0,114.0,calling_station
2716,j,q,check,['check'],"[('p1', 'check'), ('p2', 'check')]",-6.0,4296.0,12.0,p2,showdown,False,2,114.0,114.0,calling_station
2717,j,k,check,['check'],"[('p1', 'check'), ('p2', 'check')]",-6.0,4290.0,12.0,p2,showdown,False,2,114.0,114.0,calling_station
2718,k,k,max_raise,['max_raise'],"[('p1', 'max_raise'), ('p2', 'call')]",0.0,4290.0,0.0,tie,showdown,False,2,102.0,114.0,calling_station
2719,q,k,max_raise,['max_raise'],"[('p1', 'max_raise'), ('p2', 'call')]",-18.0,4272.0,36.0,p2,showdown,False,2,102.0,114.0,calling_station
2720,k,q,max_raise,['max_raise'],"[('p1', 'max_raise'), ('p2', 'call')]",18.0,4290.0,36.0,p1,showdown,False,2,102.0,114.0,calling_station
2721,q,k,max_raise,['max_raise'],"[('p1', 'max_raise'), ('p2', 'call')]",-18.0,4272.0,36.0,p2,showdown,False,2,102.0,114.0,calling_station
2722,j,k,check,['check'],"[('p1', 'check'), ('p2', 'check')]",-6.0,4266.0,12.0,p2,showdown,False,2,114.0,114.0,calling_station
2723,j,j,check,['check'],"[('p1', 'check'), ('p2', 'check')]",0.0,4266.0,0.0,tie,showdown,False,2,114.0,114.0,calling_station
2724,j,q,check,['check'],"[('p1', 'check'), ('p2', 'check')]",-6.0,4260.0,12.0,p2,showdown,False,2,114.0,114.0,calling_station
2725,k,k,max_raise,['max_raise'],"[('p1', 'max_raise'), ('p2', 'call')]",0.0,4260.0,0.0,tie,showdown,False,2,102.0,114.0,calling_station
2726,q,k,max_raise,['max_raise'],"[('p1', 'max_raise'), ('p2', 'call')]",-18.0,4242.0,36.0,p2,showdown,False,2,102.0,114.0,calling_station
2727,q,q,max_raise,['max_raise'],"[('p1', 'max_raise'), ('p2', 'call')]",0.0,4242.0,0.0,tie,showdown,False,2,102.0,114.0,calling_station
2728,j,j,check,['check'],"[('p1', 'check'), ('p2', 'check')]",0.0,4242.0,0.0,tie,showdown,False,2,114.0,114.0,calling_station
2729,k,k,max_raise,['max_raise'],"[('p1', 'max_raise'), ('p2', 'call')]",0.0,4242.0,0.0,tie,showdown,False,2,102.0,114.0,calling_station
2730,q,q,max_raise,['max_raise'],"[('p1', 'max_raise'), ('p2', 'call')]",0.0,4242.0,0.0,tie,showdown,False,2,102.0,114.0,calling_station
2731,q,k,max_raise,['max_raise'],"[('p1', 'max_raise'), ('p2', 'call')]",-18.0,4224.0,36.0,p2,showdown,False,2,102.0,114.0,calling_station
2732,k,k,max_raise,['max_raise'],"[('p1', 'max_raise'), ('p2', 'call')]",0.0,4224.0,0.0,tie,showdown,False,2,102.0,114.0,calling_station
2733,k,k,max_raise,['max_raise'],"[('p1', 'max_raise'), ('p2', 'call')]",0.0,4224.0,0.0,tie,showdown,False,2,102.0,114.0,calling_station
2734,q,j,max_raise,['max_raise'],"[('p1', 'max_raise'), ('p2', 'call')]",18.0,4242.0,36.0,p1,showdown,False,2,102.0,114.0,calling_station
2735,j,k,check,['check'],"[('p1', 'check'), ('p2', 'check')]",-6.0,4236.0,12.0,p2,showdown,False,2,114.0,114.0,calling_station
2736,q,q,max_raise,['max_raise'],"[('p1', 'max_raise'), ('p2', 'call')]",0.0,4236.0,0.0,tie,showdown,False,2,102.0,114.0,calling_station
2737,q,k,max_raise,['max_raise'],"[('p1', 'max_raise'), ('p2', 'call')]",-18.0,4218.0,36.0,p2,showdown,False,2,102.0,114.0,calling_station
2738,k,q,max_raise,['max_raise'],"[('p1', 'max_raise'), ('p2', 'call')]",18.0,4236.0,36.0,p1,showdown,False,2,102.0,114.0,calling_station
2739,q,k,max_raise,['max_raise'],"[('p1', 'max_raise'), ('p2', 'call')]",-18.0,4218.0,36.0,p2,showdown,False,2,102.0,114.0,calling_station
2740,j,k,check,['check'],"[('p1', 'check'), ('p2', 'check')]",-6.0,4212.0,12.0,p2,showdown,False,2,114.0,114.0,calling_station
2741,k,j,max_raise,['max_raise'],"[('p1', 'max_raise'), ('p2', 'call')]",18.0,4230.0,36.0,p1,showdown,False,2,102.0,114.0,calling_station
2742,j,j,check,['check'],"[('p1', 'check'), ('p2', 'check')]",0.0,4230.0,0.0,tie,showdown,False,2,114.0,114.0,calling_station
2743,q,q,max_raise,['max_raise'],"[('p1', 'max_raise'), ('p2', 'call')]",0.0,4230.0,0.0,tie,showdown,False,2,102.0,114.0,calling_station
2744,j,q,check,['check'],"[('p1', 'check'), ('p2', 'check')]",-6.0,4224.0,12.0,p2,showdown,False,2,114.0,114.0,calling_station
2745,j,j,check,['check'],"[('p1', 'check'), ('p2', 'check')]",0.0,4224.0,0.0,tie,showdown,False,2,114.0,114.0,calling_station
2746,q,j,max_raise,['max_raise'],"[('p1', 'max_raise'), ('p2', 'call')]",18.0,4242.0,36.0,p1,showdown,False,2,102.0,114.0,calling_station
2747,j,k,check,['check'],"[('p1', 'check'), ('p2', 'check')]",-6.0,4236.0,12.0,p2,showdown,False,2,114.0,114.0,calling_station
2748,k,q,max_raise,['max_raise'],"[('p1', 'max_raise'), ('p2', 'call')]",18.0,4254.0,36.0,p1,showdown,False,2,102.0,114.0,calling_station
2749,q,k,max_raise,['max_raise'],"[('p1', 'max_raise'), ('p2', 'call')]",-18.0,4236.0,36.0,p2,showdown,False,2,102.0,114.0,calling_station
2750,k,q,max_raise,['max_raise'],"[('p1', 'max_raise'), ('p2', 'call')]",18.0,4254.0,36.0,p1,showdown,False,2,102.0,114.0,calling_station
2751,k,k,max_raise,['max_raise'],"[('p1', 'max_raise'), ('p2', 'call')]",0.0,4254.0,0.0,tie,showdown,False,2,102.0,114.0,calling_station
2752,k,j,max_raise,['max_raise'],"[('p1', 'max_raise'), ('p2', 'call')]",18.0,4272.0,36.0,p1,showdown,False,2,102.0,114.0,calling_station
2753,k,k,max_raise,['max_raise'],"[('p1', 'max_raise'), ('p2', 'call')]",0.0,4272.0,0.0,tie,showdown,False,2,102.0,114.0,calling_station
2754,q,k,max_raise,['max_raise'],"[('p1', 'max_raise'), ('p2', 'call')]",-18.0,4254.0,36.0,p2,showdown,False,2,102.0,114.0,calling_station
2755,q,j,max_raise,['max_raise'],"[('p1', 'max_raise'), ('p2', 'call')]",18.0,4272.0,36.0,p1,showdown,False,2,102.0,114.0,calling_station
2756,q,q,max_raise,['max_raise'],"[('p1', 'max_raise'), ('p2', 'call')]",0.0,4272.0,0.0,tie,showdown,False,2,102.0,114.0,calling_station
2757,k,j,max_raise,['max_raise'],"[('p1', 'max_raise'), ('p2', 'call')]",18.0,4290.0,36.0,p1,showdown,False,2,102.0,114.0,calling_station
2758,q,q,max_raise,['max_raise'],"[('p1', 'max_raise'), ('p2', 'call')]",0.0,4290.0,0.0,tie,showdown,False,2,102.0,114.0,calling_station
2759,k,k,max_raise,['max_raise'],"[('p1', 'max_raise'), ('p2', 'call')]",0.0,4290.0,0.0,tie,showdown,False,2,102.0,114.0,calling_station
2760,q,k,max_raise,['max_raise'],"[('p1', 'max_raise'), ('p2', 'call')]",-18.0,4272.0,36.0,p2,showdown,False,2,102.0,114.0,calling_station
2761,k,j,max_raise,['max_raise'],"[('p1', 'max_raise'), ('p2', 'call')]",18.0,4290.0,36.0,p1,showdown,False,2,102.0,114.0,calling_station
2762,q,q,max_raise,['max_raise'],"[('p1', 'max_raise'), ('p2', 'call')]",0.0,4290.0,0.0,tie,showdown,False,2,102.0,114.0,calling_station
2763,j,j,check,['check'],"[('p1', 'check'), ('p2', 'check')]",0.0,4290.0,0.0,tie,showdown,False,2,114.0,114.0,calling_station
2764,q,k,max_raise,['max_raise'],"[('p1', 'max_raise'), ('p2', 'call')]",-18.0,4272.0,36.0,p2,showdown,False,2,102.0,114.0,calling_station
2765,j,k,check,['check'],"[('p1', 'check'), ('p2', 'check')]",-6.0,4266.0,12.0,p2,showdown,False,2,114.0,114.0,calling_station
2766,j,q,check,['check'],"[('p1', 'check'), ('p2', 'check')]",-6.0,4260.0,12.0,p2,showdown,False,2,114.0,114.0,calling_station
2767,k,j,max_raise,['max_raise'],"[('p1', 'max_raise'), ('p2', 'call')]",18.0,4278.0,36.0,p1,showdown,False,2,102.0,114.0,calling_station
2768,k,k,max_raise,['max_raise'],"[('p1', 'max_raise'), ('p2', 'call')]",0.0,4278.0,0.0,tie,showdown,False,2,102.0,114.0,calling_station
2769,j,k,check,['check'],"[('p1', 'check'), ('p2', 'check')]",-6.0,4272.0,12.0,p2,showdown,False,2,114.0,114.0,calling_station
2770,k,j,max_raise,['max_raise'],"[('p1', 'max_raise'), ('p2', 'call')]",18.0,4290.0,36.0,p1,showdown,False,2,102.0,114.0,calling_station
2771,q,k,max_raise,['max_raise'],"[('p1', 'max_raise'), ('p2', 'call')]",-18.0,4272.0,36.0,p2,showdown,False,2,102.0,114.0,calling_station
2772,j,k,check,['check'],"[('p1', 'check'), ('p2', 'check')]",-6.0,4266.0,12.0,p2,showdown,False,2,114.0,114.0,calling_station
2773,q,q,max_raise,['max_raise'],"[('p1', 'max_raise'), ('p2', 'call')]",0.0,4266.0,0.0,tie,showdown,False,2,102.0,114.0,calling_station
2774,q,j,max_raise,['max_raise'],"[('p1', 'max_raise'), ('p2', 'call')]",18.0,4284.0,36.0,p1,showdown,False,2,102.0,114.0,calling_station
2775,q,k,max_raise,['max_raise'],"[('p1', 'max_raise'), ('p2', 'call')]",-18.0,4266.0,36.0,p2,showdown,False,2,102.0,114.0,calling_station
2776,q,q,max_raise,['max_raise'],"[('p1', 'max_raise'), ('p2', 'call')]",0.0,4266.0,0.0,tie,showdown,False,2,102.0,114.0,calling_station
2777,j,j,check,['check'],"[('p1', 'check'), ('p2', 'check')]",0.0,4266.0,0.0,tie,showdown,False,2,114.0,114.0,calling_station
2778,k,k,max_raise,['max_raise'],"[('p1', 'max_raise'), ('p2', 'call')]",0.0,4266.0,0.0,tie,showdown,False,2,102.0,114.0,calling_station
2779,k,q,max_raise,['max_raise'],"[('p1', 'max_raise'), ('p2', 'call')]",18.0,4284.0,36.0,p1,showdown,False,2,102.0,114.0,calling_station
2780,k,k,max_raise,['max_raise'],"[('p1', 'max_raise'), ('p2', 'call')]",0.0,4284.0,0.0,tie,showdown,False,2,102.0,114.0,calling_station
2781,k,q,max_raise,['max_raise'],"[('p1', 'max_raise'), ('p2', 'call')]",18.0,4302.0,36.0,p1,showdown,False,2,102.0,114.0,calling_station
2782,k,k,max_raise,['max_raise'],"[('p1', 'max_raise'), ('p2', 'call')]",0.0,4302.0,0.0,tie,showdown,False,2,102.0,114.0,calling_station
2783,q,j,max_raise,['max_raise'],"[('p1', 'max_raise'), ('p2', 'call')]",18.0,4320.0,36.0,p1,showdown,False,2,102.0,114.0,calling_station
2784,q,j,max_raise,['max_raise'],"[('p1', 'max_raise'), ('p2', 'call')]",18.0,4338.0,36.0,p1,showdown,False,2,102.0,114.0,calling_station
2785,q,j,max_raise,['max_raise'],"[('p1', 'max_raise'), ('p2', 'call')]",18.0,4356.0,36.0,p1,showdown,False,2,102.0,114.0,calling_station
2786,j,j,check,['check'],"[('p1', 'check'), ('p2', 'check')]",0.0,4356.0,0.0,tie,showdown,False,2,114.0,114.0,calling_station
2787,j,k,check,['check'],"[('p1', 'check'), ('p2', 'check')]",-6.0,4350.0,12.0,p2,showdown,False,2,114.0,114.0,calling_station
2788,q,k,max_raise,['max_raise'],"[('p1', 'max_raise'), ('p2', 'call')]",-18.0,4332.0,36.0,p2,showdown,False,2,102.0,114.0,calling_station
2789,j,k,check,['check'],"[('p1', 'check'), ('p2', 'check')]",-6.0,4326.0,12.0,p2,showdown,False,2,114.0,114.0,calling_station
2790,k,k,max_raise,['max_raise'],"[('p1', 'max_raise'), ('p2', 'call')]",0.0,4326.0,0.0,tie,showdown,False,2,102.0,114.0,calling_station
2791,k,q,max_raise,['max_raise'],"[('p1', 'max_raise'), ('p2', 'call')]",18.0,4344.0,36.0,p1,showdown,False,2,102.0,114.0,calling_station
2792,k,q,max_raise,['max_raise'],"[('p1', 'max_raise'), ('p2', 'call')]",18.0,4362.0,36.0,p1,showdown,False,2,102.0,114.0,calling_station
2793,k,q,max_raise,['max_raise'],"[('p1', 'max_raise'), ('p2', 'call')]",18.0,4380.0,36.0,p1,showdown,False,2,102.0,114.0,calling_station
2794,q,q,max_raise,['max_raise'],"[('p1', 'max_raise'), ('p2', 'call')]",0.0,4380.0,0.0,tie,showdown,False,2,102.0,114.0,calling_station
2795,k,j,max_raise,['max_raise'],"[('p1', 'max_raise'), ('p2', 'call')]",18.0,4398.0,36.0,p1,showdown,False,2,102.0,114.0,calling_station
2796,j,q,check,['check'],"[('p1', 'check'), ('p2', 'check')]",-6.0,4392.0,12.0,p2,showdown,False,2,114.0,114.0,calling_station
2797,j,q,check,['check'],"[('p1', 'check'), ('p2', 'check')]",-6.0,4386.0,12.0,p2,showdown,False,2,114.0,114.0,calling_station
2798,q,j,max_raise,['max_raise'],"[('p1', 'max_raise'), ('p2', 'call')]",18.0,4404.0,36.0,p1,showdown,False,2,102.0,114.0,calling_station
2799,j,q,check,['check'],"[('p1', 'check'), ('p2', 'check')]",-6.0,4398.0,12.0,p2,showdown,False,2,114.0,114.0,calling_station
2800,j,j,check,['check'],"[('p1', 'check'), ('p2', 'check')]",0.0,4398.0,0.0,tie,showdown,False,2,114.0,114.0,calling_station
2801,k,j,max_raise,['max_raise'],"[('p1', 'max_raise'), ('p2', 'call')]",18.0,4416.0,36.0,p1,showdown,False,2,102.0,114.0,calling_station
2802,q,q,max_raise,['max_raise'],"[('p1', 'max_raise'), ('p2', 'call')]",0.0,4416.0,0.0,tie,showdown,False,2,102.0,114.0,calling_station
2803,j,q,check,['check'],"[('p1', 'check'), ('p2', 'check')]",-6.0,4410.0,12.0,p2,showdown,False,2,114.0,114.0,calling_station
2804,q,j,max_raise,['max_raise'],"[('p1', 'max_raise'), ('p2', 'call')]",18.0,4428.0,36.0,p1,showdown,False,2,102.0,114.0,calling_station
2805,j,q,check,['check'],"[('p1', 'check'), ('p2', 'check')]",-6.0,4422.0,12.0,p2,showdown,False,2,114.0,114.0,calling_station
2806,q,q,max_raise,['max_raise'],"[('p1', 'max_raise'), ('p2', 'call')]",0.0,4422.0,0.0,tie,showdown,False,2,102.0,114.0,calling_station
2807,j,k,check,['check'],"[('p1', 'check'), ('p2', 'check')]",-6.0,4416.0,12.0,p2,showdown,False,2,114.0,114.0,calling_station
2808,j,q,check,['check'],"[('p1', 'check'), ('p2', 'check')]",-6.0,4410.0,12.0,p2,showdown,False,2,114.0,114.0,calling_station
2809,k,k,max_raise,['max_raise'],"[('p1', 'max_raise'), ('p2', 'call')]",0.0,4410.0,0.0,tie,showdown,False,2,102.0,114.0,calling_station
2810,q,k,max_raise,['max_raise'],"[('p1', 'max_raise'), ('p2', 'call')]",-18.0,4392.0,36.0,p2,showdown,False,2,102.0,114.0,calling_station
2811,k,k,max_raise,['max_raise'],"[('p1', 'max_raise'), ('p2', 'call')]",0.0,4392.0,0.0,tie,showdown,False,2,102.0,114.0,calling_station
2812,j,q,check,['check'],"[('p1', 'check'), ('p2', 'check')]",-6.0,4386.0,12.0,p2,showdown,False,2,114.0,114.0,calling_station
2813,k,k,max_raise,['max_raise'],"[('p1', 'max_raise'), ('p2', 'call')]",0.0,4386.0,0.0,tie,showdown,False,2,102.0,114.0,calling_station
2814,k,j,max_raise,['max_raise'],"[('p1', 'max_raise'), ('p2', 'call')]",18.0,4404.0,36.0,p1,showdown,False,2,102.0,114.0,calling_station
2815,j,j,check,['check'],"[('p1', 'check'), ('p2', 'check')]",0.0,4404.0,0.0,tie,showdown,False,2,114.0,114.0,calling_station
2816,k,q,max_raise,['max_raise'],"[('p1', 'max_raise'), ('p2', 'call')]",18.0,4422.0,36.0,p1,showdown,False,2,102.0,114.0,calling_station
2817,j,k,check,['check'],"[('p1', 'check'), ('p2', 'check')]",-6.0,4416.0,12.0,p2,showdown,False,2,114.0,114.0,calling_station
2818,k,k,max_raise,['max_raise'],"[('p1', 'max_raise'), ('p2', 'call')]",0.0,4416.0,0.0,tie,showdown,False,2,102.0,114.0,calling_station
2819,q,j,max_raise,['max_raise'],"[('p1', 'max_raise'), ('p2', 'call')]",18.0,4434.0,36.0,p1,showdown,False,2,102.0,114.0,calling_station
2820,k,q,max_raise,['max_raise'],"[('p1', 'max_raise'), ('p2', 'call')]",18.0,4452.0,36.0,p1,showdown,False,2,102.0,114.0,calling_station
2821,k,j,max_raise,['max_raise'],"[('p1', 'max_raise'), ('p2', 'call')]",18.0,4470.0,36.0,p1,showdown,False,2,102.0,114.0,calling_station
2822,j,q,check,['check'],"[('p1', 'check'), ('p2', 'check')]",-6.0,4464.0,12.0,p2,showdown,False,2,114.0,114.0,calling_station
2823,j,j,check,['check'],"[('p1', 'check'), ('p2', 'check')]",0.0,4464.0,0.0,tie,showdown,False,2,114.0,114.0,calling_station
2824,j,j,check,['check'],"[('p1', 'check'), ('p2', 'check')]",0.0,4464.0,0.0,tie,showdown,False,2,114.0,114.0,calling_station
2825,q,q,max_raise,['max_raise'],"[('p1', 'max_raise'), ('p2', 'call')]",0.0,4464.0,0.0,tie,showdown,False,2,102.0,114.0,calling_station
2826,q,k,max_raise,['max_raise'],"[('p1', 'max_raise'), ('p2', 'call')]",-18.0,4446.0,36.0,p2,showdown,False,2,102.0,114.0,calling_station
2827,k,q,max_raise,['max_raise'],"[('p1', 'max_raise'), ('p2', 'call')]",18.0,4464.0,36.0,p1,showdown,False,2,102.0,114.0,calling_station
2828,k,j,max_raise,['max_raise'],"[('p1', 'max_raise'), ('p2', 'call')]",18.0,4482.0,36.0,p1,showdown,False,2,102.0,114.0,calling_station
2829,q,q,max_raise,['max_raise'],"[('p1', 'max_raise'), ('p2', 'call')]",0.0,4482.0,0.0,tie,showdown,False,2,102.0,114.0,calling_station
2830,j,k,check,['check'],"[('p1', 'check'), ('p2', 'check')]",-6.0,4476.0,12.0,p2,showdown,False,2,114.0,114.0,calling_station
2831,q,q,max_raise,['max_raise'],"[('p1', 'max_raise'), ('p2', 'call')]",0.0,4476.0,0.0,tie,showdown,False,2,102.0,114.0,calling_station
2832,q,j,max_raise,['max_raise'],"[('p1', 'max_raise'), ('p2', 'call')]",18.0,4494.0,36.0,p1,showdown,False,2,102.0,114.0,calling_station
2833,k,q,max_raise,['max_raise'],"[('p1', 'max_raise'), ('p2', 'call')]",18.0,4512.0,36.0,p1,showdown,False,2,102.0,114.0,calling_station
2834,j,j,check,['check'],"[('p1', 'check'), ('p2', 'check')]",0.0,4512.0,0.0,tie,showdown,False,2,114.0,114.0,calling_station
2835,k,j,max_raise,['max_raise'],"[('p1', 'max_raise'), ('p2', 'call')]",18.0,4530.0,36.0,p1,showdown,False,2,102.0,114.0,calling_station
2836,j,j,check,['check'],"[('p1', 'check'), ('p2', 'check')]",0.0,4530.0,0.0,tie,showdown,False,2,114.0,114.0,calling_station
2837,j,q,check,['check'],"[('p1', 'check'), ('p2', 'check')]",-6.0,4524.0,12.0,p2,showdown,False,2,114.0,114.0,calling_station
2838,j,k,check,['check'],"[('p1', 'check'), ('p2', 'check')]",-6.0,4518.0,12.0,p2,showdown,False,2,114.0,114.0,calling_station
2839,q,k,max_raise,['max_raise'],"[('p1', 'max_raise'), ('p2', 'call')]",-18.0,4500.0,36.0,p2,showdown,False,2,102.0,114.0,calling_station
2840,k,q,max_raise,['max_raise'],"[('p1', 'max_raise'), ('p2', 'call')]",18.0,4518.0,36.0,p1,showdown,False,2,102.0,114.0,calling_station
2841,k,q,max_raise,['max_raise'],"[('p1', 'max_raise'), ('p2', 'call')]",18.0,4536.0,36.0,p1,showdown,False,2,102.0,114.0,calling_station
2842,k,q,max_raise,['max_raise'],"[('p1', 'max_raise'), ('p2', 'call')]",18.0,4554.0,36.0,p1,showdown,False,2,102.0,114.0,calling_station
2843,q,j,max_raise,['max_raise'],"[('p1', 'max_raise'), ('p2', 'call')]",18.0,4572.0,36.0,p1,showdown,False,2,102.0,114.0,calling_station
2844,k,j,max_raise,['max_raise'],"[('p1', 'max_raise'), ('p2', 'call')]",18.0,4590.0,36.0,p1,showdown,False,2,102.0,114.0,calling_station
2845,k,j,max_raise,['max_raise'],"[('p1', 'max_raise'), ('p2', 'call')]",18.0,4608.0,36.0,p1,showdown,False,2,102.0,114.0,calling_station
2846,q,j,max_raise,['max_raise'],"[('p1', 'max_raise'), ('p2', 'call')]",18.0,4626.0,36.0,p1,showdown,False,2,102.0,114.0,calling_station
2847,q,j,max_raise,['max_raise'],"[('p1', 'max_raise'), ('p2', 'call')]",18.0,4644.0,36.0,p1,showdown,False,2,102.0,114.0,calling_station
2848,j,q,check,['check'],"[('p1', 'check'), ('p2', 'check')]",-6.0,4638.0,12.0,p2,showdown,False,2,114.0,114.0,calling_station
2849,k,k,max_raise,['max_raise'],"[('p1', 'max_raise'), ('p2', 'call')]",0.0,4638.0,0.0,tie,showdown,False,2,102.0,114.0,calling_station
2850,q,k,max_raise,['max_raise'],"[('p1', 'max_raise'), ('p2', 'call')]",-18.0,4620.0,36.0,p2,showdown,False,2,102.0,114.0,calling_station
2851,j,q,check,['check'],"[('p1', 'check'), ('p2', 'check')]",-6.0,4614.0,12.0,p2,showdown,False,2,114.0,114.0,calling_station
2852,k,j,max_raise,['max_raise'],"[('p1', 'max_raise'), ('p2', 'call')]",18.0,4632.0,36.0,p1,showdown,False,2,102.0,114.0,calling_station
2853,j,j,check,['check'],"[('p1', 'check'), ('p2', 'check')]",0.0,4632.0,0.0,tie,showdown,False,2,114.0,114.0,calling_station
2854,k,q,max_raise,['max_raise'],"[('p1', 'max_raise'), ('p2', 'call')]",18.0,4650.0,36.0,p1,showdown,False,2,102.0,114.0,calling_station
2855,q,k,max_raise,['max_raise'],"[('p1', 'max_raise'), ('p2', 'call')]",-18.0,4632.0,36.0,p2,showdown,False,2,102.0,114.0,calling_station
2856,j,j,check,['check'],"[('p1', 'check'), ('p2', 'check')]",0.0,4632.0,0.0,tie,showdown,False,2,114.0,114.0,calling_station
2857,q,k,max_raise,['max_raise'],"[('p1', 'max_raise'), ('p2', 'call')]",-18.0,4614.0,36.0,p2,showdown,False,2,102.0,114.0,calling_station
2858,k,q,max_raise,['max_raise'],"[('p1', 'max_raise'), ('p2', 'call')]",18.0,4632.0,36.0,p1,showdown,False,2,102.0,114.0,calling_station
2859,q,q,max_raise,['max_raise'],"[('p1', 'max_raise'), ('p2', 'call')]",0.0,4632.0,0.0,tie,showdown,False,2,102.0,114.0,calling_station
2860,j,q,check,['check'],"[('p1', 'check'), ('p2', 'check')]",-6.0,4626.0,12.0,p2,showdown,False,2,114.0,114.0,calling_station
2861,k,k,max_raise,['max_raise'],"[('p1', 'max_raise'), ('p2', 'call')]",0.0,4626.0,0.0,tie,showdown,False,2,102.0,114.0,calling_station
2862,q,k,max_raise,['max_raise'],"[('p1', 'max_raise'), ('p2', 'call')]",-18.0,4608.0,36.0,p2,showdown,False,2,102.0,114.0,calling_station
2863,j,k,check,['check'],"[('p1', 'check'), ('p2', 'check')]",-6.0,4602.0,12.0,p2,showdown,False,2,114.0,114.0,calling_station
2864,q,q,max_raise,['max_raise'],"[('p1', 'max_raise'), ('p2', 'call')]",0.0,4602.0,0.0,tie,showdown,False,2,102.0,114.0,calling_station
2865,q,q,max_raise,['max_raise'],"[('p1', 'max_raise'), ('p2', 'call')]",0.0,4602.0,0.0,tie,showdown,False,2,102.0,114.0,calling_station
2866,q,j,max_raise,['max_raise'],"[('p1', 'max_raise'), ('p2', 'call')]",18.0,4620.0,36.0,p1,showdown,False,2,102.0,114.0,calling_station
2867,j,k,check,['check'],"[('p1', 'check'), ('p2', 'check')]",-6.0,4614.0,12.0,p2,showdown,False,2,114.0,114.0,calling_station
2868,q,k,max_raise,['max_raise'],"[('p1', 'max_raise'), ('p2', 'call')]",-18.0,4596.0,36.0,p2,showdown,False,2,102.0,114.0,calling_station
2869,k,k,max_raise,['max_raise'],"[('p1', 'max_raise'), ('p2', 'call')]",0.0,4596.0,0.0,tie,showdown,False,2,102.0,114.0,calling_station
2870,j,q,check,['check'],"[('p1', 'check'), ('p2', 'check')]",-6.0,4590.0,12.0,p2,showdown,False,2,114.0,114.0,calling_station
2871,k,j,max_raise,['max_raise'],"[('p1', 'max_raise'), ('p2', 'call')]",18.0,4608.0,36.0,p1,showdown,False,2,102.0,114.0,calling_station
2872,q,k,max_raise,['max_raise'],"[('p1', 'max_raise'), ('p2', 'call')]",-18.0,4590.0,36.0,p2,showdown,False,2,102.0,114.0,calling_station
2873,j,q,check,['check'],"[('p1', 'check'), ('p2', 'check')]",-6.0,4584.0,12.0,p2,showdown,False,2,114.0,114.0,calling_station
2874,q,q,max_raise,['max_raise'],"[('p1', 'max_raise'), ('p2', 'call')]",0.0,4584.0,0.0,tie,showdown,False,2,102.0,114.0,calling_station
2875,q,k,max_raise,['max_raise'],"[('p1', 'max_raise'), ('p2', 'call')]",-18.0,4566.0,36.0,p2,showdown,False,2,102.0,114.0,calling_station
2876,q,j,max_raise,['max_raise'],"[('p1', 'max_raise'), ('p2', 'call')]",18.0,4584.0,36.0,p1,showdown,False,2,102.0,114.0,calling_station
2877,j,k,max_raise,['max_raise'],"[('p1', 'max_raise'), ('p2', 'call')]",-18.0,4566.0,36.0,p2,showdown,True,2,102.0,114.0,calling_station
2878,q,q,max_raise,['max_raise'],"[('p1', 'max_raise'), ('p2', 'call')]",0.0,4566.0,0.0,tie,showdown,False,2,102.0,114.0,calling_station
2879,q,q,max_raise,['max_raise'],"[('p1', 'max_raise'), ('p2', 'call')]",0.0,4566.0,0.0,tie,showdown,False,2,102.0,114.0,calling_station
2880,k,q,max_raise,['max_raise'],"[('p1', 'max_raise'), ('p2', 'call')]",18.0,4584.0,36.0,p1,showdown,False,2,102.0,114.0,calling_station
2881,k,j,max_raise,['max_raise'],"[('p1', 'max_raise'), ('p2', 'call')]",18.0,4602.0,36.0,p1,showdown,False,2,102.0,114.0,calling_station
2882,j,q,check,['check'],"[('p1', 'check'), ('p2', 'check')]",-6.0,4596.0,12.0,p2,showdown,False,2,114.0,114.0,calling_station
2883,k,q,max_raise,['max_raise'],"[('p1', 'max_raise'), ('p2', 'call')]",18.0,4614.0,36.0,p1,showdown,False,2,102.0,114.0,calling_station
2884,q,j,max_raise,['max_raise'],"[('p1', 'max_raise'), ('p2', 'call')]",18.0,4632.0,36.0,p1,showdown,False,2,102.0,114.0,calling_station
2885,k,q,max_raise,['max_raise'],"[('p1', 'max_raise'), ('p2', 'call')]",18.0,4650.0,36.0,p1,showdown,False,2,102.0,114.0,calling_station
2886,q,k,max_raise,['max_raise'],"[('p1', 'max_raise'), ('p2', 'call')]",-18.0,4632.0,36.0,p2,showdown,False,2,102.0,114.0,calling_station
2887,q,j,max_raise,['max_raise'],"[('p1', 'max_raise'), ('p2', 'call')]",18.0,4650.0,36.0,p1,showdown,False,2,102.0,114.0,calling_station
2888,k,q,max_raise,['max_raise'],"[('p1', 'max_raise'), ('p2', 'call')]",18.0,4668.0,36.0,p1,showdown,False,2,102.0,114.0,calling_station
2889,j,q,check,['check'],"[('p1', 'check'), ('p2', 'check')]",-6.0,4662.0,12.0,p2,showdown,False,2,114.0,114.0,calling_station
2890,k,k,max_raise,['max_raise'],"[('p1', 'max_raise'), ('p2', 'call')]",0.0,4662.0,0.0,tie,showdown,False,2,102.0,114.0,calling_station
2891,q,q,max_raise,['max_raise'],"[('p1', 'max_raise'), ('p2', 'call')]",0.0,4662.0,0.0,tie,showdown,False,2,102.0,114.0,calling_station
2892,k,q,max_raise,['max_raise'],"[('p1', 'max_raise'), ('p2', 'call')]",18.0,4680.0,36.0,p1,showdown,False,2,102.0,114.0,calling_station
2893,j,j,check,['check'],"[('p1', 'check'), ('p2', 'check')]",0.0,4680.0,0.0,tie,showdown,False,2,114.0,114.0,calling_station
2894,k,j,max_raise,['max_raise'],"[('p1', 'max_raise'), ('p2', 'call')]",18.0,4698.0,36.0,p1,showdown,False,2,102.0,114.0,calling_station
2895,k,j,max_raise,['max_raise'],"[('p1', 'max_raise'), ('p2', 'call')]",18.0,4716.0,36.0,p1,showdown,False,2,102.0,114.0,calling_station
2896,k,j,max_raise,['max_raise'],"[('p1', 'max_raise'), ('p2', 'call')]",18.0,4734.0,36.0,p1,showdown,False,2,102.0,114.0,calling_station
2897,q,q,max_raise,['max_raise'],"[('p1', 'max_raise'), ('p2', 'call')]",0.0,4734.0,0.0,tie,showdown,False,2,102.0,114.0,calling_station
2898,k,q,max_raise,['max_raise'],"[('p1', 'max_raise'), ('p2', 'call')]",18.0,4752.0,36.0,p1,showdown,False,2,102.0,114.0,calling_station
2899,k,j,max_raise,['max_raise'],"[('p1', 'max_raise'), ('p2', 'call')]",18.0,4770.0,36.0,p1,showdown,False,2,102.0,114.0,calling_station
2900,q,k,max_raise,['max_raise'],"[('p1', 'max_raise'), ('p2', 'call')]",-18.0,4752.0,36.0,p2,showdown,False,2,102.0,114.0,calling_station
2901,k,k,max_raise,['max_raise'],"[('p1', 'max_raise'), ('p2', 'call')]",0.0,4752.0,0.0,tie,showdown,False,2,102.0,114.0,calling_station
2902,k,j,max_raise,['max_raise'],"[('p1', 'max_raise'), ('p2', 'call')]",18.0,4770.0,36.0,p1,showdown,False,2,102.0,114.0,calling_station
2903,j,k,check,['check'],"[('p1', 'check'), ('p2', 'check')]",-6.0,4764.0,12.0,p2,showdown,False,2,114.0,114.0,calling_station
2904,k,j,max_raise,['max_raise'],"[('p1', 'max_raise'), ('p2', 'call')]",18.0,4782.0,36.0,p1,showdown,False,2,102.0,114.0,calling_station
2905,j,j,check,['check'],"[('p1', 'check'), ('p2', 'check')]",0.0,4782.0,0.0,tie,showdown,False,2,114.0,114.0,calling_station
2906,q,q,max_raise,['max_raise'],"[('p1', 'max_raise'), ('p2', 'call')]",0.0,4782.0,0.0,tie,showdown,False,2,102.0,114.0,calling_station
2907,k,k,max_raise,['max_raise'],"[('p1', 'max_raise'), ('p2', 'call')]",0.0,4782.0,0.0,tie,showdown,False,2,102.0,114.0,calling_station
2908,k,q,max_raise,['max_raise'],"[('p1', 'max_raise'), ('p2', 'call')]",18.0,4800.0,36.0,p1,showdown,False,2,102.0,114.0,calling_station
2909,j,q,check,['check'],"[('p1', 'check'), ('p2', 'check')]",-6.0,4794.0,12.0,p2,showdown,False,2,114.0,114.0,calling_station
2910,k,j,max_raise,['max_raise'],"[('p1', 'max_raise'), ('p2', 'call')]",18.0,4812.0,36.0,p1,showdown,False,2,102.0,114.0,calling_station
2911,j,j,check,['check'],"[('p1', 'check'), ('p2', 'check')]",0.0,4812.0,0.0,tie,showdown,False,2,114.0,114.0,calling_station
2912,q,k,max_raise,['max_raise'],"[('p1', 'max_raise'), ('p2', 'call')]",-18.0,4794.0,36.0,p2,showdown,False,2,102.0,114.0,calling_station
2913,q,j,max_raise,['max_raise'],"[('p1', 'max_raise'), ('p2', 'call')]",18.0,4812.0,36.0,p1,showdown,False,2,102.0,114.0,calling_station
2914,k,j,max_raise,['max_raise'],"[('p1', 'max_raise'), ('p2', 'call')]",18.0,4830.0,36.0,p1,showdown,False,2,102.0,114.0,calling_station
2915,k,q,max_raise,['max_raise'],"[('p1', 'max_raise'), ('p2', 'call')]",18.0,4848.0,36.0,p1,showdown,False,2,102.0,114.0,calling_station
2916,q,j,max_raise,['max_raise'],"[('p1', 'max_raise'), ('p2', 'call')]",18.0,4866.0,36.0,p1,showdown,False,2,102.0,114.0,calling_station
2917,k,q,max_raise,['max_raise'],"[('p1', 'max_raise'), ('p2', 'call')]",18.0,4884.0,36.0,p1,showdown,False,2,102.0,114.0,calling_station
2918,k,j,max_raise,['max_raise'],"[('p1', 'max_raise'), ('p2', 'call')]",18.0,4902.0,36.0,p1,showdown,False,2,102.0,114.0,calling_station
2919,q,j,max_raise,['max_raise'],"[('p1', 'max_raise'), ('p2', 'call')]",18.0,4920.0,36.0,p1,showdown,False,2,102.0,114.0,calling_station
2920,q,j,max_raise,['max_raise'],"[('p1', 'max_raise'), ('p2', 'call')]",18.0,4938.0,36.0,p1,showdown,False,2,102.0,114.0,calling_station
2921,k,j,max_raise,['max_raise'],"[('p1', 'max_raise'), ('p2', 'call')]",18.0,4956.0,36.0,p1,showdown,False,2,102.0,114.0,calling_station
2922,j,k,check,['check'],"[('p1', 'check'), ('p2', 'check')]",-6.0,4950.0,12.0,p2,showdown,False,2,114.0,114.0,calling_station
2923,q,j,max_raise,['max_raise'],"[('p1', 'max_raise'), ('p2', 'call')]",18.0,4968.0,36.0,p1,showdown,False,2,102.0,114.0,calling_station
2924,j,k,check,['check'],"[('p1', 'check'), ('p2', 'check')]",-6.0,4962.0,12.0,p2,showdown,False,2,114.0,114.0,calling_station
2925,q,q,max_raise,['max_raise'],"[('p1', 'max_raise'), ('p2', 'call')]",0.0,4962.0,0.0,tie,showdown,False,2,102.0,114.0,calling_station
2926,k,k,max_raise,['max_raise'],"[('p1', 'max_raise'), ('p2', 'call')]",0.0,4962.0,0.0,tie,showdown,False,2,102.0,114.0,calling_station
2927,j,q,check,['check'],"[('p1', 'check'), ('p2', 'check')]",-6.0,4956.0,12.0,p2,showdown,False,2,114.0,114.0,calling_station
2928,q,k,max_raise,['max_raise'],"[('p1', 'max_raise'), ('p2', 'call')]",-18.0,4938.0,36.0,p2,showdown,False,2,102.0,114.0,calling_station
2929,j,q,check,['check'],"[('p1', 'check'), ('p2', 'check')]",-6.0,4932.0,12.0,p2,showdown,False,2,114.0,114.0,calling_station
2930,j,q,check,['check'],"[('p1', 'check'), ('p2', 'check')]",-6.0,4926.0,12.0,p2,showdown,False,2,114.0,114.0,calling_station
2931,q,j,max_raise,['max_raise'],"[('p1', 'max_raise'), ('p2', 'call')]",18.0,4944.0,36.0,p1,showdown,False,2,102.0,114.0,calling_station
2932,q,k,max_raise,['max_raise'],"[('p1', 'max_raise'), ('p2', 'call')]",-18.0,4926.0,36.0,p2,showdown,False,2,102.0,114.0,calling_station
2933,j,q,check,['check'],"[('p1', 'check'), ('p2', 'check')]",-6.0,4920.0,12.0,p2,showdown,False,2,114.0,114.0,calling_station
2934,j,q,check,['check'],"[('p1', 'check'), ('p2', 'check')]",-6.0,4914.0,12.0,p2,showdown,False,2,114.0,114.0,calling_station
2935,q,k,max_raise,['max_raise'],"[('p1', 'max_raise'), ('p2', 'call')]",-18.0,4896.0,36.0,p2,showdown,False,2,102.0,114.0,calling_station
2936,q,k,max_raise,['max_raise'],"[('p1', 'max_raise'), ('p2', 'call')]",-18.0,4878.0,36.0,p2,showdown,False,2,102.0,114.0,calling_station
2937,j,k,check,['check'],"[('p1', 'check'), ('p2', 'check')]",-6.0,4872.0,12.0,p2,showdown,False,2,114.0,114.0,calling_station
2938,k,j,max_raise,['max_raise'],"[('p1', 'max_raise'), ('p2', 'call')]",18.0,4890.0,36.0,p1,showdown,False,2,102.0,114.0,calling_station
2939,q,j,max_raise,['max_raise'],"[('p1', 'max_raise'), ('p2', 'call')]",18.0,4908.0,36.0,p1,showdown,False,2,102.0,114.0,calling_station
2940,k,q,max_raise,['max_raise'],"[('p1', 'max_raise'), ('p2', 'call')]",18.0,4926.0,36.0,p1,showdown,False,2,102.0,114.0,calling_station
2941,j,k,check,['check'],"[('p1', 'check'), ('p2', 'check')]",-6.0,4920.0,12.0,p2,showdown,False,2,114.0,114.0,calling_station
2942,k,j,max_raise,['max_raise'],"[('p1', 'max_raise'), ('p2', 'call')]",18.0,4938.0,36.0,p1,showdown,False,2,102.0,114.0,calling_station
2943,q,k,max_raise,['max_raise'],"[('p1', 'max_raise'), ('p2', 'call')]",-18.0,4920.0,36.0,p2,showdown,False,2,102.0,114.0,calling_station
2944,q,k,max_raise,['max_raise'],"[('p1', 'max_raise'), ('p2', 'call')]",-18.0,4902.0,36.0,p2,showdown,False,2,102.0,114.0,calling_station
2945,q,k,max_raise,['max_raise'],"[('p1', 'max_raise'), ('p2', 'call')]",-18.0,4884.0,36.0,p2,showdown,False,2,102.0,114.0,calling_station
2946,k,j,max_raise,['max_raise'],"[('p1', 'max_raise'), ('p2', 'call')]",18.0,4902.0,36.0,p1,showdown,False,2,102.0,114.0,calling_station
2947,j,j,check,['check'],"[('p1', 'check'), ('p2', 'check')]",0.0,4902.0,0.0,tie,showdown,False,2,114.0,114.0,calling_station
2948,j,q,check,['check'],"[('p1', 'check'), ('p2', 'check')]",-6.0,4896.0,12.0,p2,showdown,False,2,114.0,114.0,calling_station
2949,j,j,check,['check'],"[('p1', 'check'), ('p2', 'check')]",0.0,4896.0,0.0,tie,showdown,False,2,114.0,114.0,calling_station
2950,k,j,max_raise,['max_raise'],"[('p1', 'max_raise'), ('p2', 'call')]",18.0,4914.0,36.0,p1,showdown,False,2,102.0,114.0,calling_station
2951,k,j,max_raise,['max_raise'],"[('p1', 'max_raise'), ('p2', 'call')]",18.0,4932.0,36.0,p1,showdown,False,2,102.0,114.0,calling_station
2952,j,k,check,['check'],"[('p1', 'check'), ('p2', 'check')]",-6.0,4926.0,12.0,p2,showdown,False,2,114.0,114.0,calling_station
2953,k,j,max_raise,['max_raise'],"[('p1', 'max_raise'), ('p2', 'call')]",18.0,4944.0,36.0,p1,showdown,False,2,102.0,114.0,calling_station
2954,j,k,check,['check'],"[('p1', 'check'), ('p2', 'check')]",-6.0,4938.0,12.0,p2,showdown,False,2,114.0,114.0,calling_station
2955,q,j,max_raise,['max_raise'],"[('p1', 'max_raise'), ('p2', 'call')]",18.0,4956.0,36.0,p1,showdown,False,2,102.0,114.0,calling_station
2956,q,k,max_raise,['max_raise'],"[('p1', 'max_raise'), ('p2', 'call')]",-18.0,4938.0,36.0,p2,showdown,False,2,102.0,114.0,calling_station
2957,q,q,max_raise,['max_raise'],"[('p1', 'max_raise'), ('p2', 'call')]",0.0,4938.0,0.0,tie,showdown,False,2,102.0,114.0,calling_station
2958,j,j,check,['check'],"[('p1', 'check'), ('p2', 'check')]",0.0,4938.0,0.0,tie,showdown,False,2,114.0,114.0,calling_station
2959,j,k,check,['check'],"[('p1', 'check'), ('p2', 'check')]",-6.0,4932.0,12.0,p2,showdown,False,2,114.0,114.0,calling_station
2960,q,j,max_raise,['max_raise'],"[('p1', 'max_raise'), ('p2', 'call')]",18.0,4950.0,36.0,p1,showdown,False,2,102.0,114.0,calling_station
2961,k,q,max_raise,['max_raise'],"[('p1', 'max_raise'), ('p2', 'call')]",18.0,4968.0,36.0,p1,showdown,False,2,102.0,114.0,calling_station
2962,q,q,max_raise,['max_raise'],"[('p1', 'max_raise'), ('p2', 'call')]",0.0,4968.0,0.0,tie,showdown,False,2,102.0,114.0,calling_station
2963,k,j,max_raise,['max_raise'],"[('p1', 'max_raise'), ('p2', 'call')]",18.0,4986.0,36.0,p1,showdown,False,2,102.0,114.0,calling_station
2964,k,k,max_raise,['max_raise'],"[('p1', 'max_raise'), ('p2', 'call')]",0.0,4986.0,0.0,tie,showdown,False,2,102.0,114.0,calling_station
2965,j,k,check,['check'],"[('p1', 'check'), ('p2', 'check')]",-6.0,4980.0,12.0,p2,showdown,False,2,114.0,114.0,calling_station
2966,j,j,check,['check'],"[('p1', 'check'), ('p2', 'check')]",0.0,4980.0,0.0,tie,showdown,False,2,114.0,114.0,calling_station
2967,k,q,max_raise,['max_raise'],"[('p1', 'max_raise'), ('p2', 'call')]",18.0,4998.0,36.0,p1,showdown,False,2,102.0,114.0,calling_station
2968,j,q,check,['check'],"[('p1', 'check'), ('p2', 'check')]",-6.0,4992.0,12.0,p2,showdown,False,2,114.0,114.0,calling_station
2969,j,j,check,['check'],"[('p1', 'check'), ('p2', 'check')]",0.0,4992.0,0.0,tie,showdown,False,2,114.0,114.0,calling_station
2970,k,q,max_raise,['max_raise'],"[('p1', 'max_raise'), ('p2', 'call')]",18.0,5010.0,36.0,p1,showdown,False,2,102.0,114.0,calling_station
2971,j,q,check,['check'],"[('p1', 'check'), ('p2', 'check')]",-6.0,5004.0,12.0,p2,showdown,False,2,114.0,114.0,calling_station
2972,q,j,max_raise,['max_raise'],"[('p1', 'max_raise'), ('p2', 'call')]",18.0,5022.0,36.0,p1,showdown,False,2,102.0,114.0,calling_station
2973,q,j,max_raise,['max_raise'],"[('p1', 'max_raise'), ('p2', 'call')]",18.0,5040.0,36.0,p1,showdown,False,2,102.0,114.0,calling_station
2974,q,k,max_raise,['max_raise'],"[('p1', 'max_raise'), ('p2', 'call')]",-18.0,5022.0,36.0,p2,showdown,False,2,102.0,114.0,calling_station
2975,k,q,max_raise,['max_raise'],"[('p1', 'max_raise'), ('p2', 'call')]",18.0,5040.0,36.0,p1,showdown,False,2,102.0,114.0,calling_station
2976,k,j,max_raise,['max_raise'],"[('p1', 'max_raise'), ('p2', 'call')]",18.0,5058.0,36.0,p1,showdown,False,2,102.0,114.0,calling_station
2977,j,q,check,['check'],"[('p1', 'check'), ('p2', 'check')]",-6.0,5052.0,12.0,p2,showdown,False,2,114.0,114.0,calling_station
2978,q,j,max_raise,['max_raise'],"[('p1', 'max_raise'), ('p2', 'call')]",18.0,5070.0,36.0,p1,showdown,False,2,102.0,114.0,calling_station
2979,q,q,max_raise,['max_raise'],"[('p1', 'max_raise'), ('p2', 'call')]",0.0,5070.0,0.0,tie,showdown,False,2,102.0,114.0,calling_station
2980,j,j,check,['check'],"[('p1', 'check'), ('p2', 'check')]",0.0,5070.0,0.0,tie,showdown,False,2,114.0,114.0,calling_station
2981,q,q,max_raise,['max_raise'],"[('p1', 'max_raise'), ('p2', 'call')]",0.0,5070.0,0.0,tie,showdown,False,2,102.0,114.0,calling_station
2982,k,j,max_raise,['max_raise'],"[('p1', 'max_raise'), ('p2', 'call')]",18.0,5088.0,36.0,p1,showdown,False,2,102.0,114.0,calling_station
2983,k,j,max_raise,['max_raise'],"[('p1', 'max_raise'), ('p2', 'call')]",18.0,5106.0,36.0,p1,showdown,False,2,102.0,114.0,calling_station
2984,k,j,max_raise,['max_raise'],"[('p1', 'max_raise'), ('p2', 'call')]",18.0,5124.0,36.0,p1,showdown,False,2,102.0,114.0,calling_station
2985,k,j,max_raise,['max_raise'],"[('p1', 'max_raise'), ('p2', 'call')]",18.0,5142.0,36.0,p1,showdown,False,2,102.0,114.0,calling_station
2986,j,j,check,['check'],"[('p1', 'check'), ('p2', 'check')]",0.0,5142.0,0.0,tie,showdown,False,2,114.0,114.0,calling_station
2987,k,q,max_raise,['max_raise'],"[('p1', 'max_raise'), ('p2', 'call')]",18.0,5160.0,36.0,p1,showdown,False,2,102.0,114.0,calling_station
2988,q,j,max_raise,['max_raise'],"[('p1', 'max_raise'), ('p2', 'call')]",18.0,5178.0,36.0,p1,showdown,False,2,102.0,114.0,calling_station
2989,k,q,max_raise,['max_raise'],"[('p1', 'max_raise'), ('p2', 'call')]",18.0,5196.0,36.0,p1,showdown,False,2,102.0,114.0,calling_station
2990,k,k,max_raise,['max_raise'],"[('p1', 'max_raise'), ('p2', 'call')]",0.0,5196.0,0.0,tie,showdown,False,2,102.0,114.0,calling_station
2991,j,k,check,['check'],"[('p1', 'check'), ('p2', 'check')]",-6.0,5190.0,12.0,p2,showdown,False,2,114.0,114.0,calling_station
2992,q,j,max_raise,['max_raise'],"[('p1', 'max_raise'), ('p2', 'call')]",18.0,5208.0,36.0,p1,showdown,False,2,102.0,114.0,calling_station
2993,k,j,max_raise,['max_raise'],"[('p1', 'max_raise'), ('p2', 'call')]",18.0,5226.0,36.0,p1,showdown,False,2,102.0,114.0,calling_station
2994,k,k,max_raise,['max_raise'],"[('p1', 'max_raise'), ('p2', 'call')]",0.0,5226.0,0.0,tie,showdown,False,2,102.0,114.0,calling_station
2995,j,k,check,['check'],"[('p1', 'check'), ('p2', 'check')]",-6.0,5220.0,12.0,p2,showdown,False,2,114.0,114.0,calling_station
2996,q,k,max_raise,['max_raise'],"[('p1', 'max_raise'), ('p2', 'call')]",-18.0,5202.0,36.0,p2,showdown,False,2,102.0,114.0,calling_station
2997,k,k,max_raise,['max_raise'],"[('p1', 'max_raise'), ('p2', 'call')]",0.0,5202.0,0.0,tie,showdown,False,2,102.0,114.0,calling_station
2998,j,k,check,['check'],"[('p1', 'check'), ('p2', 'check')]",-6.0,5196.0,12.0,p2,showdown,False,2,114.0,114.0,calling_station
2999,k,j,max_raise,['max_raise'],"[('p1', 'max_raise'), ('p2', 'call')]",18.0,5214.0,36.0,p1,showdown,False,2,102.0,114.0,calling_station
3000,k,j,max_raise,['max_raise'],"[('p1', 'max_raise'), ('p2', 'call')]",18.0,5232.0,36.0,p1,showdown,False,2,102.0,114.0,calling_station
3001,k,j,max_raise,['max_raise'],"[('p1', 'max_raise'), ('p2', 'call')]",18.0,5250.0,36.0,p1,showdown,False,2,102.0,114.0,calling_station
3002,k,j,max_raise,['max_raise'],"[('p1', 'max_raise'), ('p2', 'call')]",18.0,5268.0,36.0,p1,showdown,False,2,102.0,114.0,calling_station
3003,q,k,max_raise,['max_raise'],"[('p1', 'max_raise'), ('p2', 'call')]",-18.0,5250.0,36.0,p2,showdown,False,2,102.0,114.0,calling_station
3004,j,q,check,['check'],"[('p1', 'check'), ('p2', 'check')]",-6.0,5244.0,12.0,p2,showdown,False,2,114.0,114.0,calling_station
3005,k,j,max_raise,['max_raise'],"[('p1', 'max_raise'), ('p2', 'call')]",18.0,5262.0,36.0,p1,showdown,False,2,102.0,114.0,calling_station
3006,q,j,max_raise,['max_raise'],"[('p1', 'max_raise'), ('p2', 'call')]",18.0,5280.0,36.0,p1,showdown,False,2,102.0,114.0,calling_station
3007,q,q,max_raise,['max_raise'],"[('p1', 'max_raise'), ('p2', 'call')]",0.0,5280.0,0.0,tie,showdown,False,2,102.0,114.0,calling_station
3008,q,k,max_raise,['max_raise'],"[('p1', 'max_raise'), ('p2', 'call')]",-18.0,5262.0,36.0,p2,showdown,False,2,102.0,114.0,calling_station
3009,j,j,check,['check'],"[('p1', 'check'), ('p2', 'check')]",0.0,5262.0,0.0,tie,showdown,False,2,114.0,114.0,calling_station
3010,k,q,max_raise,['max_raise'],"[('p1', 'max_raise'), ('p2', 'call')]",18.0,5280.0,36.0,p1,showdown,False,2,102.0,114.0,calling_station
3011,k,q,max_raise,['max_raise'],"[('p1', 'max_raise'), ('p2', 'call')]",18.0,5298.0,36.0,p1,showdown,False,2,102.0,114.0,calling_station
3012,j,k,check,['check'],"[('p1', 'check'), ('p2', 'check')]",-6.0,5292.0,12.0,p2,showdown,False,2,114.0,114.0,calling_station
3013,j,k,check,['check'],"[('p1', 'check'), ('p2', 'check')]",-6.0,5286.0,12.0,p2,showdown,False,2,114.0,114.0,calling_station
3014,q,q,max_raise,['max_raise'],"[('p1', 'max_raise'), ('p2', 'call')]",0.0,5286.0,0.0,tie,showdown,False,2,102.0,114.0,calling_station
3015,q,q,max_raise,['max_raise'],"[('p1', 'max_raise'), ('p2', 'call')]",0.0,5286.0,0.0,tie,showdown,False,2,102.0,114.0,calling_station
3016,q,q,max_raise,['max_raise'],"[('p1', 'max_raise'), ('p2', 'call')]",0.0,5286.0,0.0,tie,showdown,False,2,102.0,114.0,calling_station
3017,q,j,max_raise,['max_raise'],"[('p1', 'max_raise'), ('p2', 'call')]",18.0,5304.0,36.0,p1,showdown,False,2,102.0,114.0,calling_station
3018,k,q,max_raise,['max_raise'],"[('p1', 'max_raise'), ('p2', 'call')]",18.0,5322.0,36.0,p1,showdown,False,2,102.0,114.0,calling_station
3019,j,q,check,['check'],"[('p1', 'check'), ('p2', 'check')]",-6.0,5316.0,12.0,p2,showdown,False,2,114.0,114.0,calling_station
3020,j,k,check,['check'],"[('p1', 'check'), ('p2', 'check')]",-6.0,5310.0,12.0,p2,showdown,False,2,114.0,114.0,calling_station
3021,q,j,max_raise,['max_raise'],"[('p1', 'max_raise'), ('p2', 'call')]",18.0,5328.0,36.0,p1,showdown,False,2,102.0,114.0,calling_station
3022,k,k,max_raise,['max_raise'],"[('p1', 'max_raise'), ('p2', 'call')]",0.0,5328.0,0.0,tie,showdown,False,2,102.0,114.0,calling_station
3023,q,j,max_raise,['max_raise'],"[('p1', 'max_raise'), ('p2', 'call')]",18.0,5346.0,36.0,p1,showdown,False,2,102.0,114.0,calling_station
3024,q,k,max_raise,['max_raise'],"[('p1', 'max_raise'), ('p2', 'call')]",-18.0,5328.0,36.0,p2,showdown,False,2,102.0,114.0,calling_station
3025,k,q,max_raise,['max_raise'],"[('p1', 'max_raise'), ('p2', 'call')]",18.0,5346.0,36.0,p1,showdown,False,2,102.0,114.0,calling_station
3026,j,k,check,['check'],"[('p1', 'check'), ('p2', 'check')]",-6.0,5340.0,12.0,p2,showdown,False,2,114.0,114.0,calling_station
3027,j,k,check,['check'],"[('p1', 'check'), ('p2', 'check')]",-6.0,5334.0,12.0,p2,showdown,False,2,114.0,114.0,calling_station
3028,j,j,check,['check'],"[('p1', 'check'), ('p2', 'check')]",0.0,5334.0,0.0,tie,showdown,False,2,114.0,114.0,calling_station
3029,q,j,max_raise,['max_raise'],"[('p1', 'max_raise'), ('p2', 'call')]",18.0,5352.0,36.0,p1,showdown,False,2,102.0,114.0,calling_station
3030,q,j,max_raise,['max_raise'],"[('p1', 'max_raise'), ('p2', 'call')]",18.0,5370.0,36.0,p1,showdown,False,2,102.0,114.0,calling_station
3031,k,j,max_raise,['max_raise'],"[('p1', 'max_raise'), ('p2', 'call')]",18.0,5388.0,36.0,p1,showdown,False,2,102.0,114.0,calling_station
3032,j,q,check,['check'],"[('p1', 'check'), ('p2', 'check')]",-6.0,5382.0,12.0,p2,showdown,False,2,114.0,114.0,calling_station
3033,q,j,max_raise,['max_raise'],"[('p1', 'max_raise'), ('p2', 'call')]",18.0,5400.0,36.0,p1,showdown,False,2,102.0,114.0,calling_station
3034,q,j,max_raise,['max_raise'],"[('p1', 'max_raise'), ('p2', 'call')]",18.0,5418.0,36.0,p1,showdown,False,2,102.0,114.0,calling_station
3035,j,q,check,['check'],"[('p1', 'check'), ('p2', 'check')]",-6.0,5412.0,12.0,p2,showdown,False,2,114.0,114.0,calling_station
3036,k,q,max_raise,['max_raise'],"[('p1', 'max_raise'), ('p2', 'call')]",18.0,5430.0,36.0,p1,showdown,False,2,102.0,114.0,calling_station
3037,k,k,max_raise,['max_raise'],"[('p1', 'max_raise'), ('p2', 'call')]",0.0,5430.0,0.0,tie,showdown,False,2,102.0,114.0,calling_station
3038,k,k,max_raise,['max_raise'],"[('p1', 'max_raise'), ('p2', 'call')]",0.0,5430.0,0.0,tie,showdown,False,2,102.0,114.0,calling_station
3039,j,q,check,['check'],"[('p1', 'check'), ('p2', 'check')]",-6.0,5424.0,12.0,p2,showdown,False,2,114.0,114.0,calling_station
3040,j,j,check,['check'],"[('p1', 'check'), ('p2', 'check')]",0.0,5424.0,0.0,tie,showdown,False,2,114.0,114.0,calling_station
3041,j,q,check,['check'],"[('p1', 'check'), ('p2', 'check')]",-6.0,5418.0,12.0,p2,showdown,False,2,114.0,114.0,calling_station
3042,j,q,check,['check'],"[('p1', 'check'), ('p2', 'check')]",-6.0,5412.0,12.0,p2,showdown,False,2,114.0,114.0,calling_station
3043,k,j,max_raise,['max_raise'],"[('p1', 'max_raise'), ('p2', 'call')]",18.0,5430.0,36.0,p1,showdown,False,2,102.0,114.0,calling_station
3044,k,k,max_raise,['max_raise'],"[('p1', 'max_raise'), ('p2', 'call')]",0.0,5430.0,0.0,tie,showdown,False,2,102.0,114.0,calling_station
3045,k,j,max_raise,['max_raise'],"[('p1', 'max_raise'), ('p2', 'call')]",18.0,5448.0,36.0,p1,showdown,False,2,102.0,114.0,calling_station
3046,q,k,max_raise,['max_raise'],"[('p1', 'max_raise'), ('p2', 'call')]",-18.0,5430.0,36.0,p2,showdown,False,2,102.0,114.0,calling_station
3047,q,j,max_raise,['max_raise'],"[('p1', 'max_raise'), ('p2', 'call')]",18.0,5448.0,36.0,p1,showdown,False,2,102.0,114.0,calling_station
3048,k,k,max_raise,['max_raise'],"[('p1', 'max_raise'), ('p2', 'call')]",0.0,5448.0,0.0,tie,showdown,False,2,102.0,114.0,calling_station
3049,k,q,max_raise,['max_raise'],"[('p1', 'max_raise'), ('p2', 'call')]",18.0,5466.0,36.0,p1,showdown,False,2,102.0,114.0,calling_station
3050,k,j,max_raise,['max_raise'],"[('p1', 'max_raise'), ('p2', 'call')]",18.0,5484.0,36.0,p1,showdown,False,2,102.0,114.0,calling_station
3051,k,k,max_raise,['max_raise'],"[('p1', 'max_raise'), ('p2', 'call')]",0.0,5484.0,0.0,tie,showdown,False,2,102.0,114.0,calling_station
3052,j,j,check,['check'],"[('p1', 'check'), ('p2', 'check')]",0.0,5484.0,0.0,tie,showdown,False,2,114.0,114.0,calling_station
3053,k,j,max_raise,['max_raise'],"[('p1', 'max_raise'), ('p2', 'call')]",18.0,5502.0,36.0,p1,showdown,False,2,102.0,114.0,calling_station
3054,j,k,check,['check'],"[('p1', 'check'), ('p2', 'check')]",-6.0,5496.0,12.0,p2,showdown,False,2,114.0,114.0,calling_station
3055,q,j,max_raise,['max_raise'],"[('p1', 'max_raise'), ('p2', 'call')]",18.0,5514.0,36.0,p1,showdown,False,2,102.0,114.0,calling_station
3056,q,k,max_raise,['max_raise'],"[('p1', 'max_raise'), ('p2', 'call')]",-18.0,5496.0,36.0,p2,showdown,False,2,102.0,114.0,calling_station
3057,k,q,max_raise,['max_raise'],"[('p1', 'max_raise'), ('p2', 'call')]",18.0,5514.0,36.0,p1,showdown,False,2,102.0,114.0,calling_station
3058,j,k,check,['check'],"[('p1', 'check'), ('p2', 'check')]",-6.0,5508.0,12.0,p2,showdown,False,2,114.0,114.0,calling_station
3059,q,q,max_raise,['max_raise'],"[('p1', 'max_raise'), ('p2', 'call')]",0.0,5508.0,0.0,tie,showdown,False,2,102.0,114.0,calling_station
3060,q,j,max_raise,['max_raise'],"[('p1', 'max_raise'), ('p2', 'call')]",18.0,5526.0,36.0,p1,showdown,False,2,102.0,114.0,calling_station
3061,k,j,max_raise,['max_raise'],"[('p1', 'max_raise'), ('p2', 'call')]",18.0,5544.0,36.0,p1,showdown,False,2,102.0,114.0,calling_station
3062,j,j,max_raise,['max_raise'],"[('p1', 'max_raise'), ('p2', 'call')]",0.0,5544.0,0.0,tie,showdown,True,2,102.0,114.0,calling_station
3063,q,k,max_raise,['max_raise'],"[('p1', 'max_raise'), ('p2', 'call')]",-18.0,5526.0,36.0,p2,showdown,False,2,102.0,114.0,calling_station
3064,j,q,max_raise,['max_raise'],"[('p1', 'max_raise'), ('p2', 'call')]",-18.0,5508.0,36.0,p2,showdown,True,2,102.0,114.0,calling_station
3065,k,j,max_raise,['max_raise'],"[('p1', 'max_raise'), ('p2', 'call')]",18.0,5526.0,36.0,p1,showdown,False,2,102.0,114.0,calling_station
3066,q,q,max_raise,['max_raise'],"[('p1', 'max_raise'), ('p2', 'call')]",0.0,5526.0,0.0,tie,showdown,False,2,102.0,114.0,calling_station
3067,j,k,check,['check'],"[('p1', 'check'), ('p2', 'check')]",-6.0,5520.0,12.0,p2,showdown,False,2,114.0,114.0,calling_station
3068,j,j,check,['check'],"[('p1', 'check'), ('p2', 'check')]",0.0,5520.0,0.0,tie,showdown,False,2,114.0,114.0,calling_station
3069,q,j,max_raise,['max_raise'],"[('p1', 'max_raise'), ('p2', 'call')]",18.0,5538.0,36.0,p1,showdown,False,2,102.0,114.0,calling_station
3070,q,q,max_raise,['max_raise'],"[('p1', 'max_raise'), ('p2', 'call')]",0.0,5538.0,0.0,tie,showdown,False,2,102.0,114.0,calling_station
3071,j,q,check,['check'],"[('p1', 'check'), ('p2', 'check')]",-6.0,5532.0,12.0,p2,showdown,False,2,114.0,114.0,calling_station
3072,j,q,check,['check'],"[('p1', 'check'), ('p2', 'check')]",-6.0,5526.0,12.0,p2,showdown,False,2,114.0,114.0,calling_station
3073,q,k,max_raise,['max_raise'],"[('p1', 'max_raise'), ('p2', 'call')]",-18.0,5508.0,36.0,p2,showdown,False,2,102.0,114.0,calling_station
3074,k,q,max_raise,['max_raise'],"[('p1', 'max_raise'), ('p2', 'call')]",18.0,5526.0,36.0,p1,showdown,False,2,102.0,114.0,calling_station
3075,j,k,check,['check'],"[('p1', 'check'), ('p2', 'check')]",-6.0,5520.0,12.0,p2,showdown,False,2,114.0,114.0,calling_station
3076,j,k,check,['check'],"[('p1', 'check'), ('p2', 'check')]",-6.0,5514.0,12.0,p2,showdown,False,2,114.0,114.0,calling_station
3077,q,j,max_raise,['max_raise'],"[('p1', 'max_raise'), ('p2', 'call')]",18.0,5532.0,36.0,p1,showdown,False,2,102.0,114.0,calling_station
3078,k,j,max_raise,['max_raise'],"[('p1', 'max_raise'), ('p2', 'call')]",18.0,5550.0,36.0,p1,showdown,False,2,102.0,114.0,calling_station
3079,q,k,max_raise,['max_raise'],"[('p1', 'max_raise'), ('p2', 'call')]",-18.0,5532.0,36.0,p2,showdown,False,2,102.0,114.0,calling_station
3080,k,j,max_raise,['max_raise'],"[('p1', 'max_raise'), ('p2', 'call')]",18.0,5550.0,36.0,p1,showdown,False,2,102.0,114.0,calling_station
3081,k,j,max_raise,['max_raise'],"[('p1', 'max_raise'), ('p2', 'call')]",18.0,5568.0,36.0,p1,showdown,False,2,102.0,114.0,calling_station
3082,q,k,max_raise,['max_raise'],"[('p1', 'max_raise'), ('p2', 'call')]",-18.0,5550.0,36.0,p2,showdown,False,2,102.0,114.0,calling_station
3083,j,j,check,['check'],"[('p1', 'check'), ('p2', 'check')]",0.0,5550.0,0.0,tie,showdown,False,2,114.0,114.0,calling_station
3084,q,k,max_raise,['max_raise'],"[('p1', 'max_raise'), ('p2', 'call')]",-18.0,5532.0,36.0,p2,showdown,False,2,102.0,114.0,calling_station
3085,k,q,max_raise,['max_raise'],"[('p1', 'max_raise'), ('p2', 'call')]",18.0,5550.0,36.0,p1,showdown,False,2,102.0,114.0,calling_station
3086,k,k,max_raise,['max_raise'],"[('p1', 'max_raise'), ('p2', 'call')]",0.0,5550.0,0.0,tie,showdown,False,2,102.0,114.0,calling_station
3087,q,k,max_raise,['max_raise'],"[('p1', 'max_raise'), ('p2', 'call')]",-18.0,5532.0,36.0,p2,showdown,False,2,102.0,114.0,calling_station
3088,j,q,check,['check'],"[('p1', 'check'), ('p2', 'check')]",-6.0,5526.0,12.0,p2,showdown,False,2,114.0,114.0,calling_station
3089,q,j,max_raise,['max_raise'],"[('p1', 'max_raise'), ('p2', 'call')]",18.0,5544.0,36.0,p1,showdown,False,2,102.0,114.0,calling_station
3090,j,k,check,['check'],"[('p1', 'check'), ('p2', 'check')]",-6.0,5538.0,12.0,p2,showdown,False,2,114.0,114.0,calling_station
3091,k,k,max_raise,['max_raise'],"[('p1', 'max_raise'), ('p2', 'call')]",0.0,5538.0,0.0,tie,showdown,False,2,102.0,114.0,calling_station
3092,j,j,check,['check'],"[('p1', 'check'), ('p2', 'check')]",0.0,5538.0,0.0,tie,showdown,False,2,114.0,114.0,calling_station
3093,j,k,max_raise,['max_raise'],"[('p1', 'max_raise'), ('p2', 'call')]",-18.0,5520.0,36.0,p2,showdown,True,2,102.0,114.0,calling_station
3094,k,j,max_raise,['max_raise'],"[('p1', 'max_raise'), ('p2', 'call')]",18.0,5538.0,36.0,p1,showdown,False,2,102.0,114.0,calling_station
3095,q,j,max_raise,['max_raise'],"[('p1', 'max_raise'), ('p2', 'call')]",18.0,5556.0,36.0,p1,showdown,False,2,102.0,114.0,calling_station
3096,q,q,max_raise,['max_raise'],"[('p1', 'max_raise'), ('p2', 'call')]",0.0,5556.0,0.0,tie,showdown,False,2,102.0,114.0,calling_station
3097,j,q,check,['check'],"[('p1', 'check'), ('p2', 'check')]",-6.0,5550.0,12.0,p2,showdown,False,2,114.0,114.0,calling_station
3098,q,q,max_raise,['max_raise'],"[('p1', 'max_raise'), ('p2', 'call')]",0.0,5550.0,0.0,tie,showdown,False,2,102.0,114.0,calling_station
3099,j,q,check,['check'],"[('p1', 'check'), ('p2', 'check')]",-6.0,5544.0,12.0,p2,showdown,False,2,114.0,114.0,calling_station
3100,q,k,max_raise,['max_raise'],"[('p1', 'max_raise'), ('p2', 'call')]",-18.0,5526.0,36.0,p2,showdown,False,2,102.0,114.0,calling_station
3101,k,k,max_raise,['max_raise'],"[('p1', 'max_raise'), ('p2', 'call')]",0.0,5526.0,0.0,tie,showdown,False,2,102.0,114.0,calling_station
3102,q,j,max_raise,['max_raise'],"[('p1', 'max_raise'), ('p2', 'call')]",18.0,5544.0,36.0,p1,showdown,False,2,102.0,114.0,calling_station
3103,j,q,check,['check'],"[('p1', 'check'), ('p2', 'check')]",-6.0,5538.0,12.0,p2,showdown,False,2,114.0,114.0,calling_station
3104,j,q,check,['check'],"[('p1', 'check'), ('p2', 'check')]",-6.0,5532.0,12.0,p2,showdown,False,2,114.0,114.0,calling_station
3105,q,k,max_raise,['max_raise'],"[('p1', 'max_raise'), ('p2', 'call')]",-18.0,5514.0,36.0,p2,showdown,False,2,102.0,114.0,calling_station
3106,k,j,max_raise,['max_raise'],"[('p1', 'max_raise'), ('p2', 'call')]",18.0,5532.0,36.0,p1,showdown,False,2,102.0,114.0,calling_station
3107,k,k,max_raise,['max_raise'],"[('p1', 'max_raise'), ('p2', 'call')]",0.0,5532.0,0.0,tie,showdown,False,2,102.0,114.0,calling_station
3108,k,j,max_raise,['max_raise'],"[('p1', 'max_raise'), ('p2', 'call')]",18.0,5550.0,36.0,p1,showdown,False,2,102.0,114.0,calling_station
3109,k,j,max_raise,['max_raise'],"[('p1', 'max_raise'), ('p2', 'call')]",18.0,5568.0,36.0,p1,showdown,False,2,102.0,114.0,calling_station
3110,q,j,max_raise,['max_raise'],"[('p1', 'max_raise'), ('p2', 'call')]",18.0,5586.0,36.0,p1,showdown,False,2,102.0,114.0,calling_station
3111,j,k,max_raise,['max_raise'],"[('p1', 'max_raise'), ('p2', 'call')]",-18.0,5568.0,36.0,p2,showdown,True,2,102.0,114.0,calling_station
3112,q,j,max_raise,['max_raise'],"[('p1', 'max_raise'), ('p2', 'call')]",18.0,5586.0,36.0,p1,showdown,False,2,102.0,114.0,calling_station
3113,k,j,max_raise,['max_raise'],"[('p1', 'max_raise'), ('p2', 'call')]",18.0,5604.0,36.0,p1,showdown,False,2,102.0,114.0,calling_station
3114,j,j,check,['check'],"[('p1', 'check'), ('p2', 'check')]",0.0,5604.0,0.0,tie,showdown,False,2,114.0,114.0,calling_station
3115,j,k,max_raise,['max_raise'],"[('p1', 'max_raise'), ('p2', 'call')]",-18.0,5586.0,36.0,p2,showdown,True,2,102.0,114.0,calling_station
3116,q,k,max_raise,['max_raise'],"[('p1', 'max_raise'), ('p2', 'call')]",-18.0,5568.0,36.0,p2,showdown,False,2,102.0,114.0,calling_station
3117,k,j,max_raise,['max_raise'],"[('p1', 'max_raise'), ('p2', 'call')]",18.0,5586.0,36.0,p1,showdown,False,2,102.0,114.0,calling_station
3118,j,j,max_raise,['max_raise'],"[('p1', 'max_raise'), ('p2', 'call')]",0.0,5586.0,0.0,tie,showdown,True,2,102.0,114.0,calling_station
3119,q,q,max_raise,['max_raise'],"[('p1', 'max_raise'), ('p2', 'call')]",0.0,5586.0,0.0,tie,showdown,False,2,102.0,114.0,calling_station
3120,q,k,max_raise,['max_raise'],"[('p1', 'max_raise'), ('p2', 'call')]",-18.0,5568.0,36.0,p2,showdown,False,2,102.0,114.0,calling_station
3121,j,q,check,['check'],"[('p1', 'check'), ('p2', 'check')]",-6.0,5562.0,12.0,p2,showdown,False,2,114.0,114.0,calling_station
3122,q,q,max_raise,['max_raise'],"[('p1', 'max_raise'), ('p2', 'call')]",0.0,5562.0,0.0,tie,showdown,False,2,102.0,114.0,calling_station
3123,j,k,check,['check'],"[('p1', 'check'), ('p2', 'check')]",-6.0,5556.0,12.0,p2,showdown,False,2,114.0,114.0,calling_station
3124,k,j,max_raise,['max_raise'],"[('p1', 'max_raise'), ('p2', 'call')]",18.0,5574.0,36.0,p1,showdown,False,2,102.0,114.0,calling_station
3125,k,k,max_raise,['max_raise'],"[('p1', 'max_raise'), ('p2', 'call')]",0.0,5574.0,0.0,tie,showdown,False,2,102.0,114.0,calling_station
3126,j,j,check,['check'],"[('p1', 'check'), ('p2', 'check')]",0.0,5574.0,0.0,tie,showdown,False,2,114.0,114.0,calling_station
3127,j,k,check,['check'],"[('p1', 'check'), ('p2', 'check')]",-6.0,5568.0,12.0,p2,showdown,False,2,114.0,114.0,calling_station
3128,j,j,check,['check'],"[('p1', 'check'), ('p2', 'check')]",0.0,5568.0,0.0,tie,showdown,False,2,114.0,114.0,calling_station
3129,k,q,max_raise,['max_raise'],"[('p1', 'max_raise'), ('p2', 'call')]",18.0,5586.0,36.0,p1,showdown,False,2,102.0,114.0,calling_station
3130,k,q,max_raise,['max_raise'],"[('p1', 'max_raise'), ('p2', 'call')]",18.0,5604.0,36.0,p1,showdown,False,2,102.0,114.0,calling_station
3131,j,k,check,['check'],"[('p1', 'check'), ('p2', 'check')]",-6.0,5598.0,12.0,p2,showdown,False,2,114.0,114.0,calling_station
3132,q,j,max_raise,['max_raise'],"[('p1', 'max_raise'), ('p2', 'call')]",18.0,5616.0,36.0,p1,showdown,False,2,102.0,114.0,calling_station
3133,j,k,check,['check'],"[('p1', 'check'), ('p2', 'check')]",-6.0,5610.0,12.0,p2,showdown,False,2,114.0,114.0,calling_station
3134,k,k,max_raise,['max_raise'],"[('p1', 'max_raise'), ('p2', 'call')]",0.0,5610.0,0.0,tie,showdown,False,2,102.0,114.0,calling_station
3135,j,q,max_raise,['max_raise'],"[('p1', 'max_raise'), ('p2', 'call')]",-18.0,5592.0,36.0,p2,showdown,True,2,102.0,114.0,calling_station
3136,j,j,check,['check'],"[('p1', 'check'), ('p2', 'check')]",0.0,5592.0,0.0,tie,showdown,False,2,114.0,114.0,calling_station
3137,j,k,check,['check'],"[('p1', 'check'), ('p2', 'check')]",-6.0,5586.0,12.0,p2,showdown,False,2,114.0,114.0,calling_station
3138,j,q,check,['check'],"[('p1', 'check'), ('p2', 'check')]",-6.0,5580.0,12.0,p2,showdown,False,2,114.0,114.0,calling_station
3139,q,j,max_raise,['max_raise'],"[('p1', 'max_raise'), ('p2', 'call')]",18.0,5598.0,36.0,p1,showdown,False,2,102.0,114.0,calling_station
3140,q,k,max_raise,['max_raise'],"[('p1', 'max_raise'), ('p2', 'call')]",-18.0,5580.0,36.0,p2,showdown,False,2,102.0,114.0,calling_station
3141,j,k,check,['check'],"[('p1', 'check'), ('p2', 'check')]",-6.0,5574.0,12.0,p2,showdown,False,2,114.0,114.0,calling_station
3142,j,q,check,['check'],"[('p1', 'check'), ('p2', 'check')]",-6.0,5568.0,12.0,p2,showdown,False,2,114.0,114.0,calling_station
3143,k,j,max_raise,['max_raise'],"[('p1', 'max_raise'), ('p2', 'call')]",18.0,5586.0,36.0,p1,showdown,False,2,102.0,114.0,calling_station
3144,j,j,check,['check'],"[('p1', 'check'), ('p2', 'check')]",0.0,5586.0,0.0,tie,showdown,False,2,114.0,114.0,calling_station
3145,q,q,max_raise,['max_raise'],"[('p1', 'max_raise'), ('p2', 'call')]",0.0,5586.0,0.0,tie,showdown,False,2,102.0,114.0,calling_station
3146,j,q,check,['check'],"[('p1', 'check'), ('p2', 'check')]",-6.0,5580.0,12.0,p2,showdown,False,2,114.0,114.0,calling_station
3147,j,j,check,['check'],"[('p1', 'check'), ('p2', 'check')]",0.0,5580.0,0.0,tie,showdown,False,2,114.0,114.0,calling_station
3148,q,k,max_raise,['max_raise'],"[('p1', 'max_raise'), ('p2', 'call')]",-18.0,5562.0,36.0,p2,showdown,False,2,102.0,114.0,calling_station
3149,k,j,max_raise,['max_raise'],"[('p1', 'max_raise'), ('p2', 'call')]",18.0,5580.0,36.0,p1,showdown,False,2,102.0,114.0,calling_station
3150,k,q,max_raise,['max_raise'],"[('p1', 'max_raise'), ('p2', 'call')]",18.0,5598.0,36.0,p1,showdown,False,2,102.0,114.0,calling_station
3151,k,k,max_raise,['max_raise'],"[('p1', 'max_raise'), ('p2', 'call')]",0.0,5598.0,0.0,tie,showdown,False,2,102.0,114.0,calling_station
3152,q,j,max_raise,['max_raise'],"[('p1', 'max_raise'), ('p2', 'call')]",18.0,5616.0,36.0,p1,showdown,False,2,102.0,114.0,calling_station
3153,k,q,max_raise,['max_raise'],"[('p1', 'max_raise'), ('p2', 'call')]",18.0,5634.0,36.0,p1,showdown,False,2,102.0,114.0,calling_station
3154,q,j,max_raise,['max_raise'],"[('p1', 'max_raise'), ('p2', 'call')]",18.0,5652.0,36.0,p1,showdown,False,2,102.0,114.0,calling_station
3155,j,k,check,['check'],"[('p1', 'check'), ('p2', 'check')]",-6.0,5646.0,12.0,p2,showdown,False,2,114.0,114.0,calling_station
3156,k,j,max_raise,['max_raise'],"[('p1', 'max_raise'), ('p2', 'call')]",18.0,5664.0,36.0,p1,showdown,False,2,102.0,114.0,calling_station
3157,q,j,max_raise,['max_raise'],"[('p1', 'max_raise'), ('p2', 'call')]",18.0,5682.0,36.0,p1,showdown,False,2,102.0,114.0,calling_station
3158,j,k,check,['check'],"[('p1', 'check'), ('p2', 'check')]",-6.0,5676.0,12.0,p2,showdown,False,2,114.0,114.0,calling_station
3159,k,k,max_raise,['max_raise'],"[('p1', 'max_raise'), ('p2', 'call')]",0.0,5676.0,0.0,tie,showdown,False,2,102.0,114.0,calling_station
3160,j,j,check,['check'],"[('p1', 'check'), ('p2', 'check')]",0.0,5676.0,0.0,tie,showdown,False,2,114.0,114.0,calling_station
3161,k,q,max_raise,['max_raise'],"[('p1', 'max_raise'), ('p2', 'call')]",18.0,5694.0,36.0,p1,showdown,False,2,102.0,114.0,calling_station
3162,k,j,max_raise,['max_raise'],"[('p1', 'max_raise'), ('p2', 'call')]",18.0,5712.0,36.0,p1,showdown,False,2,102.0,114.0,calling_station
3163,j,j,check,['check'],"[('p1', 'check'), ('p2', 'check')]",0.0,5712.0,0.0,tie,showdown,False,2,114.0,114.0,calling_station
3164,k,k,max_raise,['max_raise'],"[('p1', 'max_raise'), ('p2', 'call')]",0.0,5712.0,0.0,tie,showdown,False,2,102.0,114.0,calling_station
3165,k,k,max_raise,['max_raise'],"[('p1', 'max_raise'), ('p2', 'call')]",0.0,5712.0,0.0,tie,showdown,False,2,102.0,114.0,calling_station
3166,q,k,max_raise,['max_raise'],"[('p1', 'max_raise'), ('p2', 'call')]",-18.0,5694.0,36.0,p2,showdown,False,2,102.0,114.0,calling_station
3167,k,k,max_raise,['max_raise'],"[('p1', 'max_raise'), ('p2', 'call')]",0.0,5694.0,0.0,tie,showdown,False,2,102.0,114.0,calling_station
3168,j,k,check,['check'],"[('p1', 'check'), ('p2', 'check')]",-6.0,5688.0,12.0,p2,showdown,False,2,114.0,114.0,calling_station
3169,k,j,max_raise,['max_raise'],"[('p1', 'max_raise'), ('p2', 'call')]",18.0,5706.0,36.0,p1,showdown,False,2,102.0,114.0,calling_station
3170,j,q,check,['check'],"[('p1', 'check'), ('p2', 'check')]",-6.0,5700.0,12.0,p2,showdown,False,2,114.0,114.0,calling_station
3171,j,k,check,['check'],"[('p1', 'check'), ('p2', 'check')]",-6.0,5694.0,12.0,p2,showdown,False,2,114.0,114.0,calling_station
3172,j,j,check,['check'],"[('p1', 'check'), ('p2', 'check')]",0.0,5694.0,0.0,tie,showdown,False,2,114.0,114.0,calling_station
3173,k,j,max_raise,['max_raise'],"[('p1', 'max_raise'), ('p2', 'call')]",18.0,5712.0,36.0,p1,showdown,False,2,102.0,114.0,calling_station
3174,k,j,max_raise,['max_raise'],"[('p1', 'max_raise'), ('p2', 'call')]",18.0,5730.0,36.0,p1,showdown,False,2,102.0,114.0,calling_station
3175,k,j,max_raise,['max_raise'],"[('p1', 'max_raise'), ('p2', 'call')]",18.0,5748.0,36.0,p1,showdown,False,2,102.0,114.0,calling_station
3176,q,q,max_raise,['max_raise'],"[('p1', 'max_raise'), ('p2', 'call')]",0.0,5748.0,0.0,tie,showdown,False,2,102.0,114.0,calling_station
3177,j,j,check,['check'],"[('p1', 'check'), ('p2', 'check')]",0.0,5748.0,0.0,tie,showdown,False,2,114.0,114.0,calling_station
3178,q,k,max_raise,['max_raise'],"[('p1', 'max_raise'), ('p2', 'call')]",-18.0,5730.0,36.0,p2,showdown,False,2,102.0,114.0,calling_station
3179,j,q,check,['check'],"[('p1', 'check'), ('p2', 'check')]",-6.0,5724.0,12.0,p2,showdown,False,2,114.0,114.0,calling_station
3180,j,k,check,['check'],"[('p1', 'check'), ('p2', 'check')]",-6.0,5718.0,12.0,p2,showdown,False,2,114.0,114.0,calling_station
3181,q,k,max_raise,['max_raise'],"[('p1', 'max_raise'), ('p2', 'call')]",-18.0,5700.0,36.0,p2,showdown,False,2,102.0,114.0,calling_station
3182,j,k,check,['check'],"[('p1', 'check'), ('p2', 'check')]",-6.0,5694.0,12.0,p2,showdown,False,2,114.0,114.0,calling_station
3183,q,j,max_raise,['max_raise'],"[('p1', 'max_raise'), ('p2', 'call')]",18.0,5712.0,36.0,p1,showdown,False,2,102.0,114.0,calling_station
3184,j,j,check,['check'],"[('p1', 'check'), ('p2', 'check')]",0.0,5712.0,0.0,tie,showdown,False,2,114.0,114.0,calling_station
3185,j,j,check,['check'],"[('p1', 'check'), ('p2', 'check')]",0.0,5712.0,0.0,tie,showdown,False,2,114.0,114.0,calling_station
3186,q,q,max_raise,['max_raise'],"[('p1', 'max_raise'), ('p2', 'call')]",0.0,5712.0,0.0,tie,showdown,False,2,102.0,114.0,calling_station
3187,j,q,check,['check'],"[('p1', 'check'), ('p2', 'check')]",-6.0,5706.0,12.0,p2,showdown,False,2,114.0,114.0,calling_station
3188,j,q,check,['check'],"[('p1', 'check'), ('p2', 'check')]",-6.0,5700.0,12.0,p2,showdown,False,2,114.0,114.0,calling_station
3189,q,q,max_raise,['max_raise'],"[('p1', 'max_raise'), ('p2', 'call')]",0.0,5700.0,0.0,tie,showdown,False,2,102.0,114.0,calling_station
3190,q,k,max_raise,['max_raise'],"[('p1', 'max_raise'), ('p2', 'call')]",-18.0,5682.0,36.0,p2,showdown,False,2,102.0,114.0,calling_station
3191,j,j,check,['check'],"[('p1', 'check'), ('p2', 'check')]",0.0,5682.0,0.0,tie,showdown,False,2,114.0,114.0,calling_station
3192,q,k,max_raise,['max_raise'],"[('p1', 'max_raise'), ('p2', 'call')]",-18.0,5664.0,36.0,p2,showdown,False,2,102.0,114.0,calling_station
3193,j,j,check,['check'],"[('p1', 'check'), ('p2', 'check')]",0.0,5664.0,0.0,tie,showdown,False,2,114.0,114.0,calling_station
3194,j,k,check,['check'],"[('p1', 'check'), ('p2', 'check')]",-6.0,5658.0,12.0,p2,showdown,False,2,114.0,114.0,calling_station
3195,q,q,max_raise,['max_raise'],"[('p1', 'max_raise'), ('p2', 'call')]",0.0,5658.0,0.0,tie,showdown,False,2,102.0,114.0,calling_station
3196,j,k,check,['check'],"[('p1', 'check'), ('p2', 'check')]",-6.0,5652.0,12.0,p2,showdown,False,2,114.0,114.0,calling_station
3197,q,k,max_raise,['max_raise'],"[('p1', 'max_raise'), ('p2', 'call')]",-18.0,5634.0,36.0,p2,showdown,False,2,102.0,114.0,calling_station
3198,j,k,check,['check'],"[('p1', 'check'), ('p2', 'check')]",-6.0,5628.0,12.0,p2,showdown,False,2,114.0,114.0,calling_station
3199,q,j,max_raise,['max_raise'],"[('p1', 'max_raise'), ('p2', 'call')]",18.0,5646.0,36.0,p1,showdown,False,2,102.0,114.0,calling_station
3200,j,k,check,['check'],"[('p1', 'check'), ('p2', 'check')]",-6.0,5640.0,12.0,p2,showdown,False,2,114.0,114.0,calling_station
3201,q,q,max_raise,['max_raise'],"[('p1', 'max_raise'), ('p2', 'call')]",0.0,5640.0,0.0,tie,showdown,False,2,102.0,114.0,calling_station
3202,q,k,max_raise,['max_raise'],"[('p1', 'max_raise'), ('p2', 'call')]",-18.0,5622.0,36.0,p2,showdown,False,2,102.0,114.0,calling_station
3203,j,q,check,['check'],"[('p1', 'check'), ('p2', 'check')]",-6.0,5616.0,12.0,p2,showdown,False,2,114.0,114.0,calling_station
3204,k,j,max_raise,['max_raise'],"[('p1', 'max_raise'), ('p2', 'call')]",18.0,5634.0,36.0,p1,showdown,False,2,102.0,114.0,calling_station
3205,k,q,max_raise,['max_raise'],"[('p1', 'max_raise'), ('p2', 'call')]",18.0,5652.0,36.0,p1,showdown,False,2,102.0,114.0,calling_station
3206,q,k,max_raise,['max_raise'],"[('p1', 'max_raise'), ('p2', 'call')]",-18.0,5634.0,36.0,p2,showdown,False,2,102.0,114.0,calling_station
3207,j,k,check,['check'],"[('p1', 'check'), ('p2', 'check')]",-6.0,5628.0,12.0,p2,showdown,False,2,114.0,114.0,calling_station
3208,j,q,check,['check'],"[('p1', 'check'), ('p2', 'check')]",-6.0,5622.0,12.0,p2,showdown,False,2,114.0,114.0,calling_station
3209,j,j,check,['check'],"[('p1', 'check'), ('p2', 'check')]",0.0,5622.0,0.0,tie,showdown,False,2,114.0,114.0,calling_station
3210,q,k,max_raise,['max_raise'],"[('p1', 'max_raise'), ('p2', 'call')]",-18.0,5604.0,36.0,p2,showdown,False,2,102.0,114.0,calling_station
3211,k,k,max_raise,['max_raise'],"[('p1', 'max_raise'), ('p2', 'call')]",0.0,5604.0,0.0,tie,showdown,False,2,102.0,114.0,calling_station
3212,k,j,max_raise,['max_raise'],"[('p1', 'max_raise'), ('p2', 'call')]",18.0,5622.0,36.0,p1,showdown,False,2,102.0,114.0,calling_station
3213,j,q,check,['check'],"[('p1', 'check'), ('p2', 'check')]",-6.0,5616.0,12.0,p2,showdown,False,2,114.0,114.0,calling_station
3214,k,k,max_raise,['max_raise'],"[('p1', 'max_raise'), ('p2', 'call')]",0.0,5616.0,0.0,tie,showdown,False,2,102.0,114.0,calling_station
3215,j,j,check,['check'],"[('p1', 'check'), ('p2', 'check')]",0.0,5616.0,0.0,tie,showdown,False,2,114.0,114.0,calling_station
3216,q,k,max_raise,['max_raise'],"[('p1', 'max_raise'), ('p2', 'call')]",-18.0,5598.0,36.0,p2,showdown,False,2,102.0,114.0,calling_station
3217,k,k,max_raise,['max_raise'],"[('p1', 'max_raise'), ('p2', 'call')]",0.0,5598.0,0.0,tie,showdown,False,2,102.0,114.0,calling_station
3218,k,k,max_raise,['max_raise'],"[('p1', 'max_raise'), ('p2', 'call')]",0.0,5598.0,0.0,tie,showdown,False,2,102.0,114.0,calling_station
3219,j,j,check,['check'],"[('p1', 'check'), ('p2', 'check')]",0.0,5598.0,0.0,tie,showdown,False,2,114.0,114.0,calling_station
3220,k,j,max_raise,['max_raise'],"[('p1', 'max_raise'), ('p2', 'call')]",18.0,5616.0,36.0,p1,showdown,False,2,102.0,114.0,calling_station
3221,k,q,max_raise,['max_raise'],"[('p1', 'max_raise'), ('p2', 'call')]",18.0,5634.0,36.0,p1,showdown,False,2,102.0,114.0,calling_station
3222,j,k,check,['check'],"[('p1', 'check'), ('p2', 'check')]",-6.0,5628.0,12.0,p2,showdown,False,2,114.0,114.0,calling_station
3223,j,j,check,['check'],"[('p1', 'check'), ('p2', 'check')]",0.0,5628.0,0.0,tie,showdown,False,2,114.0,114.0,calling_station
3224,k,k,max_raise,['max_raise'],"[('p1', 'max_raise'), ('p2', 'call')]",0.0,5628.0,0.0,tie,showdown,False,2,102.0,114.0,calling_station
3225,q,k,max_raise,['max_raise'],"[('p1', 'max_raise'), ('p2', 'call')]",-18.0,5610.0,36.0,p2,showdown,False,2,102.0,114.0,calling_station
3226,j,k,check,['check'],"[('p1', 'check'), ('p2', 'check')]",-6.0,5604.0,12.0,p2,showdown,False,2,114.0,114.0,calling_station
3227,j,k,check,['check'],"[('p1', 'check'), ('p2', 'check')]",-6.0,5598.0,12.0,p2,showdown,False,2,114.0,114.0,calling_station
3228,k,j,max_raise,['max_raise'],"[('p1', 'max_raise'), ('p2', 'call')]",18.0,5616.0,36.0,p1,showdown,False,2,102.0,114.0,calling_station
3229,j,k,check,['check'],"[('p1', 'check'), ('p2', 'check')]",-6.0,5610.0,12.0,p2,showdown,False,2,114.0,114.0,calling_station
3230,k,j,max_raise,['max_raise'],"[('p1', 'max_raise'), ('p2', 'call')]",18.0,5628.0,36.0,p1,showdown,False,2,102.0,114.0,calling_station
3231,j,q,check,['check'],"[('p1', 'check'), ('p2', 'check')]",-6.0,5622.0,12.0,p2,showdown,False,2,114.0,114.0,calling_station
3232,k,q,max_raise,['max_raise'],"[('p1', 'max_raise'), ('p2', 'call')]",18.0,5640.0,36.0,p1,showdown,False,2,102.0,114.0,calling_station
3233,q,q,max_raise,['max_raise'],"[('p1', 'max_raise'), ('p2', 'call')]",0.0,5640.0,0.0,tie,showdown,False,2,102.0,114.0,calling_station
3234,k,q,max_raise,['max_raise'],"[('p1', 'max_raise'), ('p2', 'call')]",18.0,5658.0,36.0,p1,showdown,False,2,102.0,114.0,calling_station
3235,j,k,check,['check'],"[('p1', 'check'), ('p2', 'check')]",-6.0,5652.0,12.0,p2,showdown,False,2,114.0,114.0,calling_station
3236,j,q,check,['check'],"[('p1', 'check'), ('p2', 'check')]",-6.0,5646.0,12.0,p2,showdown,False,2,114.0,114.0,calling_station
3237,k,q,max_raise,['max_raise'],"[('p1', 'max_raise'), ('p2', 'call')]",18.0,5664.0,36.0,p1,showdown,False,2,102.0,114.0,calling_station
3238,j,q,check,['check'],"[('p1', 'check'), ('p2', 'check')]",-6.0,5658.0,12.0,p2,showdown,False,2,114.0,114.0,calling_station
3239,q,q,max_raise,['max_raise'],"[('p1', 'max_raise'), ('p2', 'call')]",0.0,5658.0,0.0,tie,showdown,False,2,102.0,114.0,calling_station
3240,q,j,max_raise,['max_raise'],"[('p1', 'max_raise'), ('p2', 'call')]",18.0,5676.0,36.0,p1,showdown,False,2,102.0,114.0,calling_station
3241,j,k,check,['check'],"[('p1', 'check'), ('p2', 'check')]",-6.0,5670.0,12.0,p2,showdown,False,2,114.0,114.0,calling_station
3242,q,j,max_raise,['max_raise'],"[('p1', 'max_raise'), ('p2', 'call')]",18.0,5688.0,36.0,p1,showdown,False,2,102.0,114.0,calling_station
3243,k,j,max_raise,['max_raise'],"[('p1', 'max_raise'), ('p2', 'call')]",18.0,5706.0,36.0,p1,showdown,False,2,102.0,114.0,calling_station
3244,k,k,max_raise,['max_raise'],"[('p1', 'max_raise'), ('p2', 'call')]",0.0,5706.0,0.0,tie,showdown,False,2,102.0,114.0,calling_station
3245,q,q,max_raise,['max_raise'],"[('p1', 'max_raise'), ('p2', 'call')]",0.0,5706.0,0.0,tie,showdown,False,2,102.0,114.0,calling_station
3246,q,j,max_raise,['max_raise'],"[('p1', 'max_raise'), ('p2', 'call')]",18.0,5724.0,36.0,p1,showdown,False,2,102.0,114.0,calling_station
3247,k,j,max_raise,['max_raise'],"[('p1', 'max_raise'), ('p2', 'call')]",18.0,5742.0,36.0,p1,showdown,False,2,102.0,114.0,calling_station
3248,j,q,check,['check'],"[('p1', 'check'), ('p2', 'check')]",-6.0,5736.0,12.0,p2,showdown,False,2,114.0,114.0,calling_station
3249,j,j,check,['check'],"[('p1', 'check'), ('p2', 'check')]",0.0,5736.0,0.0,tie,showdown,False,2,114.0,114.0,calling_station
3250,k,k,max_raise,['max_raise'],"[('p1', 'max_raise'), ('p2', 'call')]",0.0,5736.0,0.0,tie,showdown,False,2,102.0,114.0,calling_station
3251,j,q,check,['check'],"[('p1', 'check'), ('p2', 'check')]",-6.0,5730.0,12.0,p2,showdown,False,2,114.0,114.0,calling_station
3252,q,q,max_raise,['max_raise'],"[('p1', 'max_raise'), ('p2', 'call')]",0.0,5730.0,0.0,tie,showdown,False,2,102.0,114.0,calling_station
3253,k,j,max_raise,['max_raise'],"[('p1', 'max_raise'), ('p2', 'call')]",18.0,5748.0,36.0,p1,showdown,False,2,102.0,114.0,calling_station
3254,k,k,max_raise,['max_raise'],"[('p1', 'max_raise'), ('p2', 'call')]",0.0,5748.0,0.0,tie,showdown,False,2,102.0,114.0,calling_station
3255,k,q,max_raise,['max_raise'],"[('p1', 'max_raise'), ('p2', 'call')]",18.0,5766.0,36.0,p1,showdown,False,2,102.0,114.0,calling_station
3256,j,k,check,['check'],"[('p1', 'check'), ('p2', 'check')]",-6.0,5760.0,12.0,p2,showdown,False,2,114.0,114.0,calling_station
3257,j,q,check,['check'],"[('p1', 'check'), ('p2', 'check')]",-6.0,5754.0,12.0,p2,showdown,False,2,114.0,114.0,calling_station
3258,q,q,max_raise,['max_raise'],"[('p1', 'max_raise'), ('p2', 'call')]",0.0,5754.0,0.0,tie,showdown,False,2,102.0,114.0,calling_station
3259,j,k,check,['check'],"[('p1', 'check'), ('p2', 'check')]",-6.0,5748.0,12.0,p2,showdown,False,2,114.0,114.0,calling_station
3260,k,q,max_raise,['max_raise'],"[('p1', 'max_raise'), ('p2', 'call')]",18.0,5766.0,36.0,p1,showdown,False,2,102.0,114.0,calling_station
3261,k,j,max_raise,['max_raise'],"[('p1', 'max_raise'), ('p2', 'call')]",18.0,5784.0,36.0,p1,showdown,False,2,102.0,114.0,calling_station
3262,j,k,check,['check'],"[('p1', 'check'), ('p2', 'check')]",-6.0,5778.0,12.0,p2,showdown,False,2,114.0,114.0,calling_station
3263,k,q,max_raise,['max_raise'],"[('p1', 'max_raise'), ('p2', 'call')]",18.0,5796.0,36.0,p1,showdown,False,2,102.0,114.0,calling_station
3264,k,q,max_raise,['max_raise'],"[('p1', 'max_raise'), ('p2', 'call')]",18.0,5814.0,36.0,p1,showdown,False,2,102.0,114.0,calling_station
3265,q,k,max_raise,['max_raise'],"[('p1', 'max_raise'), ('p2', 'call')]",-18.0,5796.0,36.0,p2,showdown,False,2,102.0,114.0,calling_station
3266,k,j,max_raise,['max_raise'],"[('p1', 'max_raise'), ('p2', 'call')]",18.0,5814.0,36.0,p1,showdown,False,2,102.0,114.0,calling_station
3267,q,q,max_raise,['max_raise'],"[('p1', 'max_raise'), ('p2', 'call')]",0.0,5814.0,0.0,tie,showdown,False,2,102.0,114.0,calling_station
3268,q,k,max_raise,['max_raise'],"[('p1', 'max_raise'), ('p2', 'call')]",-18.0,5796.0,36.0,p2,showdown,False,2,102.0,114.0,calling_station
3269,k,j,max_raise,['max_raise'],"[('p1', 'max_raise'), ('p2', 'call')]",18.0,5814.0,36.0,p1,showdown,False,2,102.0,114.0,calling_station
3270,q,j,max_raise,['max_raise'],"[('p1', 'max_raise'), ('p2', 'call')]",18.0,5832.0,36.0,p1,showdown,False,2,102.0,114.0,calling_station
3271,q,k,max_raise,['max_raise'],"[('p1', 'max_raise'), ('p2', 'call')]",-18.0,5814.0,36.0,p2,showdown,False,2,102.0,114.0,calling_station
3272,j,q,check,['check'],"[('p1', 'check'), ('p2', 'check')]",-6.0,5808.0,12.0,p2,showdown,False,2,114.0,114.0,calling_station
3273,j,k,check,['check'],"[('p1', 'check'), ('p2', 'check')]",-6.0,5802.0,12.0,p2,showdown,False,2,114.0,114.0,calling_station
3274,k,q,max_raise,['max_raise'],"[('p1', 'max_raise'), ('p2', 'call')]",18.0,5820.0,36.0,p1,showdown,False,2,102.0,114.0,calling_station
3275,q,q,max_raise,['max_raise'],"[('p1', 'max_raise'), ('p2', 'call')]",0.0,5820.0,0.0,tie,showdown,False,2,102.0,114.0,calling_station
3276,j,k,check,['check'],"[('p1', 'check'), ('p2', 'check')]",-6.0,5814.0,12.0,p2,showdown,False,2,114.0,114.0,calling_station
3277,k,q,max_raise,['max_raise'],"[('p1', 'max_raise'), ('p2', 'call')]",18.0,5832.0,36.0,p1,showdown,False,2,102.0,114.0,calling_station
3278,j,k,max_raise,['max_raise'],"[('p1', 'max_raise'), ('p2', 'call')]",-18.0,5814.0,36.0,p2,showdown,True,2,102.0,114.0,calling_station
3279,q,q,max_raise,['max_raise'],"[('p1', 'max_raise'), ('p2', 'call')]",0.0,5814.0,0.0,tie,showdown,False,2,102.0,114.0,calling_station
3280,j,j,check,['check'],"[('p1', 'check'), ('p2', 'check')]",0.0,5814.0,0.0,tie,showdown,False,2,114.0,114.0,calling_station
3281,q,j,max_raise,['max_raise'],"[('p1', 'max_raise'), ('p2', 'call')]",18.0,5832.0,36.0,p1,showdown,False,2,102.0,114.0,calling_station
3282,q,k,max_raise,['max_raise'],"[('p1', 'max_raise'), ('p2', 'call')]",-18.0,5814.0,36.0,p2,showdown,False,2,102.0,114.0,calling_station
3283,q,k,max_raise,['max_raise'],"[('p1', 'max_raise'), ('p2', 'call')]",-18.0,5796.0,36.0,p2,showdown,False,2,102.0,114.0,calling_station
3284,k,q,max_raise,['max_raise'],"[('p1', 'max_raise'), ('p2', 'call')]",18.0,5814.0,36.0,p1,showdown,False,2,102.0,114.0,calling_station
3285,k,j,max_raise,['max_raise'],"[('p1', 'max_raise'), ('p2', 'call')]",18.0,5832.0,36.0,p1,showdown,False,2,102.0,114.0,calling_station
3286,k,q,max_raise,['max_raise'],"[('p1', 'max_raise'), ('p2', 'call')]",18.0,5850.0,36.0,p1,showdown,False,2,102.0,114.0,calling_station
3287,j,j,check,['check'],"[('p1', 'check'), ('p2', 'check')]",0.0,5850.0,0.0,tie,showdown,False,2,114.0,114.0,calling_station
3288,j,k,check,['check'],"[('p1', 'check'), ('p2', 'check')]",-6.0,5844.0,12.0,p2,showdown,False,2,114.0,114.0,calling_station
3289,q,j,max_raise,['max_raise'],"[('p1', 'max_raise'), ('p2', 'call')]",18.0,5862.0,36.0,p1,showdown,False,2,102.0,114.0,calling_station
3290,q,j,max_raise,['max_raise'],"[('p1', 'max_raise'), ('p2', 'call')]",18.0,5880.0,36.0,p1,showdown,False,2,102.0,114.0,calling_station
3291,k,k,max_raise,['max_raise'],"[('p1', 'max_raise'), ('p2', 'call')]",0.0,5880.0,0.0,tie,showdown,False,2,102.0,114.0,calling_station
3292,k,q,max_raise,['max_raise'],"[('p1', 'max_raise'), ('p2', 'call')]",18.0,5898.0,36.0,p1,showdown,False,2,102.0,114.0,calling_station
3293,q,j,max_raise,['max_raise'],"[('p1', 'max_raise'), ('p2', 'call')]",18.0,5916.0,36.0,p1,showdown,False,2,102.0,114.0,calling_station
3294,j,k,check,['check'],"[('p1', 'check'), ('p2', 'check')]",-6.0,5910.0,12.0,p2,showdown,False,2,114.0,114.0,calling_station
3295,q,j,max_raise,['max_raise'],"[('p1', 'max_raise'), ('p2', 'call')]",18.0,5928.0,36.0,p1,showdown,False,2,102.0,114.0,calling_station
3296,k,j,max_raise,['max_raise'],"[('p1', 'max_raise'), ('p2', 'call')]",18.0,5946.0,36.0,p1,showdown,False,2,102.0,114.0,calling_station
3297,j,j,check,['check'],"[('p1', 'check'), ('p2', 'check')]",0.0,5946.0,0.0,tie,showdown,False,2,114.0,114.0,calling_station
3298,j,k,check,['check'],"[('p1', 'check'), ('p2', 'check')]",-6.0,5940.0,12.0,p2,showdown,False,2,114.0,114.0,calling_station
3299,q,j,max_raise,['max_raise'],"[('p1', 'max_raise'), ('p2', 'call')]",18.0,5958.0,36.0,p1,showdown,False,2,102.0,114.0,calling_station
3300,q,q,max_raise,['max_raise'],"[('p1', 'max_raise'), ('p2', 'call')]",0.0,5958.0,0.0,tie,showdown,False,2,102.0,114.0,calling_station
3301,j,j,check,['check'],"[('p1', 'check'), ('p2', 'check')]",0.0,5958.0,0.0,tie,showdown,False,2,114.0,114.0,calling_station
3302,k,j,max_raise,['max_raise'],"[('p1', 'max_raise'), ('p2', 'call')]",18.0,5976.0,36.0,p1,showdown,False,2,102.0,114.0,calling_station
3303,k,j,max_raise,['max_raise'],"[('p1', 'max_raise'), ('p2', 'call')]",18.0,5994.0,36.0,p1,showdown,False,2,102.0,114.0,calling_station
3304,k,j,max_raise,['max_raise'],"[('p1', 'max_raise'), ('p2', 'call')]",18.0,6012.0,36.0,p1,showdown,False,2,102.0,114.0,calling_station
3305,q,k,max_raise,['max_raise'],"[('p1', 'max_raise'), ('p2', 'call')]",-18.0,5994.0,36.0,p2,showdown,False,2,102.0,114.0,calling_station
3306,j,q,check,['check'],"[('p1', 'check'), ('p2', 'check')]",-6.0,5988.0,12.0,p2,showdown,False,2,114.0,114.0,calling_station
3307,j,j,check,['check'],"[('p1', 'check'), ('p2', 'check')]",0.0,5988.0,0.0,tie,showdown,False,2,114.0,114.0,calling_station
3308,k,j,max_raise,['max_raise'],"[('p1', 'max_raise'), ('p2', 'call')]",18.0,6006.0,36.0,p1,showdown,False,2,102.0,114.0,calling_station
3309,q,k,max_raise,['max_raise'],"[('p1', 'max_raise'), ('p2', 'call')]",-18.0,5988.0,36.0,p2,showdown,False,2,102.0,114.0,calling_station
3310,k,j,max_raise,['max_raise'],"[('p1', 'max_raise'), ('p2', 'call')]",18.0,6006.0,36.0,p1,showdown,False,2,102.0,114.0,calling_station
3311,k,q,max_raise,['max_raise'],"[('p1', 'max_raise'), ('p2', 'call')]",18.0,6024.0,36.0,p1,showdown,False,2,102.0,114.0,calling_station
3312,q,k,max_raise,['max_raise'],"[('p1', 'max_raise'), ('p2', 'call')]",-18.0,6006.0,36.0,p2,showdown,False,2,102.0,114.0,calling_station
3313,j,j,check,['check'],"[('p1', 'check'), ('p2', 'check')]",0.0,6006.0,0.0,tie,showdown,False,2,114.0,114.0,calling_station
3314,q,q,max_raise,['max_raise'],"[('p1', 'max_raise'), ('p2', 'call')]",0.0,6006.0,0.0,tie,showdown,False,2,102.0,114.0,calling_station
3315,k,k,max_raise,['max_raise'],"[('p1', 'max_raise'), ('p2', 'call')]",0.0,6006.0,0.0,tie,showdown,False,2,102.0,114.0,calling_station
3316,k,k,max_raise,['max_raise'],"[('p1', 'max_raise'), ('p2', 'call')]",0.0,6006.0,0.0,tie,showdown,False,2,102.0,114.0,calling_station
3317,k,j,max_raise,['max_raise'],"[('p1', 'max_raise'), ('p2', 'call')]",18.0,6024.0,36.0,p1,showdown,False,2,102.0,114.0,calling_station
3318,k,q,max_raise,['max_raise'],"[('p1', 'max_raise'), ('p2', 'call')]",18.0,6042.0,36.0,p1,showdown,False,2,102.0,114.0,calling_station
3319,k,j,max_raise,['max_raise'],"[('p1', 'max_raise'), ('p2', 'call')]",18.0,6060.0,36.0,p1,showdown,False,2,102.0,114.0,calling_station
3320,j,q,check,['check'],"[('p1', 'check'), ('p2', 'check')]",-6.0,6054.0,12.0,p2,showdown,False,2,114.0,114.0,calling_station
3321,j,k,max_raise,['max_raise'],"[('p1', 'max_raise'), ('p2', 'call')]",-18.0,6036.0,36.0,p2,showdown,True,2,102.0,114.0,calling_station
3322,j,q,check,['check'],"[('p1', 'check'), ('p2', 'check')]",-6.0,6030.0,12.0,p2,showdown,False,2,114.0,114.0,calling_station
3323,j,j,check,['check'],"[('p1', 'check'), ('p2', 'check')]",0.0,6030.0,0.0,tie,showdown,False,2,114.0,114.0,calling_station
3324,q,q,max_raise,['max_raise'],"[('p1', 'max_raise'), ('p2', 'call')]",0.0,6030.0,0.0,tie,showdown,False,2,102.0,114.0,calling_station
3325,k,q,max_raise,['max_raise'],"[('p1', 'max_raise'), ('p2', 'call')]",18.0,6048.0,36.0,p1,showdown,False,2,102.0,114.0,calling_station
3326,k,j,max_raise,['max_raise'],"[('p1', 'max_raise'), ('p2', 'call')]",18.0,6066.0,36.0,p1,showdown,False,2,102.0,114.0,calling_station
3327,k,k,max_raise,['max_raise'],"[('p1', 'max_raise'), ('p2', 'call')]",0.0,6066.0,0.0,tie,showdown,False,2,102.0,114.0,calling_station
3328,j,q,check,['check'],"[('p1', 'check'), ('p2', 'check')]",-6.0,6060.0,12.0,p2,showdown,False,2,114.0,114.0,calling_station
3329,j,j,check,['check'],"[('p1', 'check'), ('p2', 'check')]",0.0,6060.0,0.0,tie,showdown,False,2,114.0,114.0,calling_station
3330,j,k,check,['check'],"[('p1', 'check'), ('p2', 'check')]",-6.0,6054.0,12.0,p2,showdown,False,2,114.0,114.0,calling_station
3331,q,j,max_raise,['max_raise'],"[('p1', 'max_raise'), ('p2', 'call')]",18.0,6072.0,36.0,p1,showdown,False,2,102.0,114.0,calling_station
3332,q,j,max_raise,['max_raise'],"[('p1', 'max_raise'), ('p2', 'call')]",18.0,6090.0,36.0,p1,showdown,False,2,102.0,114.0,calling_station
3333,j,q,check,['check'],"[('p1', 'check'), ('p2', 'check')]",-6.0,6084.0,12.0,p2,showdown,False,2,114.0,114.0,calling_station
3334,j,q,check,['check'],"[('p1', 'check'), ('p2', 'check')]",-6.0,6078.0,12.0,p2,showdown,False,2,114.0,114.0,calling_station
3335,q,j,max_raise,['max_raise'],"[('p1', 'max_raise'), ('p2', 'call')]",18.0,6096.0,36.0,p1,showdown,False,2,102.0,114.0,calling_station
3336,j,k,check,['check'],"[('p1', 'check'), ('p2', 'check')]",-6.0,6090.0,12.0,p2,showdown,False,2,114.0,114.0,calling_station
3337,j,j,check,['check'],"[('p1', 'check'), ('p2', 'check')]",0.0,6090.0,0.0,tie,showdown,False,2,114.0,114.0,calling_station
3338,q,k,max_raise,['max_raise'],"[('p1', 'max_raise'), ('p2', 'call')]",-18.0,6072.0,36.0,p2,showdown,False,2,102.0,114.0,calling_station
3339,q,j,max_raise,['max_raise'],"[('p1', 'max_raise'), ('p2', 'call')]",18.0,6090.0,36.0,p1,showdown,False,2,102.0,114.0,calling_station
3340,k,j,max_raise,['max_raise'],"[('p1', 'max_raise'), ('p2', 'call')]",18.0,6108.0,36.0,p1,showdown,False,2,102.0,114.0,calling_station
3341,k,k,max_raise,['max_raise'],"[('p1', 'max_raise'), ('p2', 'call')]",0.0,6108.0,0.0,tie,showdown,False,2,102.0,114.0,calling_station
3342,k,q,max_raise,['max_raise'],"[('p1', 'max_raise'), ('p2', 'call')]",18.0,6126.0,36.0,p1,showdown,False,2,102.0,114.0,calling_station
3343,j,q,check,['check'],"[('p1', 'check'), ('p2', 'check')]",-6.0,6120.0,12.0,p2,showdown,False,2,114.0,114.0,calling_station
3344,k,q,max_raise,['max_raise'],"[('p1', 'max_raise'), ('p2', 'call')]",18.0,6138.0,36.0,p1,showdown,False,2,102.0,114.0,calling_station
3345,k,j,max_raise,['max_raise'],"[('p1', 'max_raise'), ('p2', 'call')]",18.0,6156.0,36.0,p1,showdown,False,2,102.0,114.0,calling_station
3346,k,j,max_raise,['max_raise'],"[('p1', 'max_raise'), ('p2', 'call')]",18.0,6174.0,36.0,p1,showdown,False,2,102.0,114.0,calling_station
3347,k,q,max_raise,['max_raise'],"[('p1', 'max_raise'), ('p2', 'call')]",18.0,6192.0,36.0,p1,showdown,False,2,102.0,114.0,calling_station
3348,j,k,check,['check'],"[('p1', 'check'), ('p2', 'check')]",-6.0,6186.0,12.0,p2,showdown,False,2,114.0,114.0,calling_station
3349,q,j,max_raise,['max_raise'],"[('p1', 'max_raise'), ('p2', 'call')]",18.0,6204.0,36.0,p1,showdown,False,2,102.0,114.0,calling_station
3350,k,q,max_raise,['max_raise'],"[('p1', 'max_raise'), ('p2', 'call')]",18.0,6222.0,36.0,p1,showdown,False,2,102.0,114.0,calling_station
3351,q,j,max_raise,['max_raise'],"[('p1', 'max_raise'), ('p2', 'call')]",18.0,6240.0,36.0,p1,showdown,False,2,102.0,114.0,calling_station
3352,q,q,max_raise,['max_raise'],"[('p1', 'max_raise'), ('p2', 'call')]",0.0,6240.0,0.0,tie,showdown,False,2,102.0,114.0,calling_station
3353,k,j,max_raise,['max_raise'],"[('p1', 'max_raise'), ('p2', 'call')]",18.0,6258.0,36.0,p1,showdown,False,2,102.0,114.0,calling_station
3354,k,k,max_raise,['max_raise'],"[('p1', 'max_raise'), ('p2', 'call')]",0.0,6258.0,0.0,tie,showdown,False,2,102.0,114.0,calling_station
3355,k,q,max_raise,['max_raise'],"[('p1', 'max_raise'), ('p2', 'call')]",18.0,6276.0,36.0,p1,showdown,False,2,102.0,114.0,calling_station
3356,j,k,check,['check'],"[('p1', 'check'), ('p2', 'check')]",-6.0,6270.0,12.0,p2,showdown,False,2,114.0,114.0,calling_station
3357,k,q,max_raise,['max_raise'],"[('p1', 'max_raise'), ('p2', 'call')]",18.0,6288.0,36.0,p1,showdown,False,2,102.0,114.0,calling_station
3358,q,q,max_raise,['max_raise'],"[('p1', 'max_raise'), ('p2', 'call')]",0.0,6288.0,0.0,tie,showdown,False,2,102.0,114.0,calling_station
3359,j,q,check,['check'],"[('p1', 'check'), ('p2', 'check')]",-6.0,6282.0,12.0,p2,showdown,False,2,114.0,114.0,calling_station
3360,k,j,max_raise,['max_raise'],"[('p1', 'max_raise'), ('p2', 'call')]",18.0,6300.0,36.0,p1,showdown,False,2,102.0,114.0,calling_station
3361,q,j,max_raise,['max_raise'],"[('p1', 'max_raise'), ('p2', 'call')]",18.0,6318.0,36.0,p1,showdown,False,2,102.0,114.0,calling_station
3362,j,q,check,['check'],"[('p1', 'check'), ('p2', 'check')]",-6.0,6312.0,12.0,p2,showdown,False,2,114.0,114.0,calling_station
3363,j,q,check,['check'],"[('p1', 'check'), ('p2', 'check')]",-6.0,6306.0,12.0,p2,showdown,False,2,114.0,114.0,calling_station
3364,j,j,check,['check'],"[('p1', 'check'), ('p2', 'check')]",0.0,6306.0,0.0,tie,showdown,False,2,114.0,114.0,calling_station
3365,q,q,max_raise,['max_raise'],"[('p1', 'max_raise'), ('p2', 'call')]",0.0,6306.0,0.0,tie,showdown,False,2,102.0,114.0,calling_station
3366,j,q,check,['check'],"[('p1', 'check'), ('p2', 'check')]",-6.0,6300.0,12.0,p2,showdown,False,2,114.0,114.0,calling_station
3367,j,j,check,['check'],"[('p1', 'check'), ('p2', 'check')]",0.0,6300.0,0.0,tie,showdown,False,2,114.0,114.0,calling_station
3368,q,k,max_raise,['max_raise'],"[('p1', 'max_raise'), ('p2', 'call')]",-18.0,6282.0,36.0,p2,showdown,False,2,102.0,114.0,calling_station
3369,k,k,max_raise,['max_raise'],"[('p1', 'max_raise'), ('p2', 'call')]",0.0,6282.0,0.0,tie,showdown,False,2,102.0,114.0,calling_station
3370,q,k,max_raise,['max_raise'],"[('p1', 'max_raise'), ('p2', 'call')]",-18.0,6264.0,36.0,p2,showdown,False,2,102.0,114.0,calling_station
3371,j,q,check,['check'],"[('p1', 'check'), ('p2', 'check')]",-6.0,6258.0,12.0,p2,showdown,False,2,114.0,114.0,calling_station
3372,q,k,max_raise,['max_raise'],"[('p1', 'max_raise'), ('p2', 'call')]",-18.0,6240.0,36.0,p2,showdown,False,2,102.0,114.0,calling_station
3373,k,j,max_raise,['max_raise'],"[('p1', 'max_raise'), ('p2', 'call')]",18.0,6258.0,36.0,p1,showdown,False,2,102.0,114.0,calling_station
3374,k,q,max_raise,['max_raise'],"[('p1', 'max_raise'), ('p2', 'call')]",18.0,6276.0,36.0,p1,showdown,False,2,102.0,114.0,calling_station
3375,k,j,max_raise,['max_raise'],"[('p1', 'max_raise'), ('p2', 'call')]",18.0,6294.0,36.0,p1,showdown,False,2,102.0,114.0,calling_station
3376,k,k,max_raise,['max_raise'],"[('p1', 'max_raise'), ('p2', 'call')]",0.0,6294.0,0.0,tie,showdown,False,2,102.0,114.0,calling_station
3377,j,j,check,['check'],"[('p1', 'check'), ('p2', 'check')]",0.0,6294.0,0.0,tie,showdown,False,2,114.0,114.0,calling_station
3378,k,j,max_raise,['max_raise'],"[('p1', 'max_raise'), ('p2', 'call')]",18.0,6312.0,36.0,p1,showdown,False,2,102.0,114.0,calling_station
3379,k,q,max_raise,['max_raise'],"[('p1', 'max_raise'), ('p2', 'call')]",18.0,6330.0,36.0,p1,showdown,False,2,102.0,114.0,calling_station
3380,q,q,max_raise,['max_raise'],"[('p1', 'max_raise'), ('p2', 'call')]",0.0,6330.0,0.0,tie,showdown,False,2,102.0,114.0,calling_station
3381,k,j,max_raise,['max_raise'],"[('p1', 'max_raise'), ('p2', 'call')]",18.0,6348.0,36.0,p1,showdown,False,2,102.0,114.0,calling_station
3382,j,k,check,['check'],"[('p1', 'check'), ('p2', 'check')]",-6.0,6342.0,12.0,p2,showdown,False,2,114.0,114.0,calling_station
3383,j,k,check,['check'],"[('p1', 'check'), ('p2', 'check')]",-6.0,6336.0,12.0,p2,showdown,False,2,114.0,114.0,calling_station
3384,k,q,max_raise,['max_raise'],"[('p1', 'max_raise'), ('p2', 'call')]",18.0,6354.0,36.0,p1,showdown,False,2,102.0,114.0,calling_station
3385,j,q,check,['check'],"[('p1', 'check'), ('p2', 'check')]",-6.0,6348.0,12.0,p2,showdown,False,2,114.0,114.0,calling_station
3386,q,j,max_raise,['max_raise'],"[('p1', 'max_raise'), ('p2', 'call')]",18.0,6366.0,36.0,p1,showdown,False,2,102.0,114.0,calling_station
3387,k,j,max_raise,['max_raise'],"[('p1', 'max_raise'), ('p2', 'call')]",18.0,6384.0,36.0,p1,showdown,False,2,102.0,114.0,calling_station
3388,k,j,max_raise,['max_raise'],"[('p1', 'max_raise'), ('p2', 'call')]",18.0,6402.0,36.0,p1,showdown,False,2,102.0,114.0,calling_station
3389,k,q,max_raise,['max_raise'],"[('p1', 'max_raise'), ('p2', 'call')]",18.0,6420.0,36.0,p1,showdown,False,2,102.0,114.0,calling_station
3390,j,k,check,['check'],"[('p1', 'check'), ('p2', 'check')]",-6.0,6414.0,12.0,p2,showdown,False,2,114.0,114.0,calling_station
3391,k,k,max_raise,['max_raise'],"[('p1', 'max_raise'), ('p2', 'call')]",0.0,6414.0,0.0,tie,showdown,False,2,102.0,114.0,calling_station
3392,j,k,check,['check'],"[('p1', 'check'), ('p2', 'check')]",-6.0,6408.0,12.0,p2,showdown,False,2,114.0,114.0,calling_station
3393,q,q,max_raise,['max_raise'],"[('p1', 'max_raise'), ('p2', 'call')]",0.0,6408.0,0.0,tie,showdown,False,2,102.0,114.0,calling_station
3394,q,k,max_raise,['max_raise'],"[('p1', 'max_raise'), ('p2', 'call')]",-18.0,6390.0,36.0,p2,showdown,False,2,102.0,114.0,calling_station
3395,k,k,max_raise,['max_raise'],"[('p1', 'max_raise'), ('p2', 'call')]",0.0,6390.0,0.0,tie,showdown,False,2,102.0,114.0,calling_station
3396,k,q,max_raise,['max_raise'],"[('p1', 'max_raise'), ('p2', 'call')]",18.0,6408.0,36.0,p1,showdown,False,2,102.0,114.0,calling_station
3397,k,j,max_raise,['max_raise'],"[('p1', 'max_raise'), ('p2', 'call')]",18.0,6426.0,36.0,p1,showdown,False,2,102.0,114.0,calling_station
3398,j,j,check,['check'],"[('p1', 'check'), ('p2', 'check')]",0.0,6426.0,0.0,tie,showdown,False,2,114.0,114.0,calling_station
3399,k,j,max_raise,['max_raise'],"[('p1', 'max_raise'), ('p2', 'call')]",18.0,6444.0,36.0,p1,showdown,False,2,102.0,114.0,calling_station
3400,k,q,max_raise,['max_raise'],"[('p1', 'max_raise'), ('p2', 'call')]",18.0,6462.0,36.0,p1,showdown,False,2,102.0,114.0,calling_station
3401,k,k,max_raise,['max_raise'],"[('p1', 'max_raise'), ('p2', 'call')]",0.0,6462.0,0.0,tie,showdown,False,2,102.0,114.0,calling_station
3402,k,j,max_raise,['max_raise'],"[('p1', 'max_raise'), ('p2', 'call')]",18.0,6480.0,36.0,p1,showdown,False,2,102.0,114.0,calling_station
3403,q,k,max_raise,['max_raise'],"[('p1', 'max_raise'), ('p2', 'call')]",-18.0,6462.0,36.0,p2,showdown,False,2,102.0,114.0,calling_station
3404,k,j,max_raise,['max_raise'],"[('p1', 'max_raise'), ('p2', 'call')]",18.0,6480.0,36.0,p1,showdown,False,2,102.0,114.0,calling_station
3405,j,k,check,['check'],"[('p1', 'check'), ('p2', 'check')]",-6.0,6474.0,12.0,p2,showdown,False,2,114.0,114.0,calling_station
3406,q,j,max_raise,['max_raise'],"[('p1', 'max_raise'), ('p2', 'call')]",18.0,6492.0,36.0,p1,showdown,False,2,102.0,114.0,calling_station
3407,j,q,check,['check'],"[('p1', 'check'), ('p2', 'check')]",-6.0,6486.0,12.0,p2,showdown,False,2,114.0,114.0,calling_station
3408,k,j,max_raise,['max_raise'],"[('p1', 'max_raise'), ('p2', 'call')]",18.0,6504.0,36.0,p1,showdown,False,2,102.0,114.0,calling_station
3409,q,q,max_raise,['max_raise'],"[('p1', 'max_raise'), ('p2', 'call')]",0.0,6504.0,0.0,tie,showdown,False,2,102.0,114.0,calling_station
3410,q,q,max_raise,['max_raise'],"[('p1', 'max_raise'), ('p2', 'call')]",0.0,6504.0,0.0,tie,showdown,False,2,102.0,114.0,calling_station
3411,j,k,check,['check'],"[('p1', 'check'), ('p2', 'check')]",-6.0,6498.0,12.0,p2,showdown,False,2,114.0,114.0,calling_station
3412,q,j,max_raise,['max_raise'],"[('p1', 'max_raise'), ('p2', 'call')]",18.0,6516.0,36.0,p1,showdown,False,2,102.0,114.0,calling_station
3413,k,k,max_raise,['max_raise'],"[('p1', 'max_raise'), ('p2', 'call')]",0.0,6516.0,0.0,tie,showdown,False,2,102.0,114.0,calling_station
3414,j,k,check,['check'],"[('p1', 'check'), ('p2', 'check')]",-6.0,6510.0,12.0,p2,showdown,False,2,114.0,114.0,calling_station
3415,q,j,max_raise,['max_raise'],"[('p1', 'max_raise'), ('p2', 'call')]",18.0,6528.0,36.0,p1,showdown,False,2,102.0,114.0,calling_station
3416,q,k,max_raise,['max_raise'],"[('p1', 'max_raise'), ('p2', 'call')]",-18.0,6510.0,36.0,p2,showdown,False,2,102.0,114.0,calling_station
3417,k,q,max_raise,['max_raise'],"[('p1', 'max_raise'), ('p2', 'call')]",18.0,6528.0,36.0,p1,showdown,False,2,102.0,114.0,calling_station
3418,q,k,max_raise,['max_raise'],"[('p1', 'max_raise'), ('p2', 'call')]",-18.0,6510.0,36.0,p2,showdown,False,2,102.0,114.0,calling_station
3419,q,j,max_raise,['max_raise'],"[('p1', 'max_raise'), ('p2', 'call')]",18.0,6528.0,36.0,p1,showdown,False,2,102.0,114.0,calling_station
3420,j,j,check,['check'],"[('p1', 'check'), ('p2', 'check')]",0.0,6528.0,0.0,tie,showdown,False,2,114.0,114.0,calling_station
3421,q,q,max_raise,['max_raise'],"[('p1', 'max_raise'), ('p2', 'call')]",0.0,6528.0,0.0,tie,showdown,False,2,102.0,114.0,calling_station
3422,k,q,max_raise,['max_raise'],"[('p1', 'max_raise'), ('p2', 'call')]",18.0,6546.0,36.0,p1,showdown,False,2,102.0,114.0,calling_station
3423,q,k,max_raise,['max_raise'],"[('p1', 'max_raise'), ('p2', 'call')]",-18.0,6528.0,36.0,p2,showdown,False,2,102.0,114.0,calling_station
3424,k,q,max_raise,['max_raise'],"[('p1', 'max_raise'), ('p2', 'call')]",18.0,6546.0,36.0,p1,showdown,False,2,102.0,114.0,calling_station
3425,k,q,max_raise,['max_raise'],"[('p1', 'max_raise'), ('p2', 'call')]",18.0,6564.0,36.0,p1,showdown,False,2,102.0,114.0,calling_station
3426,k,k,max_raise,['max_raise'],"[('p1', 'max_raise'), ('p2', 'call')]",0.0,6564.0,0.0,tie,showdown,False,2,102.0,114.0,calling_station
3427,k,k,max_raise,['max_raise'],"[('p1', 'max_raise'), ('p2', 'call')]",0.0,6564.0,0.0,tie,showdown,False,2,102.0,114.0,calling_station
3428,k,j,max_raise,['max_raise'],"[('p1', 'max_raise'), ('p2', 'call')]",18.0,6582.0,36.0,p1,showdown,False,2,102.0,114.0,calling_station
3429,q,q,max_raise,['max_raise'],"[('p1', 'max_raise'), ('p2', 'call')]",0.0,6582.0,0.0,tie,showdown,False,2,102.0,114.0,calling_station
3430,k,k,max_raise,['max_raise'],"[('p1', 'max_raise'), ('p2', 'call')]",0.0,6582.0,0.0,tie,showdown,False,2,102.0,114.0,calling_station
3431,q,q,max_raise,['max_raise'],"[('p1', 'max_raise'), ('p2', 'call')]",0.0,6582.0,0.0,tie,showdown,False,2,102.0,114.0,calling_station
3432,q,j,max_raise,['max_raise'],"[('p1', 'max_raise'), ('p2', 'call')]",18.0,6600.0,36.0,p1,showdown,False,2,102.0,114.0,calling_station
3433,q,k,max_raise,['max_raise'],"[('p1', 'max_raise'), ('p2', 'call')]",-18.0,6582.0,36.0,p2,showdown,False,2,102.0,114.0,calling_station
3434,j,q,check,['check'],"[('p1', 'check'), ('p2', 'check')]",-6.0,6576.0,12.0,p2,showdown,False,2,114.0,114.0,calling_station
3435,q,j,max_raise,['max_raise'],"[('p1', 'max_raise'), ('p2', 'call')]",18.0,6594.0,36.0,p1,showdown,False,2,102.0,114.0,calling_station
3436,q,j,max_raise,['max_raise'],"[('p1', 'max_raise'), ('p2', 'call')]",18.0,6612.0,36.0,p1,showdown,False,2,102.0,114.0,calling_station
3437,k,k,max_raise,['max_raise'],"[('p1', 'max_raise'), ('p2', 'call')]",0.0,6612.0,0.0,tie,showdown,False,2,102.0,114.0,calling_station
3438,j,q,check,['check'],"[('p1', 'check'), ('p2', 'check')]",-6.0,6606.0,12.0,p2,showdown,False,2,114.0,114.0,calling_station
3439,k,j,max_raise,['max_raise'],"[('p1', 'max_raise'), ('p2', 'call')]",18.0,6624.0,36.0,p1,showdown,False,2,102.0,114.0,calling_station
3440,j,q,check,['check'],"[('p1', 'check'), ('p2', 'check')]",-6.0,6618.0,12.0,p2,showdown,False,2,114.0,114.0,calling_station
3441,j,q,check,['check'],"[('p1', 'check'), ('p2', 'check')]",-6.0,6612.0,12.0,p2,showdown,False,2,114.0,114.0,calling_station
3442,j,j,check,['check'],"[('p1', 'check'), ('p2', 'check')]",0.0,6612.0,0.0,tie,showdown,False,2,114.0,114.0,calling_station
3443,k,k,max_raise,['max_raise'],"[('p1', 'max_raise'), ('p2', 'call')]",0.0,6612.0,0.0,tie,showdown,False,2,102.0,114.0,calling_station
3444,j,k,check,['check'],"[('p1', 'check'), ('p2', 'check')]",-6.0,6606.0,12.0,p2,showdown,False,2,114.0,114.0,calling_station
3445,k,q,max_raise,['max_raise'],"[('p1', 'max_raise'), ('p2', 'call')]",18.0,6624.0,36.0,p1,showdown,False,2,102.0,114.0,calling_station
3446,k,q,max_raise,['max_raise'],"[('p1', 'max_raise'), ('p2', 'call')]",18.0,6642.0,36.0,p1,showdown,False,2,102.0,114.0,calling_station
3447,j,j,check,['check'],"[('p1', 'check'), ('p2', 'check')]",0.0,6642.0,0.0,tie,showdown,False,2,114.0,114.0,calling_station
3448,q,q,max_raise,['max_raise'],"[('p1', 'max_raise'), ('p2', 'call')]",0.0,6642.0,0.0,tie,showdown,False,2,102.0,114.0,calling_station
3449,q,q,max_raise,['max_raise'],"[('p1', 'max_raise'), ('p2', 'call')]",0.0,6642.0,0.0,tie,showdown,False,2,102.0,114.0,calling_station
3450,k,k,max_raise,['max_raise'],"[('p1', 'max_raise'), ('p2', 'call')]",0.0,6642.0,0.0,tie,showdown,False,2,102.0,114.0,calling_station
3451,q,k,max_raise,['max_raise'],"[('p1', 'max_raise'), ('p2', 'call')]",-18.0,6624.0,36.0,p2,showdown,False,2,102.0,114.0,calling_station
3452,q,k,max_raise,['max_raise'],"[('p1', 'max_raise'), ('p2', 'call')]",-18.0,6606.0,36.0,p2,showdown,False,2,102.0,114.0,calling_station
3453,q,j,max_raise,['max_raise'],"[('p1', 'max_raise'), ('p2', 'call')]",18.0,6624.0,36.0,p1,showdown,False,2,102.0,114.0,calling_station
3454,q,k,max_raise,['max_raise'],"[('p1', 'max_raise'), ('p2', 'call')]",-18.0,6606.0,36.0,p2,showdown,False,2,102.0,114.0,calling_station
3455,j,k,check,['check'],"[('p1', 'check'), ('p2', 'check')]",-6.0,6600.0,12.0,p2,showdown,False,2,114.0,114.0,calling_station
3456,q,q,max_raise,['max_raise'],"[('p1', 'max_raise'), ('p2', 'call')]",0.0,6600.0,0.0,tie,showdown,False,2,102.0,114.0,calling_station
3457,j,q,check,['check'],"[('p1', 'check'), ('p2', 'check')]",-6.0,6594.0,12.0,p2,showdown,False,2,114.0,114.0,calling_station
3458,j,k,check,['check'],"[('p1', 'check'), ('p2', 'check')]",-6.0,6588.0,12.0,p2,showdown,False,2,114.0,114.0,calling_station
3459,q,j,max_raise,['max_raise'],"[('p1', 'max_raise'), ('p2', 'call')]",18.0,6606.0,36.0,p1,showdown,False,2,102.0,114.0,calling_station
3460,q,k,max_raise,['max_raise'],"[('p1', 'max_raise'), ('p2', 'call')]",-18.0,6588.0,36.0,p2,showdown,False,2,102.0,114.0,calling_station
3461,j,k,check,['check'],"[('p1', 'check'), ('p2', 'check')]",-6.0,6582.0,12.0,p2,showdown,False,2,114.0,114.0,calling_station
3462,q,k,max_raise,['max_raise'],"[('p1', 'max_raise'), ('p2', 'call')]",-18.0,6564.0,36.0,p2,showdown,False,2,102.0,114.0,calling_station
3463,k,j,max_raise,['max_raise'],"[('p1', 'max_raise'), ('p2', 'call')]",18.0,6582.0,36.0,p1,showdown,False,2,102.0,114.0,calling_station
3464,q,k,max_raise,['max_raise'],"[('p1', 'max_raise'), ('p2', 'call')]",-18.0,6564.0,36.0,p2,showdown,False,2,102.0,114.0,calling_station
3465,k,k,max_raise,['max_raise'],"[('p1', 'max_raise'), ('p2', 'call')]",0.0,6564.0,0.0,tie,showdown,False,2,102.0,114.0,calling_station
3466,q,k,max_raise,['max_raise'],"[('p1', 'max_raise'), ('p2', 'call')]",-18.0,6546.0,36.0,p2,showdown,False,2,102.0,114.0,calling_station
3467,j,k,max_raise,['max_raise'],"[('p1', 'max_raise'), ('p2', 'call')]",-18.0,6528.0,36.0,p2,showdown,True,2,102.0,114.0,calling_station
3468,q,j,max_raise,['max_raise'],"[('p1', 'max_raise'), ('p2', 'call')]",18.0,6546.0,36.0,p1,showdown,False,2,102.0,114.0,calling_station
3469,q,j,max_raise,['max_raise'],"[('p1', 'max_raise'), ('p2', 'call')]",18.0,6564.0,36.0,p1,showdown,False,2,102.0,114.0,calling_station
3470,j,q,max_raise,['max_raise'],"[('p1', 'max_raise'), ('p2', 'call')]",-18.0,6546.0,36.0,p2,showdown,True,2,102.0,114.0,calling_station
3471,k,q,max_raise,['max_raise'],"[('p1', 'max_raise'), ('p2', 'call')]",18.0,6564.0,36.0,p1,showdown,False,2,102.0,114.0,calling_station
3472,k,j,max_raise,['max_raise'],"[('p1', 'max_raise'), ('p2', 'call')]",18.0,6582.0,36.0,p1,showdown,False,2,102.0,114.0,calling_station
3473,j,k,check,['check'],"[('p1', 'check'), ('p2', 'check')]",-6.0,6576.0,12.0,p2,showdown,False,2,114.0,114.0,calling_station
3474,j,j,check,['check'],"[('p1', 'check'), ('p2', 'check')]",0.0,6576.0,0.0,tie,showdown,False,2,114.0,114.0,calling_station
3475,j,j,check,['check'],"[('p1', 'check'), ('p2', 'check')]",0.0,6576.0,0.0,tie,showdown,False,2,114.0,114.0,calling_station
3476,k,j,max_raise,['max_raise'],"[('p1', 'max_raise'), ('p2', 'call')]",18.0,6594.0,36.0,p1,showdown,False,2,102.0,114.0,calling_station
3477,q,q,max_raise,['max_raise'],"[('p1', 'max_raise'), ('p2', 'call')]",0.0,6594.0,0.0,tie,showdown,False,2,102.0,114.0,calling_station
3478,q,j,max_raise,['max_raise'],"[('p1', 'max_raise'), ('p2', 'call')]",18.0,6612.0,36.0,p1,showdown,False,2,102.0,114.0,calling_station
3479,j,q,check,['check'],"[('p1', 'check'), ('p2', 'check')]",-6.0,6606.0,12.0,p2,showdown,False,2,114.0,114.0,calling_station
3480,k,j,max_raise,['max_raise'],"[('p1', 'max_raise'), ('p2', 'call')]",18.0,6624.0,36.0,p1,showdown,False,2,102.0,114.0,calling_station
3481,q,q,max_raise,['max_raise'],"[('p1', 'max_raise'), ('p2', 'call')]",0.0,6624.0,0.0,tie,showdown,False,2,102.0,114.0,calling_station
3482,j,q,check,['check'],"[('p1', 'check'), ('p2', 'check')]",-6.0,6618.0,12.0,p2,showdown,False,2,114.0,114.0,calling_station
3483,j,q,check,['check'],"[('p1', 'check'), ('p2', 'check')]",-6.0,6612.0,12.0,p2,showdown,False,2,114.0,114.0,calling_station
3484,k,q,max_raise,['max_raise'],"[('p1', 'max_raise'), ('p2', 'call')]",18.0,6630.0,36.0,p1,showdown,False,2,102.0,114.0,calling_station
3485,k,j,max_raise,['max_raise'],"[('p1', 'max_raise'), ('p2', 'call')]",18.0,6648.0,36.0,p1,showdown,False,2,102.0,114.0,calling_station
3486,j,q,check,['check'],"[('p1', 'check'), ('p2', 'check')]",-6.0,6642.0,12.0,p2,showdown,False,2,114.0,114.0,calling_station
3487,k,q,max_raise,['max_raise'],"[('p1', 'max_raise'), ('p2', 'call')]",18.0,6660.0,36.0,p1,showdown,False,2,102.0,114.0,calling_station
3488,k,j,max_raise,['max_raise'],"[('p1', 'max_raise'), ('p2', 'call')]",18.0,6678.0,36.0,p1,showdown,False,2,102.0,114.0,calling_station
3489,q,j,max_raise,['max_raise'],"[('p1', 'max_raise'), ('p2', 'call')]",18.0,6696.0,36.0,p1,showdown,False,2,102.0,114.0,calling_station
3490,q,k,max_raise,['max_raise'],"[('p1', 'max_raise'), ('p2', 'call')]",-18.0,6678.0,36.0,p2,showdown,False,2,102.0,114.0,calling_station
3491,q,k,max_raise,['max_raise'],"[('p1', 'max_raise'), ('p2', 'call')]",-18.0,6660.0,36.0,p2,showdown,False,2,102.0,114.0,calling_station
3492,j,q,check,['check'],"[('p1', 'check'), ('p2', 'check')]",-6.0,6654.0,12.0,p2,showdown,False,2,114.0,114.0,calling_station
3493,k,k,max_raise,['max_raise'],"[('p1', 'max_raise'), ('p2', 'call')]",0.0,6654.0,0.0,tie,showdown,False,2,102.0,114.0,calling_station
3494,q,k,max_raise,['max_raise'],"[('p1', 'max_raise'), ('p2', 'call')]",-18.0,6636.0,36.0,p2,showdown,False,2,102.0,114.0,calling_station
3495,j,q,check,['check'],"[('p1', 'check'), ('p2', 'check')]",-6.0,6630.0,12.0,p2,showdown,False,2,114.0,114.0,calling_station
3496,k,k,max_raise,['max_raise'],"[('p1', 'max_raise'), ('p2', 'call')]",0.0,6630.0,0.0,tie,showdown,False,2,102.0,114.0,calling_station
3497,k,j,max_raise,['max_raise'],"[('p1', 'max_raise'), ('p2', 'call')]",18.0,6648.0,36.0,p1,showdown,False,2,102.0,114.0,calling_station
3498,k,q,max_raise,['max_raise'],"[('p1', 'max_raise'), ('p2', 'call')]",18.0,6666.0,36.0,p1,showdown,False,2,102.0,114.0,calling_station
3499,j,k,check,['check'],"[('p1', 'check'), ('p2', 'check')]",-6.0,6660.0,12.0,p2,showdown,False,2,114.0,114.0,calling_station
3500,q,j,max_raise,['max_raise'],"[('p1', 'max_raise'), ('p2', 'call')]",18.0,6678.0,36.0,p1,showdown,False,2,102.0,114.0,calling_station
3501,q,k,max_raise,['max_raise'],"[('p1', 'max_raise'), ('p2', 'call')]",-18.0,6660.0,36.0,p2,showdown,False,2,102.0,114.0,calling_station
3502,q,k,max_raise,['max_raise'],"[('p1', 'max_raise'), ('p2', 'call')]",-18.0,6642.0,36.0,p2,showdown,False,2,102.0,114.0,calling_station
3503,k,j,max_raise,['max_raise'],"[('p1', 'max_raise'), ('p2', 'call')]",18.0,6660.0,36.0,p1,showdown,False,2,102.0,114.0,calling_station
3504,k,j,max_raise,['max_raise'],"[('p1', 'max_raise'), ('p2', 'call')]",18.0,6678.0,36.0,p1,showdown,False,2,102.0,114.0,calling_station
3505,j,k,check,['check'],"[('p1', 'check'), ('p2', 'check')]",-6.0,6672.0,12.0,p2,showdown,False,2,114.0,114.0,calling_station
3506,q,k,max_raise,['max_raise'],"[('p1', 'max_raise'), ('p2', 'call')]",-18.0,6654.0,36.0,p2,showdown,False,2,102.0,114.0,calling_station
3507,j,q,check,['check'],"[('p1', 'check'), ('p2', 'check')]",-6.0,6648.0,12.0,p2,showdown,False,2,114.0,114.0,calling_station
3508,k,j,max_raise,['max_raise'],"[('p1', 'max_raise'), ('p2', 'call')]",18.0,6666.0,36.0,p1,showdown,False,2,102.0,114.0,calling_station
3509,j,k,check,['check'],"[('p1', 'check'), ('p2', 'check')]",-6.0,6660.0,12.0,p2,showdown,False,2,114.0,114.0,calling_station
3510,j,k,check,['check'],"[('p1', 'check'), ('p2', 'check')]",-6.0,6654.0,12.0,p2,showdown,False,2,114.0,114.0,calling_station
3511,j,k,check,['check'],"[('p1', 'check'), ('p2', 'check')]",-6.0,6648.0,12.0,p2,showdown,False,2,114.0,114.0,calling_station
3512,k,q,max_raise,['max_raise'],"[('p1', 'max_raise'), ('p2', 'call')]",18.0,6666.0,36.0,p1,showdown,False,2,102.0,114.0,calling_station
3513,j,k,check,['check'],"[('p1', 'check'), ('p2', 'check')]",-6.0,6660.0,12.0,p2,showdown,False,2,114.0,114.0,calling_station
3514,k,q,max_raise,['max_raise'],"[('p1', 'max_raise'), ('p2', 'call')]",18.0,6678.0,36.0,p1,showdown,False,2,102.0,114.0,calling_station
3515,j,k,check,['check'],"[('p1', 'check'), ('p2', 'check')]",-6.0,6672.0,12.0,p2,showdown,False,2,114.0,114.0,calling_station
3516,k,q,max_raise,['max_raise'],"[('p1', 'max_raise'), ('p2', 'call')]",18.0,6690.0,36.0,p1,showdown,False,2,102.0,114.0,calling_station
3517,k,q,max_raise,['max_raise'],"[('p1', 'max_raise'), ('p2', 'call')]",18.0,6708.0,36.0,p1,showdown,False,2,102.0,114.0,calling_station
3518,j,q,check,['check'],"[('p1', 'check'), ('p2', 'check')]",-6.0,6702.0,12.0,p2,showdown,False,2,114.0,114.0,calling_station
3519,q,k,max_raise,['max_raise'],"[('p1', 'max_raise'), ('p2', 'call')]",-18.0,6684.0,36.0,p2,showdown,False,2,102.0,114.0,calling_station
3520,k,j,max_raise,['max_raise'],"[('p1', 'max_raise'), ('p2', 'call')]",18.0,6702.0,36.0,p1,showdown,False,2,102.0,114.0,calling_station
3521,q,j,max_raise,['max_raise'],"[('p1', 'max_raise'), ('p2', 'call')]",18.0,6720.0,36.0,p1,showdown,False,2,102.0,114.0,calling_station
3522,j,j,check,['check'],"[('p1', 'check'), ('p2', 'check')]",0.0,6720.0,0.0,tie,showdown,False,2,114.0,114.0,calling_station
3523,k,q,max_raise,['max_raise'],"[('p1', 'max_raise'), ('p2', 'call')]",18.0,6738.0,36.0,p1,showdown,False,2,102.0,114.0,calling_station
3524,j,j,check,['check'],"[('p1', 'check'), ('p2', 'check')]",0.0,6738.0,0.0,tie,showdown,False,2,114.0,114.0,calling_station
3525,q,q,max_raise,['max_raise'],"[('p1', 'max_raise'), ('p2', 'call')]",0.0,6738.0,0.0,tie,showdown,False,2,102.0,114.0,calling_station
3526,q,k,max_raise,['max_raise'],"[('p1', 'max_raise'), ('p2', 'call')]",-18.0,6720.0,36.0,p2,showdown,False,2,102.0,114.0,calling_station
3527,j,q,check,['check'],"[('p1', 'check'), ('p2', 'check')]",-6.0,6714.0,12.0,p2,showdown,False,2,114.0,114.0,calling_station
3528,j,j,check,['check'],"[('p1', 'check'), ('p2', 'check')]",0.0,6714.0,0.0,tie,showdown,False,2,114.0,114.0,calling_station
3529,k,j,max_raise,['max_raise'],"[('p1', 'max_raise'), ('p2', 'call')]",18.0,6732.0,36.0,p1,showdown,False,2,102.0,114.0,calling_station
3530,k,j,max_raise,['max_raise'],"[('p1', 'max_raise'), ('p2', 'call')]",18.0,6750.0,36.0,p1,showdown,False,2,102.0,114.0,calling_station
3531,k,k,max_raise,['max_raise'],"[('p1', 'max_raise'), ('p2', 'call')]",0.0,6750.0,0.0,tie,showdown,False,2,102.0,114.0,calling_station
3532,j,k,check,['check'],"[('p1', 'check'), ('p2', 'check')]",-6.0,6744.0,12.0,p2,showdown,False,2,114.0,114.0,calling_station
3533,j,k,check,['check'],"[('p1', 'check'), ('p2', 'check')]",-6.0,6738.0,12.0,p2,showdown,False,2,114.0,114.0,calling_station
3534,k,q,max_raise,['max_raise'],"[('p1', 'max_raise'), ('p2', 'call')]",18.0,6756.0,36.0,p1,showdown,False,2,102.0,114.0,calling_station
3535,q,k,max_raise,['max_raise'],"[('p1', 'max_raise'), ('p2', 'call')]",-18.0,6738.0,36.0,p2,showdown,False,2,102.0,114.0,calling_station
3536,j,j,check,['check'],"[('p1', 'check'), ('p2', 'check')]",0.0,6738.0,0.0,tie,showdown,False,2,114.0,114.0,calling_station
3537,k,k,max_raise,['max_raise'],"[('p1', 'max_raise'), ('p2', 'call')]",0.0,6738.0,0.0,tie,showdown,False,2,102.0,114.0,calling_station
3538,k,q,max_raise,['max_raise'],"[('p1', 'max_raise'), ('p2', 'call')]",18.0,6756.0,36.0,p1,showdown,False,2,102.0,114.0,calling_station
3539,j,k,check,['check'],"[('p1', 'check'), ('p2', 'check')]",-6.0,6750.0,12.0,p2,showdown,False,2,114.0,114.0,calling_station
3540,q,j,max_raise,['max_raise'],"[('p1', 'max_raise'), ('p2', 'call')]",18.0,6768.0,36.0,p1,showdown,False,2,102.0,114.0,calling_station
3541,q,j,max_raise,['max_raise'],"[('p1', 'max_raise'), ('p2', 'call')]",18.0,6786.0,36.0,p1,showdown,False,2,102.0,114.0,calling_station
3542,q,k,max_raise,['max_raise'],"[('p1', 'max_raise'), ('p2', 'call')]",-18.0,6768.0,36.0,p2,showdown,False,2,102.0,114.0,calling_station
3543,k,q,max_raise,['max_raise'],"[('p1', 'max_raise'), ('p2', 'call')]",18.0,6786.0,36.0,p1,showdown,False,2,102.0,114.0,calling_station
3544,j,q,check,['check'],"[('p1', 'check'), ('p2', 'check')]",-6.0,6780.0,12.0,p2,showdown,False,2,114.0,114.0,calling_station
3545,k,k,max_raise,['max_raise'],"[('p1', 'max_raise'), ('p2', 'call')]",0.0,6780.0,0.0,tie,showdown,False,2,102.0,114.0,calling_station
3546,j,j,check,['check'],"[('p1', 'check'), ('p2', 'check')]",0.0,6780.0,0.0,tie,showdown,False,2,114.0,114.0,calling_station
3547,k,j,max_raise,['max_raise'],"[('p1', 'max_raise'), ('p2', 'call')]",18.0,6798.0,36.0,p1,showdown,False,2,102.0,114.0,calling_station
3548,k,j,max_raise,['max_raise'],"[('p1', 'max_raise'), ('p2', 'call')]",18.0,6816.0,36.0,p1,showdown,False,2,102.0,114.0,calling_station
3549,k,k,max_raise,['max_raise'],"[('p1', 'max_raise'), ('p2', 'call')]",0.0,6816.0,0.0,tie,showdown,False,2,102.0,114.0,calling_station
3550,q,j,max_raise,['max_raise'],"[('p1', 'max_raise'), ('p2', 'call')]",18.0,6834.0,36.0,p1,showdown,False,2,102.0,114.0,calling_station
3551,q,j,max_raise,['max_raise'],"[('p1', 'max_raise'), ('p2', 'call')]",18.0,6852.0,36.0,p1,showdown,False,2,102.0,114.0,calling_station
3552,j,q,check,['check'],"[('p1', 'check'), ('p2', 'check')]",-6.0,6846.0,12.0,p2,showdown,False,2,114.0,114.0,calling_station
3553,q,k,max_raise,['max_raise'],"[('p1', 'max_raise'), ('p2', 'call')]",-18.0,6828.0,36.0,p2,showdown,False,2,102.0,114.0,calling_station
3554,q,q,max_raise,['max_raise'],"[('p1', 'max_raise'), ('p2', 'call')]",0.0,6828.0,0.0,tie,showdown,False,2,102.0,114.0,calling_station
3555,k,j,max_raise,['max_raise'],"[('p1', 'max_raise'), ('p2', 'call')]",18.0,6846.0,36.0,p1,showdown,False,2,102.0,114.0,calling_station
3556,j,q,check,['check'],"[('p1', 'check'), ('p2', 'check')]",-6.0,6840.0,12.0,p2,showdown,False,2,114.0,114.0,calling_station
3557,k,q,max_raise,['max_raise'],"[('p1', 'max_raise'), ('p2', 'call')]",18.0,6858.0,36.0,p1,showdown,False,2,102.0,114.0,calling_station
3558,k,k,max_raise,['max_raise'],"[('p1', 'max_raise'), ('p2', 'call')]",0.0,6858.0,0.0,tie,showdown,False,2,102.0,114.0,calling_station
3559,k,k,max_raise,['max_raise'],"[('p1', 'max_raise'), ('p2', 'call')]",0.0,6858.0,0.0,tie,showdown,False,2,102.0,114.0,calling_station
3560,k,j,max_raise,['max_raise'],"[('p1', 'max_raise'), ('p2', 'call')]",18.0,6876.0,36.0,p1,showdown,False,2,102.0,114.0,calling_station
3561,k,q,max_raise,['max_raise'],"[('p1', 'max_raise'), ('p2', 'call')]",18.0,6894.0,36.0,p1,showdown,False,2,102.0,114.0,calling_station
3562,q,q,max_raise,['max_raise'],"[('p1', 'max_raise'), ('p2', 'call')]",0.0,6894.0,0.0,tie,showdown,False,2,102.0,114.0,calling_station
3563,j,k,check,['check'],"[('p1', 'check'), ('p2', 'check')]",-6.0,6888.0,12.0,p2,showdown,False,2,114.0,114.0,calling_station
3564,q,q,max_raise,['max_raise'],"[('p1', 'max_raise'), ('p2', 'call')]",0.0,6888.0,0.0,tie,showdown,False,2,102.0,114.0,calling_station
3565,k,k,max_raise,['max_raise'],"[('p1', 'max_raise'), ('p2', 'call')]",0.0,6888.0,0.0,tie,showdown,False,2,102.0,114.0,calling_station
3566,j,q,check,['check'],"[('p1', 'check'), ('p2', 'check')]",-6.0,6882.0,12.0,p2,showdown,False,2,114.0,114.0,calling_station
3567,j,k,check,['check'],"[('p1', 'check'), ('p2', 'check')]",-6.0,6876.0,12.0,p2,showdown,False,2,114.0,114.0,calling_station
3568,k,k,max_raise,['max_raise'],"[('p1', 'max_raise'), ('p2', 'call')]",0.0,6876.0,0.0,tie,showdown,False,2,102.0,114.0,calling_station
3569,k,j,max_raise,['max_raise'],"[('p1', 'max_raise'), ('p2', 'call')]",18.0,6894.0,36.0,p1,showdown,False,2,102.0,114.0,calling_station
3570,q,j,max_raise,['max_raise'],"[('p1', 'max_raise'), ('p2', 'call')]",18.0,6912.0,36.0,p1,showdown,False,2,102.0,114.0,calling_station
3571,j,q,check,['check'],"[('p1', 'check'), ('p2', 'check')]",-6.0,6906.0,12.0,p2,showdown,False,2,114.0,114.0,calling_station
3572,j,q,check,['check'],"[('p1', 'check'), ('p2', 'check')]",-6.0,6900.0,12.0,p2,showdown,False,2,114.0,114.0,calling_station
3573,j,q,check,['check'],"[('p1', 'check'), ('p2', 'check')]",-6.0,6894.0,12.0,p2,showdown,False,2,114.0,114.0,calling_station
3574,k,j,max_raise,['max_raise'],"[('p1', 'max_raise'), ('p2', 'call')]",18.0,6912.0,36.0,p1,showdown,False,2,102.0,114.0,calling_station
3575,q,j,max_raise,['max_raise'],"[('p1', 'max_raise'), ('p2', 'call')]",18.0,6930.0,36.0,p1,showdown,False,2,102.0,114.0,calling_station
3576,k,k,max_raise,['max_raise'],"[('p1', 'max_raise'), ('p2', 'call')]",0.0,6930.0,0.0,tie,showdown,False,2,102.0,114.0,calling_station
3577,k,k,max_raise,['max_raise'],"[('p1', 'max_raise'), ('p2', 'call')]",0.0,6930.0,0.0,tie,showdown,False,2,102.0,114.0,calling_station
3578,j,k,check,['check'],"[('p1', 'check'), ('p2', 'check')]",-6.0,6924.0,12.0,p2,showdown,False,2,114.0,114.0,calling_station
3579,j,k,check,['check'],"[('p1', 'check'), ('p2', 'check')]",-6.0,6918.0,12.0,p2,showdown,False,2,114.0,114.0,calling_station
3580,q,k,max_raise,['max_raise'],"[('p1', 'max_raise'), ('p2', 'call')]",-18.0,6900.0,36.0,p2,showdown,False,2,102.0,114.0,calling_station
3581,q,q,max_raise,['max_raise'],"[('p1', 'max_raise'), ('p2', 'call')]",0.0,6900.0,0.0,tie,showdown,False,2,102.0,114.0,calling_station
3582,k,k,max_raise,['max_raise'],"[('p1', 'max_raise'), ('p2', 'call')]",0.0,6900.0,0.0,tie,showdown,False,2,102.0,114.0,calling_station
3583,q,k,max_raise,['max_raise'],"[('p1', 'max_raise'), ('p2', 'call')]",-18.0,6882.0,36.0,p2,showdown,False,2,102.0,114.0,calling_station
3584,j,k,check,['check'],"[('p1', 'check'), ('p2', 'check')]",-6.0,6876.0,12.0,p2,showdown,False,2,114.0,114.0,calling_station
3585,k,j,max_raise,['max_raise'],"[('p1', 'max_raise'), ('p2', 'call')]",18.0,6894.0,36.0,p1,showdown,False,2,102.0,114.0,calling_station
3586,j,k,check,['check'],"[('p1', 'check'), ('p2', 'check')]",-6.0,6888.0,12.0,p2,showdown,False,2,114.0,114.0,calling_station
3587,q,k,max_raise,['max_raise'],"[('p1', 'max_raise'), ('p2', 'call')]",-18.0,6870.0,36.0,p2,showdown,False,2,102.0,114.0,calling_station
3588,q,k,max_raise,['max_raise'],"[('p1', 'max_raise'), ('p2', 'call')]",-18.0,6852.0,36.0,p2,showdown,False,2,102.0,114.0,calling_station
3589,q,j,max_raise,['max_raise'],"[('p1', 'max_raise'), ('p2', 'call')]",18.0,6870.0,36.0,p1,showdown,False,2,102.0,114.0,calling_station
3590,q,q,max_raise,['max_raise'],"[('p1', 'max_raise'), ('p2', 'call')]",0.0,6870.0,0.0,tie,showdown,False,2,102.0,114.0,calling_station
3591,q,k,max_raise,['max_raise'],"[('p1', 'max_raise'), ('p2', 'call')]",-18.0,6852.0,36.0,p2,showdown,False,2,102.0,114.0,calling_station
3592,j,k,check,['check'],"[('p1', 'check'), ('p2', 'check')]",-6.0,6846.0,12.0,p2,showdown,False,2,114.0,114.0,calling_station
3593,j,j,check,['check'],"[('p1', 'check'), ('p2', 'check')]",0.0,6846.0,0.0,tie,showdown,False,2,114.0,114.0,calling_station
3594,q,j,max_raise,['max_raise'],"[('p1', 'max_raise'), ('p2', 'call')]",18.0,6864.0,36.0,p1,showdown,False,2,102.0,114.0,calling_station
3595,j,k,check,['check'],"[('p1', 'check'), ('p2', 'check')]",-6.0,6858.0,12.0,p2,showdown,False,2,114.0,114.0,calling_station
3596,q,k,max_raise,['max_raise'],"[('p1', 'max_raise'), ('p2', 'call')]",-18.0,6840.0,36.0,p2,showdown,False,2,102.0,114.0,calling_station
3597,j,k,check,['check'],"[('p1', 'check'), ('p2', 'check')]",-6.0,6834.0,12.0,p2,showdown,False,2,114.0,114.0,calling_station
3598,q,j,max_raise,['max_raise'],"[('p1', 'max_raise'), ('p2', 'call')]",18.0,6852.0,36.0,p1,showdown,False,2,102.0,114.0,calling_station
3599,q,j,max_raise,['max_raise'],"[('p1', 'max_raise'), ('p2', 'call')]",18.0,6870.0,36.0,p1,showdown,False,2,102.0,114.0,calling_station
3600,q,j,max_raise,['max_raise'],"[('p1', 'max_raise'), ('p2', 'call')]",18.0,6888.0,36.0,p1,showdown,False,2,102.0,114.0,calling_station
3601,q,j,max_raise,['max_raise'],"[('p1', 'max_raise'), ('p2', 'call')]",18.0,6906.0,36.0,p1,showdown,False,2,102.0,114.0,calling_station
3602,j,q,check,['check'],"[('p1', 'check'), ('p2', 'check')]",-6.0,6900.0,12.0,p2,showdown,False,2,114.0,114.0,calling_station
3603,q,j,max_raise,['max_raise'],"[('p1', 'max_raise'), ('p2', 'call')]",18.0,6918.0,36.0,p1,showdown,False,2,102.0,114.0,calling_station
3604,j,j,check,['check'],"[('p1', 'check'), ('p2', 'check')]",0.0,6918.0,0.0,tie,showdown,False,2,114.0,114.0,calling_station
3605,k,j,max_raise,['max_raise'],"[('p1', 'max_raise'), ('p2', 'call')]",18.0,6936.0,36.0,p1,showdown,False,2,102.0,114.0,calling_station
3606,k,j,max_raise,['max_raise'],"[('p1', 'max_raise'), ('p2', 'call')]",18.0,6954.0,36.0,p1,showdown,False,2,102.0,114.0,calling_station
3607,k,j,max_raise,['max_raise'],"[('p1', 'max_raise'), ('p2', 'call')]",18.0,6972.0,36.0,p1,showdown,False,2,102.0,114.0,calling_station
3608,q,k,max_raise,['max_raise'],"[('p1', 'max_raise'), ('p2', 'call')]",-18.0,6954.0,36.0,p2,showdown,False,2,102.0,114.0,calling_station
3609,k,j,max_raise,['max_raise'],"[('p1', 'max_raise'), ('p2', 'call')]",18.0,6972.0,36.0,p1,showdown,False,2,102.0,114.0,calling_station
3610,j,k,check,['check'],"[('p1', 'check'), ('p2', 'check')]",-6.0,6966.0,12.0,p2,showdown,False,2,114.0,114.0,calling_station
3611,k,q,max_raise,['max_raise'],"[('p1', 'max_raise'), ('p2', 'call')]",18.0,6984.0,36.0,p1,showdown,False,2,102.0,114.0,calling_station
3612,j,k,check,['check'],"[('p1', 'check'), ('p2', 'check')]",-6.0,6978.0,12.0,p2,showdown,False,2,114.0,114.0,calling_station
3613,k,q,max_raise,['max_raise'],"[('p1', 'max_raise'), ('p2', 'call')]",18.0,6996.0,36.0,p1,showdown,False,2,102.0,114.0,calling_station
3614,j,q,check,['check'],"[('p1', 'check'), ('p2', 'check')]",-6.0,6990.0,12.0,p2,showdown,False,2,114.0,114.0,calling_station
3615,q,k,max_raise,['max_raise'],"[('p1', 'max_raise'), ('p2', 'call')]",-18.0,6972.0,36.0,p2,showdown,False,2,102.0,114.0,calling_station
3616,j,k,check,['check'],"[('p1', 'check'), ('p2', 'check')]",-6.0,6966.0,12.0,p2,showdown,False,2,114.0,114.0,calling_station
3617,k,k,max_raise,['max_raise'],"[('p1', 'max_raise'), ('p2', 'call')]",0.0,6966.0,0.0,tie,showdown,False,2,102.0,114.0,calling_station
3618,j,q,check,['check'],"[('p1', 'check'), ('p2', 'check')]",-6.0,6960.0,12.0,p2,showdown,False,2,114.0,114.0,calling_station
3619,q,k,max_raise,['max_raise'],"[('p1', 'max_raise'), ('p2', 'call')]",-18.0,6942.0,36.0,p2,showdown,False,2,102.0,114.0,calling_station
3620,j,q,check,['check'],"[('p1', 'check'), ('p2', 'check')]",-6.0,6936.0,12.0,p2,showdown,False,2,114.0,114.0,calling_station
3621,q,j,max_raise,['max_raise'],"[('p1', 'max_raise'), ('p2', 'call')]",18.0,6954.0,36.0,p1,showdown,False,2,102.0,114.0,calling_station
3622,q,k,max_raise,['max_raise'],"[('p1', 'max_raise'), ('p2', 'call')]",-18.0,6936.0,36.0,p2,showdown,False,2,102.0,114.0,calling_station
3623,k,k,max_raise,['max_raise'],"[('p1', 'max_raise'), ('p2', 'call')]",0.0,6936.0,0.0,tie,showdown,False,2,102.0,114.0,calling_station
3624,k,j,max_raise,['max_raise'],"[('p1', 'max_raise'), ('p2', 'call')]",18.0,6954.0,36.0,p1,showdown,False,2,102.0,114.0,calling_station
3625,q,q,max_raise,['max_raise'],"[('p1', 'max_raise'), ('p2', 'call')]",0.0,6954.0,0.0,tie,showdown,False,2,102.0,114.0,calling_station
3626,q,j,max_raise,['max_raise'],"[('p1', 'max_raise'), ('p2', 'call')]",18.0,6972.0,36.0,p1,showdown,False,2,102.0,114.0,calling_station
3627,j,k,check,['check'],"[('p1', 'check'), ('p2', 'check')]",-6.0,6966.0,12.0,p2,showdown,False,2,114.0,114.0,calling_station
3628,k,q,max_raise,['max_raise'],"[('p1', 'max_raise'), ('p2', 'call')]",18.0,6984.0,36.0,p1,showdown,False,2,102.0,114.0,calling_station
3629,k,j,max_raise,['max_raise'],"[('p1', 'max_raise'), ('p2', 'call')]",18.0,7002.0,36.0,p1,showdown,False,2,102.0,114.0,calling_station
3630,q,j,max_raise,['max_raise'],"[('p1', 'max_raise'), ('p2', 'call')]",18.0,7020.0,36.0,p1,showdown,False,2,102.0,114.0,calling_station
3631,q,j,max_raise,['max_raise'],"[('p1', 'max_raise'), ('p2', 'call')]",18.0,7038.0,36.0,p1,showdown,False,2,102.0,114.0,calling_station
3632,q,k,max_raise,['max_raise'],"[('p1', 'max_raise'), ('p2', 'call')]",-18.0,7020.0,36.0,p2,showdown,False,2,102.0,114.0,calling_station
3633,j,j,check,['check'],"[('p1', 'check'), ('p2', 'check')]",0.0,7020.0,0.0,tie,showdown,False,2,114.0,114.0,calling_station
3634,j,j,check,['check'],"[('p1', 'check'), ('p2', 'check')]",0.0,7020.0,0.0,tie,showdown,False,2,114.0,114.0,calling_station
3635,j,k,check,['check'],"[('p1', 'check'), ('p2', 'check')]",-6.0,7014.0,12.0,p2,showdown,False,2,114.0,114.0,calling_station
3636,j,j,check,['check'],"[('p1', 'check'), ('p2', 'check')]",0.0,7014.0,0.0,tie,showdown,False,2,114.0,114.0,calling_station
3637,q,j,max_raise,['max_raise'],"[('p1', 'max_raise'), ('p2', 'call')]",18.0,7032.0,36.0,p1,showdown,False,2,102.0,114.0,calling_station
3638,k,j,max_raise,['max_raise'],"[('p1', 'max_raise'), ('p2', 'call')]",18.0,7050.0,36.0,p1,showdown,False,2,102.0,114.0,calling_station
3639,j,k,check,['check'],"[('p1', 'check'), ('p2', 'check')]",-6.0,7044.0,12.0,p2,showdown,False,2,114.0,114.0,calling_station
3640,k,j,max_raise,['max_raise'],"[('p1', 'max_raise'), ('p2', 'call')]",18.0,7062.0,36.0,p1,showdown,False,2,102.0,114.0,calling_station
3641,k,k,max_raise,['max_raise'],"[('p1', 'max_raise'), ('p2', 'call')]",0.0,7062.0,0.0,tie,showdown,False,2,102.0,114.0,calling_station
3642,j,q,check,['check'],"[('p1', 'check'), ('p2', 'check')]",-6.0,7056.0,12.0,p2,showdown,False,2,114.0,114.0,calling_station
3643,k,q,max_raise,['max_raise'],"[('p1', 'max_raise'), ('p2', 'call')]",18.0,7074.0,36.0,p1,showdown,False,2,102.0,114.0,calling_station
3644,q,k,max_raise,['max_raise'],"[('p1', 'max_raise'), ('p2', 'call')]",-18.0,7056.0,36.0,p2,showdown,False,2,102.0,114.0,calling_station
3645,k,j,max_raise,['max_raise'],"[('p1', 'max_raise'), ('p2', 'call')]",18.0,7074.0,36.0,p1,showdown,False,2,102.0,114.0,calling_station
3646,j,j,check,['check'],"[('p1', 'check'), ('p2', 'check')]",0.0,7074.0,0.0,tie,showdown,False,2,114.0,114.0,calling_station
3647,q,q,max_raise,['max_raise'],"[('p1', 'max_raise'), ('p2', 'call')]",0.0,7074.0,0.0,tie,showdown,False,2,102.0,114.0,calling_station
3648,k,q,max_raise,['max_raise'],"[('p1', 'max_raise'), ('p2', 'call')]",18.0,7092.0,36.0,p1,showdown,False,2,102.0,114.0,calling_station
3649,k,j,max_raise,['max_raise'],"[('p1', 'max_raise'), ('p2', 'call')]",18.0,7110.0,36.0,p1,showdown,False,2,102.0,114.0,calling_station
3650,j,q,check,['check'],"[('p1', 'check'), ('p2', 'check')]",-6.0,7104.0,12.0,p2,showdown,False,2,114.0,114.0,calling_station
3651,k,q,max_raise,['max_raise'],"[('p1', 'max_raise'), ('p2', 'call')]",18.0,7122.0,36.0,p1,showdown,False,2,102.0,114.0,calling_station
3652,q,j,max_raise,['max_raise'],"[('p1', 'max_raise'), ('p2', 'call')]",18.0,7140.0,36.0,p1,showdown,False,2,102.0,114.0,calling_station
3653,j,k,check,['check'],"[('p1', 'check'), ('p2', 'check')]",-6.0,7134.0,12.0,p2,showdown,False,2,114.0,114.0,calling_station
3654,j,q,check,['check'],"[('p1', 'check'), ('p2', 'check')]",-6.0,7128.0,12.0,p2,showdown,False,2,114.0,114.0,calling_station
3655,q,k,max_raise,['max_raise'],"[('p1', 'max_raise'), ('p2', 'call')]",-18.0,7110.0,36.0,p2,showdown,False,2,102.0,114.0,calling_station
3656,k,q,max_raise,['max_raise'],"[('p1', 'max_raise'), ('p2', 'call')]",18.0,7128.0,36.0,p1,showdown,False,2,102.0,114.0,calling_station
3657,j,j,check,['check'],"[('p1', 'check'), ('p2', 'check')]",0.0,7128.0,0.0,tie,showdown,False,2,114.0,114.0,calling_station
3658,q,k,max_raise,['max_raise'],"[('p1', 'max_raise'), ('p2', 'call')]",-18.0,7110.0,36.0,p2,showdown,False,2,102.0,114.0,calling_station
3659,k,j,max_raise,['max_raise'],"[('p1', 'max_raise'), ('p2', 'call')]",18.0,7128.0,36.0,p1,showdown,False,2,102.0,114.0,calling_station
3660,q,j,max_raise,['max_raise'],"[('p1', 'max_raise'), ('p2', 'call')]",18.0,7146.0,36.0,p1,showdown,False,2,102.0,114.0,calling_station
3661,k,q,max_raise,['max_raise'],"[('p1', 'max_raise'), ('p2', 'call')]",18.0,7164.0,36.0,p1,showdown,False,2,102.0,114.0,calling_station
3662,j,k,check,['check'],"[('p1', 'check'), ('p2', 'check')]",-6.0,7158.0,12.0,p2,showdown,False,2,114.0,114.0,calling_station
3663,j,k,check,['check'],"[('p1', 'check'), ('p2', 'check')]",-6.0,7152.0,12.0,p2,showdown,False,2,114.0,114.0,calling_station
3664,q,k,max_raise,['max_raise'],"[('p1', 'max_raise'), ('p2', 'call')]",-18.0,7134.0,36.0,p2,showdown,False,2,102.0,114.0,calling_station
3665,q,j,max_raise,['max_raise'],"[('p1', 'max_raise'), ('p2', 'call')]",18.0,7152.0,36.0,p1,showdown,False,2,102.0,114.0,calling_station
3666,k,q,max_raise,['max_raise'],"[('p1', 'max_raise'), ('p2', 'call')]",18.0,7170.0,36.0,p1,showdown,False,2,102.0,114.0,calling_station
3667,k,k,max_raise,['max_raise'],"[('p1', 'max_raise'), ('p2', 'call')]",0.0,7170.0,0.0,tie,showdown,False,2,102.0,114.0,calling_station
3668,q,j,max_raise,['max_raise'],"[('p1', 'max_raise'), ('p2', 'call')]",18.0,7188.0,36.0,p1,showdown,False,2,102.0,114.0,calling_station
3669,q,k,max_raise,['max_raise'],"[('p1', 'max_raise'), ('p2', 'call')]",-18.0,7170.0,36.0,p2,showdown,False,2,102.0,114.0,calling_station
3670,q,k,max_raise,['max_raise'],"[('p1', 'max_raise'), ('p2', 'call')]",-18.0,7152.0,36.0,p2,showdown,False,2,102.0,114.0,calling_station
3671,j,q,check,['check'],"[('p1', 'check'), ('p2', 'check')]",-6.0,7146.0,12.0,p2,showdown,False,2,114.0,114.0,calling_station
3672,j,q,check,['check'],"[('p1', 'check'), ('p2', 'check')]",-6.0,7140.0,12.0,p2,showdown,False,2,114.0,114.0,calling_station
3673,j,k,check,['check'],"[('p1', 'check'), ('p2', 'check')]",-6.0,7134.0,12.0,p2,showdown,False,2,114.0,114.0,calling_station
3674,q,k,max_raise,['max_raise'],"[('p1', 'max_raise'), ('p2', 'call')]",-18.0,7116.0,36.0,p2,showdown,False,2,102.0,114.0,calling_station
3675,k,q,max_raise,['max_raise'],"[('p1', 'max_raise'), ('p2', 'call')]",18.0,7134.0,36.0,p1,showdown,False,2,102.0,114.0,calling_station
3676,j,q,check,['check'],"[('p1', 'check'), ('p2', 'check')]",-6.0,7128.0,12.0,p2,showdown,False,2,114.0,114.0,calling_station
3677,q,j,max_raise,['max_raise'],"[('p1', 'max_raise'), ('p2', 'call')]",18.0,7146.0,36.0,p1,showdown,False,2,102.0,114.0,calling_station
3678,q,k,max_raise,['max_raise'],"[('p1', 'max_raise'), ('p2', 'call')]",-18.0,7128.0,36.0,p2,showdown,False,2,102.0,114.0,calling_station
3679,k,k,max_raise,['max_raise'],"[('p1', 'max_raise'), ('p2', 'call')]",0.0,7128.0,0.0,tie,showdown,False,2,102.0,114.0,calling_station
3680,k,j,max_raise,['max_raise'],"[('p1', 'max_raise'), ('p2', 'call')]",18.0,7146.0,36.0,p1,showdown,False,2,102.0,114.0,calling_station
3681,q,q,max_raise,['max_raise'],"[('p1', 'max_raise'), ('p2', 'call')]",0.0,7146.0,0.0,tie,showdown,False,2,102.0,114.0,calling_station
3682,q,j,max_raise,['max_raise'],"[('p1', 'max_raise'), ('p2', 'call')]",18.0,7164.0,36.0,p1,showdown,False,2,102.0,114.0,calling_station
3683,q,k,max_raise,['max_raise'],"[('p1', 'max_raise'), ('p2', 'call')]",-18.0,7146.0,36.0,p2,showdown,False,2,102.0,114.0,calling_station
3684,k,q,max_raise,['max_raise'],"[('p1', 'max_raise'), ('p2', 'call')]",18.0,7164.0,36.0,p1,showdown,False,2,102.0,114.0,calling_station
3685,k,k,max_raise,['max_raise'],"[('p1', 'max_raise'), ('p2', 'call')]",0.0,7164.0,0.0,tie,showdown,False,2,102.0,114.0,calling_station
3686,q,k,max_raise,['max_raise'],"[('p1', 'max_raise'), ('p2', 'call')]",-18.0,7146.0,36.0,p2,showdown,False,2,102.0,114.0,calling_station
3687,k,j,max_raise,['max_raise'],"[('p1', 'max_raise'), ('p2', 'call')]",18.0,7164.0,36.0,p1,showdown,False,2,102.0,114.0,calling_station
3688,k,q,max_raise,['max_raise'],"[('p1', 'max_raise'), ('p2', 'call')]",18.0,7182.0,36.0,p1,showdown,False,2,102.0,114.0,calling_station
3689,k,k,max_raise,['max_raise'],"[('p1', 'max_raise'), ('p2', 'call')]",0.0,7182.0,0.0,tie,showdown,False,2,102.0,114.0,calling_station
3690,j,j,check,['check'],"[('p1', 'check'), ('p2', 'check')]",0.0,7182.0,0.0,tie,showdown,False,2,114.0,114.0,calling_station
3691,j,q,check,['check'],"[('p1', 'check'), ('p2', 'check')]",-6.0,7176.0,12.0,p2,showdown,False,2,114.0,114.0,calling_station
3692,j,q,check,['check'],"[('p1', 'check'), ('p2', 'check')]",-6.0,7170.0,12.0,p2,showdown,False,2,114.0,114.0,calling_station
3693,j,q,check,['check'],"[('p1', 'check'), ('p2', 'check')]",-6.0,7164.0,12.0,p2,showdown,False,2,114.0,114.0,calling_station
3694,q,k,max_raise,['max_raise'],"[('p1', 'max_raise'), ('p2', 'call')]",-18.0,7146.0,36.0,p2,showdown,False,2,102.0,114.0,calling_station
3695,q,k,max_raise,['max_raise'],"[('p1', 'max_raise'), ('p2', 'call')]",-18.0,7128.0,36.0,p2,showdown,False,2,102.0,114.0,calling_station
3696,j,q,check,['check'],"[('p1', 'check'), ('p2', 'check')]",-6.0,7122.0,12.0,p2,showdown,False,2,114.0,114.0,calling_station
3697,q,j,max_raise,['max_raise'],"[('p1', 'max_raise'), ('p2', 'call')]",18.0,7140.0,36.0,p1,showdown,False,2,102.0,114.0,calling_station
3698,k,j,max_raise,['max_raise'],"[('p1', 'max_raise'), ('p2', 'call')]",18.0,7158.0,36.0,p1,showdown,False,2,102.0,114.0,calling_station
3699,q,q,max_raise,['max_raise'],"[('p1', 'max_raise'), ('p2', 'call')]",0.0,7158.0,0.0,tie,showdown,False,2,102.0,114.0,calling_station
3700,q,j,max_raise,['max_raise'],"[('p1', 'max_raise'), ('p2', 'call')]",18.0,7176.0,36.0,p1,showdown,False,2,102.0,114.0,calling_station
3701,k,k,max_raise,['max_raise'],"[('p1', 'max_raise'), ('p2', 'call')]",0.0,7176.0,0.0,tie,showdown,False,2,102.0,114.0,calling_station
3702,q,k,max_raise,['max_raise'],"[('p1', 'max_raise'), ('p2', 'call')]",-18.0,7158.0,36.0,p2,showdown,False,2,102.0,114.0,calling_station
3703,k,q,max_raise,['max_raise'],"[('p1', 'max_raise'), ('p2', 'call')]",18.0,7176.0,36.0,p1,showdown,False,2,102.0,114.0,calling_station
3704,q,q,max_raise,['max_raise'],"[('p1', 'max_raise'), ('p2', 'call')]",0.0,7176.0,0.0,tie,showdown,False,2,102.0,114.0,calling_station
3705,k,q,max_raise,['max_raise'],"[('p1', 'max_raise'), ('p2', 'call')]",18.0,7194.0,36.0,p1,showdown,False,2,102.0,114.0,calling_station
3706,j,q,check,['check'],"[('p1', 'check'), ('p2', 'check')]",-6.0,7188.0,12.0,p2,showdown,False,2,114.0,114.0,calling_station
3707,j,q,check,['check'],"[('p1', 'check'), ('p2', 'check')]",-6.0,7182.0,12.0,p2,showdown,False,2,114.0,114.0,calling_station
3708,k,q,max_raise,['max_raise'],"[('p1', 'max_raise'), ('p2', 'call')]",18.0,7200.0,36.0,p1,showdown,False,2,102.0,114.0,calling_station
3709,q,j,max_raise,['max_raise'],"[('p1', 'max_raise'), ('p2', 'call')]",18.0,7218.0,36.0,p1,showdown,False,2,102.0,114.0,calling_station
3710,j,q,check,['check'],"[('p1', 'check'), ('p2', 'check')]",-6.0,7212.0,12.0,p2,showdown,False,2,114.0,114.0,calling_station
3711,k,k,max_raise,['max_raise'],"[('p1', 'max_raise'), ('p2', 'call')]",0.0,7212.0,0.0,tie,showdown,False,2,102.0,114.0,calling_station
3712,k,k,max_raise,['max_raise'],"[('p1', 'max_raise'), ('p2', 'call')]",0.0,7212.0,0.0,tie,showdown,False,2,102.0,114.0,calling_station
3713,j,k,check,['check'],"[('p1', 'check'), ('p2', 'check')]",-6.0,7206.0,12.0,p2,showdown,False,2,114.0,114.0,calling_station
3714,k,k,max_raise,['max_raise'],"[('p1', 'max_raise'), ('p2', 'call')]",0.0,7206.0,0.0,tie,showdown,False,2,102.0,114.0,calling_station
3715,k,k,max_raise,['max_raise'],"[('p1', 'max_raise'), ('p2', 'call')]",0.0,7206.0,0.0,tie,showdown,False,2,102.0,114.0,calling_station
3716,q,q,max_raise,['max_raise'],"[('p1', 'max_raise'), ('p2', 'call')]",0.0,7206.0,0.0,tie,showdown,False,2,102.0,114.0,calling_station
3717,j,j,check,['check'],"[('p1', 'check'), ('p2', 'check')]",0.0,7206.0,0.0,tie,showdown,False,2,114.0,114.0,calling_station
3718,k,j,max_raise,['max_raise'],"[('p1', 'max_raise'), ('p2', 'call')]",18.0,7224.0,36.0,p1,showdown,False,2,102.0,114.0,calling_station
3719,q,q,max_raise,['max_raise'],"[('p1', 'max_raise'), ('p2', 'call')]",0.0,7224.0,0.0,tie,showdown,False,2,102.0,114.0,calling_station
3720,j,k,check,['check'],"[('p1', 'check'), ('p2', 'check')]",-6.0,7218.0,12.0,p2,showdown,False,2,114.0,114.0,calling_station
3721,q,j,max_raise,['max_raise'],"[('p1', 'max_raise'), ('p2', 'call')]",18.0,7236.0,36.0,p1,showdown,False,2,102.0,114.0,calling_station
3722,k,j,max_raise,['max_raise'],"[('p1', 'max_raise'), ('p2', 'call')]",18.0,7254.0,36.0,p1,showdown,False,2,102.0,114.0,calling_station
3723,q,k,max_raise,['max_raise'],"[('p1', 'max_raise'), ('p2', 'call')]",-18.0,7236.0,36.0,p2,showdown,False,2,102.0,114.0,calling_station
3724,k,q,max_raise,['max_raise'],"[('p1', 'max_raise'), ('p2', 'call')]",18.0,7254.0,36.0,p1,showdown,False,2,102.0,114.0,calling_station
3725,q,k,max_raise,['max_raise'],"[('p1', 'max_raise'), ('p2', 'call')]",-18.0,7236.0,36.0,p2,showdown,False,2,102.0,114.0,calling_station
3726,k,k,max_raise,['max_raise'],"[('p1', 'max_raise'), ('p2', 'call')]",0.0,7236.0,0.0,tie,showdown,False,2,102.0,114.0,calling_station
3727,j,j,check,['check'],"[('p1', 'check'), ('p2', 'check')]",0.0,7236.0,0.0,tie,showdown,False,2,114.0,114.0,calling_station
3728,q,k,max_raise,['max_raise'],"[('p1', 'max_raise'), ('p2', 'call')]",-18.0,7218.0,36.0,p2,showdown,False,2,102.0,114.0,calling_station
3729,q,k,max_raise,['max_raise'],"[('p1', 'max_raise'), ('p2', 'call')]",-18.0,7200.0,36.0,p2,showdown,False,2,102.0,114.0,calling_station
3730,j,j,check,['check'],"[('p1', 'check'), ('p2', 'check')]",0.0,7200.0,0.0,tie,showdown,False,2,114.0,114.0,calling_station
3731,q,q,max_raise,['max_raise'],"[('p1', 'max_raise'), ('p2', 'call')]",0.0,7200.0,0.0,tie,showdown,False,2,102.0,114.0,calling_station
3732,k,j,max_raise,['max_raise'],"[('p1', 'max_raise'), ('p2', 'call')]",18.0,7218.0,36.0,p1,showdown,False,2,102.0,114.0,calling_station
3733,j,k,check,['check'],"[('p1', 'check'), ('p2', 'check')]",-6.0,7212.0,12.0,p2,showdown,False,2,114.0,114.0,calling_station
3734,q,j,max_raise,['max_raise'],"[('p1', 'max_raise'), ('p2', 'call')]",18.0,7230.0,36.0,p1,showdown,False,2,102.0,114.0,calling_station
3735,j,k,check,['check'],"[('p1', 'check'), ('p2', 'check')]",-6.0,7224.0,12.0,p2,showdown,False,2,114.0,114.0,calling_station
3736,j,k,check,['check'],"[('p1', 'check'), ('p2', 'check')]",-6.0,7218.0,12.0,p2,showdown,False,2,114.0,114.0,calling_station
3737,j,k,check,['check'],"[('p1', 'check'), ('p2', 'check')]",-6.0,7212.0,12.0,p2,showdown,False,2,114.0,114.0,calling_station
3738,j,q,check,['check'],"[('p1', 'check'), ('p2', 'check')]",-6.0,7206.0,12.0,p2,showdown,False,2,114.0,114.0,calling_station
3739,j,j,check,['check'],"[('p1', 'check'), ('p2', 'check')]",0.0,7206.0,0.0,tie,showdown,False,2,114.0,114.0,calling_station
3740,k,q,max_raise,['max_raise'],"[('p1', 'max_raise'), ('p2', 'call')]",18.0,7224.0,36.0,p1,showdown,False,2,102.0,114.0,calling_station
3741,q,k,max_raise,['max_raise'],"[('p1', 'max_raise'), ('p2', 'call')]",-18.0,7206.0,36.0,p2,showdown,False,2,102.0,114.0,calling_station
3742,k,k,max_raise,['max_raise'],"[('p1', 'max_raise'), ('p2', 'call')]",0.0,7206.0,0.0,tie,showdown,False,2,102.0,114.0,calling_station
3743,q,k,max_raise,['max_raise'],"[('p1', 'max_raise'), ('p2', 'call')]",-18.0,7188.0,36.0,p2,showdown,False,2,102.0,114.0,calling_station
3744,k,k,max_raise,['max_raise'],"[('p1', 'max_raise'), ('p2', 'call')]",0.0,7188.0,0.0,tie,showdown,False,2,102.0,114.0,calling_station
3745,j,q,check,['check'],"[('p1', 'check'), ('p2', 'check')]",-6.0,7182.0,12.0,p2,showdown,False,2,114.0,114.0,calling_station
3746,k,q,max_raise,['max_raise'],"[('p1', 'max_raise'), ('p2', 'call')]",18.0,7200.0,36.0,p1,showdown,False,2,102.0,114.0,calling_station
3747,q,k,max_raise,['max_raise'],"[('p1', 'max_raise'), ('p2', 'call')]",-18.0,7182.0,36.0,p2,showdown,False,2,102.0,114.0,calling_station
3748,k,j,max_raise,['max_raise'],"[('p1', 'max_raise'), ('p2', 'call')]",18.0,7200.0,36.0,p1,showdown,False,2,102.0,114.0,calling_station
3749,q,j,max_raise,['max_raise'],"[('p1', 'max_raise'), ('p2', 'call')]",18.0,7218.0,36.0,p1,showdown,False,2,102.0,114.0,calling_station
3750,k,k,max_raise,['max_raise'],"[('p1', 'max_raise'), ('p2', 'call')]",0.0,7218.0,0.0,tie,showdown,False,2,102.0,114.0,calling_station
3751,q,j,max_raise,['max_raise'],"[('p1', 'max_raise'), ('p2', 'call')]",18.0,7236.0,36.0,p1,showdown,False,2,102.0,114.0,calling_station
3752,j,q,check,['check'],"[('p1', 'check'), ('p2', 'check')]",-6.0,7230.0,12.0,p2,showdown,False,2,114.0,114.0,calling_station
3753,k,k,max_raise,['max_raise'],"[('p1', 'max_raise'), ('p2', 'call')]",0.0,7230.0,0.0,tie,showdown,False,2,102.0,114.0,calling_station
3754,q,k,max_raise,['max_raise'],"[('p1', 'max_raise'), ('p2', 'call')]",-18.0,7212.0,36.0,p2,showdown,False,2,102.0,114.0,calling_station
3755,k,k,max_raise,['max_raise'],"[('p1', 'max_raise'), ('p2', 'call')]",0.0,7212.0,0.0,tie,showdown,False,2,102.0,114.0,calling_station
3756,j,k,check,['check'],"[('p1', 'check'), ('p2', 'check')]",-6.0,7206.0,12.0,p2,showdown,False,2,114.0,114.0,calling_station
3757,k,q,max_raise,['max_raise'],"[('p1', 'max_raise'), ('p2', 'call')]",18.0,7224.0,36.0,p1,showdown,False,2,102.0,114.0,calling_station
3758,j,j,check,['check'],"[('p1', 'check'), ('p2', 'check')]",0.0,7224.0,0.0,tie,showdown,False,2,114.0,114.0,calling_station
3759,j,j,check,['check'],"[('p1', 'check'), ('p2', 'check')]",0.0,7224.0,0.0,tie,showdown,False,2,114.0,114.0,calling_station
3760,k,q,max_raise,['max_raise'],"[('p1', 'max_raise'), ('p2', 'call')]",18.0,7242.0,36.0,p1,showdown,False,2,102.0,114.0,calling_station
3761,k,j,max_raise,['max_raise'],"[('p1', 'max_raise'), ('p2', 'call')]",18.0,7260.0,36.0,p1,showdown,False,2,102.0,114.0,calling_station
3762,j,q,check,['check'],"[('p1', 'check'), ('p2', 'check')]",-6.0,7254.0,12.0,p2,showdown,False,2,114.0,114.0,calling_station
3763,j,j,check,['check'],"[('p1', 'check'), ('p2', 'check')]",0.0,7254.0,0.0,tie,showdown,False,2,114.0,114.0,calling_station
3764,k,q,max_raise,['max_raise'],"[('p1', 'max_raise'), ('p2', 'call')]",18.0,7272.0,36.0,p1,showdown,False,2,102.0,114.0,calling_station
3765,j,q,check,['check'],"[('p1', 'check'), ('p2', 'check')]",-6.0,7266.0,12.0,p2,showdown,False,2,114.0,114.0,calling_station
3766,k,j,max_raise,['max_raise'],"[('p1', 'max_raise'), ('p2', 'call')]",18.0,7284.0,36.0,p1,showdown,False,2,102.0,114.0,calling_station
3767,q,k,max_raise,['max_raise'],"[('p1', 'max_raise'), ('p2', 'call')]",-18.0,7266.0,36.0,p2,showdown,False,2,102.0,114.0,calling_station
3768,q,j,max_raise,['max_raise'],"[('p1', 'max_raise'), ('p2', 'call')]",18.0,7284.0,36.0,p1,showdown,False,2,102.0,114.0,calling_station
3769,k,q,max_raise,['max_raise'],"[('p1', 'max_raise'), ('p2', 'call')]",18.0,7302.0,36.0,p1,showdown,False,2,102.0,114.0,calling_station
3770,q,k,max_raise,['max_raise'],"[('p1', 'max_raise'), ('p2', 'call')]",-18.0,7284.0,36.0,p2,showdown,False,2,102.0,114.0,calling_station
3771,q,k,max_raise,['max_raise'],"[('p1', 'max_raise'), ('p2', 'call')]",-18.0,7266.0,36.0,p2,showdown,False,2,102.0,114.0,calling_station
3772,k,j,max_raise,['max_raise'],"[('p1', 'max_raise'), ('p2', 'call')]",18.0,7284.0,36.0,p1,showdown,False,2,102.0,114.0,calling_station
3773,j,q,check,['check'],"[('p1', 'check'), ('p2', 'check')]",-6.0,7278.0,12.0,p2,showdown,False,2,114.0,114.0,calling_station
3774,j,j,check,['check'],"[('p1', 'check'), ('p2', 'check')]",0.0,7278.0,0.0,tie,showdown,False,2,114.0,114.0,calling_station
3775,k,k,max_raise,['max_raise'],"[('p1', 'max_raise'), ('p2', 'call')]",0.0,7278.0,0.0,tie,showdown,False,2,102.0,114.0,calling_station
3776,q,k,max_raise,['max_raise'],"[('p1', 'max_raise'), ('p2', 'call')]",-18.0,7260.0,36.0,p2,showdown,False,2,102.0,114.0,calling_station
3777,k,j,max_raise,['max_raise'],"[('p1', 'max_raise'), ('p2', 'call')]",18.0,7278.0,36.0,p1,showdown,False,2,102.0,114.0,calling_station
3778,j,k,check,['check'],"[('p1', 'check'), ('p2', 'check')]",-6.0,7272.0,12.0,p2,showdown,False,2,114.0,114.0,calling_station
3779,j,j,check,['check'],"[('p1', 'check'), ('p2', 'check')]",0.0,7272.0,0.0,tie,showdown,False,2,114.0,114.0,calling_station
3780,j,q,check,['check'],"[('p1', 'check'), ('p2', 'check')]",-6.0,7266.0,12.0,p2,showdown,False,2,114.0,114.0,calling_station
3781,j,j,check,['check'],"[('p1', 'check'), ('p2', 'check')]",0.0,7266.0,0.0,tie,showdown,False,2,114.0,114.0,calling_station
3782,q,j,max_raise,['max_raise'],"[('p1', 'max_raise'), ('p2', 'call')]",18.0,7284.0,36.0,p1,showdown,False,2,102.0,114.0,calling_station
3783,k,k,max_raise,['max_raise'],"[('p1', 'max_raise'), ('p2', 'call')]",0.0,7284.0,0.0,tie,showdown,False,2,102.0,114.0,calling_station
3784,j,j,check,['check'],"[('p1', 'check'), ('p2', 'check')]",0.0,7284.0,0.0,tie,showdown,False,2,114.0,114.0,calling_station
3785,j,j,check,['check'],"[('p1', 'check'), ('p2', 'check')]",0.0,7284.0,0.0,tie,showdown,False,2,114.0,114.0,calling_station
3786,q,q,max_raise,['max_raise'],"[('p1', 'max_raise'), ('p2', 'call')]",0.0,7284.0,0.0,tie,showdown,False,2,102.0,114.0,calling_station
3787,q,j,max_raise,['max_raise'],"[('p1', 'max_raise'), ('p2', 'call')]",18.0,7302.0,36.0,p1,showdown,False,2,102.0,114.0,calling_station
3788,q,j,max_raise,['max_raise'],"[('p1', 'max_raise'), ('p2', 'call')]",18.0,7320.0,36.0,p1,showdown,False,2,102.0,114.0,calling_station
3789,j,q,check,['check'],"[('p1', 'check'), ('p2', 'check')]",-6.0,7314.0,12.0,p2,showdown,False,2,114.0,114.0,calling_station
3790,j,k,check,['check'],"[('p1', 'check'), ('p2', 'check')]",-6.0,7308.0,12.0,p2,showdown,False,2,114.0,114.0,calling_station
3791,k,q,max_raise,['max_raise'],"[('p1', 'max_raise'), ('p2', 'call')]",18.0,7326.0,36.0,p1,showdown,False,2,102.0,114.0,calling_station
3792,k,j,max_raise,['max_raise'],"[('p1', 'max_raise'), ('p2', 'call')]",18.0,7344.0,36.0,p1,showdown,False,2,102.0,114.0,calling_station
3793,k,q,max_raise,['max_raise'],"[('p1', 'max_raise'), ('p2', 'call')]",18.0,7362.0,36.0,p1,showdown,False,2,102.0,114.0,calling_station
3794,j,k,check,['check'],"[('p1', 'check'), ('p2', 'check')]",-6.0,7356.0,12.0,p2,showdown,False,2,114.0,114.0,calling_station
3795,j,q,check,['check'],"[('p1', 'check'), ('p2', 'check')]",-6.0,7350.0,12.0,p2,showdown,False,2,114.0,114.0,calling_station
3796,k,j,max_raise,['max_raise'],"[('p1', 'max_raise'), ('p2', 'call')]",18.0,7368.0,36.0,p1,showdown,False,2,102.0,114.0,calling_station
3797,k,k,max_raise,['max_raise'],"[('p1', 'max_raise'), ('p2', 'call')]",0.0,7368.0,0.0,tie,showdown,False,2,102.0,114.0,calling_station
3798,j,k,check,['check'],"[('p1', 'check'), ('p2', 'check')]",-6.0,7362.0,12.0,p2,showdown,False,2,114.0,114.0,calling_station
3799,q,j,max_raise,['max_raise'],"[('p1', 'max_raise'), ('p2', 'call')]",18.0,7380.0,36.0,p1,showdown,False,2,102.0,114.0,calling_station
3800,j,k,check,['check'],"[('p1', 'check'), ('p2', 'check')]",-6.0,7374.0,12.0,p2,showdown,False,2,114.0,114.0,calling_station
3801,k,q,max_raise,['max_raise'],"[('p1', 'max_raise'), ('p2', 'call')]",18.0,7392.0,36.0,p1,showdown,False,2,102.0,114.0,calling_station
3802,k,q,max_raise,['max_raise'],"[('p1', 'max_raise'), ('p2', 'call')]",18.0,7410.0,36.0,p1,showdown,False,2,102.0,114.0,calling_station
3803,k,q,max_raise,['max_raise'],"[('p1', 'max_raise'), ('p2', 'call')]",18.0,7428.0,36.0,p1,showdown,False,2,102.0,114.0,calling_station
3804,k,q,max_raise,['max_raise'],"[('p1', 'max_raise'), ('p2', 'call')]",18.0,7446.0,36.0,p1,showdown,False,2,102.0,114.0,calling_station
3805,q,j,max_raise,['max_raise'],"[('p1', 'max_raise'), ('p2', 'call')]",18.0,7464.0,36.0,p1,showdown,False,2,102.0,114.0,calling_station
3806,k,j,max_raise,['max_raise'],"[('p1', 'max_raise'), ('p2', 'call')]",18.0,7482.0,36.0,p1,showdown,False,2,102.0,114.0,calling_station
3807,j,j,check,['check'],"[('p1', 'check'), ('p2', 'check')]",0.0,7482.0,0.0,tie,showdown,False,2,114.0,114.0,calling_station
3808,q,q,max_raise,['max_raise'],"[('p1', 'max_raise'), ('p2', 'call')]",0.0,7482.0,0.0,tie,showdown,False,2,102.0,114.0,calling_station
3809,k,q,max_raise,['max_raise'],"[('p1', 'max_raise'), ('p2', 'call')]",18.0,7500.0,36.0,p1,showdown,False,2,102.0,114.0,calling_station
3810,j,j,check,['check'],"[('p1', 'check'), ('p2', 'check')]",0.0,7500.0,0.0,tie,showdown,False,2,114.0,114.0,calling_station
3811,k,k,max_raise,['max_raise'],"[('p1', 'max_raise'), ('p2', 'call')]",0.0,7500.0,0.0,tie,showdown,False,2,102.0,114.0,calling_station
3812,k,q,max_raise,['max_raise'],"[('p1', 'max_raise'), ('p2', 'call')]",18.0,7518.0,36.0,p1,showdown,False,2,102.0,114.0,calling_station
3813,j,k,check,['check'],"[('p1', 'check'), ('p2', 'check')]",-6.0,7512.0,12.0,p2,showdown,False,2,114.0,114.0,calling_station
3814,j,k,check,['check'],"[('p1', 'check'), ('p2', 'check')]",-6.0,7506.0,12.0,p2,showdown,False,2,114.0,114.0,calling_station
3815,k,k,max_raise,['max_raise'],"[('p1', 'max_raise'), ('p2', 'call')]",0.0,7506.0,0.0,tie,showdown,False,2,102.0,114.0,calling_station
3816,q,q,max_raise,['max_raise'],"[('p1', 'max_raise'), ('p2', 'call')]",0.0,7506.0,0.0,tie,showdown,False,2,102.0,114.0,calling_station
3817,j,j,check,['check'],"[('p1', 'check'), ('p2', 'check')]",0.0,7506.0,0.0,tie,showdown,False,2,114.0,114.0,calling_station
3818,k,q,max_raise,['max_raise'],"[('p1', 'max_raise'), ('p2', 'call')]",18.0,7524.0,36.0,p1,showdown,False,2,102.0,114.0,calling_station
3819,j,q,check,['check'],"[('p1', 'check'), ('p2', 'check')]",-6.0,7518.0,12.0,p2,showdown,False,2,114.0,114.0,calling_station
3820,j,q,check,['check'],"[('p1', 'check'), ('p2', 'check')]",-6.0,7512.0,12.0,p2,showdown,False,2,114.0,114.0,calling_station
3821,j,k,check,['check'],"[('p1', 'check'), ('p2', 'check')]",-6.0,7506.0,12.0,p2,showdown,False,2,114.0,114.0,calling_station
3822,q,k,max_raise,['max_raise'],"[('p1', 'max_raise'), ('p2', 'call')]",-18.0,7488.0,36.0,p2,showdown,False,2,102.0,114.0,calling_station
3823,q,q,max_raise,['max_raise'],"[('p1', 'max_raise'), ('p2', 'call')]",0.0,7488.0,0.0,tie,showdown,False,2,102.0,114.0,calling_station
3824,j,q,check,['check'],"[('p1', 'check'), ('p2', 'check')]",-6.0,7482.0,12.0,p2,showdown,False,2,114.0,114.0,calling_station
3825,k,j,max_raise,['max_raise'],"[('p1', 'max_raise'), ('p2', 'call')]",18.0,7500.0,36.0,p1,showdown,False,2,102.0,114.0,calling_station
3826,q,q,max_raise,['max_raise'],"[('p1', 'max_raise'), ('p2', 'call')]",0.0,7500.0,0.0,tie,showdown,False,2,102.0,114.0,calling_station
3827,q,k,max_raise,['max_raise'],"[('p1', 'max_raise'), ('p2', 'call')]",-18.0,7482.0,36.0,p2,showdown,False,2,102.0,114.0,calling_station
3828,j,j,check,['check'],"[('p1', 'check'), ('p2', 'check')]",0.0,7482.0,0.0,tie,showdown,False,2,114.0,114.0,calling_station
3829,j,q,check,['check'],"[('p1', 'check'), ('p2', 'check')]",-6.0,7476.0,12.0,p2,showdown,False,2,114.0,114.0,calling_station
3830,j,j,check,['check'],"[('p1', 'check'), ('p2', 'check')]",0.0,7476.0,0.0,tie,showdown,False,2,114.0,114.0,calling_station
3831,k,q,max_raise,['max_raise'],"[('p1', 'max_raise'), ('p2', 'call')]",18.0,7494.0,36.0,p1,showdown,False,2,102.0,114.0,calling_station
3832,k,q,max_raise,['max_raise'],"[('p1', 'max_raise'), ('p2', 'call')]",18.0,7512.0,36.0,p1,showdown,False,2,102.0,114.0,calling_station
3833,k,q,max_raise,['max_raise'],"[('p1', 'max_raise'), ('p2', 'call')]",18.0,7530.0,36.0,p1,showdown,False,2,102.0,114.0,calling_station
3834,q,q,max_raise,['max_raise'],"[('p1', 'max_raise'), ('p2', 'call')]",0.0,7530.0,0.0,tie,showdown,False,2,102.0,114.0,calling_station
3835,q,k,max_raise,['max_raise'],"[('p1', 'max_raise'), ('p2', 'call')]",-18.0,7512.0,36.0,p2,showdown,False,2,102.0,114.0,calling_station
3836,k,k,max_raise,['max_raise'],"[('p1', 'max_raise'), ('p2', 'call')]",0.0,7512.0,0.0,tie,showdown,False,2,102.0,114.0,calling_station
3837,j,q,check,['check'],"[('p1', 'check'), ('p2', 'check')]",-6.0,7506.0,12.0,p2,showdown,False,2,114.0,114.0,calling_station
3838,j,q,check,['check'],"[('p1', 'check'), ('p2', 'check')]",-6.0,7500.0,12.0,p2,showdown,False,2,114.0,114.0,calling_station
3839,k,q,max_raise,['max_raise'],"[('p1', 'max_raise'), ('p2', 'call')]",18.0,7518.0,36.0,p1,showdown,False,2,102.0,114.0,calling_station
3840,j,k,check,['check'],"[('p1', 'check'), ('p2', 'check')]",-6.0,7512.0,12.0,p2,showdown,False,2,114.0,114.0,calling_station
3841,k,j,max_raise,['max_raise'],"[('p1', 'max_raise'), ('p2', 'call')]",18.0,7530.0,36.0,p1,showdown,False,2,102.0,114.0,calling_station
3842,q,k,max_raise,['max_raise'],"[('p1', 'max_raise'), ('p2', 'call')]",-18.0,7512.0,36.0,p2,showdown,False,2,102.0,114.0,calling_station
3843,k,q,max_raise,['max_raise'],"[('p1', 'max_raise'), ('p2', 'call')]",18.0,7530.0,36.0,p1,showdown,False,2,102.0,114.0,calling_station
3844,k,j,max_raise,['max_raise'],"[('p1', 'max_raise'), ('p2', 'call')]",18.0,7548.0,36.0,p1,showdown,False,2,102.0,114.0,calling_station
3845,j,j,check,['check'],"[('p1', 'check'), ('p2', 'check')]",0.0,7548.0,0.0,tie,showdown,False,2,114.0,114.0,calling_station
3846,k,q,max_raise,['max_raise'],"[('p1', 'max_raise'), ('p2', 'call')]",18.0,7566.0,36.0,p1,showdown,False,2,102.0,114.0,calling_station
3847,k,k,max_raise,['max_raise'],"[('p1', 'max_raise'), ('p2', 'call')]",0.0,7566.0,0.0,tie,showdown,False,2,102.0,114.0,calling_station
3848,q,j,max_raise,['max_raise'],"[('p1', 'max_raise'), ('p2', 'call')]",18.0,7584.0,36.0,p1,showdown,False,2,102.0,114.0,calling_station
3849,k,j,max_raise,['max_raise'],"[('p1', 'max_raise'), ('p2', 'call')]",18.0,7602.0,36.0,p1,showdown,False,2,102.0,114.0,calling_station
3850,k,q,max_raise,['max_raise'],"[('p1', 'max_raise'), ('p2', 'call')]",18.0,7620.0,36.0,p1,showdown,False,2,102.0,114.0,calling_station
3851,j,k,check,['check'],"[('p1', 'check'), ('p2', 'check')]",-6.0,7614.0,12.0,p2,showdown,False,2,114.0,114.0,calling_station
3852,q,q,max_raise,['max_raise'],"[('p1', 'max_raise'), ('p2', 'call')]",0.0,7614.0,0.0,tie,showdown,False,2,102.0,114.0,calling_station
3853,k,k,max_raise,['max_raise'],"[('p1', 'max_raise'), ('p2', 'call')]",0.0,7614.0,0.0,tie,showdown,False,2,102.0,114.0,calling_station
3854,q,k,max_raise,['max_raise'],"[('p1', 'max_raise'), ('p2', 'call')]",-18.0,7596.0,36.0,p2,showdown,False,2,102.0,114.0,calling_station
3855,k,q,max_raise,['max_raise'],"[('p1', 'max_raise'), ('p2', 'call')]",18.0,7614.0,36.0,p1,showdown,False,2,102.0,114.0,calling_station
3856,q,j,max_raise,['max_raise'],"[('p1', 'max_raise'), ('p2', 'call')]",18.0,7632.0,36.0,p1,showdown,False,2,102.0,114.0,calling_station
3857,q,j,max_raise,['max_raise'],"[('p1', 'max_raise'), ('p2', 'call')]",18.0,7650.0,36.0,p1,showdown,False,2,102.0,114.0,calling_station
3858,j,q,check,['check'],"[('p1', 'check'), ('p2', 'check')]",-6.0,7644.0,12.0,p2,showdown,False,2,114.0,114.0,calling_station
3859,k,j,max_raise,['max_raise'],"[('p1', 'max_raise'), ('p2', 'call')]",18.0,7662.0,36.0,p1,showdown,False,2,102.0,114.0,calling_station
3860,q,j,max_raise,['max_raise'],"[('p1', 'max_raise'), ('p2', 'call')]",18.0,7680.0,36.0,p1,showdown,False,2,102.0,114.0,calling_station
3861,q,k,max_raise,['max_raise'],"[('p1', 'max_raise'), ('p2', 'call')]",-18.0,7662.0,36.0,p2,showdown,False,2,102.0,114.0,calling_station
3862,j,q,check,['check'],"[('p1', 'check'), ('p2', 'check')]",-6.0,7656.0,12.0,p2,showdown,False,2,114.0,114.0,calling_station
3863,k,j,max_raise,['max_raise'],"[('p1', 'max_raise'), ('p2', 'call')]",18.0,7674.0,36.0,p1,showdown,False,2,102.0,114.0,calling_station
3864,j,q,check,['check'],"[('p1', 'check'), ('p2', 'check')]",-6.0,7668.0,12.0,p2,showdown,False,2,114.0,114.0,calling_station
3865,j,q,check,['check'],"[('p1', 'check'), ('p2', 'check')]",-6.0,7662.0,12.0,p2,showdown,False,2,114.0,114.0,calling_station
3866,q,j,max_raise,['max_raise'],"[('p1', 'max_raise'), ('p2', 'call')]",18.0,7680.0,36.0,p1,showdown,False,2,102.0,114.0,calling_station
3867,j,k,check,['check'],"[('p1', 'check'), ('p2', 'check')]",-6.0,7674.0,12.0,p2,showdown,False,2,114.0,114.0,calling_station
3868,q,k,max_raise,['max_raise'],"[('p1', 'max_raise'), ('p2', 'call')]",-18.0,7656.0,36.0,p2,showdown,False,2,102.0,114.0,calling_station
3869,k,q,max_raise,['max_raise'],"[('p1', 'max_raise'), ('p2', 'call')]",18.0,7674.0,36.0,p1,showdown,False,2,102.0,114.0,calling_station
3870,j,j,check,['check'],"[('p1', 'check'), ('p2', 'check')]",0.0,7674.0,0.0,tie,showdown,False,2,114.0,114.0,calling_station
3871,j,q,check,['check'],"[('p1', 'check'), ('p2', 'check')]",-6.0,7668.0,12.0,p2,showdown,False,2,114.0,114.0,calling_station
3872,q,q,max_raise,['max_raise'],"[('p1', 'max_raise'), ('p2', 'call')]",0.0,7668.0,0.0,tie,showdown,False,2,102.0,114.0,calling_station
3873,k,q,max_raise,['max_raise'],"[('p1', 'max_raise'), ('p2', 'call')]",18.0,7686.0,36.0,p1,showdown,False,2,102.0,114.0,calling_station
3874,q,q,max_raise,['max_raise'],"[('p1', 'max_raise'), ('p2', 'call')]",0.0,7686.0,0.0,tie,showdown,False,2,102.0,114.0,calling_station
3875,j,j,check,['check'],"[('p1', 'check'), ('p2', 'check')]",0.0,7686.0,0.0,tie,showdown,False,2,114.0,114.0,calling_station
3876,q,q,max_raise,['max_raise'],"[('p1', 'max_raise'), ('p2', 'call')]",0.0,7686.0,0.0,tie,showdown,False,2,102.0,114.0,calling_station
3877,j,q,check,['check'],"[('p1', 'check'), ('p2', 'check')]",-6.0,7680.0,12.0,p2,showdown,False,2,114.0,114.0,calling_station
3878,k,j,max_raise,['max_raise'],"[('p1', 'max_raise'), ('p2', 'call')]",18.0,7698.0,36.0,p1,showdown,False,2,102.0,114.0,calling_station
3879,q,q,max_raise,['max_raise'],"[('p1', 'max_raise'), ('p2', 'call')]",0.0,7698.0,0.0,tie,showdown,False,2,102.0,114.0,calling_station
3880,j,q,check,['check'],"[('p1', 'check'), ('p2', 'check')]",-6.0,7692.0,12.0,p2,showdown,False,2,114.0,114.0,calling_station
3881,k,q,max_raise,['max_raise'],"[('p1', 'max_raise'), ('p2', 'call')]",18.0,7710.0,36.0,p1,showdown,False,2,102.0,114.0,calling_station
3882,q,k,max_raise,['max_raise'],"[('p1', 'max_raise'), ('p2', 'call')]",-18.0,7692.0,36.0,p2,showdown,False,2,102.0,114.0,calling_station
3883,k,k,max_raise,['max_raise'],"[('p1', 'max_raise'), ('p2', 'call')]",0.0,7692.0,0.0,tie,showdown,False,2,102.0,114.0,calling_station
3884,j,k,check,['check'],"[('p1', 'check'), ('p2', 'check')]",-6.0,7686.0,12.0,p2,showdown,False,2,114.0,114.0,calling_station
3885,j,q,check,['check'],"[('p1', 'check'), ('p2', 'check')]",-6.0,7680.0,12.0,p2,showdown,False,2,114.0,114.0,calling_station
3886,j,k,check,['check'],"[('p1', 'check'), ('p2', 'check')]",-6.0,7674.0,12.0,p2,showdown,False,2,114.0,114.0,calling_station
3887,j,q,check,['check'],"[('p1', 'check'), ('p2', 'check')]",-6.0,7668.0,12.0,p2,showdown,False,2,114.0,114.0,calling_station
3888,j,j,check,['check'],"[('p1', 'check'), ('p2', 'check')]",0.0,7668.0,0.0,tie,showdown,False,2,114.0,114.0,calling_station
3889,j,k,check,['check'],"[('p1', 'check'), ('p2', 'check')]",-6.0,7662.0,12.0,p2,showdown,False,2,114.0,114.0,calling_station
3890,j,j,check,['check'],"[('p1', 'check'), ('p2', 'check')]",0.0,7662.0,0.0,tie,showdown,False,2,114.0,114.0,calling_station
3891,k,q,max_raise,['max_raise'],"[('p1', 'max_raise'), ('p2', 'call')]",18.0,7680.0,36.0,p1,showdown,False,2,102.0,114.0,calling_station
3892,j,k,check,['check'],"[('p1', 'check'), ('p2', 'check')]",-6.0,7674.0,12.0,p2,showdown,False,2,114.0,114.0,calling_station
3893,j,j,check,['check'],"[('p1', 'check'), ('p2', 'check')]",0.0,7674.0,0.0,tie,showdown,False,2,114.0,114.0,calling_station
3894,q,k,max_raise,['max_raise'],"[('p1', 'max_raise'), ('p2', 'call')]",-18.0,7656.0,36.0,p2,showdown,False,2,102.0,114.0,calling_station
3895,q,j,max_raise,['max_raise'],"[('p1', 'max_raise'), ('p2', 'call')]",18.0,7674.0,36.0,p1,showdown,False,2,102.0,114.0,calling_station
3896,j,k,check,['check'],"[('p1', 'check'), ('p2', 'check')]",-6.0,7668.0,12.0,p2,showdown,False,2,114.0,114.0,calling_station
3897,k,q,max_raise,['max_raise'],"[('p1', 'max_raise'), ('p2', 'call')]",18.0,7686.0,36.0,p1,showdown,False,2,102.0,114.0,calling_station
3898,q,j,max_raise,['max_raise'],"[('p1', 'max_raise'), ('p2', 'call')]",18.0,7704.0,36.0,p1,showdown,False,2,102.0,114.0,calling_station
3899,j,q,check,['check'],"[('p1', 'check'), ('p2', 'check')]",-6.0,7698.0,12.0,p2,showdown,False,2,114.0,114.0,calling_station
3900,q,q,max_raise,['max_raise'],"[('p1', 'max_raise'), ('p2', 'call')]",0.0,7698.0,0.0,tie,showdown,False,2,102.0,114.0,calling_station
3901,q,q,max_raise,['max_raise'],"[('p1', 'max_raise'), ('p2', 'call')]",0.0,7698.0,0.0,tie,showdown,False,2,102.0,114.0,calling_station
3902,k,q,max_raise,['max_raise'],"[('p1', 'max_raise'), ('p2', 'call')]",18.0,7716.0,36.0,p1,showdown,False,2,102.0,114.0,calling_station
3903,j,j,check,['check'],"[('p1', 'check'), ('p2', 'check')]",0.0,7716.0,0.0,tie,showdown,False,2,114.0,114.0,calling_station
3904,j,k,check,['check'],"[('p1', 'check'), ('p2', 'check')]",-6.0,7710.0,12.0,p2,showdown,False,2,114.0,114.0,calling_station
3905,k,j,max_raise,['max_raise'],"[('p1', 'max_raise'), ('p2', 'call')]",18.0,7728.0,36.0,p1,showdown,False,2,102.0,114.0,calling_station
3906,k,j,max_raise,['max_raise'],"[('p1', 'max_raise'), ('p2', 'call')]",18.0,7746.0,36.0,p1,showdown,False,2,102.0,114.0,calling_station
3907,j,q,check,['check'],"[('p1', 'check'), ('p2', 'check')]",-6.0,7740.0,12.0,p2,showdown,False,2,114.0,114.0,calling_station
3908,k,q,max_raise,['max_raise'],"[('p1', 'max_raise'), ('p2', 'call')]",18.0,7758.0,36.0,p1,showdown,False,2,102.0,114.0,calling_station
3909,j,j,check,['check'],"[('p1', 'check'), ('p2', 'check')]",0.0,7758.0,0.0,tie,showdown,False,2,114.0,114.0,calling_station
3910,k,k,max_raise,['max_raise'],"[('p1', 'max_raise'), ('p2', 'call')]",0.0,7758.0,0.0,tie,showdown,False,2,102.0,114.0,calling_station
3911,k,j,max_raise,['max_raise'],"[('p1', 'max_raise'), ('p2', 'call')]",18.0,7776.0,36.0,p1,showdown,False,2,102.0,114.0,calling_station
3912,k,q,max_raise,['max_raise'],"[('p1', 'max_raise'), ('p2', 'call')]",18.0,7794.0,36.0,p1,showdown,False,2,102.0,114.0,calling_station
3913,q,j,max_raise,['max_raise'],"[('p1', 'max_raise'), ('p2', 'call')]",18.0,7812.0,36.0,p1,showdown,False,2,102.0,114.0,calling_station
3914,k,k,max_raise,['max_raise'],"[('p1', 'max_raise'), ('p2', 'call')]",0.0,7812.0,0.0,tie,showdown,False,2,102.0,114.0,calling_station
3915,j,k,check,['check'],"[('p1', 'check'), ('p2', 'check')]",-6.0,7806.0,12.0,p2,showdown,False,2,114.0,114.0,calling_station
3916,j,k,check,['check'],"[('p1', 'check'), ('p2', 'check')]",-6.0,7800.0,12.0,p2,showdown,False,2,114.0,114.0,calling_station
3917,q,q,max_raise,['max_raise'],"[('p1', 'max_raise'), ('p2', 'call')]",0.0,7800.0,0.0,tie,showdown,False,2,102.0,114.0,calling_station
3918,j,q,check,['check'],"[('p1', 'check'), ('p2', 'check')]",-6.0,7794.0,12.0,p2,showdown,False,2,114.0,114.0,calling_station
3919,j,k,check,['check'],"[('p1', 'check'), ('p2', 'check')]",-6.0,7788.0,12.0,p2,showdown,False,2,114.0,114.0,calling_station
3920,j,j,check,['check'],"[('p1', 'check'), ('p2', 'check')]",0.0,7788.0,0.0,tie,showdown,False,2,114.0,114.0,calling_station
3921,j,k,check,['check'],"[('p1', 'check'), ('p2', 'check')]",-6.0,7782.0,12.0,p2,showdown,False,2,114.0,114.0,calling_station
3922,j,j,check,['check'],"[('p1', 'check'), ('p2', 'check')]",0.0,7782.0,0.0,tie,showdown,False,2,114.0,114.0,calling_station
3923,j,j,check,['check'],"[('p1', 'check'), ('p2', 'check')]",0.0,7782.0,0.0,tie,showdown,False,2,114.0,114.0,calling_station
3924,j,q,check,['check'],"[('p1', 'check'), ('p2', 'check')]",-6.0,7776.0,12.0,p2,showdown,False,2,114.0,114.0,calling_station
3925,q,k,max_raise,['max_raise'],"[('p1', 'max_raise'), ('p2', 'call')]",-18.0,7758.0,36.0,p2,showdown,False,2,102.0,114.0,calling_station
3926,j,k,check,['check'],"[('p1', 'check'), ('p2', 'check')]",-6.0,7752.0,12.0,p2,showdown,False,2,114.0,114.0,calling_station
3927,k,q,max_raise,['max_raise'],"[('p1', 'max_raise'), ('p2', 'call')]",18.0,7770.0,36.0,p1,showdown,False,2,102.0,114.0,calling_station
3928,j,q,check,['check'],"[('p1', 'check'), ('p2', 'check')]",-6.0,7764.0,12.0,p2,showdown,False,2,114.0,114.0,calling_station
3929,k,j,max_raise,['max_raise'],"[('p1', 'max_raise'), ('p2', 'call')]",18.0,7782.0,36.0,p1,showdown,False,2,102.0,114.0,calling_station
3930,k,j,max_raise,['max_raise'],"[('p1', 'max_raise'), ('p2', 'call')]",18.0,7800.0,36.0,p1,showdown,False,2,102.0,114.0,calling_station
3931,j,j,check,['check'],"[('p1', 'check'), ('p2', 'check')]",0.0,7800.0,0.0,tie,showdown,False,2,114.0,114.0,calling_station
3932,k,j,max_raise,['max_raise'],"[('p1', 'max_raise'), ('p2', 'call')]",18.0,7818.0,36.0,p1,showdown,False,2,102.0,114.0,calling_station
3933,j,q,check,['check'],"[('p1', 'check'), ('p2', 'check')]",-6.0,7812.0,12.0,p2,showdown,False,2,114.0,114.0,calling_station
3934,k,q,max_raise,['max_raise'],"[('p1', 'max_raise'), ('p2', 'call')]",18.0,7830.0,36.0,p1,showdown,False,2,102.0,114.0,calling_station
3935,j,q,check,['check'],"[('p1', 'check'), ('p2', 'check')]",-6.0,7824.0,12.0,p2,showdown,False,2,114.0,114.0,calling_station
3936,j,k,check,['check'],"[('p1', 'check'), ('p2', 'check')]",-6.0,7818.0,12.0,p2,showdown,False,2,114.0,114.0,calling_station
3937,k,q,max_raise,['max_raise'],"[('p1', 'max_raise'), ('p2', 'call')]",18.0,7836.0,36.0,p1,showdown,False,2,102.0,114.0,calling_station
3938,q,k,max_raise,['max_raise'],"[('p1', 'max_raise'), ('p2', 'call')]",-18.0,7818.0,36.0,p2,showdown,False,2,102.0,114.0,calling_station
3939,k,j,max_raise,['max_raise'],"[('p1', 'max_raise'), ('p2', 'call')]",18.0,7836.0,36.0,p1,showdown,False,2,102.0,114.0,calling_station
3940,k,j,max_raise,['max_raise'],"[('p1', 'max_raise'), ('p2', 'call')]",18.0,7854.0,36.0,p1,showdown,False,2,102.0,114.0,calling_station
3941,q,j,max_raise,['max_raise'],"[('p1', 'max_raise'), ('p2', 'call')]",18.0,7872.0,36.0,p1,showdown,False,2,102.0,114.0,calling_station
3942,k,j,max_raise,['max_raise'],"[('p1', 'max_raise'), ('p2', 'call')]",18.0,7890.0,36.0,p1,showdown,False,2,102.0,114.0,calling_station
3943,q,q,max_raise,['max_raise'],"[('p1', 'max_raise'), ('p2', 'call')]",0.0,7890.0,0.0,tie,showdown,False,2,102.0,114.0,calling_station
3944,k,q,max_raise,['max_raise'],"[('p1', 'max_raise'), ('p2', 'call')]",18.0,7908.0,36.0,p1,showdown,False,2,102.0,114.0,calling_station
3945,k,j,max_raise,['max_raise'],"[('p1', 'max_raise'), ('p2', 'call')]",18.0,7926.0,36.0,p1,showdown,False,2,102.0,114.0,calling_station
3946,q,q,max_raise,['max_raise'],"[('p1', 'max_raise'), ('p2', 'call')]",0.0,7926.0,0.0,tie,showdown,False,2,102.0,114.0,calling_station
3947,k,j,max_raise,['max_raise'],"[('p1', 'max_raise'), ('p2', 'call')]",18.0,7944.0,36.0,p1,showdown,False,2,102.0,114.0,calling_station
3948,q,q,max_raise,['max_raise'],"[('p1', 'max_raise'), ('p2', 'call')]",0.0,7944.0,0.0,tie,showdown,False,2,102.0,114.0,calling_station
3949,k,k,max_raise,['max_raise'],"[('p1', 'max_raise'), ('p2', 'call')]",0.0,7944.0,0.0,tie,showdown,False,2,102.0,114.0,calling_station
3950,j,q,check,['check'],"[('p1', 'check'), ('p2', 'check')]",-6.0,7938.0,12.0,p2,showdown,False,2,114.0,114.0,calling_station
3951,j,k,check,['check'],"[('p1', 'check'), ('p2', 'check')]",-6.0,7932.0,12.0,p2,showdown,False,2,114.0,114.0,calling_station
3952,j,q,check,['check'],"[('p1', 'check'), ('p2', 'check')]",-6.0,7926.0,12.0,p2,showdown,False,2,114.0,114.0,calling_station
3953,k,j,max_raise,['max_raise'],"[('p1', 'max_raise'), ('p2', 'call')]",18.0,7944.0,36.0,p1,showdown,False,2,102.0,114.0,calling_station
3954,k,q,max_raise,['max_raise'],"[('p1', 'max_raise'), ('p2', 'call')]",18.0,7962.0,36.0,p1,showdown,False,2,102.0,114.0,calling_station
3955,j,k,check,['check'],"[('p1', 'check'), ('p2', 'check')]",-6.0,7956.0,12.0,p2,showdown,False,2,114.0,114.0,calling_station
3956,k,q,max_raise,['max_raise'],"[('p1', 'max_raise'), ('p2', 'call')]",18.0,7974.0,36.0,p1,showdown,False,2,102.0,114.0,calling_station
3957,k,k,max_raise,['max_raise'],"[('p1', 'max_raise'), ('p2', 'call')]",0.0,7974.0,0.0,tie,showdown,False,2,102.0,114.0,calling_station
3958,j,q,check,['check'],"[('p1', 'check'), ('p2', 'check')]",-6.0,7968.0,12.0,p2,showdown,False,2,114.0,114.0,calling_station
3959,j,j,check,['check'],"[('p1', 'check'), ('p2', 'check')]",0.0,7968.0,0.0,tie,showdown,False,2,114.0,114.0,calling_station
3960,q,q,max_raise,['max_raise'],"[('p1', 'max_raise'), ('p2', 'call')]",0.0,7968.0,0.0,tie,showdown,False,2,102.0,114.0,calling_station
3961,k,k,max_raise,['max_raise'],"[('p1', 'max_raise'), ('p2', 'call')]",0.0,7968.0,0.0,tie,showdown,False,2,102.0,114.0,calling_station
3962,k,k,max_raise,['max_raise'],"[('p1', 'max_raise'), ('p2', 'call')]",0.0,7968.0,0.0,tie,showdown,False,2,102.0,114.0,calling_station
3963,k,k,max_raise,['max_raise'],"[('p1', 'max_raise'), ('p2', 'call')]",0.0,7968.0,0.0,tie,showdown,False,2,102.0,114.0,calling_station
3964,q,q,max_raise,['max_raise'],"[('p1', 'max_raise'), ('p2', 'call')]",0.0,7968.0,0.0,tie,showdown,False,2,102.0,114.0,calling_station
3965,q,k,max_raise,['max_raise'],"[('p1', 'max_raise'), ('p2', 'call')]",-18.0,7950.0,36.0,p2,showdown,False,2,102.0,114.0,calling_station
3966,j,k,check,['check'],"[('p1', 'check'), ('p2', 'check')]",-6.0,7944.0,12.0,p2,showdown,False,2,114.0,114.0,calling_station
3967,j,k,check,['check'],"[('p1', 'check'), ('p2', 'check')]",-6.0,7938.0,12.0,p2,showdown,False,2,114.0,114.0,calling_station
3968,k,q,max_raise,['max_raise'],"[('p1', 'max_raise'), ('p2', 'call')]",18.0,7956.0,36.0,p1,showdown,False,2,102.0,114.0,calling_station
3969,k,q,max_raise,['max_raise'],"[('p1', 'max_raise'), ('p2', 'call')]",18.0,7974.0,36.0,p1,showdown,False,2,102.0,114.0,calling_station
3970,j,k,check,['check'],"[('p1', 'check'), ('p2', 'check')]",-6.0,7968.0,12.0,p2,showdown,False,2,114.0,114.0,calling_station
3971,k,j,max_raise,['max_raise'],"[('p1', 'max_raise'), ('p2', 'call')]",18.0,7986.0,36.0,p1,showdown,False,2,102.0,114.0,calling_station
3972,k,j,max_raise,['max_raise'],"[('p1', 'max_raise'), ('p2', 'call')]",18.0,8004.0,36.0,p1,showdown,False,2,102.0,114.0,calling_station
3973,q,k,max_raise,['max_raise'],"[('p1', 'max_raise'), ('p2', 'call')]",-18.0,7986.0,36.0,p2,showdown,False,2,102.0,114.0,calling_station
3974,q,k,max_raise,['max_raise'],"[('p1', 'max_raise'), ('p2', 'call')]",-18.0,7968.0,36.0,p2,showdown,False,2,102.0,114.0,calling_station
3975,q,k,max_raise,['max_raise'],"[('p1', 'max_raise'), ('p2', 'call')]",-18.0,7950.0,36.0,p2,showdown,False,2,102.0,114.0,calling_station
3976,k,k,max_raise,['max_raise'],"[('p1', 'max_raise'), ('p2', 'call')]",0.0,7950.0,0.0,tie,showdown,False,2,102.0,114.0,calling_station
3977,q,j,max_raise,['max_raise'],"[('p1', 'max_raise'), ('p2', 'call')]",18.0,7968.0,36.0,p1,showdown,False,2,102.0,114.0,calling_station
3978,q,j,max_raise,['max_raise'],"[('p1', 'max_raise'), ('p2', 'call')]",18.0,7986.0,36.0,p1,showdown,False,2,102.0,114.0,calling_station
3979,k,q,max_raise,['max_raise'],"[('p1', 'max_raise'), ('p2', 'call')]",18.0,8004.0,36.0,p1,showdown,False,2,102.0,114.0,calling_station
3980,k,k,max_raise,['max_raise'],"[('p1', 'max_raise'), ('p2', 'call')]",0.0,8004.0,0.0,tie,showdown,False,2,102.0,114.0,calling_station
3981,q,k,max_raise,['max_raise'],"[('p1', 'max_raise'), ('p2', 'call')]",-18.0,7986.0,36.0,p2,showdown,False,2,102.0,114.0,calling_station
3982,j,k,check,['check'],"[('p1', 'check'), ('p2', 'check')]",-6.0,7980.0,12.0,p2,showdown,False,2,114.0,114.0,calling_station
3983,j,j,check,['check'],"[('p1', 'check'), ('p2', 'check')]",0.0,7980.0,0.0,tie,showdown,False,2,114.0,114.0,calling_station
3984,k,k,max_raise,['max_raise'],"[('p1', 'max_raise'), ('p2', 'call')]",0.0,7980.0,0.0,tie,showdown,False,2,102.0,114.0,calling_station
3985,q,k,max_raise,['max_raise'],"[('p1', 'max_raise'), ('p2', 'call')]",-18.0,7962.0,36.0,p2,showdown,False,2,102.0,114.0,calling_station
3986,k,q,max_raise,['max_raise'],"[('p1', 'max_raise'), ('p2', 'call')]",18.0,7980.0,36.0,p1,showdown,False,2,102.0,114.0,calling_station
3987,k,q,max_raise,['max_raise'],"[('p1', 'max_raise'), ('p2', 'call')]",18.0,7998.0,36.0,p1,showdown,False,2,102.0,114.0,calling_station
3988,j,k,check,['check'],"[('p1', 'check'), ('p2', 'check')]",-6.0,7992.0,12.0,p2,showdown,False,2,114.0,114.0,calling_station
3989,q,k,max_raise,['max_raise'],"[('p1', 'max_raise'), ('p2', 'call')]",-18.0,7974.0,36.0,p2,showdown,False,2,102.0,114.0,calling_station
3990,q,q,max_raise,['max_raise'],"[('p1', 'max_raise'), ('p2', 'call')]",0.0,7974.0,0.0,tie,showdown,False,2,102.0,114.0,calling_station
3991,j,j,check,['check'],"[('p1', 'check'), ('p2', 'check')]",0.0,7974.0,0.0,tie,showdown,False,2,114.0,114.0,calling_station
3992,k,k,max_raise,['max_raise'],"[('p1', 'max_raise'), ('p2', 'call')]",0.0,7974.0,0.0,tie,showdown,False,2,102.0,114.0,calling_station
3993,k,j,max_raise,['max_raise'],"[('p1', 'max_raise'), ('p2', 'call')]",18.0,7992.0,36.0,p1,showdown,False,2,102.0,114.0,calling_station
3994,j,k,check,['check'],"[('p1', 'check'), ('p2', 'check')]",-6.0,7986.0,12.0,p2,showdown,False,2,114.0,114.0,calling_station
3995,j,k,check,['check'],"[('p1', 'check'), ('p2', 'check')]",-6.0,7980.0,12.0,p2,showdown,False,2,114.0,114.0,calling_station
3996,k,j,max_raise,['max_raise'],"[('p1', 'max_raise'), ('p2', 'call')]",18.0,7998.0,36.0,p1,showdown,False,2,102.0,114.0,calling_station
3997,j,k,check,['check'],"[('p1', 'check'), ('p2', 'check')]",-6.0,7992.0,12.0,p2,showdown,False,2,114.0,114.0,calling_station
3998,k,q,max_raise,['max_raise'],"[('p1', 'max_raise'), ('p2', 'call')]",18.0,8010.0,36.0,p1,showdown,False,2,102.0,114.0,calling_station
3999,q,k,max_raise,['max_raise'],"[('p1', 'max_raise'), ('p2', 'call')]",-18.0,7992.0,36.0,p2,showdown,False,2,102.0,114.0,calling_station
4000,j,k,check,['check'],"[('p1', 'check'), ('p2', 'check')]",-6.0,7986.0,12.0,p2,showdown,False,2,114.0,114.0,calling_station
4001,q,q,max_raise,['max_raise'],"[('p1', 'max_raise'), ('p2', 'call')]",0.0,7986.0,0.0,tie,showdown,False,2,102.0,114.0,calling_station
4002,q,j,max_raise,['max_raise'],"[('p1', 'max_raise'), ('p2', 'call')]",18.0,8004.0,36.0,p1,showdown,False,2,102.0,114.0,calling_station
4003,q,j,max_raise,['max_raise'],"[('p1', 'max_raise'), ('p2', 'call')]",18.0,8022.0,36.0,p1,showdown,False,2,102.0,114.0,calling_station
4004,k,q,max_raise,['max_raise'],"[('p1', 'max_raise'), ('p2', 'call')]",18.0,8040.0,36.0,p1,showdown,False,2,102.0,114.0,calling_station
4005,q,k,max_raise,['max_raise'],"[('p1', 'max_raise'), ('p2', 'call')]",-18.0,8022.0,36.0,p2,showdown,False,2,102.0,114.0,calling_station
4006,j,k,check,['check'],"[('p1', 'check'), ('p2', 'check')]",-6.0,8016.0,12.0,p2,showdown,False,2,114.0,114.0,calling_station
4007,k,j,max_raise,['max_raise'],"[('p1', 'max_raise'), ('p2', 'call')]",18.0,8034.0,36.0,p1,showdown,False,2,102.0,114.0,calling_station
4008,k,j,max_raise,['max_raise'],"[('p1', 'max_raise'), ('p2', 'call')]",18.0,8052.0,36.0,p1,showdown,False,2,102.0,114.0,calling_station
4009,k,k,max_raise,['max_raise'],"[('p1', 'max_raise'), ('p2', 'call')]",0.0,8052.0,0.0,tie,showdown,False,2,102.0,114.0,calling_station
4010,q,k,max_raise,['max_raise'],"[('p1', 'max_raise'), ('p2', 'call')]",-18.0,8034.0,36.0,p2,showdown,False,2,102.0,114.0,calling_station
4011,j,k,check,['check'],"[('p1', 'check'), ('p2', 'check')]",-6.0,8028.0,12.0,p2,showdown,False,2,114.0,114.0,calling_station
4012,k,k,max_raise,['max_raise'],"[('p1', 'max_raise'), ('p2', 'call')]",0.0,8028.0,0.0,tie,showdown,False,2,102.0,114.0,calling_station
4013,k,j,max_raise,['max_raise'],"[('p1', 'max_raise'), ('p2', 'call')]",18.0,8046.0,36.0,p1,showdown,False,2,102.0,114.0,calling_station
4014,j,j,check,['check'],"[('p1', 'check'), ('p2', 'check')]",0.0,8046.0,0.0,tie,showdown,False,2,114.0,114.0,calling_station
4015,k,k,max_raise,['max_raise'],"[('p1', 'max_raise'), ('p2', 'call')]",0.0,8046.0,0.0,tie,showdown,False,2,102.0,114.0,calling_station
4016,j,q,check,['check'],"[('p1', 'check'), ('p2', 'check')]",-6.0,8040.0,12.0,p2,showdown,False,2,114.0,114.0,calling_station
4017,j,j,check,['check'],"[('p1', 'check'), ('p2', 'check')]",0.0,8040.0,0.0,tie,showdown,False,2,114.0,114.0,calling_station
4018,j,k,check,['check'],"[('p1', 'check'), ('p2', 'check')]",-6.0,8034.0,12.0,p2,showdown,False,2,114.0,114.0,calling_station
4019,k,j,max_raise,['max_raise'],"[('p1', 'max_raise'), ('p2', 'call')]",18.0,8052.0,36.0,p1,showdown,False,2,102.0,114.0,calling_station
4020,j,q,check,['check'],"[('p1', 'check'), ('p2', 'check')]",-6.0,8046.0,12.0,p2,showdown,False,2,114.0,114.0,calling_station
4021,q,k,max_raise,['max_raise'],"[('p1', 'max_raise'), ('p2', 'call')]",-18.0,8028.0,36.0,p2,showdown,False,2,102.0,114.0,calling_station
4022,k,k,max_raise,['max_raise'],"[('p1', 'max_raise'), ('p2', 'call')]",0.0,8028.0,0.0,tie,showdown,False,2,102.0,114.0,calling_station
4023,k,k,max_raise,['max_raise'],"[('p1', 'max_raise'), ('p2', 'call')]",0.0,8028.0,0.0,tie,showdown,False,2,102.0,114.0,calling_station
4024,j,q,check,['check'],"[('p1', 'check'), ('p2', 'check')]",-6.0,8022.0,12.0,p2,showdown,False,2,114.0,114.0,calling_station
4025,k,j,max_raise,['max_raise'],"[('p1', 'max_raise'), ('p2', 'call')]",18.0,8040.0,36.0,p1,showdown,False,2,102.0,114.0,calling_station
4026,j,k,check,['check'],"[('p1', 'check'), ('p2', 'check')]",-6.0,8034.0,12.0,p2,showdown,False,2,114.0,114.0,calling_station
4027,q,j,max_raise,['max_raise'],"[('p1', 'max_raise'), ('p2', 'call')]",18.0,8052.0,36.0,p1,showdown,False,2,102.0,114.0,calling_station
4028,k,q,max_raise,['max_raise'],"[('p1', 'max_raise'), ('p2', 'call')]",18.0,8070.0,36.0,p1,showdown,False,2,102.0,114.0,calling_station
4029,q,q,max_raise,['max_raise'],"[('p1', 'max_raise'), ('p2', 'call')]",0.0,8070.0,0.0,tie,showdown,False,2,102.0,114.0,calling_station
4030,j,k,check,['check'],"[('p1', 'check'), ('p2', 'check')]",-6.0,8064.0,12.0,p2,showdown,False,2,114.0,114.0,calling_station
4031,q,k,max_raise,['max_raise'],"[('p1', 'max_raise'), ('p2', 'call')]",-18.0,8046.0,36.0,p2,showdown,False,2,102.0,114.0,calling_station
4032,j,q,check,['check'],"[('p1', 'check'), ('p2', 'check')]",-6.0,8040.0,12.0,p2,showdown,False,2,114.0,114.0,calling_station
4033,k,q,max_raise,['max_raise'],"[('p1', 'max_raise'), ('p2', 'call')]",18.0,8058.0,36.0,p1,showdown,False,2,102.0,114.0,calling_station
4034,j,j,check,['check'],"[('p1', 'check'), ('p2', 'check')]",0.0,8058.0,0.0,tie,showdown,False,2,114.0,114.0,calling_station
4035,j,k,check,['check'],"[('p1', 'check'), ('p2', 'check')]",-6.0,8052.0,12.0,p2,showdown,False,2,114.0,114.0,calling_station
4036,j,q,check,['check'],"[('p1', 'check'), ('p2', 'check')]",-6.0,8046.0,12.0,p2,showdown,False,2,114.0,114.0,calling_station
4037,j,k,check,['check'],"[('p1', 'check'), ('p2', 'check')]",-6.0,8040.0,12.0,p2,showdown,False,2,114.0,114.0,calling_station
4038,k,q,max_raise,['max_raise'],"[('p1', 'max_raise'), ('p2', 'call')]",18.0,8058.0,36.0,p1,showdown,False,2,102.0,114.0,calling_station
4039,j,k,check,['check'],"[('p1', 'check'), ('p2', 'check')]",-6.0,8052.0,12.0,p2,showdown,False,2,114.0,114.0,calling_station
4040,q,k,max_raise,['max_raise'],"[('p1', 'max_raise'), ('p2', 'call')]",-18.0,8034.0,36.0,p2,showdown,False,2,102.0,114.0,calling_station
4041,j,q,check,['check'],"[('p1', 'check'), ('p2', 'check')]",-6.0,8028.0,12.0,p2,showdown,False,2,114.0,114.0,calling_station
4042,j,k,check,['check'],"[('p1', 'check'), ('p2', 'check')]",-6.0,8022.0,12.0,p2,showdown,False,2,114.0,114.0,calling_station
4043,k,q,max_raise,['max_raise'],"[('p1', 'max_raise'), ('p2', 'call')]",18.0,8040.0,36.0,p1,showdown,False,2,102.0,114.0,calling_station
4044,q,j,max_raise,['max_raise'],"[('p1', 'max_raise'), ('p2', 'call')]",18.0,8058.0,36.0,p1,showdown,False,2,102.0,114.0,calling_station
4045,q,q,max_raise,['max_raise'],"[('p1', 'max_raise'), ('p2', 'call')]",0.0,8058.0,0.0,tie,showdown,False,2,102.0,114.0,calling_station
4046,j,k,check,['check'],"[('p1', 'check'), ('p2', 'check')]",-6.0,8052.0,12.0,p2,showdown,False,2,114.0,114.0,calling_station
4047,k,k,max_raise,['max_raise'],"[('p1', 'max_raise'), ('p2', 'call')]",0.0,8052.0,0.0,tie,showdown,False,2,102.0,114.0,calling_station
4048,k,q,max_raise,['max_raise'],"[('p1', 'max_raise'), ('p2', 'call')]",18.0,8070.0,36.0,p1,showdown,False,2,102.0,114.0,calling_station
4049,q,j,max_raise,['max_raise'],"[('p1', 'max_raise'), ('p2', 'call')]",18.0,8088.0,36.0,p1,showdown,False,2,102.0,114.0,calling_station
4050,q,j,max_raise,['max_raise'],"[('p1', 'max_raise'), ('p2', 'call')]",18.0,8106.0,36.0,p1,showdown,False,2,102.0,114.0,calling_station
4051,j,k,check,['check'],"[('p1', 'check'), ('p2', 'check')]",-6.0,8100.0,12.0,p2,showdown,False,2,114.0,114.0,calling_station
4052,k,j,max_raise,['max_raise'],"[('p1', 'max_raise'), ('p2', 'call')]",18.0,8118.0,36.0,p1,showdown,False,2,102.0,114.0,calling_station
4053,j,q,check,['check'],"[('p1', 'check'), ('p2', 'check')]",-6.0,8112.0,12.0,p2,showdown,False,2,114.0,114.0,calling_station
4054,j,k,check,['check'],"[('p1', 'check'), ('p2', 'check')]",-6.0,8106.0,12.0,p2,showdown,False,2,114.0,114.0,calling_station
4055,k,j,max_raise,['max_raise'],"[('p1', 'max_raise'), ('p2', 'call')]",18.0,8124.0,36.0,p1,showdown,False,2,102.0,114.0,calling_station
4056,q,k,max_raise,['max_raise'],"[('p1', 'max_raise'), ('p2', 'call')]",-18.0,8106.0,36.0,p2,showdown,False,2,102.0,114.0,calling_station
4057,q,j,max_raise,['max_raise'],"[('p1', 'max_raise'), ('p2', 'call')]",18.0,8124.0,36.0,p1,showdown,False,2,102.0,114.0,calling_station
4058,q,k,max_raise,['max_raise'],"[('p1', 'max_raise'), ('p2', 'call')]",-18.0,8106.0,36.0,p2,showdown,False,2,102.0,114.0,calling_station
4059,k,k,max_raise,['max_raise'],"[('p1', 'max_raise'), ('p2', 'call')]",0.0,8106.0,0.0,tie,showdown,False,2,102.0,114.0,calling_station
4060,j,k,check,['check'],"[('p1', 'check'), ('p2', 'check')]",-6.0,8100.0,12.0,p2,showdown,False,2,114.0,114.0,calling_station
4061,k,j,max_raise,['max_raise'],"[('p1', 'max_raise'), ('p2', 'call')]",18.0,8118.0,36.0,p1,showdown,False,2,102.0,114.0,calling_station
4062,j,q,check,['check'],"[('p1', 'check'), ('p2', 'check')]",-6.0,8112.0,12.0,p2,showdown,False,2,114.0,114.0,calling_station
4063,k,j,max_raise,['max_raise'],"[('p1', 'max_raise'), ('p2', 'call')]",18.0,8130.0,36.0,p1,showdown,False,2,102.0,114.0,calling_station
4064,q,k,max_raise,['max_raise'],"[('p1', 'max_raise'), ('p2', 'call')]",-18.0,8112.0,36.0,p2,showdown,False,2,102.0,114.0,calling_station
4065,k,j,max_raise,['max_raise'],"[('p1', 'max_raise'), ('p2', 'call')]",18.0,8130.0,36.0,p1,showdown,False,2,102.0,114.0,calling_station
4066,j,q,check,['check'],"[('p1', 'check'), ('p2', 'check')]",-6.0,8124.0,12.0,p2,showdown,False,2,114.0,114.0,calling_station
4067,k,k,max_raise,['max_raise'],"[('p1', 'max_raise'), ('p2', 'call')]",0.0,8124.0,0.0,tie,showdown,False,2,102.0,114.0,calling_station
4068,k,j,max_raise,['max_raise'],"[('p1', 'max_raise'), ('p2', 'call')]",18.0,8142.0,36.0,p1,showdown,False,2,102.0,114.0,calling_station
4069,j,k,check,['check'],"[('p1', 'check'), ('p2', 'check')]",-6.0,8136.0,12.0,p2,showdown,False,2,114.0,114.0,calling_station
4070,j,j,check,['check'],"[('p1', 'check'), ('p2', 'check')]",0.0,8136.0,0.0,tie,showdown,False,2,114.0,114.0,calling_station
4071,j,q,check,['check'],"[('p1', 'check'), ('p2', 'check')]",-6.0,8130.0,12.0,p2,showdown,False,2,114.0,114.0,calling_station
4072,k,j,max_raise,['max_raise'],"[('p1', 'max_raise'), ('p2', 'call')]",18.0,8148.0,36.0,p1,showdown,False,2,102.0,114.0,calling_station
4073,k,q,max_raise,['max_raise'],"[('p1', 'max_raise'), ('p2', 'call')]",18.0,8166.0,36.0,p1,showdown,False,2,102.0,114.0,calling_station
4074,k,j,max_raise,['max_raise'],"[('p1', 'max_raise'), ('p2', 'call')]",18.0,8184.0,36.0,p1,showdown,False,2,102.0,114.0,calling_station
4075,j,j,check,['check'],"[('p1', 'check'), ('p2', 'check')]",0.0,8184.0,0.0,tie,showdown,False,2,114.0,114.0,calling_station
4076,k,q,max_raise,['max_raise'],"[('p1', 'max_raise'), ('p2', 'call')]",18.0,8202.0,36.0,p1,showdown,False,2,102.0,114.0,calling_station
4077,k,k,max_raise,['max_raise'],"[('p1', 'max_raise'), ('p2', 'call')]",0.0,8202.0,0.0,tie,showdown,False,2,102.0,114.0,calling_station
4078,j,j,check,['check'],"[('p1', 'check'), ('p2', 'check')]",0.0,8202.0,0.0,tie,showdown,False,2,114.0,114.0,calling_station
4079,k,j,max_raise,['max_raise'],"[('p1', 'max_raise'), ('p2', 'call')]",18.0,8220.0,36.0,p1,showdown,False,2,102.0,114.0,calling_station
4080,q,k,max_raise,['max_raise'],"[('p1', 'max_raise'), ('p2', 'call')]",-18.0,8202.0,36.0,p2,showdown,False,2,102.0,114.0,calling_station
4081,j,q,check,['check'],"[('p1', 'check'), ('p2', 'check')]",-6.0,8196.0,12.0,p2,showdown,False,2,114.0,114.0,calling_station
4082,j,q,check,['check'],"[('p1', 'check'), ('p2', 'check')]",-6.0,8190.0,12.0,p2,showdown,False,2,114.0,114.0,calling_station
4083,q,k,max_raise,['max_raise'],"[('p1', 'max_raise'), ('p2', 'call')]",-18.0,8172.0,36.0,p2,showdown,False,2,102.0,114.0,calling_station
4084,j,q,check,['check'],"[('p1', 'check'), ('p2', 'check')]",-6.0,8166.0,12.0,p2,showdown,False,2,114.0,114.0,calling_station
4085,q,q,max_raise,['max_raise'],"[('p1', 'max_raise'), ('p2', 'call')]",0.0,8166.0,0.0,tie,showdown,False,2,102.0,114.0,calling_station
4086,q,j,max_raise,['max_raise'],"[('p1', 'max_raise'), ('p2', 'call')]",18.0,8184.0,36.0,p1,showdown,False,2,102.0,114.0,calling_station
4087,j,j,check,['check'],"[('p1', 'check'), ('p2', 'check')]",0.0,8184.0,0.0,tie,showdown,False,2,114.0,114.0,calling_station
4088,q,q,max_raise,['max_raise'],"[('p1', 'max_raise'), ('p2', 'call')]",0.0,8184.0,0.0,tie,showdown,False,2,102.0,114.0,calling_station
4089,q,j,max_raise,['max_raise'],"[('p1', 'max_raise'), ('p2', 'call')]",18.0,8202.0,36.0,p1,showdown,False,2,102.0,114.0,calling_station
4090,q,j,max_raise,['max_raise'],"[('p1', 'max_raise'), ('p2', 'call')]",18.0,8220.0,36.0,p1,showdown,False,2,102.0,114.0,calling_station
4091,q,j,max_raise,['max_raise'],"[('p1', 'max_raise'), ('p2', 'call')]",18.0,8238.0,36.0,p1,showdown,False,2,102.0,114.0,calling_station
4092,k,q,max_raise,['max_raise'],"[('p1', 'max_raise'), ('p2', 'call')]",18.0,8256.0,36.0,p1,showdown,False,2,102.0,114.0,calling_station
4093,j,k,check,['check'],"[('p1', 'check'), ('p2', 'check')]",-6.0,8250.0,12.0,p2,showdown,False,2,114.0,114.0,calling_station
4094,j,q,check,['check'],"[('p1', 'check'), ('p2', 'check')]",-6.0,8244.0,12.0,p2,showdown,False,2,114.0,114.0,calling_station
4095,k,k,max_raise,['max_raise'],"[('p1', 'max_raise'), ('p2', 'call')]",0.0,8244.0,0.0,tie,showdown,False,2,102.0,114.0,calling_station
4096,j,j,check,['check'],"[('p1', 'check'), ('p2', 'check')]",0.0,8244.0,0.0,tie,showdown,False,2,114.0,114.0,calling_station
4097,j,q,check,['check'],"[('p1', 'check'), ('p2', 'check')]",-6.0,8238.0,12.0,p2,showdown,False,2,114.0,114.0,calling_station
4098,q,q,max_raise,['max_raise'],"[('p1', 'max_raise'), ('p2', 'call')]",0.0,8238.0,0.0,tie,showdown,False,2,102.0,114.0,calling_station
4099,j,j,check,['check'],"[('p1', 'check'), ('p2', 'check')]",0.0,8238.0,0.0,tie,showdown,False,2,114.0,114.0,calling_station
4100,k,q,max_raise,['max_raise'],"[('p1', 'max_raise'), ('p2', 'call')]",18.0,8256.0,36.0,p1,showdown,False,2,102.0,114.0,calling_station
4101,k,q,max_raise,['max_raise'],"[('p1', 'max_raise'), ('p2', 'call')]",18.0,8274.0,36.0,p1,showdown,False,2,102.0,114.0,calling_station
4102,k,q,max_raise,['max_raise'],"[('p1', 'max_raise'), ('p2', 'call')]",18.0,8292.0,36.0,p1,showdown,False,2,102.0,114.0,calling_station
4103,q,q,max_raise,['max_raise'],"[('p1', 'max_raise'), ('p2', 'call')]",0.0,8292.0,0.0,tie,showdown,False,2,102.0,114.0,calling_station
4104,q,j,max_raise,['max_raise'],"[('p1', 'max_raise'), ('p2', 'call')]",18.0,8310.0,36.0,p1,showdown,False,2,102.0,114.0,calling_station
4105,q,j,max_raise,['max_raise'],"[('p1', 'max_raise'), ('p2', 'call')]",18.0,8328.0,36.0,p1,showdown,False,2,102.0,114.0,calling_station
4106,j,k,check,['check'],"[('p1', 'check'), ('p2', 'check')]",-6.0,8322.0,12.0,p2,showdown,False,2,114.0,114.0,calling_station
4107,k,q,max_raise,['max_raise'],"[('p1', 'max_raise'), ('p2', 'call')]",18.0,8340.0,36.0,p1,showdown,False,2,102.0,114.0,calling_station
4108,q,k,max_raise,['max_raise'],"[('p1', 'max_raise'), ('p2', 'call')]",-18.0,8322.0,36.0,p2,showdown,False,2,102.0,114.0,calling_station
4109,q,j,max_raise,['max_raise'],"[('p1', 'max_raise'), ('p2', 'call')]",18.0,8340.0,36.0,p1,showdown,False,2,102.0,114.0,calling_station
4110,q,k,max_raise,['max_raise'],"[('p1', 'max_raise'), ('p2', 'call')]",-18.0,8322.0,36.0,p2,showdown,False,2,102.0,114.0,calling_station
4111,k,q,max_raise,['max_raise'],"[('p1', 'max_raise'), ('p2', 'call')]",18.0,8340.0,36.0,p1,showdown,False,2,102.0,114.0,calling_station
4112,j,k,check,['check'],"[('p1', 'check'), ('p2', 'check')]",-6.0,8334.0,12.0,p2,showdown,False,2,114.0,114.0,calling_station
4113,q,q,max_raise,['max_raise'],"[('p1', 'max_raise'), ('p2', 'call')]",0.0,8334.0,0.0,tie,showdown,False,2,102.0,114.0,calling_station
4114,q,q,max_raise,['max_raise'],"[('p1', 'max_raise'), ('p2', 'call')]",0.0,8334.0,0.0,tie,showdown,False,2,102.0,114.0,calling_station
4115,j,j,check,['check'],"[('p1', 'check'), ('p2', 'check')]",0.0,8334.0,0.0,tie,showdown,False,2,114.0,114.0,calling_station
4116,q,k,max_raise,['max_raise'],"[('p1', 'max_raise'), ('p2', 'call')]",-18.0,8316.0,36.0,p2,showdown,False,2,102.0,114.0,calling_station
4117,q,k,max_raise,['max_raise'],"[('p1', 'max_raise'), ('p2', 'call')]",-18.0,8298.0,36.0,p2,showdown,False,2,102.0,114.0,calling_station
4118,q,q,max_raise,['max_raise'],"[('p1', 'max_raise'), ('p2', 'call')]",0.0,8298.0,0.0,tie,showdown,False,2,102.0,114.0,calling_station
4119,j,j,check,['check'],"[('p1', 'check'), ('p2', 'check')]",0.0,8298.0,0.0,tie,showdown,False,2,114.0,114.0,calling_station
4120,j,q,check,['check'],"[('p1', 'check'), ('p2', 'check')]",-6.0,8292.0,12.0,p2,showdown,False,2,114.0,114.0,calling_station
4121,j,j,check,['check'],"[('p1', 'check'), ('p2', 'check')]",0.0,8292.0,0.0,tie,showdown,False,2,114.0,114.0,calling_station
4122,j,q,check,['check'],"[('p1', 'check'), ('p2', 'check')]",-6.0,8286.0,12.0,p2,showdown,False,2,114.0,114.0,calling_station
4123,q,j,max_raise,['max_raise'],"[('p1', 'max_raise'), ('p2', 'call')]",18.0,8304.0,36.0,p1,showdown,False,2,102.0,114.0,calling_station
4124,q,k,max_raise,['max_raise'],"[('p1', 'max_raise'), ('p2', 'call')]",-18.0,8286.0,36.0,p2,showdown,False,2,102.0,114.0,calling_station
4125,j,q,check,['check'],"[('p1', 'check'), ('p2', 'check')]",-6.0,8280.0,12.0,p2,showdown,False,2,114.0,114.0,calling_station
4126,k,j,max_raise,['max_raise'],"[('p1', 'max_raise'), ('p2', 'call')]",18.0,8298.0,36.0,p1,showdown,False,2,102.0,114.0,calling_station
4127,q,j,max_raise,['max_raise'],"[('p1', 'max_raise'), ('p2', 'call')]",18.0,8316.0,36.0,p1,showdown,False,2,102.0,114.0,calling_station
4128,q,j,max_raise,['max_raise'],"[('p1', 'max_raise'), ('p2', 'call')]",18.0,8334.0,36.0,p1,showdown,False,2,102.0,114.0,calling_station
4129,j,j,check,['check'],"[('p1', 'check'), ('p2', 'check')]",0.0,8334.0,0.0,tie,showdown,False,2,114.0,114.0,calling_station
4130,q,k,max_raise,['max_raise'],"[('p1', 'max_raise'), ('p2', 'call')]",-18.0,8316.0,36.0,p2,showdown,False,2,102.0,114.0,calling_station
4131,k,k,max_raise,['max_raise'],"[('p1', 'max_raise'), ('p2', 'call')]",0.0,8316.0,0.0,tie,showdown,False,2,102.0,114.0,calling_station
4132,k,j,max_raise,['max_raise'],"[('p1', 'max_raise'), ('p2', 'call')]",18.0,8334.0,36.0,p1,showdown,False,2,102.0,114.0,calling_station
4133,j,q,check,['check'],"[('p1', 'check'), ('p2', 'check')]",-6.0,8328.0,12.0,p2,showdown,False,2,114.0,114.0,calling_station
4134,q,k,max_raise,['max_raise'],"[('p1', 'max_raise'), ('p2', 'call')]",-18.0,8310.0,36.0,p2,showdown,False,2,102.0,114.0,calling_station
4135,q,q,max_raise,['max_raise'],"[('p1', 'max_raise'), ('p2', 'call')]",0.0,8310.0,0.0,tie,showdown,False,2,102.0,114.0,calling_station
4136,k,q,max_raise,['max_raise'],"[('p1', 'max_raise'), ('p2', 'call')]",18.0,8328.0,36.0,p1,showdown,False,2,102.0,114.0,calling_station
4137,k,q,max_raise,['max_raise'],"[('p1', 'max_raise'), ('p2', 'call')]",18.0,8346.0,36.0,p1,showdown,False,2,102.0,114.0,calling_station
4138,k,j,max_raise,['max_raise'],"[('p1', 'max_raise'), ('p2', 'call')]",18.0,8364.0,36.0,p1,showdown,False,2,102.0,114.0,calling_station
4139,q,j,max_raise,['max_raise'],"[('p1', 'max_raise'), ('p2', 'call')]",18.0,8382.0,36.0,p1,showdown,False,2,102.0,114.0,calling_station
4140,j,q,check,['check'],"[('p1', 'check'), ('p2', 'check')]",-6.0,8376.0,12.0,p2,showdown,False,2,114.0,114.0,calling_station
4141,k,j,max_raise,['max_raise'],"[('p1', 'max_raise'), ('p2', 'call')]",18.0,8394.0,36.0,p1,showdown,False,2,102.0,114.0,calling_station
4142,j,k,check,['check'],"[('p1', 'check'), ('p2', 'check')]",-6.0,8388.0,12.0,p2,showdown,False,2,114.0,114.0,calling_station
4143,j,q,check,['check'],"[('p1', 'check'), ('p2', 'check')]",-6.0,8382.0,12.0,p2,showdown,False,2,114.0,114.0,calling_station
4144,j,k,check,['check'],"[('p1', 'check'), ('p2', 'check')]",-6.0,8376.0,12.0,p2,showdown,False,2,114.0,114.0,calling_station
4145,q,j,max_raise,['max_raise'],"[('p1', 'max_raise'), ('p2', 'call')]",18.0,8394.0,36.0,p1,showdown,False,2,102.0,114.0,calling_station
4146,j,q,check,['check'],"[('p1', 'check'), ('p2', 'check')]",-6.0,8388.0,12.0,p2,showdown,False,2,114.0,114.0,calling_station
4147,j,q,check,['check'],"[('p1', 'check'), ('p2', 'check')]",-6.0,8382.0,12.0,p2,showdown,False,2,114.0,114.0,calling_station
4148,q,k,max_raise,['max_raise'],"[('p1', 'max_raise'), ('p2', 'call')]",-18.0,8364.0,36.0,p2,showdown,False,2,102.0,114.0,calling_station
4149,k,q,max_raise,['max_raise'],"[('p1', 'max_raise'), ('p2', 'call')]",18.0,8382.0,36.0,p1,showdown,False,2,102.0,114.0,calling_station
4150,j,j,check,['check'],"[('p1', 'check'), ('p2', 'check')]",0.0,8382.0,0.0,tie,showdown,False,2,114.0,114.0,calling_station
4151,q,q,max_raise,['max_raise'],"[('p1', 'max_raise'), ('p2', 'call')]",0.0,8382.0,0.0,tie,showdown,False,2,102.0,114.0,calling_station
4152,q,q,max_raise,['max_raise'],"[('p1', 'max_raise'), ('p2', 'call')]",0.0,8382.0,0.0,tie,showdown,False,2,102.0,114.0,calling_station
4153,j,j,check,['check'],"[('p1', 'check'), ('p2', 'check')]",0.0,8382.0,0.0,tie,showdown,False,2,114.0,114.0,calling_station
4154,j,k,check,['check'],"[('p1', 'check'), ('p2', 'check')]",-6.0,8376.0,12.0,p2,showdown,False,2,114.0,114.0,calling_station
4155,j,q,check,['check'],"[('p1', 'check'), ('p2', 'check')]",-6.0,8370.0,12.0,p2,showdown,False,2,114.0,114.0,calling_station
4156,q,k,max_raise,['max_raise'],"[('p1', 'max_raise'), ('p2', 'call')]",-18.0,8352.0,36.0,p2,showdown,False,2,102.0,114.0,calling_station
4157,k,j,max_raise,['max_raise'],"[('p1', 'max_raise'), ('p2', 'call')]",18.0,8370.0,36.0,p1,showdown,False,2,102.0,114.0,calling_station
4158,k,k,max_raise,['max_raise'],"[('p1', 'max_raise'), ('p2', 'call')]",0.0,8370.0,0.0,tie,showdown,False,2,102.0,114.0,calling_station
4159,q,j,max_raise,['max_raise'],"[('p1', 'max_raise'), ('p2', 'call')]",18.0,8388.0,36.0,p1,showdown,False,2,102.0,114.0,calling_station
4160,k,j,max_raise,['max_raise'],"[('p1', 'max_raise'), ('p2', 'call')]",18.0,8406.0,36.0,p1,showdown,False,2,102.0,114.0,calling_station
4161,q,j,max_raise,['max_raise'],"[('p1', 'max_raise'), ('p2', 'call')]",18.0,8424.0,36.0,p1,showdown,False,2,102.0,114.0,calling_station
4162,q,k,max_raise,['max_raise'],"[('p1', 'max_raise'), ('p2', 'call')]",-18.0,8406.0,36.0,p2,showdown,False,2,102.0,114.0,calling_station
4163,k,k,max_raise,['max_raise'],"[('p1', 'max_raise'), ('p2', 'call')]",0.0,8406.0,0.0,tie,showdown,False,2,102.0,114.0,calling_station
4164,k,q,max_raise,['max_raise'],"[('p1', 'max_raise'), ('p2', 'call')]",18.0,8424.0,36.0,p1,showdown,False,2,102.0,114.0,calling_station
4165,q,q,max_raise,['max_raise'],"[('p1', 'max_raise'), ('p2', 'call')]",0.0,8424.0,0.0,tie,showdown,False,2,102.0,114.0,calling_station
4166,q,q,max_raise,['max_raise'],"[('p1', 'max_raise'), ('p2', 'call')]",0.0,8424.0,0.0,tie,showdown,False,2,102.0,114.0,calling_station
4167,j,q,check,['check'],"[('p1', 'check'), ('p2', 'check')]",-6.0,8418.0,12.0,p2,showdown,False,2,114.0,114.0,calling_station
4168,k,j,max_raise,['max_raise'],"[('p1', 'max_raise'), ('p2', 'call')]",18.0,8436.0,36.0,p1,showdown,False,2,102.0,114.0,calling_station
4169,j,j,check,['check'],"[('p1', 'check'), ('p2', 'check')]",0.0,8436.0,0.0,tie,showdown,False,2,114.0,114.0,calling_station
4170,q,q,max_raise,['max_raise'],"[('p1', 'max_raise'), ('p2', 'call')]",0.0,8436.0,0.0,tie,showdown,False,2,102.0,114.0,calling_station
4171,j,j,check,['check'],"[('p1', 'check'), ('p2', 'check')]",0.0,8436.0,0.0,tie,showdown,False,2,114.0,114.0,calling_station
4172,k,k,max_raise,['max_raise'],"[('p1', 'max_raise'), ('p2', 'call')]",0.0,8436.0,0.0,tie,showdown,False,2,102.0,114.0,calling_station
4173,q,k,max_raise,['max_raise'],"[('p1', 'max_raise'), ('p2', 'call')]",-18.0,8418.0,36.0,p2,showdown,False,2,102.0,114.0,calling_station
4174,q,q,max_raise,['max_raise'],"[('p1', 'max_raise'), ('p2', 'call')]",0.0,8418.0,0.0,tie,showdown,False,2,102.0,114.0,calling_station
4175,j,j,check,['check'],"[('p1', 'check'), ('p2', 'check')]",0.0,8418.0,0.0,tie,showdown,False,2,114.0,114.0,calling_station
4176,j,q,check,['check'],"[('p1', 'check'), ('p2', 'check')]",-6.0,8412.0,12.0,p2,showdown,False,2,114.0,114.0,calling_station
4177,j,k,check,['check'],"[('p1', 'check'), ('p2', 'check')]",-6.0,8406.0,12.0,p2,showdown,False,2,114.0,114.0,calling_station
4178,q,j,max_raise,['max_raise'],"[('p1', 'max_raise'), ('p2', 'call')]",18.0,8424.0,36.0,p1,showdown,False,2,102.0,114.0,calling_station
4179,j,q,check,['check'],"[('p1', 'check'), ('p2', 'check')]",-6.0,8418.0,12.0,p2,showdown,False,2,114.0,114.0,calling_station
4180,q,k,max_raise,['max_raise'],"[('p1', 'max_raise'), ('p2', 'call')]",-18.0,8400.0,36.0,p2,showdown,False,2,102.0,114.0,calling_station
4181,q,j,max_raise,['max_raise'],"[('p1', 'max_raise'), ('p2', 'call')]",18.0,8418.0,36.0,p1,showdown,False,2,102.0,114.0,calling_station
4182,k,j,max_raise,['max_raise'],"[('p1', 'max_raise'), ('p2', 'call')]",18.0,8436.0,36.0,p1,showdown,False,2,102.0,114.0,calling_station
4183,j,q,check,['check'],"[('p1', 'check'), ('p2', 'check')]",-6.0,8430.0,12.0,p2,showdown,False,2,114.0,114.0,calling_station
4184,k,q,max_raise,['max_raise'],"[('p1', 'max_raise'), ('p2', 'call')]",18.0,8448.0,36.0,p1,showdown,False,2,102.0,114.0,calling_station
4185,j,q,check,['check'],"[('p1', 'check'), ('p2', 'check')]",-6.0,8442.0,12.0,p2,showdown,False,2,114.0,114.0,calling_station
4186,q,j,max_raise,['max_raise'],"[('p1', 'max_raise'), ('p2', 'call')]",18.0,8460.0,36.0,p1,showdown,False,2,102.0,114.0,calling_station
4187,k,q,max_raise,['max_raise'],"[('p1', 'max_raise'), ('p2', 'call')]",18.0,8478.0,36.0,p1,showdown,False,2,102.0,114.0,calling_station
4188,q,k,max_raise,['max_raise'],"[('p1', 'max_raise'), ('p2', 'call')]",-18.0,8460.0,36.0,p2,showdown,False,2,102.0,114.0,calling_station
4189,j,j,check,['check'],"[('p1', 'check'), ('p2', 'check')]",0.0,8460.0,0.0,tie,showdown,False,2,114.0,114.0,calling_station
4190,j,k,check,['check'],"[('p1', 'check'), ('p2', 'check')]",-6.0,8454.0,12.0,p2,showdown,False,2,114.0,114.0,calling_station
4191,q,k,max_raise,['max_raise'],"[('p1', 'max_raise'), ('p2', 'call')]",-18.0,8436.0,36.0,p2,showdown,False,2,102.0,114.0,calling_station
4192,j,q,check,['check'],"[('p1', 'check'), ('p2', 'check')]",-6.0,8430.0,12.0,p2,showdown,False,2,114.0,114.0,calling_station
4193,q,j,max_raise,['max_raise'],"[('p1', 'max_raise'), ('p2', 'call')]",18.0,8448.0,36.0,p1,showdown,False,2,102.0,114.0,calling_station
4194,q,k,max_raise,['max_raise'],"[('p1', 'max_raise'), ('p2', 'call')]",-18.0,8430.0,36.0,p2,showdown,False,2,102.0,114.0,calling_station
4195,k,j,max_raise,['max_raise'],"[('p1', 'max_raise'), ('p2', 'call')]",18.0,8448.0,36.0,p1,showdown,False,2,102.0,114.0,calling_station
4196,k,j,max_raise,['max_raise'],"[('p1', 'max_raise'), ('p2', 'call')]",18.0,8466.0,36.0,p1,showdown,False,2,102.0,114.0,calling_station
4197,q,j,max_raise,['max_raise'],"[('p1', 'max_raise'), ('p2', 'call')]",18.0,8484.0,36.0,p1,showdown,False,2,102.0,114.0,calling_station
4198,q,j,max_raise,['max_raise'],"[('p1', 'max_raise'), ('p2', 'call')]",18.0,8502.0,36.0,p1,showdown,False,2,102.0,114.0,calling_station
4199,q,q,max_raise,['max_raise'],"[('p1', 'max_raise'), ('p2', 'call')]",0.0,8502.0,0.0,tie,showdown,False,2,102.0,114.0,calling_station
4200,j,j,check,['check'],"[('p1', 'check'), ('p2', 'check')]",0.0,8502.0,0.0,tie,showdown,False,2,114.0,114.0,calling_station
4201,j,q,check,['check'],"[('p1', 'check'), ('p2', 'check')]",-6.0,8496.0,12.0,p2,showdown,False,2,114.0,114.0,calling_station
4202,k,k,max_raise,['max_raise'],"[('p1', 'max_raise'), ('p2', 'call')]",0.0,8496.0,0.0,tie,showdown,False,2,102.0,114.0,calling_station
4203,q,q,max_raise,['max_raise'],"[('p1', 'max_raise'), ('p2', 'call')]",0.0,8496.0,0.0,tie,showdown,False,2,102.0,114.0,calling_station
4204,q,k,max_raise,['max_raise'],"[('p1', 'max_raise'), ('p2', 'call')]",-18.0,8478.0,36.0,p2,showdown,False,2,102.0,114.0,calling_station
4205,j,q,check,['check'],"[('p1', 'check'), ('p2', 'check')]",-6.0,8472.0,12.0,p2,showdown,False,2,114.0,114.0,calling_station
4206,k,q,max_raise,['max_raise'],"[('p1', 'max_raise'), ('p2', 'call')]",18.0,8490.0,36.0,p1,showdown,False,2,102.0,114.0,calling_station
4207,k,q,max_raise,['max_raise'],"[('p1', 'max_raise'), ('p2', 'call')]",18.0,8508.0,36.0,p1,showdown,False,2,102.0,114.0,calling_station
4208,q,q,max_raise,['max_raise'],"[('p1', 'max_raise'), ('p2', 'call')]",0.0,8508.0,0.0,tie,showdown,False,2,102.0,114.0,calling_station
4209,k,k,max_raise,['max_raise'],"[('p1', 'max_raise'), ('p2', 'call')]",0.0,8508.0,0.0,tie,showdown,False,2,102.0,114.0,calling_station
4210,j,k,check,['check'],"[('p1', 'check'), ('p2', 'check')]",-6.0,8502.0,12.0,p2,showdown,False,2,114.0,114.0,calling_station
4211,k,k,max_raise,['max_raise'],"[('p1', 'max_raise'), ('p2', 'call')]",0.0,8502.0,0.0,tie,showdown,False,2,102.0,114.0,calling_station
4212,q,q,max_raise,['max_raise'],"[('p1', 'max_raise'), ('p2', 'call')]",0.0,8502.0,0.0,tie,showdown,False,2,102.0,114.0,calling_station
4213,j,q,check,['check'],"[('p1', 'check'), ('p2', 'check')]",-6.0,8496.0,12.0,p2,showdown,False,2,114.0,114.0,calling_station
4214,j,q,check,['check'],"[('p1', 'check'), ('p2', 'check')]",-6.0,8490.0,12.0,p2,showdown,False,2,114.0,114.0,calling_station
4215,j,k,check,['check'],"[('p1', 'check'), ('p2', 'check')]",-6.0,8484.0,12.0,p2,showdown,False,2,114.0,114.0,calling_station
4216,k,q,max_raise,['max_raise'],"[('p1', 'max_raise'), ('p2', 'call')]",18.0,8502.0,36.0,p1,showdown,False,2,102.0,114.0,calling_station
4217,q,j,max_raise,['max_raise'],"[('p1', 'max_raise'), ('p2', 'call')]",18.0,8520.0,36.0,p1,showdown,False,2,102.0,114.0,calling_station
4218,q,q,max_raise,['max_raise'],"[('p1', 'max_raise'), ('p2', 'call')]",0.0,8520.0,0.0,tie,showdown,False,2,102.0,114.0,calling_station
4219,j,k,check,['check'],"[('p1', 'check'), ('p2', 'check')]",-6.0,8514.0,12.0,p2,showdown,False,2,114.0,114.0,calling_station
4220,q,j,max_raise,['max_raise'],"[('p1', 'max_raise'), ('p2', 'call')]",18.0,8532.0,36.0,p1,showdown,False,2,102.0,114.0,calling_station
4221,q,q,max_raise,['max_raise'],"[('p1', 'max_raise'), ('p2', 'call')]",0.0,8532.0,0.0,tie,showdown,False,2,102.0,114.0,calling_station
4222,j,k,check,['check'],"[('p1', 'check'), ('p2', 'check')]",-6.0,8526.0,12.0,p2,showdown,False,2,114.0,114.0,calling_station
4223,q,k,max_raise,['max_raise'],"[('p1', 'max_raise'), ('p2', 'call')]",-18.0,8508.0,36.0,p2,showdown,False,2,102.0,114.0,calling_station
4224,q,k,max_raise,['max_raise'],"[('p1', 'max_raise'), ('p2', 'call')]",-18.0,8490.0,36.0,p2,showdown,False,2,102.0,114.0,calling_station
4225,k,j,max_raise,['max_raise'],"[('p1', 'max_raise'), ('p2', 'call')]",18.0,8508.0,36.0,p1,showdown,False,2,102.0,114.0,calling_station
4226,k,j,max_raise,['max_raise'],"[('p1', 'max_raise'), ('p2', 'call')]",18.0,8526.0,36.0,p1,showdown,False,2,102.0,114.0,calling_station
4227,j,j,check,['check'],"[('p1', 'check'), ('p2', 'check')]",0.0,8526.0,0.0,tie,showdown,False,2,114.0,114.0,calling_station
4228,j,q,check,['check'],"[('p1', 'check'), ('p2', 'check')]",-6.0,8520.0,12.0,p2,showdown,False,2,114.0,114.0,calling_station
4229,j,k,check,['check'],"[('p1', 'check'), ('p2', 'check')]",-6.0,8514.0,12.0,p2,showdown,False,2,114.0,114.0,calling_station
4230,k,j,max_raise,['max_raise'],"[('p1', 'max_raise'), ('p2', 'call')]",18.0,8532.0,36.0,p1,showdown,False,2,102.0,114.0,calling_station
4231,q,q,max_raise,['max_raise'],"[('p1', 'max_raise'), ('p2', 'call')]",0.0,8532.0,0.0,tie,showdown,False,2,102.0,114.0,calling_station
4232,k,j,max_raise,['max_raise'],"[('p1', 'max_raise'), ('p2', 'call')]",18.0,8550.0,36.0,p1,showdown,False,2,102.0,114.0,calling_station
4233,j,j,check,['check'],"[('p1', 'check'), ('p2', 'check')]",0.0,8550.0,0.0,tie,showdown,False,2,114.0,114.0,calling_station
4234,j,k,check,['check'],"[('p1', 'check'), ('p2', 'check')]",-6.0,8544.0,12.0,p2,showdown,False,2,114.0,114.0,calling_station
4235,q,j,max_raise,['max_raise'],"[('p1', 'max_raise'), ('p2', 'call')]",18.0,8562.0,36.0,p1,showdown,False,2,102.0,114.0,calling_station
4236,j,j,check,['check'],"[('p1', 'check'), ('p2', 'check')]",0.0,8562.0,0.0,tie,showdown,False,2,114.0,114.0,calling_station
4237,k,q,max_raise,['max_raise'],"[('p1', 'max_raise'), ('p2', 'call')]",18.0,8580.0,36.0,p1,showdown,False,2,102.0,114.0,calling_station
4238,q,j,max_raise,['max_raise'],"[('p1', 'max_raise'), ('p2', 'call')]",18.0,8598.0,36.0,p1,showdown,False,2,102.0,114.0,calling_station
4239,k,j,max_raise,['max_raise'],"[('p1', 'max_raise'), ('p2', 'call')]",18.0,8616.0,36.0,p1,showdown,False,2,102.0,114.0,calling_station
4240,q,k,max_raise,['max_raise'],"[('p1', 'max_raise'), ('p2', 'call')]",-18.0,8598.0,36.0,p2,showdown,False,2,102.0,114.0,calling_station
4241,q,j,max_raise,['max_raise'],"[('p1', 'max_raise'), ('p2', 'call')]",18.0,8616.0,36.0,p1,showdown,False,2,102.0,114.0,calling_station
4242,k,j,max_raise,['max_raise'],"[('p1', 'max_raise'), ('p2', 'call')]",18.0,8634.0,36.0,p1,showdown,False,2,102.0,114.0,calling_station
4243,q,j,max_raise,['max_raise'],"[('p1', 'max_raise'), ('p2', 'call')]",18.0,8652.0,36.0,p1,showdown,False,2,102.0,114.0,calling_station
4244,q,j,max_raise,['max_raise'],"[('p1', 'max_raise'), ('p2', 'call')]",18.0,8670.0,36.0,p1,showdown,False,2,102.0,114.0,calling_station
4245,j,j,check,['check'],"[('p1', 'check'), ('p2', 'check')]",0.0,8670.0,0.0,tie,showdown,False,2,114.0,114.0,calling_station
4246,j,q,check,['check'],"[('p1', 'check'), ('p2', 'check')]",-6.0,8664.0,12.0,p2,showdown,False,2,114.0,114.0,calling_station
4247,k,j,max_raise,['max_raise'],"[('p1', 'max_raise'), ('p2', 'call')]",18.0,8682.0,36.0,p1,showdown,False,2,102.0,114.0,calling_station
4248,q,k,max_raise,['max_raise'],"[('p1', 'max_raise'), ('p2', 'call')]",-18.0,8664.0,36.0,p2,showdown,False,2,102.0,114.0,calling_station
4249,q,k,max_raise,['max_raise'],"[('p1', 'max_raise'), ('p2', 'call')]",-18.0,8646.0,36.0,p2,showdown,False,2,102.0,114.0,calling_station
4250,q,q,max_raise,['max_raise'],"[('p1', 'max_raise'), ('p2', 'call')]",0.0,8646.0,0.0,tie,showdown,False,2,102.0,114.0,calling_station
4251,j,k,check,['check'],"[('p1', 'check'), ('p2', 'check')]",-6.0,8640.0,12.0,p2,showdown,False,2,114.0,114.0,calling_station
4252,q,k,max_raise,['max_raise'],"[('p1', 'max_raise'), ('p2', 'call')]",-18.0,8622.0,36.0,p2,showdown,False,2,102.0,114.0,calling_station
4253,k,k,max_raise,['max_raise'],"[('p1', 'max_raise'), ('p2', 'call')]",0.0,8622.0,0.0,tie,showdown,False,2,102.0,114.0,calling_station
4254,k,q,max_raise,['max_raise'],"[('p1', 'max_raise'), ('p2', 'call')]",18.0,8640.0,36.0,p1,showdown,False,2,102.0,114.0,calling_station
4255,q,k,max_raise,['max_raise'],"[('p1', 'max_raise'), ('p2', 'call')]",-18.0,8622.0,36.0,p2,showdown,False,2,102.0,114.0,calling_station
4256,k,j,max_raise,['max_raise'],"[('p1', 'max_raise'), ('p2', 'call')]",18.0,8640.0,36.0,p1,showdown,False,2,102.0,114.0,calling_station
4257,j,q,check,['check'],"[('p1', 'check'), ('p2', 'check')]",-6.0,8634.0,12.0,p2,showdown,False,2,114.0,114.0,calling_station
4258,j,j,check,['check'],"[('p1', 'check'), ('p2', 'check')]",0.0,8634.0,0.0,tie,showdown,False,2,114.0,114.0,calling_station
4259,k,k,max_raise,['max_raise'],"[('p1', 'max_raise'), ('p2', 'call')]",0.0,8634.0,0.0,tie,showdown,False,2,102.0,114.0,calling_station
4260,q,k,max_raise,['max_raise'],"[('p1', 'max_raise'), ('p2', 'call')]",-18.0,8616.0,36.0,p2,showdown,False,2,102.0,114.0,calling_station
4261,q,j,max_raise,['max_raise'],"[('p1', 'max_raise'), ('p2', 'call')]",18.0,8634.0,36.0,p1,showdown,False,2,102.0,114.0,calling_station
4262,k,k,max_raise,['max_raise'],"[('p1', 'max_raise'), ('p2', 'call')]",0.0,8634.0,0.0,tie,showdown,False,2,102.0,114.0,calling_station
4263,j,q,check,['check'],"[('p1', 'check'), ('p2', 'check')]",-6.0,8628.0,12.0,p2,showdown,False,2,114.0,114.0,calling_station
4264,q,k,max_raise,['max_raise'],"[('p1', 'max_raise'), ('p2', 'call')]",-18.0,8610.0,36.0,p2,showdown,False,2,102.0,114.0,calling_station
4265,k,q,max_raise,['max_raise'],"[('p1', 'max_raise'), ('p2', 'call')]",18.0,8628.0,36.0,p1,showdown,False,2,102.0,114.0,calling_station
4266,k,q,max_raise,['max_raise'],"[('p1', 'max_raise'), ('p2', 'call')]",18.0,8646.0,36.0,p1,showdown,False,2,102.0,114.0,calling_station
4267,q,j,max_raise,['max_raise'],"[('p1', 'max_raise'), ('p2', 'call')]",18.0,8664.0,36.0,p1,showdown,False,2,102.0,114.0,calling_station
4268,k,k,max_raise,['max_raise'],"[('p1', 'max_raise'), ('p2', 'call')]",0.0,8664.0,0.0,tie,showdown,False,2,102.0,114.0,calling_station
4269,q,k,max_raise,['max_raise'],"[('p1', 'max_raise'), ('p2', 'call')]",-18.0,8646.0,36.0,p2,showdown,False,2,102.0,114.0,calling_station
4270,q,k,max_raise,['max_raise'],"[('p1', 'max_raise'), ('p2', 'call')]",-18.0,8628.0,36.0,p2,showdown,False,2,102.0,114.0,calling_station
4271,q,q,max_raise,['max_raise'],"[('p1', 'max_raise'), ('p2', 'call')]",0.0,8628.0,0.0,tie,showdown,False,2,102.0,114.0,calling_station
4272,j,k,check,['check'],"[('p1', 'check'), ('p2', 'check')]",-6.0,8622.0,12.0,p2,showdown,False,2,114.0,114.0,calling_station
4273,j,k,check,['check'],"[('p1', 'check'), ('p2', 'check')]",-6.0,8616.0,12.0,p2,showdown,False,2,114.0,114.0,calling_station
4274,k,q,max_raise,['max_raise'],"[('p1', 'max_raise'), ('p2', 'call')]",18.0,8634.0,36.0,p1,showdown,False,2,102.0,114.0,calling_station
4275,k,k,max_raise,['max_raise'],"[('p1', 'max_raise'), ('p2', 'call')]",0.0,8634.0,0.0,tie,showdown,False,2,102.0,114.0,calling_station
4276,k,q,max_raise,['max_raise'],"[('p1', 'max_raise'), ('p2', 'call')]",18.0,8652.0,36.0,p1,showdown,False,2,102.0,114.0,calling_station
4277,k,j,max_raise,['max_raise'],"[('p1', 'max_raise'), ('p2', 'call')]",18.0,8670.0,36.0,p1,showdown,False,2,102.0,114.0,calling_station
4278,k,j,max_raise,['max_raise'],"[('p1', 'max_raise'), ('p2', 'call')]",18.0,8688.0,36.0,p1,showdown,False,2,102.0,114.0,calling_station
4279,k,k,max_raise,['max_raise'],"[('p1', 'max_raise'), ('p2', 'call')]",0.0,8688.0,0.0,tie,showdown,False,2,102.0,114.0,calling_station
4280,k,j,max_raise,['max_raise'],"[('p1', 'max_raise'), ('p2', 'call')]",18.0,8706.0,36.0,p1,showdown,False,2,102.0,114.0,calling_station
4281,q,j,max_raise,['max_raise'],"[('p1', 'max_raise'), ('p2', 'call')]",18.0,8724.0,36.0,p1,showdown,False,2,102.0,114.0,calling_station
4282,j,q,check,['check'],"[('p1', 'check'), ('p2', 'check')]",-6.0,8718.0,12.0,p2,showdown,False,2,114.0,114.0,calling_station
4283,k,j,max_raise,['max_raise'],"[('p1', 'max_raise'), ('p2', 'call')]",18.0,8736.0,36.0,p1,showdown,False,2,102.0,114.0,calling_station
4284,j,j,check,['check'],"[('p1', 'check'), ('p2', 'check')]",0.0,8736.0,0.0,tie,showdown,False,2,114.0,114.0,calling_station
4285,q,j,max_raise,['max_raise'],"[('p1', 'max_raise'), ('p2', 'call')]",18.0,8754.0,36.0,p1,showdown,False,2,102.0,114.0,calling_station
4286,q,q,max_raise,['max_raise'],"[('p1', 'max_raise'), ('p2', 'call')]",0.0,8754.0,0.0,tie,showdown,False,2,102.0,114.0,calling_station
4287,k,j,max_raise,['max_raise'],"[('p1', 'max_raise'), ('p2', 'call')]",18.0,8772.0,36.0,p1,showdown,False,2,102.0,114.0,calling_station
4288,k,q,max_raise,['max_raise'],"[('p1', 'max_raise'), ('p2', 'call')]",18.0,8790.0,36.0,p1,showdown,False,2,102.0,114.0,calling_station
4289,j,k,check,['check'],"[('p1', 'check'), ('p2', 'check')]",-6.0,8784.0,12.0,p2,showdown,False,2,114.0,114.0,calling_station
4290,j,k,check,['check'],"[('p1', 'check'), ('p2', 'check')]",-6.0,8778.0,12.0,p2,showdown,False,2,114.0,114.0,calling_station
4291,q,j,max_raise,['max_raise'],"[('p1', 'max_raise'), ('p2', 'call')]",18.0,8796.0,36.0,p1,showdown,False,2,102.0,114.0,calling_station
4292,k,j,max_raise,['max_raise'],"[('p1', 'max_raise'), ('p2', 'call')]",18.0,8814.0,36.0,p1,showdown,False,2,102.0,114.0,calling_station
4293,q,k,max_raise,['max_raise'],"[('p1', 'max_raise'), ('p2', 'call')]",-18.0,8796.0,36.0,p2,showdown,False,2,102.0,114.0,calling_station
4294,j,q,check,['check'],"[('p1', 'check'), ('p2', 'check')]",-6.0,8790.0,12.0,p2,showdown,False,2,114.0,114.0,calling_station
4295,j,k,check,['check'],"[('p1', 'check'), ('p2', 'check')]",-6.0,8784.0,12.0,p2,showdown,False,2,114.0,114.0,calling_station
4296,q,k,max_raise,['max_raise'],"[('p1', 'max_raise'), ('p2', 'call')]",-18.0,8766.0,36.0,p2,showdown,False,2,102.0,114.0,calling_station
4297,q,j,max_raise,['max_raise'],"[('p1', 'max_raise'), ('p2', 'call')]",18.0,8784.0,36.0,p1,showdown,False,2,102.0,114.0,calling_station
4298,q,k,max_raise,['max_raise'],"[('p1', 'max_raise'), ('p2', 'call')]",-18.0,8766.0,36.0,p2,showdown,False,2,102.0,114.0,calling_station
4299,q,j,max_raise,['max_raise'],"[('p1', 'max_raise'), ('p2', 'call')]",18.0,8784.0,36.0,p1,showdown,False,2,102.0,114.0,calling_station
4300,j,k,check,['check'],"[('p1', 'check'), ('p2', 'check')]",-6.0,8778.0,12.0,p2,showdown,False,2,114.0,114.0,calling_station
4301,q,j,max_raise,['max_raise'],"[('p1', 'max_raise'), ('p2', 'call')]",18.0,8796.0,36.0,p1,showdown,False,2,102.0,114.0,calling_station
4302,k,q,max_raise,['max_raise'],"[('p1', 'max_raise'), ('p2', 'call')]",18.0,8814.0,36.0,p1,showdown,False,2,102.0,114.0,calling_station
4303,q,j,max_raise,['max_raise'],"[('p1', 'max_raise'), ('p2', 'call')]",18.0,8832.0,36.0,p1,showdown,False,2,102.0,114.0,calling_station
4304,q,j,max_raise,['max_raise'],"[('p1', 'max_raise'), ('p2', 'call')]",18.0,8850.0,36.0,p1,showdown,False,2,102.0,114.0,calling_station
4305,j,k,check,['check'],"[('p1', 'check'), ('p2', 'check')]",-6.0,8844.0,12.0,p2,showdown,False,2,114.0,114.0,calling_station
4306,q,k,max_raise,['max_raise'],"[('p1', 'max_raise'), ('p2', 'call')]",-18.0,8826.0,36.0,p2,showdown,False,2,102.0,114.0,calling_station
4307,q,k,max_raise,['max_raise'],"[('p1', 'max_raise'), ('p2', 'call')]",-18.0,8808.0,36.0,p2,showdown,False,2,102.0,114.0,calling_station
4308,k,j,max_raise,['max_raise'],"[('p1', 'max_raise'), ('p2', 'call')]",18.0,8826.0,36.0,p1,showdown,False,2,102.0,114.0,calling_station
4309,j,k,check,['check'],"[('p1', 'check'), ('p2', 'check')]",-6.0,8820.0,12.0,p2,showdown,False,2,114.0,114.0,calling_station
4310,j,k,check,['check'],"[('p1', 'check'), ('p2', 'check')]",-6.0,8814.0,12.0,p2,showdown,False,2,114.0,114.0,calling_station
4311,j,j,check,['check'],"[('p1', 'check'), ('p2', 'check')]",0.0,8814.0,0.0,tie,showdown,False,2,114.0,114.0,calling_station
4312,k,q,max_raise,['max_raise'],"[('p1', 'max_raise'), ('p2', 'call')]",18.0,8832.0,36.0,p1,showdown,False,2,102.0,114.0,calling_station
4313,q,q,max_raise,['max_raise'],"[('p1', 'max_raise'), ('p2', 'call')]",0.0,8832.0,0.0,tie,showdown,False,2,102.0,114.0,calling_station
4314,k,q,max_raise,['max_raise'],"[('p1', 'max_raise'), ('p2', 'call')]",18.0,8850.0,36.0,p1,showdown,False,2,102.0,114.0,calling_station
4315,k,k,max_raise,['max_raise'],"[('p1', 'max_raise'), ('p2', 'call')]",0.0,8850.0,0.0,tie,showdown,False,2,102.0,114.0,calling_station
4316,k,q,max_raise,['max_raise'],"[('p1', 'max_raise'), ('p2', 'call')]",18.0,8868.0,36.0,p1,showdown,False,2,102.0,114.0,calling_station
4317,j,k,check,['check'],"[('p1', 'check'), ('p2', 'check')]",-6.0,8862.0,12.0,p2,showdown,False,2,114.0,114.0,calling_station
4318,k,q,max_raise,['max_raise'],"[('p1', 'max_raise'), ('p2', 'call')]",18.0,8880.0,36.0,p1,showdown,False,2,102.0,114.0,calling_station
4319,k,q,max_raise,['max_raise'],"[('p1', 'max_raise'), ('p2', 'call')]",18.0,8898.0,36.0,p1,showdown,False,2,102.0,114.0,calling_station
4320,k,k,max_raise,['max_raise'],"[('p1', 'max_raise'), ('p2', 'call')]",0.0,8898.0,0.0,tie,showdown,False,2,102.0,114.0,calling_station
4321,q,k,max_raise,['max_raise'],"[('p1', 'max_raise'), ('p2', 'call')]",-18.0,8880.0,36.0,p2,showdown,False,2,102.0,114.0,calling_station
4322,k,j,max_raise,['max_raise'],"[('p1', 'max_raise'), ('p2', 'call')]",18.0,8898.0,36.0,p1,showdown,False,2,102.0,114.0,calling_station
4323,q,j,max_raise,['max_raise'],"[('p1', 'max_raise'), ('p2', 'call')]",18.0,8916.0,36.0,p1,showdown,False,2,102.0,114.0,calling_station
4324,j,q,check,['check'],"[('p1', 'check'), ('p2', 'check')]",-6.0,8910.0,12.0,p2,showdown,False,2,114.0,114.0,calling_station
4325,k,k,max_raise,['max_raise'],"[('p1', 'max_raise'), ('p2', 'call')]",0.0,8910.0,0.0,tie,showdown,False,2,102.0,114.0,calling_station
4326,k,j,max_raise,['max_raise'],"[('p1', 'max_raise'), ('p2', 'call')]",18.0,8928.0,36.0,p1,showdown,False,2,102.0,114.0,calling_station
4327,j,q,check,['check'],"[('p1', 'check'), ('p2', 'check')]",-6.0,8922.0,12.0,p2,showdown,False,2,114.0,114.0,calling_station
4328,q,j,max_raise,['max_raise'],"[('p1', 'max_raise'), ('p2', 'call')]",18.0,8940.0,36.0,p1,showdown,False,2,102.0,114.0,calling_station
4329,j,k,check,['check'],"[('p1', 'check'), ('p2', 'check')]",-6.0,8934.0,12.0,p2,showdown,False,2,114.0,114.0,calling_station
4330,j,q,check,['check'],"[('p1', 'check'), ('p2', 'check')]",-6.0,8928.0,12.0,p2,showdown,False,2,114.0,114.0,calling_station
4331,j,k,check,['check'],"[('p1', 'check'), ('p2', 'check')]",-6.0,8922.0,12.0,p2,showdown,False,2,114.0,114.0,calling_station
4332,q,k,max_raise,['max_raise'],"[('p1', 'max_raise'), ('p2', 'call')]",-18.0,8904.0,36.0,p2,showdown,False,2,102.0,114.0,calling_station
4333,j,k,check,['check'],"[('p1', 'check'), ('p2', 'check')]",-6.0,8898.0,12.0,p2,showdown,False,2,114.0,114.0,calling_station
4334,q,j,max_raise,['max_raise'],"[('p1', 'max_raise'), ('p2', 'call')]",18.0,8916.0,36.0,p1,showdown,False,2,102.0,114.0,calling_station
4335,j,q,check,['check'],"[('p1', 'check'), ('p2', 'check')]",-6.0,8910.0,12.0,p2,showdown,False,2,114.0,114.0,calling_station
4336,k,q,max_raise,['max_raise'],"[('p1', 'max_raise'), ('p2', 'call')]",18.0,8928.0,36.0,p1,showdown,False,2,102.0,114.0,calling_station
4337,k,q,max_raise,['max_raise'],"[('p1', 'max_raise'), ('p2', 'call')]",18.0,8946.0,36.0,p1,showdown,False,2,102.0,114.0,calling_station
4338,q,q,max_raise,['max_raise'],"[('p1', 'max_raise'), ('p2', 'call')]",0.0,8946.0,0.0,tie,showdown,False,2,102.0,114.0,calling_station
4339,k,k,max_raise,['max_raise'],"[('p1', 'max_raise'), ('p2', 'call')]",0.0,8946.0,0.0,tie,showdown,False,2,102.0,114.0,calling_station
4340,q,k,max_raise,['max_raise'],"[('p1', 'max_raise'), ('p2', 'call')]",-18.0,8928.0,36.0,p2,showdown,False,2,102.0,114.0,calling_station
4341,q,q,max_raise,['max_raise'],"[('p1', 'max_raise'), ('p2', 'call')]",0.0,8928.0,0.0,tie,showdown,False,2,102.0,114.0,calling_station
4342,q,j,max_raise,['max_raise'],"[('p1', 'max_raise'), ('p2', 'call')]",18.0,8946.0,36.0,p1,showdown,False,2,102.0,114.0,calling_station
4343,j,k,check,['check'],"[('p1', 'check'), ('p2', 'check')]",-6.0,8940.0,12.0,p2,showdown,False,2,114.0,114.0,calling_station
4344,k,k,max_raise,['max_raise'],"[('p1', 'max_raise'), ('p2', 'call')]",0.0,8940.0,0.0,tie,showdown,False,2,102.0,114.0,calling_station
4345,k,q,max_raise,['max_raise'],"[('p1', 'max_raise'), ('p2', 'call')]",18.0,8958.0,36.0,p1,showdown,False,2,102.0,114.0,calling_station
4346,q,q,max_raise,['max_raise'],"[('p1', 'max_raise'), ('p2', 'call')]",0.0,8958.0,0.0,tie,showdown,False,2,102.0,114.0,calling_station
4347,j,k,check,['check'],"[('p1', 'check'), ('p2', 'check')]",-6.0,8952.0,12.0,p2,showdown,False,2,114.0,114.0,calling_station
4348,j,q,check,['check'],"[('p1', 'check'), ('p2', 'check')]",-6.0,8946.0,12.0,p2,showdown,False,2,114.0,114.0,calling_station
4349,k,k,max_raise,['max_raise'],"[('p1', 'max_raise'), ('p2', 'call')]",0.0,8946.0,0.0,tie,showdown,False,2,102.0,114.0,calling_station
4350,k,q,max_raise,['max_raise'],"[('p1', 'max_raise'), ('p2', 'call')]",18.0,8964.0,36.0,p1,showdown,False,2,102.0,114.0,calling_station
4351,k,k,max_raise,['max_raise'],"[('p1', 'max_raise'), ('p2', 'call')]",0.0,8964.0,0.0,tie,showdown,False,2,102.0,114.0,calling_station
4352,k,q,max_raise,['max_raise'],"[('p1', 'max_raise'), ('p2', 'call')]",18.0,8982.0,36.0,p1,showdown,False,2,102.0,114.0,calling_station
4353,k,j,max_raise,['max_raise'],"[('p1', 'max_raise'), ('p2', 'call')]",18.0,9000.0,36.0,p1,showdown,False,2,102.0,114.0,calling_station
4354,q,k,max_raise,['max_raise'],"[('p1', 'max_raise'), ('p2', 'call')]",-18.0,8982.0,36.0,p2,showdown,False,2,102.0,114.0,calling_station
4355,j,j,check,['check'],"[('p1', 'check'), ('p2', 'check')]",0.0,8982.0,0.0,tie,showdown,False,2,114.0,114.0,calling_station
4356,k,q,max_raise,['max_raise'],"[('p1', 'max_raise'), ('p2', 'call')]",18.0,9000.0,36.0,p1,showdown,False,2,102.0,114.0,calling_station
4357,q,k,max_raise,['max_raise'],"[('p1', 'max_raise'), ('p2', 'call')]",-18.0,8982.0,36.0,p2,showdown,False,2,102.0,114.0,calling_station
4358,j,k,check,['check'],"[('p1', 'check'), ('p2', 'check')]",-6.0,8976.0,12.0,p2,showdown,False,2,114.0,114.0,calling_station
4359,j,q,check,['check'],"[('p1', 'check'), ('p2', 'check')]",-6.0,8970.0,12.0,p2,showdown,False,2,114.0,114.0,calling_station
4360,q,j,max_raise,['max_raise'],"[('p1', 'max_raise'), ('p2', 'call')]",18.0,8988.0,36.0,p1,showdown,False,2,102.0,114.0,calling_station
4361,k,q,max_raise,['max_raise'],"[('p1', 'max_raise'), ('p2', 'call')]",18.0,9006.0,36.0,p1,showdown,False,2,102.0,114.0,calling_station
4362,j,q,check,['check'],"[('p1', 'check'), ('p2', 'check')]",-6.0,9000.0,12.0,p2,showdown,False,2,114.0,114.0,calling_station
4363,j,k,check,['check'],"[('p1', 'check'), ('p2', 'check')]",-6.0,8994.0,12.0,p2,showdown,False,2,114.0,114.0,calling_station
4364,j,k,check,['check'],"[('p1', 'check'), ('p2', 'check')]",-6.0,8988.0,12.0,p2,showdown,False,2,114.0,114.0,calling_station
4365,k,j,max_raise,['max_raise'],"[('p1', 'max_raise'), ('p2', 'call')]",18.0,9006.0,36.0,p1,showdown,False,2,102.0,114.0,calling_station
4366,k,q,max_raise,['max_raise'],"[('p1', 'max_raise'), ('p2', 'call')]",18.0,9024.0,36.0,p1,showdown,False,2,102.0,114.0,calling_station
4367,k,q,max_raise,['max_raise'],"[('p1', 'max_raise'), ('p2', 'call')]",18.0,9042.0,36.0,p1,showdown,False,2,102.0,114.0,calling_station
4368,k,q,max_raise,['max_raise'],"[('p1', 'max_raise'), ('p2', 'call')]",18.0,9060.0,36.0,p1,showdown,False,2,102.0,114.0,calling_station
4369,k,k,max_raise,['max_raise'],"[('p1', 'max_raise'), ('p2', 'call')]",0.0,9060.0,0.0,tie,showdown,False,2,102.0,114.0,calling_station
4370,k,k,max_raise,['max_raise'],"[('p1', 'max_raise'), ('p2', 'call')]",0.0,9060.0,0.0,tie,showdown,False,2,102.0,114.0,calling_station
4371,q,j,max_raise,['max_raise'],"[('p1', 'max_raise'), ('p2', 'call')]",18.0,9078.0,36.0,p1,showdown,False,2,102.0,114.0,calling_station
4372,k,k,max_raise,['max_raise'],"[('p1', 'max_raise'), ('p2', 'call')]",0.0,9078.0,0.0,tie,showdown,False,2,102.0,114.0,calling_station
4373,k,q,max_raise,['max_raise'],"[('p1', 'max_raise'), ('p2', 'call')]",18.0,9096.0,36.0,p1,showdown,False,2,102.0,114.0,calling_station
4374,q,k,max_raise,['max_raise'],"[('p1', 'max_raise'), ('p2', 'call')]",-18.0,9078.0,36.0,p2,showdown,False,2,102.0,114.0,calling_station
4375,k,j,max_raise,['max_raise'],"[('p1', 'max_raise'), ('p2', 'call')]",18.0,9096.0,36.0,p1,showdown,False,2,102.0,114.0,calling_station
4376,j,k,check,['check'],"[('p1', 'check'), ('p2', 'check')]",-6.0,9090.0,12.0,p2,showdown,False,2,114.0,114.0,calling_station
4377,j,q,check,['check'],"[('p1', 'check'), ('p2', 'check')]",-6.0,9084.0,12.0,p2,showdown,False,2,114.0,114.0,calling_station
4378,k,j,max_raise,['max_raise'],"[('p1', 'max_raise'), ('p2', 'call')]",18.0,9102.0,36.0,p1,showdown,False,2,102.0,114.0,calling_station
4379,k,k,max_raise,['max_raise'],"[('p1', 'max_raise'), ('p2', 'call')]",0.0,9102.0,0.0,tie,showdown,False,2,102.0,114.0,calling_station
4380,q,j,max_raise,['max_raise'],"[('p1', 'max_raise'), ('p2', 'call')]",18.0,9120.0,36.0,p1,showdown,False,2,102.0,114.0,calling_station
4381,q,k,max_raise,['max_raise'],"[('p1', 'max_raise'), ('p2', 'call')]",-18.0,9102.0,36.0,p2,showdown,False,2,102.0,114.0,calling_station
4382,j,q,check,['check'],"[('p1', 'check'), ('p2', 'check')]",-6.0,9096.0,12.0,p2,showdown,False,2,114.0,114.0,calling_station
4383,j,j,check,['check'],"[('p1', 'check'), ('p2', 'check')]",0.0,9096.0,0.0,tie,showdown,False,2,114.0,114.0,calling_station
4384,q,q,max_raise,['max_raise'],"[('p1', 'max_raise'), ('p2', 'call')]",0.0,9096.0,0.0,tie,showdown,False,2,102.0,114.0,calling_station
4385,j,q,check,['check'],"[('p1', 'check'), ('p2', 'check')]",-6.0,9090.0,12.0,p2,showdown,False,2,114.0,114.0,calling_station
4386,k,q,max_raise,['max_raise'],"[('p1', 'max_raise'), ('p2', 'call')]",18.0,9108.0,36.0,p1,showdown,False,2,102.0,114.0,calling_station
4387,q,j,max_raise,['max_raise'],"[('p1', 'max_raise'), ('p2', 'call')]",18.0,9126.0,36.0,p1,showdown,False,2,102.0,114.0,calling_station
4388,k,q,max_raise,['max_raise'],"[('p1', 'max_raise'), ('p2', 'call')]",18.0,9144.0,36.0,p1,showdown,False,2,102.0,114.0,calling_station
4389,j,k,check,['check'],"[('p1', 'check'), ('p2', 'check')]",-6.0,9138.0,12.0,p2,showdown,False,2,114.0,114.0,calling_station
4390,j,q,check,['check'],"[('p1', 'check'), ('p2', 'check')]",-6.0,9132.0,12.0,p2,showdown,False,2,114.0,114.0,calling_station
4391,j,j,check,['check'],"[('p1', 'check'), ('p2', 'check')]",0.0,9132.0,0.0,tie,showdown,False,2,114.0,114.0,calling_station
4392,k,k,max_raise,['max_raise'],"[('p1', 'max_raise'), ('p2', 'call')]",0.0,9132.0,0.0,tie,showdown,False,2,102.0,114.0,calling_station
4393,j,j,check,['check'],"[('p1', 'check'), ('p2', 'check')]",0.0,9132.0,0.0,tie,showdown,False,2,114.0,114.0,calling_station
4394,j,k,check,['check'],"[('p1', 'check'), ('p2', 'check')]",-6.0,9126.0,12.0,p2,showdown,False,2,114.0,114.0,calling_station
4395,k,q,max_raise,['max_raise'],"[('p1', 'max_raise'), ('p2', 'call')]",18.0,9144.0,36.0,p1,showdown,False,2,102.0,114.0,calling_station
4396,k,q,max_raise,['max_raise'],"[('p1', 'max_raise'), ('p2', 'call')]",18.0,9162.0,36.0,p1,showdown,False,2,102.0,114.0,calling_station
4397,k,q,max_raise,['max_raise'],"[('p1', 'max_raise'), ('p2', 'call')]",18.0,9180.0,36.0,p1,showdown,False,2,102.0,114.0,calling_station
4398,q,k,max_raise,['max_raise'],"[('p1', 'max_raise'), ('p2', 'call')]",-18.0,9162.0,36.0,p2,showdown,False,2,102.0,114.0,calling_station
4399,j,k,check,['check'],"[('p1', 'check'), ('p2', 'check')]",-6.0,9156.0,12.0,p2,showdown,False,2,114.0,114.0,calling_station
4400,q,k,max_raise,['max_raise'],"[('p1', 'max_raise'), ('p2', 'call')]",-18.0,9138.0,36.0,p2,showdown,False,2,102.0,114.0,calling_station
4401,q,k,max_raise,['max_raise'],"[('p1', 'max_raise'), ('p2', 'call')]",-18.0,9120.0,36.0,p2,showdown,False,2,102.0,114.0,calling_station
4402,k,k,max_raise,['max_raise'],"[('p1', 'max_raise'), ('p2', 'call')]",0.0,9120.0,0.0,tie,showdown,False,2,102.0,114.0,calling_station
4403,j,k,check,['check'],"[('p1', 'check'), ('p2', 'check')]",-6.0,9114.0,12.0,p2,showdown,False,2,114.0,114.0,calling_station
4404,q,q,max_raise,['max_raise'],"[('p1', 'max_raise'), ('p2', 'call')]",0.0,9114.0,0.0,tie,showdown,False,2,102.0,114.0,calling_station
4405,j,j,check,['check'],"[('p1', 'check'), ('p2', 'check')]",0.0,9114.0,0.0,tie,showdown,False,2,114.0,114.0,calling_station
4406,k,j,max_raise,['max_raise'],"[('p1', 'max_raise'), ('p2', 'call')]",18.0,9132.0,36.0,p1,showdown,False,2,102.0,114.0,calling_station
4407,j,k,check,['check'],"[('p1', 'check'), ('p2', 'check')]",-6.0,9126.0,12.0,p2,showdown,False,2,114.0,114.0,calling_station
4408,q,q,max_raise,['max_raise'],"[('p1', 'max_raise'), ('p2', 'call')]",0.0,9126.0,0.0,tie,showdown,False,2,102.0,114.0,calling_station
4409,j,k,check,['check'],"[('p1', 'check'), ('p2', 'check')]",-6.0,9120.0,12.0,p2,showdown,False,2,114.0,114.0,calling_station
4410,j,j,check,['check'],"[('p1', 'check'), ('p2', 'check')]",0.0,9120.0,0.0,tie,showdown,False,2,114.0,114.0,calling_station
4411,k,q,max_raise,['max_raise'],"[('p1', 'max_raise'), ('p2', 'call')]",18.0,9138.0,36.0,p1,showdown,False,2,102.0,114.0,calling_station
4412,k,j,max_raise,['max_raise'],"[('p1', 'max_raise'), ('p2', 'call')]",18.0,9156.0,36.0,p1,showdown,False,2,102.0,114.0,calling_station
4413,k,k,max_raise,['max_raise'],"[('p1', 'max_raise'), ('p2', 'call')]",0.0,9156.0,0.0,tie,showdown,False,2,102.0,114.0,calling_station
4414,j,q,check,['check'],"[('p1', 'check'), ('p2', 'check')]",-6.0,9150.0,12.0,p2,showdown,False,2,114.0,114.0,calling_station
4415,q,k,max_raise,['max_raise'],"[('p1', 'max_raise'), ('p2', 'call')]",-18.0,9132.0,36.0,p2,showdown,False,2,102.0,114.0,calling_station
4416,k,j,max_raise,['max_raise'],"[('p1', 'max_raise'), ('p2', 'call')]",18.0,9150.0,36.0,p1,showdown,False,2,102.0,114.0,calling_station
4417,j,k,check,['check'],"[('p1', 'check'), ('p2', 'check')]",-6.0,9144.0,12.0,p2,showdown,False,2,114.0,114.0,calling_station
4418,j,j,check,['check'],"[('p1', 'check'), ('p2', 'check')]",0.0,9144.0,0.0,tie,showdown,False,2,114.0,114.0,calling_station
4419,k,j,max_raise,['max_raise'],"[('p1', 'max_raise'), ('p2', 'call')]",18.0,9162.0,36.0,p1,showdown,False,2,102.0,114.0,calling_station
4420,j,j,check,['check'],"[('p1', 'check'), ('p2', 'check')]",0.0,9162.0,0.0,tie,showdown,False,2,114.0,114.0,calling_station
4421,k,j,max_raise,['max_raise'],"[('p1', 'max_raise'), ('p2', 'call')]",18.0,9180.0,36.0,p1,showdown,False,2,102.0,114.0,calling_station
4422,j,q,check,['check'],"[('p1', 'check'), ('p2', 'check')]",-6.0,9174.0,12.0,p2,showdown,False,2,114.0,114.0,calling_station
4423,k,q,max_raise,['max_raise'],"[('p1', 'max_raise'), ('p2', 'call')]",18.0,9192.0,36.0,p1,showdown,False,2,102.0,114.0,calling_station
4424,q,k,max_raise,['max_raise'],"[('p1', 'max_raise'), ('p2', 'call')]",-18.0,9174.0,36.0,p2,showdown,False,2,102.0,114.0,calling_station
4425,k,j,max_raise,['max_raise'],"[('p1', 'max_raise'), ('p2', 'call')]",18.0,9192.0,36.0,p1,showdown,False,2,102.0,114.0,calling_station
4426,j,q,check,['check'],"[('p1', 'check'), ('p2', 'check')]",-6.0,9186.0,12.0,p2,showdown,False,2,114.0,114.0,calling_station
4427,k,q,max_raise,['max_raise'],"[('p1', 'max_raise'), ('p2', 'call')]",18.0,9204.0,36.0,p1,showdown,False,2,102.0,114.0,calling_station
4428,j,q,check,['check'],"[('p1', 'check'), ('p2', 'check')]",-6.0,9198.0,12.0,p2,showdown,False,2,114.0,114.0,calling_station
4429,j,q,check,['check'],"[('p1', 'check'), ('p2', 'check')]",-6.0,9192.0,12.0,p2,showdown,False,2,114.0,114.0,calling_station
4430,k,k,max_raise,['max_raise'],"[('p1', 'max_raise'), ('p2', 'call')]",0.0,9192.0,0.0,tie,showdown,False,2,102.0,114.0,calling_station
4431,k,j,max_raise,['max_raise'],"[('p1', 'max_raise'), ('p2', 'call')]",18.0,9210.0,36.0,p1,showdown,False,2,102.0,114.0,calling_station
4432,k,k,max_raise,['max_raise'],"[('p1', 'max_raise'), ('p2', 'call')]",0.0,9210.0,0.0,tie,showdown,False,2,102.0,114.0,calling_station
4433,k,q,max_raise,['max_raise'],"[('p1', 'max_raise'), ('p2', 'call')]",18.0,9228.0,36.0,p1,showdown,False,2,102.0,114.0,calling_station
4434,k,j,max_raise,['max_raise'],"[('p1', 'max_raise'), ('p2', 'call')]",18.0,9246.0,36.0,p1,showdown,False,2,102.0,114.0,calling_station
4435,q,j,max_raise,['max_raise'],"[('p1', 'max_raise'), ('p2', 'call')]",18.0,9264.0,36.0,p1,showdown,False,2,102.0,114.0,calling_station
4436,j,q,check,['check'],"[('p1', 'check'), ('p2', 'check')]",-6.0,9258.0,12.0,p2,showdown,False,2,114.0,114.0,calling_station
4437,j,j,check,['check'],"[('p1', 'check'), ('p2', 'check')]",0.0,9258.0,0.0,tie,showdown,False,2,114.0,114.0,calling_station
4438,q,j,max_raise,['max_raise'],"[('p1', 'max_raise'), ('p2', 'call')]",18.0,9276.0,36.0,p1,showdown,False,2,102.0,114.0,calling_station
4439,q,k,max_raise,['max_raise'],"[('p1', 'max_raise'), ('p2', 'call')]",-18.0,9258.0,36.0,p2,showdown,False,2,102.0,114.0,calling_station
4440,k,j,max_raise,['max_raise'],"[('p1', 'max_raise'), ('p2', 'call')]",18.0,9276.0,36.0,p1,showdown,False,2,102.0,114.0,calling_station
4441,k,q,max_raise,['max_raise'],"[('p1', 'max_raise'), ('p2', 'call')]",18.0,9294.0,36.0,p1,showdown,False,2,102.0,114.0,calling_station
4442,j,j,check,['check'],"[('p1', 'check'), ('p2', 'check')]",0.0,9294.0,0.0,tie,showdown,False,2,114.0,114.0,calling_station
4443,k,j,max_raise,['max_raise'],"[('p1', 'max_raise'), ('p2', 'call')]",18.0,9312.0,36.0,p1,showdown,False,2,102.0,114.0,calling_station
4444,q,j,max_raise,['max_raise'],"[('p1', 'max_raise'), ('p2', 'call')]",18.0,9330.0,36.0,p1,showdown,False,2,102.0,114.0,calling_station
4445,j,j,check,['check'],"[('p1', 'check'), ('p2', 'check')]",0.0,9330.0,0.0,tie,showdown,False,2,114.0,114.0,calling_station
4446,k,k,max_raise,['max_raise'],"[('p1', 'max_raise'), ('p2', 'call')]",0.0,9330.0,0.0,tie,showdown,False,2,102.0,114.0,calling_station
4447,q,q,max_raise,['max_raise'],"[('p1', 'max_raise'), ('p2', 'call')]",0.0,9330.0,0.0,tie,showdown,False,2,102.0,114.0,calling_station
4448,j,j,check,['check'],"[('p1', 'check'), ('p2', 'check')]",0.0,9330.0,0.0,tie,showdown,False,2,114.0,114.0,calling_station
4449,j,k,check,['check'],"[('p1', 'check'), ('p2', 'check')]",-6.0,9324.0,12.0,p2,showdown,False,2,114.0,114.0,calling_station
4450,j,q,check,['check'],"[('p1', 'check'), ('p2', 'check')]",-6.0,9318.0,12.0,p2,showdown,False,2,114.0,114.0,calling_station
4451,j,j,check,['check'],"[('p1', 'check'), ('p2', 'check')]",0.0,9318.0,0.0,tie,showdown,False,2,114.0,114.0,calling_station
4452,q,k,max_raise,['max_raise'],"[('p1', 'max_raise'), ('p2', 'call')]",-18.0,9300.0,36.0,p2,showdown,False,2,102.0,114.0,calling_station
4453,j,j,check,['check'],"[('p1', 'check'), ('p2', 'check')]",0.0,9300.0,0.0,tie,showdown,False,2,114.0,114.0,calling_station
4454,q,k,max_raise,['max_raise'],"[('p1', 'max_raise'), ('p2', 'call')]",-18.0,9282.0,36.0,p2,showdown,False,2,102.0,114.0,calling_station
4455,j,j,check,['check'],"[('p1', 'check'), ('p2', 'check')]",0.0,9282.0,0.0,tie,showdown,False,2,114.0,114.0,calling_station
4456,k,q,max_raise,['max_raise'],"[('p1', 'max_raise'), ('p2', 'call')]",18.0,9300.0,36.0,p1,showdown,False,2,102.0,114.0,calling_station
4457,j,j,check,['check'],"[('p1', 'check'), ('p2', 'check')]",0.0,9300.0,0.0,tie,showdown,False,2,114.0,114.0,calling_station
4458,j,q,check,['check'],"[('p1', 'check'), ('p2', 'check')]",-6.0,9294.0,12.0,p2,showdown,False,2,114.0,114.0,calling_station
4459,j,q,check,['check'],"[('p1', 'check'), ('p2', 'check')]",-6.0,9288.0,12.0,p2,showdown,False,2,114.0,114.0,calling_station
4460,q,j,max_raise,['max_raise'],"[('p1', 'max_raise'), ('p2', 'call')]",18.0,9306.0,36.0,p1,showdown,False,2,102.0,114.0,calling_station
4461,k,k,max_raise,['max_raise'],"[('p1', 'max_raise'), ('p2', 'call')]",0.0,9306.0,0.0,tie,showdown,False,2,102.0,114.0,calling_station
4462,k,q,max_raise,['max_raise'],"[('p1', 'max_raise'), ('p2', 'call')]",18.0,9324.0,36.0,p1,showdown,False,2,102.0,114.0,calling_station
4463,q,k,max_raise,['max_raise'],"[('p1', 'max_raise'), ('p2', 'call')]",-18.0,9306.0,36.0,p2,showdown,False,2,102.0,114.0,calling_station
4464,q,j,max_raise,['max_raise'],"[('p1', 'max_raise'), ('p2', 'call')]",18.0,9324.0,36.0,p1,showdown,False,2,102.0,114.0,calling_station
4465,q,q,max_raise,['max_raise'],"[('p1', 'max_raise'), ('p2', 'call')]",0.0,9324.0,0.0,tie,showdown,False,2,102.0,114.0,calling_station
4466,j,q,check,['check'],"[('p1', 'check'), ('p2', 'check')]",-6.0,9318.0,12.0,p2,showdown,False,2,114.0,114.0,calling_station
4467,k,q,max_raise,['max_raise'],"[('p1', 'max_raise'), ('p2', 'call')]",18.0,9336.0,36.0,p1,showdown,False,2,102.0,114.0,calling_station
4468,q,j,max_raise,['max_raise'],"[('p1', 'max_raise'), ('p2', 'call')]",18.0,9354.0,36.0,p1,showdown,False,2,102.0,114.0,calling_station
4469,k,j,max_raise,['max_raise'],"[('p1', 'max_raise'), ('p2', 'call')]",18.0,9372.0,36.0,p1,showdown,False,2,102.0,114.0,calling_station
4470,q,j,max_raise,['max_raise'],"[('p1', 'max_raise'), ('p2', 'call')]",18.0,9390.0,36.0,p1,showdown,False,2,102.0,114.0,calling_station
4471,q,k,max_raise,['max_raise'],"[('p1', 'max_raise'), ('p2', 'call')]",-18.0,9372.0,36.0,p2,showdown,False,2,102.0,114.0,calling_station
4472,k,q,max_raise,['max_raise'],"[('p1', 'max_raise'), ('p2', 'call')]",18.0,9390.0,36.0,p1,showdown,False,2,102.0,114.0,calling_station
4473,k,q,max_raise,['max_raise'],"[('p1', 'max_raise'), ('p2', 'call')]",18.0,9408.0,36.0,p1,showdown,False,2,102.0,114.0,calling_station
4474,q,k,max_raise,['max_raise'],"[('p1', 'max_raise'), ('p2', 'call')]",-18.0,9390.0,36.0,p2,showdown,False,2,102.0,114.0,calling_station
4475,k,q,max_raise,['max_raise'],"[('p1', 'max_raise'), ('p2', 'call')]",18.0,9408.0,36.0,p1,showdown,False,2,102.0,114.0,calling_station
4476,j,k,check,['check'],"[('p1', 'check'), ('p2', 'check')]",-6.0,9402.0,12.0,p2,showdown,False,2,114.0,114.0,calling_station
4477,q,k,max_raise,['max_raise'],"[('p1', 'max_raise'), ('p2', 'call')]",-18.0,9384.0,36.0,p2,showdown,False,2,102.0,114.0,calling_station
4478,k,j,max_raise,['max_raise'],"[('p1', 'max_raise'), ('p2', 'call')]",18.0,9402.0,36.0,p1,showdown,False,2,102.0,114.0,calling_station
4479,q,q,max_raise,['max_raise'],"[('p1', 'max_raise'), ('p2', 'call')]",0.0,9402.0,0.0,tie,showdown,False,2,102.0,114.0,calling_station
4480,k,k,max_raise,['max_raise'],"[('p1', 'max_raise'), ('p2', 'call')]",0.0,9402.0,0.0,tie,showdown,False,2,102.0,114.0,calling_station
4481,q,k,max_raise,['max_raise'],"[('p1', 'max_raise'), ('p2', 'call')]",-18.0,9384.0,36.0,p2,showdown,False,2,102.0,114.0,calling_station
4482,k,q,max_raise,['max_raise'],"[('p1', 'max_raise'), ('p2', 'call')]",18.0,9402.0,36.0,p1,showdown,False,2,102.0,114.0,calling_station
4483,q,k,max_raise,['max_raise'],"[('p1', 'max_raise'), ('p2', 'call')]",-18.0,9384.0,36.0,p2,showdown,False,2,102.0,114.0,calling_station
4484,q,j,max_raise,['max_raise'],"[('p1', 'max_raise'), ('p2', 'call')]",18.0,9402.0,36.0,p1,showdown,False,2,102.0,114.0,calling_station
4485,j,k,check,['check'],"[('p1', 'check'), ('p2', 'check')]",-6.0,9396.0,12.0,p2,showdown,False,2,114.0,114.0,calling_station
4486,k,q,max_raise,['max_raise'],"[('p1', 'max_raise'), ('p2', 'call')]",18.0,9414.0,36.0,p1,showdown,False,2,102.0,114.0,calling_station
4487,j,k,check,['check'],"[('p1', 'check'), ('p2', 'check')]",-6.0,9408.0,12.0,p2,showdown,False,2,114.0,114.0,calling_station
4488,q,j,max_raise,['max_raise'],"[('p1', 'max_raise'), ('p2', 'call')]",18.0,9426.0,36.0,p1,showdown,False,2,102.0,114.0,calling_station
4489,k,k,max_raise,['max_raise'],"[('p1', 'max_raise'), ('p2', 'call')]",0.0,9426.0,0.0,tie,showdown,False,2,102.0,114.0,calling_station
4490,k,k,max_raise,['max_raise'],"[('p1', 'max_raise'), ('p2', 'call')]",0.0,9426.0,0.0,tie,showdown,False,2,102.0,114.0,calling_station
4491,k,k,max_raise,['max_raise'],"[('p1', 'max_raise'), ('p2', 'call')]",0.0,9426.0,0.0,tie,showdown,False,2,102.0,114.0,calling_station
4492,k,k,max_raise,['max_raise'],"[('p1', 'max_raise'), ('p2', 'call')]",0.0,9426.0,0.0,tie,showdown,False,2,102.0,114.0,calling_station
4493,k,j,max_raise,['max_raise'],"[('p1', 'max_raise'), ('p2', 'call')]",18.0,9444.0,36.0,p1,showdown,False,2,102.0,114.0,calling_station
4494,q,k,max_raise,['max_raise'],"[('p1', 'max_raise'), ('p2', 'call')]",-18.0,9426.0,36.0,p2,showdown,False,2,102.0,114.0,calling_station
4495,j,j,check,['check'],"[('p1', 'check'), ('p2', 'check')]",0.0,9426.0,0.0,tie,showdown,False,2,114.0,114.0,calling_station
4496,k,q,max_raise,['max_raise'],"[('p1', 'max_raise'), ('p2', 'call')]",18.0,9444.0,36.0,p1,showdown,False,2,102.0,114.0,calling_station
4497,k,j,max_raise,['max_raise'],"[('p1', 'max_raise'), ('p2', 'call')]",18.0,9462.0,36.0,p1,showdown,False,2,102.0,114.0,calling_station
4498,k,j,max_raise,['max_raise'],"[('p1', 'max_raise'), ('p2', 'call')]",18.0,9480.0,36.0,p1,showdown,False,2,102.0,114.0,calling_station
4499,q,j,max_raise,['max_raise'],"[('p1', 'max_raise'), ('p2', 'call')]",18.0,9498.0,36.0,p1,showdown,False,2,102.0,114.0,calling_station
4500,j,k,check,['check'],"[('p1', 'check'), ('p2', 'check')]",-6.0,9492.0,12.0,p2,showdown,False,2,114.0,114.0,calling_station
4501,q,j,max_raise,['max_raise'],"[('p1', 'max_raise'), ('p2', 'call')]",18.0,9510.0,36.0,p1,showdown,False,2,102.0,114.0,calling_station
4502,k,j,max_raise,['max_raise'],"[('p1', 'max_raise'), ('p2', 'call')]",18.0,9528.0,36.0,p1,showdown,False,2,102.0,114.0,calling_station
4503,k,k,max_raise,['max_raise'],"[('p1', 'max_raise'), ('p2', 'call')]",0.0,9528.0,0.0,tie,showdown,False,2,102.0,114.0,calling_station
4504,q,j,max_raise,['max_raise'],"[('p1', 'max_raise'), ('p2', 'call')]",18.0,9546.0,36.0,p1,showdown,False,2,102.0,114.0,calling_station
4505,k,j,max_raise,['max_raise'],"[('p1', 'max_raise'), ('p2', 'call')]",18.0,9564.0,36.0,p1,showdown,False,2,102.0,114.0,calling_station
4506,j,k,check,['check'],"[('p1', 'check'), ('p2', 'check')]",-6.0,9558.0,12.0,p2,showdown,False,2,114.0,114.0,calling_station
4507,j,q,check,['check'],"[('p1', 'check'), ('p2', 'check')]",-6.0,9552.0,12.0,p2,showdown,False,2,114.0,114.0,calling_station
4508,k,q,max_raise,['max_raise'],"[('p1', 'max_raise'), ('p2', 'call')]",18.0,9570.0,36.0,p1,showdown,False,2,102.0,114.0,calling_station
4509,q,q,max_raise,['max_raise'],"[('p1', 'max_raise'), ('p2', 'call')]",0.0,9570.0,0.0,tie,showdown,False,2,102.0,114.0,calling_station
4510,j,k,check,['check'],"[('p1', 'check'), ('p2', 'check')]",-6.0,9564.0,12.0,p2,showdown,False,2,114.0,114.0,calling_station
4511,q,k,max_raise,['max_raise'],"[('p1', 'max_raise'), ('p2', 'call')]",-18.0,9546.0,36.0,p2,showdown,False,2,102.0,114.0,calling_station
4512,j,k,check,['check'],"[('p1', 'check'), ('p2', 'check')]",-6.0,9540.0,12.0,p2,showdown,False,2,114.0,114.0,calling_station
4513,q,j,max_raise,['max_raise'],"[('p1', 'max_raise'), ('p2', 'call')]",18.0,9558.0,36.0,p1,showdown,False,2,102.0,114.0,calling_station
4514,k,j,max_raise,['max_raise'],"[('p1', 'max_raise'), ('p2', 'call')]",18.0,9576.0,36.0,p1,showdown,False,2,102.0,114.0,calling_station
4515,q,k,max_raise,['max_raise'],"[('p1', 'max_raise'), ('p2', 'call')]",-18.0,9558.0,36.0,p2,showdown,False,2,102.0,114.0,calling_station
4516,q,q,max_raise,['max_raise'],"[('p1', 'max_raise'), ('p2', 'call')]",0.0,9558.0,0.0,tie,showdown,False,2,102.0,114.0,calling_station
4517,j,j,check,['check'],"[('p1', 'check'), ('p2', 'check')]",0.0,9558.0,0.0,tie,showdown,False,2,114.0,114.0,calling_station
4518,k,q,max_raise,['max_raise'],"[('p1', 'max_raise'), ('p2', 'call')]",18.0,9576.0,36.0,p1,showdown,False,2,102.0,114.0,calling_station
4519,k,j,max_raise,['max_raise'],"[('p1', 'max_raise'), ('p2', 'call')]",18.0,9594.0,36.0,p1,showdown,False,2,102.0,114.0,calling_station
4520,k,j,max_raise,['max_raise'],"[('p1', 'max_raise'), ('p2', 'call')]",18.0,9612.0,36.0,p1,showdown,False,2,102.0,114.0,calling_station
4521,q,k,max_raise,['max_raise'],"[('p1', 'max_raise'), ('p2', 'call')]",-18.0,9594.0,36.0,p2,showdown,False,2,102.0,114.0,calling_station
4522,j,k,check,['check'],"[('p1', 'check'), ('p2', 'check')]",-6.0,9588.0,12.0,p2,showdown,False,2,114.0,114.0,calling_station
4523,j,k,check,['check'],"[('p1', 'check'), ('p2', 'check')]",-6.0,9582.0,12.0,p2,showdown,False,2,114.0,114.0,calling_station
4524,k,j,max_raise,['max_raise'],"[('p1', 'max_raise'), ('p2', 'call')]",18.0,9600.0,36.0,p1,showdown,False,2,102.0,114.0,calling_station
4525,k,k,max_raise,['max_raise'],"[('p1', 'max_raise'), ('p2', 'call')]",0.0,9600.0,0.0,tie,showdown,False,2,102.0,114.0,calling_station
4526,q,j,max_raise,['max_raise'],"[('p1', 'max_raise'), ('p2', 'call')]",18.0,9618.0,36.0,p1,showdown,False,2,102.0,114.0,calling_station
4527,q,q,max_raise,['max_raise'],"[('p1', 'max_raise'), ('p2', 'call')]",0.0,9618.0,0.0,tie,showdown,False,2,102.0,114.0,calling_station
4528,q,q,max_raise,['max_raise'],"[('p1', 'max_raise'), ('p2', 'call')]",0.0,9618.0,0.0,tie,showdown,False,2,102.0,114.0,calling_station
4529,k,k,max_raise,['max_raise'],"[('p1', 'max_raise'), ('p2', 'call')]",0.0,9618.0,0.0,tie,showdown,False,2,102.0,114.0,calling_station
4530,j,k,check,['check'],"[('p1', 'check'), ('p2', 'check')]",-6.0,9612.0,12.0,p2,showdown,False,2,114.0,114.0,calling_station
4531,q,j,max_raise,['max_raise'],"[('p1', 'max_raise'), ('p2', 'call')]",18.0,9630.0,36.0,p1,showdown,False,2,102.0,114.0,calling_station
4532,k,j,max_raise,['max_raise'],"[('p1', 'max_raise'), ('p2', 'call')]",18.0,9648.0,36.0,p1,showdown,False,2,102.0,114.0,calling_station
4533,j,j,check,['check'],"[('p1', 'check'), ('p2', 'check')]",0.0,9648.0,0.0,tie,showdown,False,2,114.0,114.0,calling_station
4534,q,j,max_raise,['max_raise'],"[('p1', 'max_raise'), ('p2', 'call')]",18.0,9666.0,36.0,p1,showdown,False,2,102.0,114.0,calling_station
4535,k,q,max_raise,['max_raise'],"[('p1', 'max_raise'), ('p2', 'call')]",18.0,9684.0,36.0,p1,showdown,False,2,102.0,114.0,calling_station
4536,j,k,check,['check'],"[('p1', 'check'), ('p2', 'check')]",-6.0,9678.0,12.0,p2,showdown,False,2,114.0,114.0,calling_station
4537,k,q,max_raise,['max_raise'],"[('p1', 'max_raise'), ('p2', 'call')]",18.0,9696.0,36.0,p1,showdown,False,2,102.0,114.0,calling_station
4538,k,q,max_raise,['max_raise'],"[('p1', 'max_raise'), ('p2', 'call')]",18.0,9714.0,36.0,p1,showdown,False,2,102.0,114.0,calling_station
4539,k,j,max_raise,['max_raise'],"[('p1', 'max_raise'), ('p2', 'call')]",18.0,9732.0,36.0,p1,showdown,False,2,102.0,114.0,calling_station
4540,k,k,max_raise,['max_raise'],"[('p1', 'max_raise'), ('p2', 'call')]",0.0,9732.0,0.0,tie,showdown,False,2,102.0,114.0,calling_station
4541,j,q,check,['check'],"[('p1', 'check'), ('p2', 'check')]",-6.0,9726.0,12.0,p2,showdown,False,2,114.0,114.0,calling_station
4542,j,q,check,['check'],"[('p1', 'check'), ('p2', 'check')]",-6.0,9720.0,12.0,p2,showdown,False,2,114.0,114.0,calling_station
4543,q,k,max_raise,['max_raise'],"[('p1', 'max_raise'), ('p2', 'call')]",-18.0,9702.0,36.0,p2,showdown,False,2,102.0,114.0,calling_station
4544,j,q,check,['check'],"[('p1', 'check'), ('p2', 'check')]",-6.0,9696.0,12.0,p2,showdown,False,2,114.0,114.0,calling_station
4545,q,j,max_raise,['max_raise'],"[('p1', 'max_raise'), ('p2', 'call')]",18.0,9714.0,36.0,p1,showdown,False,2,102.0,114.0,calling_station
4546,k,j,max_raise,['max_raise'],"[('p1', 'max_raise'), ('p2', 'call')]",18.0,9732.0,36.0,p1,showdown,False,2,102.0,114.0,calling_station
4547,j,q,check,['check'],"[('p1', 'check'), ('p2', 'check')]",-6.0,9726.0,12.0,p2,showdown,False,2,114.0,114.0,calling_station
4548,k,j,max_raise,['max_raise'],"[('p1', 'max_raise'), ('p2', 'call')]",18.0,9744.0,36.0,p1,showdown,False,2,102.0,114.0,calling_station
4549,j,q,check,['check'],"[('p1', 'check'), ('p2', 'check')]",-6.0,9738.0,12.0,p2,showdown,False,2,114.0,114.0,calling_station
4550,j,j,check,['check'],"[('p1', 'check'), ('p2', 'check')]",0.0,9738.0,0.0,tie,showdown,False,2,114.0,114.0,calling_station
4551,j,q,check,['check'],"[('p1', 'check'), ('p2', 'check')]",-6.0,9732.0,12.0,p2,showdown,False,2,114.0,114.0,calling_station
4552,q,q,max_raise,['max_raise'],"[('p1', 'max_raise'), ('p2', 'call')]",0.0,9732.0,0.0,tie,showdown,False,2,102.0,114.0,calling_station
4553,j,q,check,['check'],"[('p1', 'check'), ('p2', 'check')]",-6.0,9726.0,12.0,p2,showdown,False,2,114.0,114.0,calling_station
4554,k,k,max_raise,['max_raise'],"[('p1', 'max_raise'), ('p2', 'call')]",0.0,9726.0,0.0,tie,showdown,False,2,102.0,114.0,calling_station
4555,k,k,max_raise,['max_raise'],"[('p1', 'max_raise'), ('p2', 'call')]",0.0,9726.0,0.0,tie,showdown,False,2,102.0,114.0,calling_station
4556,j,j,check,['check'],"[('p1', 'check'), ('p2', 'check')]",0.0,9726.0,0.0,tie,showdown,False,2,114.0,114.0,calling_station
4557,j,k,check,['check'],"[('p1', 'check'), ('p2', 'check')]",-6.0,9720.0,12.0,p2,showdown,False,2,114.0,114.0,calling_station
4558,j,k,check,['check'],"[('p1', 'check'), ('p2', 'check')]",-6.0,9714.0,12.0,p2,showdown,False,2,114.0,114.0,calling_station
4559,k,k,max_raise,['max_raise'],"[('p1', 'max_raise'), ('p2', 'call')]",0.0,9714.0,0.0,tie,showdown,False,2,102.0,114.0,calling_station
4560,j,k,check,['check'],"[('p1', 'check'), ('p2', 'check')]",-6.0,9708.0,12.0,p2,showdown,False,2,114.0,114.0,calling_station
4561,j,q,check,['check'],"[('p1', 'check'), ('p2', 'check')]",-6.0,9702.0,12.0,p2,showdown,False,2,114.0,114.0,calling_station
4562,q,k,max_raise,['max_raise'],"[('p1', 'max_raise'), ('p2', 'call')]",-18.0,9684.0,36.0,p2,showdown,False,2,102.0,114.0,calling_station
4563,q,q,max_raise,['max_raise'],"[('p1', 'max_raise'), ('p2', 'call')]",0.0,9684.0,0.0,tie,showdown,False,2,102.0,114.0,calling_station
4564,j,k,check,['check'],"[('p1', 'check'), ('p2', 'check')]",-6.0,9678.0,12.0,p2,showdown,False,2,114.0,114.0,calling_station
4565,k,j,max_raise,['max_raise'],"[('p1', 'max_raise'), ('p2', 'call')]",18.0,9696.0,36.0,p1,showdown,False,2,102.0,114.0,calling_station
4566,k,q,max_raise,['max_raise'],"[('p1', 'max_raise'), ('p2', 'call')]",18.0,9714.0,36.0,p1,showdown,False,2,102.0,114.0,calling_station
4567,q,k,max_raise,['max_raise'],"[('p1', 'max_raise'), ('p2', 'call')]",-18.0,9696.0,36.0,p2,showdown,False,2,102.0,114.0,calling_station
4568,k,q,max_raise,['max_raise'],"[('p1', 'max_raise'), ('p2', 'call')]",18.0,9714.0,36.0,p1,showdown,False,2,102.0,114.0,calling_station
4569,q,j,max_raise,['max_raise'],"[('p1', 'max_raise'), ('p2', 'call')]",18.0,9732.0,36.0,p1,showdown,False,2,102.0,114.0,calling_station
4570,k,j,max_raise,['max_raise'],"[('p1', 'max_raise'), ('p2', 'call')]",18.0,9750.0,36.0,p1,showdown,False,2,102.0,114.0,calling_station
4571,q,j,max_raise,['max_raise'],"[('p1', 'max_raise'), ('p2', 'call')]",18.0,9768.0,36.0,p1,showdown,False,2,102.0,114.0,calling_station
4572,q,q,max_raise,['max_raise'],"[('p1', 'max_raise'), ('p2', 'call')]",0.0,9768.0,0.0,tie,showdown,False,2,102.0,114.0,calling_station
4573,j,j,check,['check'],"[('p1', 'check'), ('p2', 'check')]",0.0,9768.0,0.0,tie,showdown,False,2,114.0,114.0,calling_station
4574,k,j,max_raise,['max_raise'],"[('p1', 'max_raise'), ('p2', 'call')]",18.0,9786.0,36.0,p1,showdown,False,2,102.0,114.0,calling_station
4575,k,j,max_raise,['max_raise'],"[('p1', 'max_raise'), ('p2', 'call')]",18.0,9804.0,36.0,p1,showdown,False,2,102.0,114.0,calling_station
4576,k,j,max_raise,['max_raise'],"[('p1', 'max_raise'), ('p2', 'call')]",18.0,9822.0,36.0,p1,showdown,False,2,102.0,114.0,calling_station
4577,j,k,check,['check'],"[('p1', 'check'), ('p2', 'check')]",-6.0,9816.0,12.0,p2,showdown,False,2,114.0,114.0,calling_station
4578,j,k,check,['check'],"[('p1', 'check'), ('p2', 'check')]",-6.0,9810.0,12.0,p2,showdown,False,2,114.0,114.0,calling_station
4579,j,j,check,['check'],"[('p1', 'check'), ('p2', 'check')]",0.0,9810.0,0.0,tie,showdown,False,2,114.0,114.0,calling_station
4580,q,k,max_raise,['max_raise'],"[('p1', 'max_raise'), ('p2', 'call')]",-18.0,9792.0,36.0,p2,showdown,False,2,102.0,114.0,calling_station
4581,k,j,max_raise,['max_raise'],"[('p1', 'max_raise'), ('p2', 'call')]",18.0,9810.0,36.0,p1,showdown,False,2,102.0,114.0,calling_station
4582,k,k,max_raise,['max_raise'],"[('p1', 'max_raise'), ('p2', 'call')]",0.0,9810.0,0.0,tie,showdown,False,2,102.0,114.0,calling_station
4583,j,j,check,['check'],"[('p1', 'check'), ('p2', 'check')]",0.0,9810.0,0.0,tie,showdown,False,2,114.0,114.0,calling_station
4584,j,q,check,['check'],"[('p1', 'check'), ('p2', 'check')]",-6.0,9804.0,12.0,p2,showdown,False,2,114.0,114.0,calling_station
4585,j,k,check,['check'],"[('p1', 'check'), ('p2', 'check')]",-6.0,9798.0,12.0,p2,showdown,False,2,114.0,114.0,calling_station
4586,k,q,max_raise,['max_raise'],"[('p1', 'max_raise'), ('p2', 'call')]",18.0,9816.0,36.0,p1,showdown,False,2,102.0,114.0,calling_station
4587,q,k,max_raise,['max_raise'],"[('p1', 'max_raise'), ('p2', 'call')]",-18.0,9798.0,36.0,p2,showdown,False,2,102.0,114.0,calling_station
4588,q,q,max_raise,['max_raise'],"[('p1', 'max_raise'), ('p2', 'call')]",0.0,9798.0,0.0,tie,showdown,False,2,102.0,114.0,calling_station
4589,q,k,max_raise,['max_raise'],"[('p1', 'max_raise'), ('p2', 'call')]",-18.0,9780.0,36.0,p2,showdown,False,2,102.0,114.0,calling_station
4590,j,q,check,['check'],"[('p1', 'check'), ('p2', 'check')]",-6.0,9774.0,12.0,p2,showdown,False,2,114.0,114.0,calling_station
4591,q,k,max_raise,['max_raise'],"[('p1', 'max_raise'), ('p2', 'call')]",-18.0,9756.0,36.0,p2,showdown,False,2,102.0,114.0,calling_station
4592,j,k,check,['check'],"[('p1', 'check'), ('p2', 'check')]",-6.0,9750.0,12.0,p2,showdown,False,2,114.0,114.0,calling_station
4593,q,k,max_raise,['max_raise'],"[('p1', 'max_raise'), ('p2', 'call')]",-18.0,9732.0,36.0,p2,showdown,False,2,102.0,114.0,calling_station
4594,j,q,check,['check'],"[('p1', 'check'), ('p2', 'check')]",-6.0,9726.0,12.0,p2,showdown,False,2,114.0,114.0,calling_station
4595,k,k,max_raise,['max_raise'],"[('p1', 'max_raise'), ('p2', 'call')]",0.0,9726.0,0.0,tie,showdown,False,2,102.0,114.0,calling_station
4596,j,j,check,['check'],"[('p1', 'check'), ('p2', 'check')]",0.0,9726.0,0.0,tie,showdown,False,2,114.0,114.0,calling_station
4597,j,j,check,['check'],"[('p1', 'check'), ('p2', 'check')]",0.0,9726.0,0.0,tie,showdown,False,2,114.0,114.0,calling_station
4598,k,j,max_raise,['max_raise'],"[('p1', 'max_raise'), ('p2', 'call')]",18.0,9744.0,36.0,p1,showdown,False,2,102.0,114.0,calling_station
4599,k,j,max_raise,['max_raise'],"[('p1', 'max_raise'), ('p2', 'call')]",18.0,9762.0,36.0,p1,showdown,False,2,102.0,114.0,calling_station
4600,j,q,check,['check'],"[('p1', 'check'), ('p2', 'check')]",-6.0,9756.0,12.0,p2,showdown,False,2,114.0,114.0,calling_station
4601,j,k,check,['check'],"[('p1', 'check'), ('p2', 'check')]",-6.0,9750.0,12.0,p2,showdown,False,2,114.0,114.0,calling_station
4602,j,k,check,['check'],"[('p1', 'check'), ('p2', 'check')]",-6.0,9744.0,12.0,p2,showdown,False,2,114.0,114.0,calling_station
4603,q,q,max_raise,['max_raise'],"[('p1', 'max_raise'), ('p2', 'call')]",0.0,9744.0,0.0,tie,showdown,False,2,102.0,114.0,calling_station
4604,k,q,max_raise,['max_raise'],"[('p1', 'max_raise'), ('p2', 'call')]",18.0,9762.0,36.0,p1,showdown,False,2,102.0,114.0,calling_station
4605,q,j,max_raise,['max_raise'],"[('p1', 'max_raise'), ('p2', 'call')]",18.0,9780.0,36.0,p1,showdown,False,2,102.0,114.0,calling_station
4606,q,q,max_raise,['max_raise'],"[('p1', 'max_raise'), ('p2', 'call')]",0.0,9780.0,0.0,tie,showdown,False,2,102.0,114.0,calling_station
4607,q,k,max_raise,['max_raise'],"[('p1', 'max_raise'), ('p2', 'call')]",-18.0,9762.0,36.0,p2,showdown,False,2,102.0,114.0,calling_station
4608,q,j,max_raise,['max_raise'],"[('p1', 'max_raise'), ('p2', 'call')]",18.0,9780.0,36.0,p1,showdown,False,2,102.0,114.0,calling_station
4609,j,k,check,['check'],"[('p1', 'check'), ('p2', 'check')]",-6.0,9774.0,12.0,p2,showdown,False,2,114.0,114.0,calling_station
4610,k,j,max_raise,['max_raise'],"[('p1', 'max_raise'), ('p2', 'call')]",18.0,9792.0,36.0,p1,showdown,False,2,102.0,114.0,calling_station
4611,k,q,max_raise,['max_raise'],"[('p1', 'max_raise'), ('p2', 'call')]",18.0,9810.0,36.0,p1,showdown,False,2,102.0,114.0,calling_station
4612,j,j,check,['check'],"[('p1', 'check'), ('p2', 'check')]",0.0,9810.0,0.0,tie,showdown,False,2,114.0,114.0,calling_station
4613,j,q,check,['check'],"[('p1', 'check'), ('p2', 'check')]",-6.0,9804.0,12.0,p2,showdown,False,2,114.0,114.0,calling_station
4614,k,k,max_raise,['max_raise'],"[('p1', 'max_raise'), ('p2', 'call')]",0.0,9804.0,0.0,tie,showdown,False,2,102.0,114.0,calling_station
4615,k,q,max_raise,['max_raise'],"[('p1', 'max_raise'), ('p2', 'call')]",18.0,9822.0,36.0,p1,showdown,False,2,102.0,114.0,calling_station
4616,q,j,max_raise,['max_raise'],"[('p1', 'max_raise'), ('p2', 'call')]",18.0,9840.0,36.0,p1,showdown,False,2,102.0,114.0,calling_station
4617,k,j,max_raise,['max_raise'],"[('p1', 'max_raise'), ('p2', 'call')]",18.0,9858.0,36.0,p1,showdown,False,2,102.0,114.0,calling_station
4618,q,k,max_raise,['max_raise'],"[('p1', 'max_raise'), ('p2', 'call')]",-18.0,9840.0,36.0,p2,showdown,False,2,102.0,114.0,calling_station
4619,j,q,check,['check'],"[('p1', 'check'), ('p2', 'check')]",-6.0,9834.0,12.0,p2,showdown,False,2,114.0,114.0,calling_station
4620,k,j,max_raise,['max_raise'],"[('p1', 'max_raise'), ('p2', 'call')]",18.0,9852.0,36.0,p1,showdown,False,2,102.0,114.0,calling_station
4621,q,q,max_raise,['max_raise'],"[('p1', 'max_raise'), ('p2', 'call')]",0.0,9852.0,0.0,tie,showdown,False,2,102.0,114.0,calling_station
4622,q,k,max_raise,['max_raise'],"[('p1', 'max_raise'), ('p2', 'call')]",-18.0,9834.0,36.0,p2,showdown,False,2,102.0,114.0,calling_station
4623,q,q,max_raise,['max_raise'],"[('p1', 'max_raise'), ('p2', 'call')]",0.0,9834.0,0.0,tie,showdown,False,2,102.0,114.0,calling_station
4624,k,k,max_raise,['max_raise'],"[('p1', 'max_raise'), ('p2', 'call')]",0.0,9834.0,0.0,tie,showdown,False,2,102.0,114.0,calling_station
4625,k,k,max_raise,['max_raise'],"[('p1', 'max_raise'), ('p2', 'call')]",0.0,9834.0,0.0,tie,showdown,False,2,102.0,114.0,calling_station
4626,k,j,max_raise,['max_raise'],"[('p1', 'max_raise'), ('p2', 'call')]",18.0,9852.0,36.0,p1,showdown,False,2,102.0,114.0,calling_station
4627,k,j,max_raise,['max_raise'],"[('p1', 'max_raise'), ('p2', 'call')]",18.0,9870.0,36.0,p1,showdown,False,2,102.0,114.0,calling_station
4628,j,k,check,['check'],"[('p1', 'check'), ('p2', 'check')]",-6.0,9864.0,12.0,p2,showdown,False,2,114.0,114.0,calling_station
4629,q,q,max_raise,['max_raise'],"[('p1', 'max_raise'), ('p2', 'call')]",0.0,9864.0,0.0,tie,showdown,False,2,102.0,114.0,calling_station
4630,k,q,max_raise,['max_raise'],"[('p1', 'max_raise'), ('p2', 'call')]",18.0,9882.0,36.0,p1,showdown,False,2,102.0,114.0,calling_station
4631,j,k,check,['check'],"[('p1', 'check'), ('p2', 'check')]",-6.0,9876.0,12.0,p2,showdown,False,2,114.0,114.0,calling_station
4632,q,q,max_raise,['max_raise'],"[('p1', 'max_raise'), ('p2', 'call')]",0.0,9876.0,0.0,tie,showdown,False,2,102.0,114.0,calling_station
4633,q,q,max_raise,['max_raise'],"[('p1', 'max_raise'), ('p2', 'call')]",0.0,9876.0,0.0,tie,showdown,False,2,102.0,114.0,calling_station
4634,j,q,check,['check'],"[('p1', 'check'), ('p2', 'check')]",-6.0,9870.0,12.0,p2,showdown,False,2,114.0,114.0,calling_station
4635,k,q,max_raise,['max_raise'],"[('p1', 'max_raise'), ('p2', 'call')]",18.0,9888.0,36.0,p1,showdown,False,2,102.0,114.0,calling_station
4636,k,k,max_raise,['max_raise'],"[('p1', 'max_raise'), ('p2', 'call')]",0.0,9888.0,0.0,tie,showdown,False,2,102.0,114.0,calling_station
4637,k,k,max_raise,['max_raise'],"[('p1', 'max_raise'), ('p2', 'call')]",0.0,9888.0,0.0,tie,showdown,False,2,102.0,114.0,calling_station
4638,k,k,max_raise,['max_raise'],"[('p1', 'max_raise'), ('p2', 'call')]",0.0,9888.0,0.0,tie,showdown,False,2,102.0,114.0,calling_station
4639,q,j,max_raise,['max_raise'],"[('p1', 'max_raise'), ('p2', 'call')]",18.0,9906.0,36.0,p1,showdown,False,2,102.0,114.0,calling_station
4640,j,q,check,['check'],"[('p1', 'check'), ('p2', 'check')]",-6.0,9900.0,12.0,p2,showdown,False,2,114.0,114.0,calling_station
4641,q,q,max_raise,['max_raise'],"[('p1', 'max_raise'), ('p2', 'call')]",0.0,9900.0,0.0,tie,showdown,False,2,102.0,114.0,calling_station
4642,q,k,max_raise,['max_raise'],"[('p1', 'max_raise'), ('p2', 'call')]",-18.0,9882.0,36.0,p2,showdown,False,2,102.0,114.0,calling_station
4643,k,q,max_raise,['max_raise'],"[('p1', 'max_raise'), ('p2', 'call')]",18.0,9900.0,36.0,p1,showdown,False,2,102.0,114.0,calling_station
4644,k,q,max_raise,['max_raise'],"[('p1', 'max_raise'), ('p2', 'call')]",18.0,9918.0,36.0,p1,showdown,False,2,102.0,114.0,calling_station
4645,q,j,max_raise,['max_raise'],"[('p1', 'max_raise'), ('p2', 'call')]",18.0,9936.0,36.0,p1,showdown,False,2,102.0,114.0,calling_station
4646,j,j,check,['check'],"[('p1', 'check'), ('p2', 'check')]",0.0,9936.0,0.0,tie,showdown,False,2,114.0,114.0,calling_station
4647,q,k,max_raise,['max_raise'],"[('p1', 'max_raise'), ('p2', 'call')]",-18.0,9918.0,36.0,p2,showdown,False,2,102.0,114.0,calling_station
4648,k,j,max_raise,['max_raise'],"[('p1', 'max_raise'), ('p2', 'call')]",18.0,9936.0,36.0,p1,showdown,False,2,102.0,114.0,calling_station
4649,k,q,max_raise,['max_raise'],"[('p1', 'max_raise'), ('p2', 'call')]",18.0,9954.0,36.0,p1,showdown,False,2,102.0,114.0,calling_station
4650,j,k,check,['check'],"[('p1', 'check'), ('p2', 'check')]",-6.0,9948.0,12.0,p2,showdown,False,2,114.0,114.0,calling_station
4651,j,k,check,['check'],"[('p1', 'check'), ('p2', 'check')]",-6.0,9942.0,12.0,p2,showdown,False,2,114.0,114.0,calling_station
4652,q,k,max_raise,['max_raise'],"[('p1', 'max_raise'), ('p2', 'call')]",-18.0,9924.0,36.0,p2,showdown,False,2,102.0,114.0,calling_station
4653,k,q,max_raise,['max_raise'],"[('p1', 'max_raise'), ('p2', 'call')]",18.0,9942.0,36.0,p1,showdown,False,2,102.0,114.0,calling_station
4654,q,k,max_raise,['max_raise'],"[('p1', 'max_raise'), ('p2', 'call')]",-18.0,9924.0,36.0,p2,showdown,False,2,102.0,114.0,calling_station
4655,j,q,check,['check'],"[('p1', 'check'), ('p2', 'check')]",-6.0,9918.0,12.0,p2,showdown,False,2,114.0,114.0,calling_station
4656,j,j,check,['check'],"[('p1', 'check'), ('p2', 'check')]",0.0,9918.0,0.0,tie,showdown,False,2,114.0,114.0,calling_station
4657,q,q,max_raise,['max_raise'],"[('p1', 'max_raise'), ('p2', 'call')]",0.0,9918.0,0.0,tie,showdown,False,2,102.0,114.0,calling_station
4658,j,j,check,['check'],"[('p1', 'check'), ('p2', 'check')]",0.0,9918.0,0.0,tie,showdown,False,2,114.0,114.0,calling_station
4659,q,k,max_raise,['max_raise'],"[('p1', 'max_raise'), ('p2', 'call')]",-18.0,9900.0,36.0,p2,showdown,False,2,102.0,114.0,calling_station
4660,k,j,max_raise,['max_raise'],"[('p1', 'max_raise'), ('p2', 'call')]",18.0,9918.0,36.0,p1,showdown,False,2,102.0,114.0,calling_station
4661,k,k,max_raise,['max_raise'],"[('p1', 'max_raise'), ('p2', 'call')]",0.0,9918.0,0.0,tie,showdown,False,2,102.0,114.0,calling_station
4662,j,j,check,['check'],"[('p1', 'check'), ('p2', 'check')]",0.0,9918.0,0.0,tie,showdown,False,2,114.0,114.0,calling_station
4663,k,j,max_raise,['max_raise'],"[('p1', 'max_raise'), ('p2', 'call')]",18.0,9936.0,36.0,p1,showdown,False,2,102.0,114.0,calling_station
4664,q,k,max_raise,['max_raise'],"[('p1', 'max_raise'), ('p2', 'call')]",-18.0,9918.0,36.0,p2,showdown,False,2,102.0,114.0,calling_station
4665,k,q,max_raise,['max_raise'],"[('p1', 'max_raise'), ('p2', 'call')]",18.0,9936.0,36.0,p1,showdown,False,2,102.0,114.0,calling_station
4666,q,q,max_raise,['max_raise'],"[('p1', 'max_raise'), ('p2', 'call')]",0.0,9936.0,0.0,tie,showdown,False,2,102.0,114.0,calling_station
4667,q,q,max_raise,['max_raise'],"[('p1', 'max_raise'), ('p2', 'call')]",0.0,9936.0,0.0,tie,showdown,False,2,102.0,114.0,calling_station
4668,k,q,max_raise,['max_raise'],"[('p1', 'max_raise'), ('p2', 'call')]",18.0,9954.0,36.0,p1,showdown,False,2,102.0,114.0,calling_station
4669,k,q,max_raise,['max_raise'],"[('p1', 'max_raise'), ('p2', 'call')]",18.0,9972.0,36.0,p1,showdown,False,2,102.0,114.0,calling_station
4670,j,k,check,['check'],"[('p1', 'check'), ('p2', 'check')]",-6.0,9966.0,12.0,p2,showdown,False,2,114.0,114.0,calling_station
4671,q,q,max_raise,['max_raise'],"[('p1', 'max_raise'), ('p2', 'call')]",0.0,9966.0,0.0,tie,showdown,False,2,102.0,114.0,calling_station
4672,j,q,check,['check'],"[('p1', 'check'), ('p2', 'check')]",-6.0,9960.0,12.0,p2,showdown,False,2,114.0,114.0,calling_station
4673,j,q,check,['check'],"[('p1', 'check'), ('p2', 'check')]",-6.0,9954.0,12.0,p2,showdown,False,2,114.0,114.0,calling_station
4674,q,q,max_raise,['max_raise'],"[('p1', 'max_raise'), ('p2', 'call')]",0.0,9954.0,0.0,tie,showdown,False,2,102.0,114.0,calling_station
4675,k,k,max_raise,['max_raise'],"[('p1', 'max_raise'), ('p2', 'call')]",0.0,9954.0,0.0,tie,showdown,False,2,102.0,114.0,calling_station
4676,q,j,max_raise,['max_raise'],"[('p1', 'max_raise'), ('p2', 'call')]",18.0,9972.0,36.0,p1,showdown,False,2,102.0,114.0,calling_station
4677,j,q,check,['check'],"[('p1', 'check'), ('p2', 'check')]",-6.0,9966.0,12.0,p2,showdown,False,2,114.0,114.0,calling_station
4678,k,q,max_raise,['max_raise'],"[('p1', 'max_raise'), ('p2', 'call')]",18.0,9984.0,36.0,p1,showdown,False,2,102.0,114.0,calling_station
4679,j,q,check,['check'],"[('p1', 'check'), ('p2', 'check')]",-6.0,9978.0,12.0,p2,showdown,False,2,114.0,114.0,calling_station
4680,k,k,max_raise,['max_raise'],"[('p1', 'max_raise'), ('p2', 'call')]",0.0,9978.0,0.0,tie,showdown,False,2,102.0,114.0,calling_station
4681,q,j,max_raise,['max_raise'],"[('p1', 'max_raise'), ('p2', 'call')]",18.0,9996.0,36.0,p1,showdown,False,2,102.0,114.0,calling_station
4682,q,q,max_raise,['max_raise'],"[('p1', 'max_raise'), ('p2', 'call')]",0.0,9996.0,0.0,tie,showdown,False,2,102.0,114.0,calling_station
4683,k,q,max_raise,['max_raise'],"[('p1', 'max_raise'), ('p2', 'call')]",18.0,10014.0,36.0,p1,showdown,False,2,102.0,114.0,calling_station
4684,k,j,max_raise,['max_raise'],"[('p1', 'max_raise'), ('p2', 'call')]",18.0,10032.0,36.0,p1,showdown,False,2,102.0,114.0,calling_station
4685,j,j,check,['check'],"[('p1', 'check'), ('p2', 'check')]",0.0,10032.0,0.0,tie,showdown,False,2,114.0,114.0,calling_station
4686,k,q,max_raise,['max_raise'],"[('p1', 'max_raise'), ('p2', 'call')]",18.0,10050.0,36.0,p1,showdown,False,2,102.0,114.0,calling_station
4687,k,k,max_raise,['max_raise'],"[('p1', 'max_raise'), ('p2', 'call')]",0.0,10050.0,0.0,tie,showdown,False,2,102.0,114.0,calling_station
4688,q,q,max_raise,['max_raise'],"[('p1', 'max_raise'), ('p2', 'call')]",0.0,10050.0,0.0,tie,showdown,False,2,102.0,114.0,calling_station
4689,j,q,check,['check'],"[('p1', 'check'), ('p2', 'check')]",-6.0,10044.0,12.0,p2,showdown,False,2,114.0,114.0,calling_station
4690,q,j,max_raise,['max_raise'],"[('p1', 'max_raise'), ('p2', 'call')]",18.0,10062.0,36.0,p1,showdown,False,2,102.0,114.0,calling_station
4691,k,q,max_raise,['max_raise'],"[('p1', 'max_raise'), ('p2', 'call')]",18.0,10080.0,36.0,p1,showdown,False,2,102.0,114.0,calling_station
4692,q,k,max_raise,['max_raise'],"[('p1', 'max_raise'), ('p2', 'call')]",-18.0,10062.0,36.0,p2,showdown,False,2,102.0,114.0,calling_station
4693,j,j,check,['check'],"[('p1', 'check'), ('p2', 'check')]",0.0,10062.0,0.0,tie,showdown,False,2,114.0,114.0,calling_station
4694,k,j,max_raise,['max_raise'],"[('p1', 'max_raise'), ('p2', 'call')]",18.0,10080.0,36.0,p1,showdown,False,2,102.0,114.0,calling_station
4695,q,k,max_raise,['max_raise'],"[('p1', 'max_raise'), ('p2', 'call')]",-18.0,10062.0,36.0,p2,showdown,False,2,102.0,114.0,calling_station
4696,k,j,max_raise,['max_raise'],"[('p1', 'max_raise'), ('p2', 'call')]",18.0,10080.0,36.0,p1,showdown,False,2,102.0,114.0,calling_station
4697,q,j,max_raise,['max_raise'],"[('p1', 'max_raise'), ('p2', 'call')]",18.0,10098.0,36.0,p1,showdown,False,2,102.0,114.0,calling_station
4698,j,k,check,['check'],"[('p1', 'check'), ('p2', 'check')]",-6.0,10092.0,12.0,p2,showdown,False,2,114.0,114.0,calling_station
4699,q,j,max_raise,['max_raise'],"[('p1', 'max_raise'), ('p2', 'call')]",18.0,10110.0,36.0,p1,showdown,False,2,102.0,114.0,calling_station
4700,j,k,check,['check'],"[('p1', 'check'), ('p2', 'check')]",-6.0,10104.0,12.0,p2,showdown,False,2,114.0,114.0,calling_station
4701,j,j,check,['check'],"[('p1', 'check'), ('p2', 'check')]",0.0,10104.0,0.0,tie,showdown,False,2,114.0,114.0,calling_station
4702,q,k,max_raise,['max_raise'],"[('p1', 'max_raise'), ('p2', 'call')]",-18.0,10086.0,36.0,p2,showdown,False,2,102.0,114.0,calling_station
4703,q,q,max_raise,['max_raise'],"[('p1', 'max_raise'), ('p2', 'call')]",0.0,10086.0,0.0,tie,showdown,False,2,102.0,114.0,calling_station
4704,q,q,max_raise,['max_raise'],"[('p1', 'max_raise'), ('p2', 'call')]",0.0,10086.0,0.0,tie,showdown,False,2,102.0,114.0,calling_station
4705,q,q,max_raise,['max_raise'],"[('p1', 'max_raise'), ('p2', 'call')]",0.0,10086.0,0.0,tie,showdown,False,2,102.0,114.0,calling_station
4706,k,q,max_raise,['max_raise'],"[('p1', 'max_raise'), ('p2', 'call')]",18.0,10104.0,36.0,p1,showdown,False,2,102.0,114.0,calling_station
4707,j,j,check,['check'],"[('p1', 'check'), ('p2', 'check')]",0.0,10104.0,0.0,tie,showdown,False,2,114.0,114.0,calling_station
4708,q,k,max_raise,['max_raise'],"[('p1', 'max_raise'), ('p2', 'call')]",-18.0,10086.0,36.0,p2,showdown,False,2,102.0,114.0,calling_station
4709,k,k,max_raise,['max_raise'],"[('p1', 'max_raise'), ('p2', 'call')]",0.0,10086.0,0.0,tie,showdown,False,2,102.0,114.0,calling_station
4710,j,k,check,['check'],"[('p1', 'check'), ('p2', 'check')]",-6.0,10080.0,12.0,p2,showdown,False,2,114.0,114.0,calling_station
4711,j,k,check,['check'],"[('p1', 'check'), ('p2', 'check')]",-6.0,10074.0,12.0,p2,showdown,False,2,114.0,114.0,calling_station
4712,k,j,max_raise,['max_raise'],"[('p1', 'max_raise'), ('p2', 'call')]",18.0,10092.0,36.0,p1,showdown,False,2,102.0,114.0,calling_station
4713,j,j,check,['check'],"[('p1', 'check'), ('p2', 'check')]",0.0,10092.0,0.0,tie,showdown,False,2,114.0,114.0,calling_station
4714,q,k,max_raise,['max_raise'],"[('p1', 'max_raise'), ('p2', 'call')]",-18.0,10074.0,36.0,p2,showdown,False,2,102.0,114.0,calling_station
4715,j,k,check,['check'],"[('p1', 'check'), ('p2', 'check')]",-6.0,10068.0,12.0,p2,showdown,False,2,114.0,114.0,calling_station
4716,j,k,check,['check'],"[('p1', 'check'), ('p2', 'check')]",-6.0,10062.0,12.0,p2,showdown,False,2,114.0,114.0,calling_station
4717,q,j,max_raise,['max_raise'],"[('p1', 'max_raise'), ('p2', 'call')]",18.0,10080.0,36.0,p1,showdown,False,2,102.0,114.0,calling_station
4718,k,j,max_raise,['max_raise'],"[('p1', 'max_raise'), ('p2', 'call')]",18.0,10098.0,36.0,p1,showdown,False,2,102.0,114.0,calling_station
4719,k,k,max_raise,['max_raise'],"[('p1', 'max_raise'), ('p2', 'call')]",0.0,10098.0,0.0,tie,showdown,False,2,102.0,114.0,calling_station
4720,k,k,max_raise,['max_raise'],"[('p1', 'max_raise'), ('p2', 'call')]",0.0,10098.0,0.0,tie,showdown,False,2,102.0,114.0,calling_station
4721,j,q,check,['check'],"[('p1', 'check'), ('p2', 'check')]",-6.0,10092.0,12.0,p2,showdown,False,2,114.0,114.0,calling_station
4722,k,k,max_raise,['max_raise'],"[('p1', 'max_raise'), ('p2', 'call')]",0.0,10092.0,0.0,tie,showdown,False,2,102.0,114.0,calling_station
4723,q,j,max_raise,['max_raise'],"[('p1', 'max_raise'), ('p2', 'call')]",18.0,10110.0,36.0,p1,showdown,False,2,102.0,114.0,calling_station
4724,j,q,check,['check'],"[('p1', 'check'), ('p2', 'check')]",-6.0,10104.0,12.0,p2,showdown,False,2,114.0,114.0,calling_station
4725,q,k,max_raise,['max_raise'],"[('p1', 'max_raise'), ('p2', 'call')]",-18.0,10086.0,36.0,p2,showdown,False,2,102.0,114.0,calling_station
4726,q,j,max_raise,['max_raise'],"[('p1', 'max_raise'), ('p2', 'call')]",18.0,10104.0,36.0,p1,showdown,False,2,102.0,114.0,calling_station
4727,j,j,check,['check'],"[('p1', 'check'), ('p2', 'check')]",0.0,10104.0,0.0,tie,showdown,False,2,114.0,114.0,calling_station
4728,q,j,max_raise,['max_raise'],"[('p1', 'max_raise'), ('p2', 'call')]",18.0,10122.0,36.0,p1,showdown,False,2,102.0,114.0,calling_station
4729,q,j,max_raise,['max_raise'],"[('p1', 'max_raise'), ('p2', 'call')]",18.0,10140.0,36.0,p1,showdown,False,2,102.0,114.0,calling_station
4730,j,q,check,['check'],"[('p1', 'check'), ('p2', 'check')]",-6.0,10134.0,12.0,p2,showdown,False,2,114.0,114.0,calling_station
4731,j,j,check,['check'],"[('p1', 'check'), ('p2', 'check')]",0.0,10134.0,0.0,tie,showdown,False,2,114.0,114.0,calling_station
4732,j,j,check,['check'],"[('p1', 'check'), ('p2', 'check')]",0.0,10134.0,0.0,tie,showdown,False,2,114.0,114.0,calling_station
4733,j,k,check,['check'],"[('p1', 'check'), ('p2', 'check')]",-6.0,10128.0,12.0,p2,showdown,False,2,114.0,114.0,calling_station
4734,k,j,max_raise,['max_raise'],"[('p1', 'max_raise'), ('p2', 'call')]",18.0,10146.0,36.0,p1,showdown,False,2,102.0,114.0,calling_station
4735,k,q,max_raise,['max_raise'],"[('p1', 'max_raise'), ('p2', 'call')]",18.0,10164.0,36.0,p1,showdown,False,2,102.0,114.0,calling_station
4736,j,j,check,['check'],"[('p1', 'check'), ('p2', 'check')]",0.0,10164.0,0.0,tie,showdown,False,2,114.0,114.0,calling_station
4737,k,q,max_raise,['max_raise'],"[('p1', 'max_raise'), ('p2', 'call')]",18.0,10182.0,36.0,p1,showdown,False,2,102.0,114.0,calling_station
4738,k,j,max_raise,['max_raise'],"[('p1', 'max_raise'), ('p2', 'call')]",18.0,10200.0,36.0,p1,showdown,False,2,102.0,114.0,calling_station
4739,k,q,max_raise,['max_raise'],"[('p1', 'max_raise'), ('p2', 'call')]",18.0,10218.0,36.0,p1,showdown,False,2,102.0,114.0,calling_station
4740,j,q,check,['check'],"[('p1', 'check'), ('p2', 'check')]",-6.0,10212.0,12.0,p2,showdown,False,2,114.0,114.0,calling_station
4741,j,j,check,['check'],"[('p1', 'check'), ('p2', 'check')]",0.0,10212.0,0.0,tie,showdown,False,2,114.0,114.0,calling_station
4742,j,j,check,['check'],"[('p1', 'check'), ('p2', 'check')]",0.0,10212.0,0.0,tie,showdown,False,2,114.0,114.0,calling_station
4743,j,j,check,['check'],"[('p1', 'check'), ('p2', 'check')]",0.0,10212.0,0.0,tie,showdown,False,2,114.0,114.0,calling_station
4744,q,k,max_raise,['max_raise'],"[('p1', 'max_raise'), ('p2', 'call')]",-18.0,10194.0,36.0,p2,showdown,False,2,102.0,114.0,calling_station
4745,q,k,max_raise,['max_raise'],"[('p1', 'max_raise'), ('p2', 'call')]",-18.0,10176.0,36.0,p2,showdown,False,2,102.0,114.0,calling_station
4746,j,k,check,['check'],"[('p1', 'check'), ('p2', 'check')]",-6.0,10170.0,12.0,p2,showdown,False,2,114.0,114.0,calling_station
4747,k,q,max_raise,['max_raise'],"[('p1', 'max_raise'), ('p2', 'call')]",18.0,10188.0,36.0,p1,showdown,False,2,102.0,114.0,calling_station
4748,q,k,max_raise,['max_raise'],"[('p1', 'max_raise'), ('p2', 'call')]",-18.0,10170.0,36.0,p2,showdown,False,2,102.0,114.0,calling_station
4749,j,q,check,['check'],"[('p1', 'check'), ('p2', 'check')]",-6.0,10164.0,12.0,p2,showdown,False,2,114.0,114.0,calling_station
4750,k,k,max_raise,['max_raise'],"[('p1', 'max_raise'), ('p2', 'call')]",0.0,10164.0,0.0,tie,showdown,False,2,102.0,114.0,calling_station
4751,q,j,max_raise,['max_raise'],"[('p1', 'max_raise'), ('p2', 'call')]",18.0,10182.0,36.0,p1,showdown,False,2,102.0,114.0,calling_station
4752,k,q,max_raise,['max_raise'],"[('p1', 'max_raise'), ('p2', 'call')]",18.0,10200.0,36.0,p1,showdown,False,2,102.0,114.0,calling_station
4753,j,k,check,['check'],"[('p1', 'check'), ('p2', 'check')]",-6.0,10194.0,12.0,p2,showdown,False,2,114.0,114.0,calling_station
4754,q,k,max_raise,['max_raise'],"[('p1', 'max_raise'), ('p2', 'call')]",-18.0,10176.0,36.0,p2,showdown,False,2,102.0,114.0,calling_station
4755,k,j,max_raise,['max_raise'],"[('p1', 'max_raise'), ('p2', 'call')]",18.0,10194.0,36.0,p1,showdown,False,2,102.0,114.0,calling_station
4756,j,q,check,['check'],"[('p1', 'check'), ('p2', 'check')]",-6.0,10188.0,12.0,p2,showdown,False,2,114.0,114.0,calling_station
4757,j,j,check,['check'],"[('p1', 'check'), ('p2', 'check')]",0.0,10188.0,0.0,tie,showdown,False,2,114.0,114.0,calling_station
4758,q,k,max_raise,['max_raise'],"[('p1', 'max_raise'), ('p2', 'call')]",-18.0,10170.0,36.0,p2,showdown,False,2,102.0,114.0,calling_station
4759,k,k,max_raise,['max_raise'],"[('p1', 'max_raise'), ('p2', 'call')]",0.0,10170.0,0.0,tie,showdown,False,2,102.0,114.0,calling_station
4760,k,j,max_raise,['max_raise'],"[('p1', 'max_raise'), ('p2', 'call')]",18.0,10188.0,36.0,p1,showdown,False,2,102.0,114.0,calling_station
4761,k,j,max_raise,['max_raise'],"[('p1', 'max_raise'), ('p2', 'call')]",18.0,10206.0,36.0,p1,showdown,False,2,102.0,114.0,calling_station
4762,j,q,check,['check'],"[('p1', 'check'), ('p2', 'check')]",-6.0,10200.0,12.0,p2,showdown,False,2,114.0,114.0,calling_station
4763,q,k,max_raise,['max_raise'],"[('p1', 'max_raise'), ('p2', 'call')]",-18.0,10182.0,36.0,p2,showdown,False,2,102.0,114.0,calling_station
4764,k,k,max_raise,['max_raise'],"[('p1', 'max_raise'), ('p2', 'call')]",0.0,10182.0,0.0,tie,showdown,False,2,102.0,114.0,calling_station
4765,k,q,max_raise,['max_raise'],"[('p1', 'max_raise'), ('p2', 'call')]",18.0,10200.0,36.0,p1,showdown,False,2,102.0,114.0,calling_station
4766,q,q,max_raise,['max_raise'],"[('p1', 'max_raise'), ('p2', 'call')]",0.0,10200.0,0.0,tie,showdown,False,2,102.0,114.0,calling_station
4767,k,q,max_raise,['max_raise'],"[('p1', 'max_raise'), ('p2', 'call')]",18.0,10218.0,36.0,p1,showdown,False,2,102.0,114.0,calling_station
4768,k,j,max_raise,['max_raise'],"[('p1', 'max_raise'), ('p2', 'call')]",18.0,10236.0,36.0,p1,showdown,False,2,102.0,114.0,calling_station
4769,q,k,max_raise,['max_raise'],"[('p1', 'max_raise'), ('p2', 'call')]",-18.0,10218.0,36.0,p2,showdown,False,2,102.0,114.0,calling_station
4770,k,q,max_raise,['max_raise'],"[('p1', 'max_raise'), ('p2', 'call')]",18.0,10236.0,36.0,p1,showdown,False,2,102.0,114.0,calling_station
4771,k,q,max_raise,['max_raise'],"[('p1', 'max_raise'), ('p2', 'call')]",18.0,10254.0,36.0,p1,showdown,False,2,102.0,114.0,calling_station
4772,k,q,max_raise,['max_raise'],"[('p1', 'max_raise'), ('p2', 'call')]",18.0,10272.0,36.0,p1,showdown,False,2,102.0,114.0,calling_station
4773,k,k,max_raise,['max_raise'],"[('p1', 'max_raise'), ('p2', 'call')]",0.0,10272.0,0.0,tie,showdown,False,2,102.0,114.0,calling_station
4774,k,q,max_raise,['max_raise'],"[('p1', 'max_raise'), ('p2', 'call')]",18.0,10290.0,36.0,p1,showdown,False,2,102.0,114.0,calling_station
4775,k,k,max_raise,['max_raise'],"[('p1', 'max_raise'), ('p2', 'call')]",0.0,10290.0,0.0,tie,showdown,False,2,102.0,114.0,calling_station
4776,j,q,check,['check'],"[('p1', 'check'), ('p2', 'check')]",-6.0,10284.0,12.0,p2,showdown,False,2,114.0,114.0,calling_station
4777,k,k,max_raise,['max_raise'],"[('p1', 'max_raise'), ('p2', 'call')]",0.0,10284.0,0.0,tie,showdown,False,2,102.0,114.0,calling_station
4778,q,q,max_raise,['max_raise'],"[('p1', 'max_raise'), ('p2', 'call')]",0.0,10284.0,0.0,tie,showdown,False,2,102.0,114.0,calling_station
4779,k,j,max_raise,['max_raise'],"[('p1', 'max_raise'), ('p2', 'call')]",18.0,10302.0,36.0,p1,showdown,False,2,102.0,114.0,calling_station
4780,j,k,check,['check'],"[('p1', 'check'), ('p2', 'check')]",-6.0,10296.0,12.0,p2,showdown,False,2,114.0,114.0,calling_station
4781,k,j,max_raise,['max_raise'],"[('p1', 'max_raise'), ('p2', 'call')]",18.0,10314.0,36.0,p1,showdown,False,2,102.0,114.0,calling_station
4782,j,q,check,['check'],"[('p1', 'check'), ('p2', 'check')]",-6.0,10308.0,12.0,p2,showdown,False,2,114.0,114.0,calling_station
4783,k,j,max_raise,['max_raise'],"[('p1', 'max_raise'), ('p2', 'call')]",18.0,10326.0,36.0,p1,showdown,False,2,102.0,114.0,calling_station
4784,q,j,max_raise,['max_raise'],"[('p1', 'max_raise'), ('p2', 'call')]",18.0,10344.0,36.0,p1,showdown,False,2,102.0,114.0,calling_station
4785,j,k,check,['check'],"[('p1', 'check'), ('p2', 'check')]",-6.0,10338.0,12.0,p2,showdown,False,2,114.0,114.0,calling_station
4786,j,q,check,['check'],"[('p1', 'check'), ('p2', 'check')]",-6.0,10332.0,12.0,p2,showdown,False,2,114.0,114.0,calling_station
4787,k,k,max_raise,['max_raise'],"[('p1', 'max_raise'), ('p2', 'call')]",0.0,10332.0,0.0,tie,showdown,False,2,102.0,114.0,calling_station
4788,q,k,max_raise,['max_raise'],"[('p1', 'max_raise'), ('p2', 'call')]",-18.0,10314.0,36.0,p2,showdown,False,2,102.0,114.0,calling_station
4789,k,q,max_raise,['max_raise'],"[('p1', 'max_raise'), ('p2', 'call')]",18.0,10332.0,36.0,p1,showdown,False,2,102.0,114.0,calling_station
4790,j,j,check,['check'],"[('p1', 'check'), ('p2', 'check')]",0.0,10332.0,0.0,tie,showdown,False,2,114.0,114.0,calling_station
4791,j,q,check,['check'],"[('p1', 'check'), ('p2', 'check')]",-6.0,10326.0,12.0,p2,showdown,False,2,114.0,114.0,calling_station
4792,k,j,max_raise,['max_raise'],"[('p1', 'max_raise'), ('p2', 'call')]",18.0,10344.0,36.0,p1,showdown,False,2,102.0,114.0,calling_station
4793,q,j,max_raise,['max_raise'],"[('p1', 'max_raise'), ('p2', 'call')]",18.0,10362.0,36.0,p1,showdown,False,2,102.0,114.0,calling_station
4794,q,q,max_raise,['max_raise'],"[('p1', 'max_raise'), ('p2', 'call')]",0.0,10362.0,0.0,tie,showdown,False,2,102.0,114.0,calling_station
4795,k,q,max_raise,['max_raise'],"[('p1', 'max_raise'), ('p2', 'call')]",18.0,10380.0,36.0,p1,showdown,False,2,102.0,114.0,calling_station
4796,k,j,max_raise,['max_raise'],"[('p1', 'max_raise'), ('p2', 'call')]",18.0,10398.0,36.0,p1,showdown,False,2,102.0,114.0,calling_station
4797,q,k,max_raise,['max_raise'],"[('p1', 'max_raise'), ('p2', 'call')]",-18.0,10380.0,36.0,p2,showdown,False,2,102.0,114.0,calling_station
4798,k,q,max_raise,['max_raise'],"[('p1', 'max_raise'), ('p2', 'call')]",18.0,10398.0,36.0,p1,showdown,False,2,102.0,114.0,calling_station
4799,k,k,max_raise,['max_raise'],"[('p1', 'max_raise'), ('p2', 'call')]",0.0,10398.0,0.0,tie,showdown,False,2,102.0,114.0,calling_station
4800,j,q,check,['check'],"[('p1', 'check'), ('p2', 'check')]",-6.0,10392.0,12.0,p2,showdown,False,2,114.0,114.0,calling_station
4801,q,j,max_raise,['max_raise'],"[('p1', 'max_raise'), ('p2', 'call')]",18.0,10410.0,36.0,p1,showdown,False,2,102.0,114.0,calling_station
4802,q,k,max_raise,['max_raise'],"[('p1', 'max_raise'), ('p2', 'call')]",-18.0,10392.0,36.0,p2,showdown,False,2,102.0,114.0,calling_station
4803,k,k,max_raise,['max_raise'],"[('p1', 'max_raise'), ('p2', 'call')]",0.0,10392.0,0.0,tie,showdown,False,2,102.0,114.0,calling_station
4804,k,q,max_raise,['max_raise'],"[('p1', 'max_raise'), ('p2', 'call')]",18.0,10410.0,36.0,p1,showdown,False,2,102.0,114.0,calling_station
4805,k,q,max_raise,['max_raise'],"[('p1', 'max_raise'), ('p2', 'call')]",18.0,10428.0,36.0,p1,showdown,False,2,102.0,114.0,calling_station
4806,q,k,max_raise,['max_raise'],"[('p1', 'max_raise'), ('p2', 'call')]",-18.0,10410.0,36.0,p2,showdown,False,2,102.0,114.0,calling_station
4807,q,j,max_raise,['max_raise'],"[('p1', 'max_raise'), ('p2', 'call')]",18.0,10428.0,36.0,p1,showdown,False,2,102.0,114.0,calling_station
4808,q,k,max_raise,['max_raise'],"[('p1', 'max_raise'), ('p2', 'call')]",-18.0,10410.0,36.0,p2,showdown,False,2,102.0,114.0,calling_station
4809,j,q,check,['check'],"[('p1', 'check'), ('p2', 'check')]",-6.0,10404.0,12.0,p2,showdown,False,2,114.0,114.0,calling_station
4810,j,q,check,['check'],"[('p1', 'check'), ('p2', 'check')]",-6.0,10398.0,12.0,p2,showdown,False,2,114.0,114.0,calling_station
4811,j,k,check,['check'],"[('p1', 'check'), ('p2', 'check')]",-6.0,10392.0,12.0,p2,showdown,False,2,114.0,114.0,calling_station
4812,j,j,check,['check'],"[('p1', 'check'), ('p2', 'check')]",0.0,10392.0,0.0,tie,showdown,False,2,114.0,114.0,calling_station
4813,j,j,check,['check'],"[('p1', 'check'), ('p2', 'check')]",0.0,10392.0,0.0,tie,showdown,False,2,114.0,114.0,calling_station
4814,k,j,max_raise,['max_raise'],"[('p1', 'max_raise'), ('p2', 'call')]",18.0,10410.0,36.0,p1,showdown,False,2,102.0,114.0,calling_station
4815,k,k,max_raise,['max_raise'],"[('p1', 'max_raise'), ('p2', 'call')]",0.0,10410.0,0.0,tie,showdown,False,2,102.0,114.0,calling_station
4816,q,j,max_raise,['max_raise'],"[('p1', 'max_raise'), ('p2', 'call')]",18.0,10428.0,36.0,p1,showdown,False,2,102.0,114.0,calling_station
4817,k,k,max_raise,['max_raise'],"[('p1', 'max_raise'), ('p2', 'call')]",0.0,10428.0,0.0,tie,showdown,False,2,102.0,114.0,calling_station
4818,q,q,max_raise,['max_raise'],"[('p1', 'max_raise'), ('p2', 'call')]",0.0,10428.0,0.0,tie,showdown,False,2,102.0,114.0,calling_station
4819,k,q,max_raise,['max_raise'],"[('p1', 'max_raise'), ('p2', 'call')]",18.0,10446.0,36.0,p1,showdown,False,2,102.0,114.0,calling_station
4820,k,j,max_raise,['max_raise'],"[('p1', 'max_raise'), ('p2', 'call')]",18.0,10464.0,36.0,p1,showdown,False,2,102.0,114.0,calling_station
4821,q,q,max_raise,['max_raise'],"[('p1', 'max_raise'), ('p2', 'call')]",0.0,10464.0,0.0,tie,showdown,False,2,102.0,114.0,calling_station
4822,j,q,check,['check'],"[('p1', 'check'), ('p2', 'check')]",-6.0,10458.0,12.0,p2,showdown,False,2,114.0,114.0,calling_station
4823,k,k,max_raise,['max_raise'],"[('p1', 'max_raise'), ('p2', 'call')]",0.0,10458.0,0.0,tie,showdown,False,2,102.0,114.0,calling_station
4824,k,q,max_raise,['max_raise'],"[('p1', 'max_raise'), ('p2', 'call')]",18.0,10476.0,36.0,p1,showdown,False,2,102.0,114.0,calling_station
4825,j,q,check,['check'],"[('p1', 'check'), ('p2', 'check')]",-6.0,10470.0,12.0,p2,showdown,False,2,114.0,114.0,calling_station
4826,q,j,max_raise,['max_raise'],"[('p1', 'max_raise'), ('p2', 'call')]",18.0,10488.0,36.0,p1,showdown,False,2,102.0,114.0,calling_station
4827,k,q,max_raise,['max_raise'],"[('p1', 'max_raise'), ('p2', 'call')]",18.0,10506.0,36.0,p1,showdown,False,2,102.0,114.0,calling_station
4828,q,q,max_raise,['max_raise'],"[('p1', 'max_raise'), ('p2', 'call')]",0.0,10506.0,0.0,tie,showdown,False,2,102.0,114.0,calling_station
4829,j,k,check,['check'],"[('p1', 'check'), ('p2', 'check')]",-6.0,10500.0,12.0,p2,showdown,False,2,114.0,114.0,calling_station
4830,k,j,max_raise,['max_raise'],"[('p1', 'max_raise'), ('p2', 'call')]",18.0,10518.0,36.0,p1,showdown,False,2,102.0,114.0,calling_station
4831,j,q,check,['check'],"[('p1', 'check'), ('p2', 'check')]",-6.0,10512.0,12.0,p2,showdown,False,2,114.0,114.0,calling_station
4832,j,q,check,['check'],"[('p1', 'check'), ('p2', 'check')]",-6.0,10506.0,12.0,p2,showdown,False,2,114.0,114.0,calling_station
4833,q,k,max_raise,['max_raise'],"[('p1', 'max_raise'), ('p2', 'call')]",-18.0,10488.0,36.0,p2,showdown,False,2,102.0,114.0,calling_station
4834,q,j,max_raise,['max_raise'],"[('p1', 'max_raise'), ('p2', 'call')]",18.0,10506.0,36.0,p1,showdown,False,2,102.0,114.0,calling_station
4835,q,q,max_raise,['max_raise'],"[('p1', 'max_raise'), ('p2', 'call')]",0.0,10506.0,0.0,tie,showdown,False,2,102.0,114.0,calling_station
4836,k,q,max_raise,['max_raise'],"[('p1', 'max_raise'), ('p2', 'call')]",18.0,10524.0,36.0,p1,showdown,False,2,102.0,114.0,calling_station
4837,k,k,max_raise,['max_raise'],"[('p1', 'max_raise'), ('p2', 'call')]",0.0,10524.0,0.0,tie,showdown,False,2,102.0,114.0,calling_station
4838,j,q,check,['check'],"[('p1', 'check'), ('p2', 'check')]",-6.0,10518.0,12.0,p2,showdown,False,2,114.0,114.0,calling_station
4839,k,k,max_raise,['max_raise'],"[('p1', 'max_raise'), ('p2', 'call')]",0.0,10518.0,0.0,tie,showdown,False,2,102.0,114.0,calling_station
4840,j,q,check,['check'],"[('p1', 'check'), ('p2', 'check')]",-6.0,10512.0,12.0,p2,showdown,False,2,114.0,114.0,calling_station
4841,q,k,max_raise,['max_raise'],"[('p1', 'max_raise'), ('p2', 'call')]",-18.0,10494.0,36.0,p2,showdown,False,2,102.0,114.0,calling_station
4842,k,q,max_raise,['max_raise'],"[('p1', 'max_raise'), ('p2', 'call')]",18.0,10512.0,36.0,p1,showdown,False,2,102.0,114.0,calling_station
4843,j,q,check,['check'],"[('p1', 'check'), ('p2', 'check')]",-6.0,10506.0,12.0,p2,showdown,False,2,114.0,114.0,calling_station
4844,k,k,max_raise,['max_raise'],"[('p1', 'max_raise'), ('p2', 'call')]",0.0,10506.0,0.0,tie,showdown,False,2,102.0,114.0,calling_station
4845,k,q,max_raise,['max_raise'],"[('p1', 'max_raise'), ('p2', 'call')]",18.0,10524.0,36.0,p1,showdown,False,2,102.0,114.0,calling_station
4846,k,q,max_raise,['max_raise'],"[('p1', 'max_raise'), ('p2', 'call')]",18.0,10542.0,36.0,p1,showdown,False,2,102.0,114.0,calling_station
4847,j,q,check,['check'],"[('p1', 'check'), ('p2', 'check')]",-6.0,10536.0,12.0,p2,showdown,False,2,114.0,114.0,calling_station
4848,q,j,max_raise,['max_raise'],"[('p1', 'max_raise'), ('p2', 'call')]",18.0,10554.0,36.0,p1,showdown,False,2,102.0,114.0,calling_station
4849,k,k,max_raise,['max_raise'],"[('p1', 'max_raise'), ('p2', 'call')]",0.0,10554.0,0.0,tie,showdown,False,2,102.0,114.0,calling_station
4850,j,q,check,['check'],"[('p1', 'check'), ('p2', 'check')]",-6.0,10548.0,12.0,p2,showdown,False,2,114.0,114.0,calling_station
4851,j,j,check,['check'],"[('p1', 'check'), ('p2', 'check')]",0.0,10548.0,0.0,tie,showdown,False,2,114.0,114.0,calling_station
4852,j,k,check,['check'],"[('p1', 'check'), ('p2', 'check')]",-6.0,10542.0,12.0,p2,showdown,False,2,114.0,114.0,calling_station
4853,k,q,max_raise,['max_raise'],"[('p1', 'max_raise'), ('p2', 'call')]",18.0,10560.0,36.0,p1,showdown,False,2,102.0,114.0,calling_station
4854,j,j,check,['check'],"[('p1', 'check'), ('p2', 'check')]",0.0,10560.0,0.0,tie,showdown,False,2,114.0,114.0,calling_station
4855,k,j,max_raise,['max_raise'],"[('p1', 'max_raise'), ('p2', 'call')]",18.0,10578.0,36.0,p1,showdown,False,2,102.0,114.0,calling_station
4856,k,q,max_raise,['max_raise'],"[('p1', 'max_raise'), ('p2', 'call')]",18.0,10596.0,36.0,p1,showdown,False,2,102.0,114.0,calling_station
4857,j,j,check,['check'],"[('p1', 'check'), ('p2', 'check')]",0.0,10596.0,0.0,tie,showdown,False,2,114.0,114.0,calling_station
4858,q,j,max_raise,['max_raise'],"[('p1', 'max_raise'), ('p2', 'call')]",18.0,10614.0,36.0,p1,showdown,False,2,102.0,114.0,calling_station
4859,q,j,max_raise,['max_raise'],"[('p1', 'max_raise'), ('p2', 'call')]",18.0,10632.0,36.0,p1,showdown,False,2,102.0,114.0,calling_station
4860,q,q,max_raise,['max_raise'],"[('p1', 'max_raise'), ('p2', 'call')]",0.0,10632.0,0.0,tie,showdown,False,2,102.0,114.0,calling_station
4861,j,k,check,['check'],"[('p1', 'check'), ('p2', 'check')]",-6.0,10626.0,12.0,p2,showdown,False,2,114.0,114.0,calling_station
4862,k,j,max_raise,['max_raise'],"[('p1', 'max_raise'), ('p2', 'call')]",18.0,10644.0,36.0,p1,showdown,False,2,102.0,114.0,calling_station
4863,j,k,check,['check'],"[('p1', 'check'), ('p2', 'check')]",-6.0,10638.0,12.0,p2,showdown,False,2,114.0,114.0,calling_station
4864,k,j,max_raise,['max_raise'],"[('p1', 'max_raise'), ('p2', 'call')]",18.0,10656.0,36.0,p1,showdown,False,2,102.0,114.0,calling_station
4865,j,q,check,['check'],"[('p1', 'check'), ('p2', 'check')]",-6.0,10650.0,12.0,p2,showdown,False,2,114.0,114.0,calling_station
4866,q,q,max_raise,['max_raise'],"[('p1', 'max_raise'), ('p2', 'call')]",0.0,10650.0,0.0,tie,showdown,False,2,102.0,114.0,calling_station
4867,k,q,max_raise,['max_raise'],"[('p1', 'max_raise'), ('p2', 'call')]",18.0,10668.0,36.0,p1,showdown,False,2,102.0,114.0,calling_station
4868,k,k,max_raise,['max_raise'],"[('p1', 'max_raise'), ('p2', 'call')]",0.0,10668.0,0.0,tie,showdown,False,2,102.0,114.0,calling_station
4869,q,k,max_raise,['max_raise'],"[('p1', 'max_raise'), ('p2', 'call')]",-18.0,10650.0,36.0,p2,showdown,False,2,102.0,114.0,calling_station
4870,q,j,max_raise,['max_raise'],"[('p1', 'max_raise'), ('p2', 'call')]",18.0,10668.0,36.0,p1,showdown,False,2,102.0,114.0,calling_station
4871,q,q,max_raise,['max_raise'],"[('p1', 'max_raise'), ('p2', 'call')]",0.0,10668.0,0.0,tie,showdown,False,2,102.0,114.0,calling_station
4872,j,q,check,['check'],"[('p1', 'check'), ('p2', 'check')]",-6.0,10662.0,12.0,p2,showdown,False,2,114.0,114.0,calling_station
4873,q,q,max_raise,['max_raise'],"[('p1', 'max_raise'), ('p2', 'call')]",0.0,10662.0,0.0,tie,showdown,False,2,102.0,114.0,calling_station
4874,k,j,max_raise,['max_raise'],"[('p1', 'max_raise'), ('p2', 'call')]",18.0,10680.0,36.0,p1,showdown,False,2,102.0,114.0,calling_station
4875,k,k,max_raise,['max_raise'],"[('p1', 'max_raise'), ('p2', 'call')]",0.0,10680.0,0.0,tie,showdown,False,2,102.0,114.0,calling_station
4876,k,j,max_raise,['max_raise'],"[('p1', 'max_raise'), ('p2', 'call')]",18.0,10698.0,36.0,p1,showdown,False,2,102.0,114.0,calling_station
4877,k,j,max_raise,['max_raise'],"[('p1', 'max_raise'), ('p2', 'call')]",18.0,10716.0,36.0,p1,showdown,False,2,102.0,114.0,calling_station
4878,k,k,max_raise,['max_raise'],"[('p1', 'max_raise'), ('p2', 'call')]",0.0,10716.0,0.0,tie,showdown,False,2,102.0,114.0,calling_station
4879,q,j,max_raise,['max_raise'],"[('p1', 'max_raise'), ('p2', 'call')]",18.0,10734.0,36.0,p1,showdown,False,2,102.0,114.0,calling_station
4880,j,q,check,['check'],"[('p1', 'check'), ('p2', 'check')]",-6.0,10728.0,12.0,p2,showdown,False,2,114.0,114.0,calling_station
4881,j,j,check,['check'],"[('p1', 'check'), ('p2', 'check')]",0.0,10728.0,0.0,tie,showdown,False,2,114.0,114.0,calling_station
4882,j,k,check,['check'],"[('p1', 'check'), ('p2', 'check')]",-6.0,10722.0,12.0,p2,showdown,False,2,114.0,114.0,calling_station
4883,j,q,check,['check'],"[('p1', 'check'), ('p2', 'check')]",-6.0,10716.0,12.0,p2,showdown,False,2,114.0,114.0,calling_station
4884,j,q,check,['check'],"[('p1', 'check'), ('p2', 'check')]",-6.0,10710.0,12.0,p2,showdown,False,2,114.0,114.0,calling_station
4885,j,k,check,['check'],"[('p1', 'check'), ('p2', 'check')]",-6.0,10704.0,12.0,p2,showdown,False,2,114.0,114.0,calling_station
4886,j,j,check,['check'],"[('p1', 'check'), ('p2', 'check')]",0.0,10704.0,0.0,tie,showdown,False,2,114.0,114.0,calling_station
4887,j,k,check,['check'],"[('p1', 'check'), ('p2', 'check')]",-6.0,10698.0,12.0,p2,showdown,False,2,114.0,114.0,calling_station
4888,j,q,check,['check'],"[('p1', 'check'), ('p2', 'check')]",-6.0,10692.0,12.0,p2,showdown,False,2,114.0,114.0,calling_station
4889,j,k,check,['check'],"[('p1', 'check'), ('p2', 'check')]",-6.0,10686.0,12.0,p2,showdown,False,2,114.0,114.0,calling_station
4890,q,j,max_raise,['max_raise'],"[('p1', 'max_raise'), ('p2', 'call')]",18.0,10704.0,36.0,p1,showdown,False,2,102.0,114.0,calling_station
4891,q,k,max_raise,['max_raise'],"[('p1', 'max_raise'), ('p2', 'call')]",-18.0,10686.0,36.0,p2,showdown,False,2,102.0,114.0,calling_station
4892,k,q,max_raise,['max_raise'],"[('p1', 'max_raise'), ('p2', 'call')]",18.0,10704.0,36.0,p1,showdown,False,2,102.0,114.0,calling_station
4893,k,j,max_raise,['max_raise'],"[('p1', 'max_raise'), ('p2', 'call')]",18.0,10722.0,36.0,p1,showdown,False,2,102.0,114.0,calling_station
4894,k,q,max_raise,['max_raise'],"[('p1', 'max_raise'), ('p2', 'call')]",18.0,10740.0,36.0,p1,showdown,False,2,102.0,114.0,calling_station
4895,j,k,check,['check'],"[('p1', 'check'), ('p2', 'check')]",-6.0,10734.0,12.0,p2,showdown,False,2,114.0,114.0,calling_station
4896,q,j,max_raise,['max_raise'],"[('p1', 'max_raise'), ('p2', 'call')]",18.0,10752.0,36.0,p1,showdown,False,2,102.0,114.0,calling_station
4897,j,q,check,['check'],"[('p1', 'check'), ('p2', 'check')]",-6.0,10746.0,12.0,p2,showdown,False,2,114.0,114.0,calling_station
4898,q,j,max_raise,['max_raise'],"[('p1', 'max_raise'), ('p2', 'call')]",18.0,10764.0,36.0,p1,showdown,False,2,102.0,114.0,calling_station
4899,j,j,check,['check'],"[('p1', 'check'), ('p2', 'check')]",0.0,10764.0,0.0,tie,showdown,False,2,114.0,114.0,calling_station
4900,q,j,max_raise,['max_raise'],"[('p1', 'max_raise'), ('p2', 'call')]",18.0,10782.0,36.0,p1,showdown,False,2,102.0,114.0,calling_station
4901,k,k,max_raise,['max_raise'],"[('p1', 'max_raise'), ('p2', 'call')]",0.0,10782.0,0.0,tie,showdown,False,2,102.0,114.0,calling_station
4902,q,q,max_raise,['max_raise'],"[('p1', 'max_raise'), ('p2', 'call')]",0.0,10782.0,0.0,tie,showdown,False,2,102.0,114.0,calling_station
4903,k,q,max_raise,['max_raise'],"[('p1', 'max_raise'), ('p2', 'call')]",18.0,10800.0,36.0,p1,showdown,False,2,102.0,114.0,calling_station
4904,j,j,check,['check'],"[('p1', 'check'), ('p2', 'check')]",0.0,10800.0,0.0,tie,showdown,False,2,114.0,114.0,calling_station
4905,q,j,max_raise,['max_raise'],"[('p1', 'max_raise'), ('p2', 'call')]",18.0,10818.0,36.0,p1,showdown,False,2,102.0,114.0,calling_station
4906,q,q,max_raise,['max_raise'],"[('p1', 'max_raise'), ('p2', 'call')]",0.0,10818.0,0.0,tie,showdown,False,2,102.0,114.0,calling_station
4907,j,k,check,['check'],"[('p1', 'check'), ('p2', 'check')]",-6.0,10812.0,12.0,p2,showdown,False,2,114.0,114.0,calling_station
4908,k,q,max_raise,['max_raise'],"[('p1', 'max_raise'), ('p2', 'call')]",18.0,10830.0,36.0,p1,showdown,False,2,102.0,114.0,calling_station
4909,q,j,max_raise,['max_raise'],"[('p1', 'max_raise'), ('p2', 'call')]",18.0,10848.0,36.0,p1,showdown,False,2,102.0,114.0,calling_station
4910,j,k,check,['check'],"[('p1', 'check'), ('p2', 'check')]",-6.0,10842.0,12.0,p2,showdown,False,2,114.0,114.0,calling_station
4911,q,k,max_raise,['max_raise'],"[('p1', 'max_raise'), ('p2', 'call')]",-18.0,10824.0,36.0,p2,showdown,False,2,102.0,114.0,calling_station
4912,k,j,max_raise,['max_raise'],"[('p1', 'max_raise'), ('p2', 'call')]",18.0,10842.0,36.0,p1,showdown,False,2,102.0,114.0,calling_station
4913,k,j,max_raise,['max_raise'],"[('p1', 'max_raise'), ('p2', 'call')]",18.0,10860.0,36.0,p1,showdown,False,2,102.0,114.0,calling_station
4914,q,q,max_raise,['max_raise'],"[('p1', 'max_raise'), ('p2', 'call')]",0.0,10860.0,0.0,tie,showdown,False,2,102.0,114.0,calling_station
4915,k,j,max_raise,['max_raise'],"[('p1', 'max_raise'), ('p2', 'call')]",18.0,10878.0,36.0,p1,showdown,False,2,102.0,114.0,calling_station
4916,k,j,max_raise,['max_raise'],"[('p1', 'max_raise'), ('p2', 'call')]",18.0,10896.0,36.0,p1,showdown,False,2,102.0,114.0,calling_station
4917,j,j,check,['check'],"[('p1', 'check'), ('p2', 'check')]",0.0,10896.0,0.0,tie,showdown,False,2,114.0,114.0,calling_station
4918,k,j,max_raise,['max_raise'],"[('p1', 'max_raise'), ('p2', 'call')]",18.0,10914.0,36.0,p1,showdown,False,2,102.0,114.0,calling_station
4919,k,j,max_raise,['max_raise'],"[('p1', 'max_raise'), ('p2', 'call')]",18.0,10932.0,36.0,p1,showdown,False,2,102.0,114.0,calling_station
4920,k,q,max_raise,['max_raise'],"[('p1', 'max_raise'), ('p2', 'call')]",18.0,10950.0,36.0,p1,showdown,False,2,102.0,114.0,calling_station
4921,j,j,check,['check'],"[('p1', 'check'), ('p2', 'check')]",0.0,10950.0,0.0,tie,showdown,False,2,114.0,114.0,calling_station
4922,j,k,check,['check'],"[('p1', 'check'), ('p2', 'check')]",-6.0,10944.0,12.0,p2,showdown,False,2,114.0,114.0,calling_station
4923,q,q,max_raise,['max_raise'],"[('p1', 'max_raise'), ('p2', 'call')]",0.0,10944.0,0.0,tie,showdown,False,2,102.0,114.0,calling_station
4924,j,k,check,['check'],"[('p1', 'check'), ('p2', 'check')]",-6.0,10938.0,12.0,p2,showdown,False,2,114.0,114.0,calling_station
4925,k,k,max_raise,['max_raise'],"[('p1', 'max_raise'), ('p2', 'call')]",0.0,10938.0,0.0,tie,showdown,False,2,102.0,114.0,calling_station
4926,k,j,max_raise,['max_raise'],"[('p1', 'max_raise'), ('p2', 'call')]",18.0,10956.0,36.0,p1,showdown,False,2,102.0,114.0,calling_station
4927,j,k,check,['check'],"[('p1', 'check'), ('p2', 'check')]",-6.0,10950.0,12.0,p2,showdown,False,2,114.0,114.0,calling_station
4928,j,q,check,['check'],"[('p1', 'check'), ('p2', 'check')]",-6.0,10944.0,12.0,p2,showdown,False,2,114.0,114.0,calling_station
4929,q,k,max_raise,['max_raise'],"[('p1', 'max_raise'), ('p2', 'call')]",-18.0,10926.0,36.0,p2,showdown,False,2,102.0,114.0,calling_station
4930,j,q,check,['check'],"[('p1', 'check'), ('p2', 'check')]",-6.0,10920.0,12.0,p2,showdown,False,2,114.0,114.0,calling_station
4931,j,k,check,['check'],"[('p1', 'check'), ('p2', 'check')]",-6.0,10914.0,12.0,p2,showdown,False,2,114.0,114.0,calling_station
4932,k,j,max_raise,['max_raise'],"[('p1', 'max_raise'), ('p2', 'call')]",18.0,10932.0,36.0,p1,showdown,False,2,102.0,114.0,calling_station
4933,j,j,check,['check'],"[('p1', 'check'), ('p2', 'check')]",0.0,10932.0,0.0,tie,showdown,False,2,114.0,114.0,calling_station
4934,k,q,max_raise,['max_raise'],"[('p1', 'max_raise'), ('p2', 'call')]",18.0,10950.0,36.0,p1,showdown,False,2,102.0,114.0,calling_station
4935,k,q,max_raise,['max_raise'],"[('p1', 'max_raise'), ('p2', 'call')]",18.0,10968.0,36.0,p1,showdown,False,2,102.0,114.0,calling_station
4936,j,j,check,['check'],"[('p1', 'check'), ('p2', 'check')]",0.0,10968.0,0.0,tie,showdown,False,2,114.0,114.0,calling_station
4937,q,q,max_raise,['max_raise'],"[('p1', 'max_raise'), ('p2', 'call')]",0.0,10968.0,0.0,tie,showdown,False,2,102.0,114.0,calling_station
4938,k,j,max_raise,['max_raise'],"[('p1', 'max_raise'), ('p2', 'call')]",18.0,10986.0,36.0,p1,showdown,False,2,102.0,114.0,calling_station
4939,q,k,max_raise,['max_raise'],"[('p1', 'max_raise'), ('p2', 'call')]",-18.0,10968.0,36.0,p2,showdown,False,2,102.0,114.0,calling_station
4940,k,k,max_raise,['max_raise'],"[('p1', 'max_raise'), ('p2', 'call')]",0.0,10968.0,0.0,tie,showdown,False,2,102.0,114.0,calling_station
4941,q,k,max_raise,['max_raise'],"[('p1', 'max_raise'), ('p2', 'call')]",-18.0,10950.0,36.0,p2,showdown,False,2,102.0,114.0,calling_station
4942,q,k,max_raise,['max_raise'],"[('p1', 'max_raise'), ('p2', 'call')]",-18.0,10932.0,36.0,p2,showdown,False,2,102.0,114.0,calling_station
4943,j,j,check,['check'],"[('p1', 'check'), ('p2', 'check')]",0.0,10932.0,0.0,tie,showdown,False,2,114.0,114.0,calling_station
4944,k,k,max_raise,['max_raise'],"[('p1', 'max_raise'), ('p2', 'call')]",0.0,10932.0,0.0,tie,showdown,False,2,102.0,114.0,calling_station
4945,k,k,max_raise,['max_raise'],"[('p1', 'max_raise'), ('p2', 'call')]",0.0,10932.0,0.0,tie,showdown,False,2,102.0,114.0,calling_station
4946,q,j,max_raise,['max_raise'],"[('p1', 'max_raise'), ('p2', 'call')]",18.0,10950.0,36.0,p1,showdown,False,2,102.0,114.0,calling_station
4947,j,k,check,['check'],"[('p1', 'check'), ('p2', 'check')]",-6.0,10944.0,12.0,p2,showdown,False,2,114.0,114.0,calling_station
4948,q,k,max_raise,['max_raise'],"[('p1', 'max_raise'), ('p2', 'call')]",-18.0,10926.0,36.0,p2,showdown,False,2,102.0,114.0,calling_station
4949,q,k,max_raise,['max_raise'],"[('p1', 'max_raise'), ('p2', 'call')]",-18.0,10908.0,36.0,p2,showdown,False,2,102.0,114.0,calling_station
4950,j,q,check,['check'],"[('p1', 'check'), ('p2', 'check')]",-6.0,10902.0,12.0,p2,showdown,False,2,114.0,114.0,calling_station
4951,j,q,check,['check'],"[('p1', 'check'), ('p2', 'check')]",-6.0,10896.0,12.0,p2,showdown,False,2,114.0,114.0,calling_station
4952,q,j,max_raise,['max_raise'],"[('p1', 'max_raise'), ('p2', 'call')]",18.0,10914.0,36.0,p1,showdown,False,2,102.0,114.0,calling_station
4953,q,k,max_raise,['max_raise'],"[('p1', 'max_raise'), ('p2', 'call')]",-18.0,10896.0,36.0,p2,showdown,False,2,102.0,114.0,calling_station
4954,q,q,max_raise,['max_raise'],"[('p1', 'max_raise'), ('p2', 'call')]",0.0,10896.0,0.0,tie,showdown,False,2,102.0,114.0,calling_station
4955,q,k,max_raise,['max_raise'],"[('p1', 'max_raise'), ('p2', 'call')]",-18.0,10878.0,36.0,p2,showdown,False,2,102.0,114.0,calling_station
4956,q,k,max_raise,['max_raise'],"[('p1', 'max_raise'), ('p2', 'call')]",-18.0,10860.0,36.0,p2,showdown,False,2,102.0,114.0,calling_station
4957,k,j,max_raise,['max_raise'],"[('p1', 'max_raise'), ('p2', 'call')]",18.0,10878.0,36.0,p1,showdown,False,2,102.0,114.0,calling_station
4958,j,j,check,['check'],"[('p1', 'check'), ('p2', 'check')]",0.0,10878.0,0.0,tie,showdown,False,2,114.0,114.0,calling_station
4959,j,j,check,['check'],"[('p1', 'check'), ('p2', 'check')]",0.0,10878.0,0.0,tie,showdown,False,2,114.0,114.0,calling_station
4960,q,q,max_raise,['max_raise'],"[('p1', 'max_raise'), ('p2', 'call')]",0.0,10878.0,0.0,tie,showdown,False,2,102.0,114.0,calling_station
4961,j,k,check,['check'],"[('p1', 'check'), ('p2', 'check')]",-6.0,10872.0,12.0,p2,showdown,False,2,114.0,114.0,calling_station
4962,q,k,max_raise,['max_raise'],"[('p1', 'max_raise'), ('p2', 'call')]",-18.0,10854.0,36.0,p2,showdown,False,2,102.0,114.0,calling_station
4963,q,j,max_raise,['max_raise'],"[('p1', 'max_raise'), ('p2', 'call')]",18.0,10872.0,36.0,p1,showdown,False,2,102.0,114.0,calling_station
4964,j,q,check,['check'],"[('p1', 'check'), ('p2', 'check')]",-6.0,10866.0,12.0,p2,showdown,False,2,114.0,114.0,calling_station
4965,q,q,max_raise,['max_raise'],"[('p1', 'max_raise'), ('p2', 'call')]",0.0,10866.0,0.0,tie,showdown,False,2,102.0,114.0,calling_station
4966,k,q,max_raise,['max_raise'],"[('p1', 'max_raise'), ('p2', 'call')]",18.0,10884.0,36.0,p1,showdown,False,2,102.0,114.0,calling_station
4967,k,j,max_raise,['max_raise'],"[('p1', 'max_raise'), ('p2', 'call')]",18.0,10902.0,36.0,p1,showdown,False,2,102.0,114.0,calling_station
4968,j,q,check,['check'],"[('p1', 'check'), ('p2', 'check')]",-6.0,10896.0,12.0,p2,showdown,False,2,114.0,114.0,calling_station
4969,j,q,check,['check'],"[('p1', 'check'), ('p2', 'check')]",-6.0,10890.0,12.0,p2,showdown,False,2,114.0,114.0,calling_station
4970,j,q,check,['check'],"[('p1', 'check'), ('p2', 'check')]",-6.0,10884.0,12.0,p2,showdown,False,2,114.0,114.0,calling_station
4971,k,k,max_raise,['max_raise'],"[('p1', 'max_raise'), ('p2', 'call')]",0.0,10884.0,0.0,tie,showdown,False,2,102.0,114.0,calling_station
4972,k,j,max_raise,['max_raise'],"[('p1', 'max_raise'), ('p2', 'call')]",18.0,10902.0,36.0,p1,showdown,False,2,102.0,114.0,calling_station
4973,q,k,max_raise,['max_raise'],"[('p1', 'max_raise'), ('p2', 'call')]",-18.0,10884.0,36.0,p2,showdown,False,2,102.0,114.0,calling_station
4974,k,q,max_raise,['max_raise'],"[('p1', 'max_raise'), ('p2', 'call')]",18.0,10902.0,36.0,p1,showdown,False,2,102.0,114.0,calling_station
4975,k,q,max_raise,['max_raise'],"[('p1', 'max_raise'), ('p2', 'call')]",18.0,10920.0,36.0,p1,showdown,False,2,102.0,114.0,calling_station
4976,k,q,max_raise,['max_raise'],"[('p1', 'max_raise'), ('p2', 'call')]",18.0,10938.0,36.0,p1,showdown,False,2,102.0,114.0,calling_station
4977,k,k,max_raise,['max_raise'],"[('p1', 'max_raise'), ('p2', 'call')]",0.0,10938.0,0.0,tie,showdown,False,2,102.0,114.0,calling_station
4978,k,k,max_raise,['max_raise'],"[('p1', 'max_raise'), ('p2', 'call')]",0.0,10938.0,0.0,tie,showdown,False,2,102.0,114.0,calling_station
4979,k,q,max_raise,['max_raise'],"[('p1', 'max_raise'), ('p2', 'call')]",18.0,10956.0,36.0,p1,showdown,False,2,102.0,114.0,calling_station
4980,k,j,max_raise,['max_raise'],"[('p1', 'max_raise'), ('p2', 'call')]",18.0,10974.0,36.0,p1,showdown,False,2,102.0,114.0,calling_station
4981,k,j,max_raise,['max_raise'],"[('p1', 'max_raise'), ('p2', 'call')]",18.0,10992.0,36.0,p1,showdown,False,2,102.0,114.0,calling_station
4982,k,j,max_raise,['max_raise'],"[('p1', 'max_raise'), ('p2', 'call')]",18.0,11010.0,36.0,p1,showdown,False,2,102.0,114.0,calling_station
4983,q,q,max_raise,['max_raise'],"[('p1', 'max_raise'), ('p2', 'call')]",0.0,11010.0,0.0,tie,showdown,False,2,102.0,114.0,calling_station
4984,q,k,max_raise,['max_raise'],"[('p1', 'max_raise'), ('p2', 'call')]",-18.0,10992.0,36.0,p2,showdown,False,2,102.0,114.0,calling_station
4985,j,j,check,['check'],"[('p1', 'check'), ('p2', 'check')]",0.0,10992.0,0.0,tie,showdown,False,2,114.0,114.0,calling_station
4986,k,k,max_raise,['max_raise'],"[('p1', 'max_raise'), ('p2', 'call')]",0.0,10992.0,0.0,tie,showdown,False,2,102.0,114.0,calling_station
4987,k,j,max_raise,['max_raise'],"[('p1', 'max_raise'), ('p2', 'call')]",18.0,11010.0,36.0,p1,showdown,False,2,102.0,114.0,calling_station
4988,k,k,max_raise,['max_raise'],"[('p1', 'max_raise'), ('p2', 'call')]",0.0,11010.0,0.0,tie,showdown,False,2,102.0,114.0,calling_station
4989,k,q,max_raise,['max_raise'],"[('p1', 'max_raise'), ('p2', 'call')]",18.0,11028.0,36.0,p1,showdown,False,2,102.0,114.0,calling_station
4990,j,q,check,['check'],"[('p1', 'check'), ('p2', 'check')]",-6.0,11022.0,12.0,p2,showdown,False,2,114.0,114.0,calling_station
4991,q,q,max_raise,['max_raise'],"[('p1', 'max_raise'), ('p2', 'call')]",0.0,11022.0,0.0,tie,showdown,False,2,102.0,114.0,calling_station
4992,j,j,check,['check'],"[('p1', 'check'), ('p2', 'check')]",0.0,11022.0,0.0,tie,showdown,False,2,114.0,114.0,calling_station
4993,k,k,max_raise,['max_raise'],"[('p1', 'max_raise'), ('p2', 'call')]",0.0,11022.0,0.0,tie,showdown,False,2,102.0,114.0,calling_station
4994,k,j,max_raise,['max_raise'],"[('p1', 'max_raise'), ('p2', 'call')]",18.0,11040.0,36.0,p1,showdown,False,2,102.0,114.0,calling_station
4995,j,q,check,['check'],"[('p1', 'check'), ('p2', 'check')]",-6.0,11034.0,12.0,p2,showdown,False,2,114.0,114.0,calling_station
4996,q,k,max_raise,['max_raise'],"[('p1', 'max_raise'), ('p2', 'call')]",-18.0,11016.0,36.0,p2,showdown,False,2,102.0,114.0,calling_station
4997,q,k,max_raise,['max_raise'],"[('p1', 'max_raise'), ('p2', 'call')]",-18.0,10998.0,36.0,p2,showdown,False,2,102.0,114.0,calling_station
4998,k,q,max_raise,['max_raise'],"[('p1', 'max_raise'), ('p2', 'call')]",18.0,11016.0,36.0,p1,showdown,False,2,102.0,114.0,calling_station
4999,q,k,max_raise,['max_raise'],"[('p1', 'max_raise'), ('p2', 'call')]",-18.0,10998.0,36.0,p2,showdown,False,2,102.0,114.0,calling_station
