hand_idx,p1_card,p2_card,p1_first_action,p1_actions,all_actions,reward_p1,cum_profit,pot_won,winner,ended_by,is_bluff,n_actions,agent_stack,opp_stack,opponent
0,k,k,check,"['check', 'call']","[('p1', 'check'), ('p2', 'max_raise'), ('p1', 'call')]",0.0,0.0,0.0,tie,showdown,False,3,114.0,102.0,loose_aggressive
1,q,q,check,['check'],"[('p1', 'check'), ('p2', 'check')]",0.0,0.0,0.0,tie,showdown,False,2,114.0,114.0,loose_aggressive
2,k,q,check,['check'],"[('p1', 'check'), ('p2', 'check')]",6.0,6.0,12.0,p1,showdown,False,2,114.0,114.0,loose_aggressive
3,k,k,check,"['check', 'call']","[('p1', 'check'), ('p2', 'max_raise'), ('p1', 'call')]",0.0,6.0,0.0,tie,showdown,False,3,114.0,102.0,loose_aggressive
4,k,k,check,"['check', 'call']","[('p1', 'check'), ('p2', 'max_raise'), ('p1', 'call')]",0.0,6.0,0.0,tie,showdown,False,3,114.0,102.0,loose_aggressive
5,k,q,check,['check'],"[('p1', 'check'), ('p2', 'check')]",6.0,12.0,12.0,p1,showdown,False,2,114.0,114.0,loose_aggressive
6,q,q,check,['check'],"[('p1', 'check'), ('p2', 'check')]",0.0,12.0,0.0,tie,showdown,False,2,114.0,114.0,loose_aggressive
7,k,q,max_raise,['max_raise'],"[('p1', 'max_raise'), ('p2', 'call')]",18.0,30.0,36.0,p1,showdown,False,2,102.0,114.0,loose_aggressive
8,j,k,check,"['check', 'fold']","[('p1', 'check'), ('p2', 'max_raise'), ('p1', 'fold')]",-6.0,24.0,24.0,p2,fold,False,3,114.0,102.0,loose_aggressive
9,q,j,check,['check'],"[('p1', 'check'), ('p2', 'check')]",6.0,30.0,12.0,p1,showdown,False,2,114.0,114.0,loose_aggressive
10,k,j,check,"['check', 'call']","[('p1', 'check'), ('p2', 'min_raise'), ('p1', 'call')]",12.0,42.0,24.0,p1,showdown,False,3,114.0,108.0,loose_aggressive
11,q,k,check,"['check', 'fold']","[('p1', 'check'), ('p2', 'max_raise'), ('p1', 'fold')]",-6.0,36.0,24.0,p2,fold,False,3,114.0,102.0,loose_aggressive
12,j,j,check,"['check', 'fold']","[('p1', 'check'), ('p2', 'min_raise'), ('p1', 'fold')]",-6.0,30.0,18.0,p2,fold,False,3,114.0,108.0,loose_aggressive
13,q,k,check,"['check', 'fold']","[('p1', 'check'), ('p2', 'max_raise'), ('p1', 'fold')]",-6.0,24.0,24.0,p2,fold,False,3,114.0,102.0,loose_aggressive
14,k,k,check,"['check', 'call']","[('p1', 'check'), ('p2', 'max_raise'), ('p1', 'call')]",0.0,24.0,0.0,tie,showdown,False,3,114.0,102.0,loose_aggressive
15,q,k,check,"['check', 'fold']","[('p1', 'check'), ('p2', 'max_raise'), ('p1', 'fold')]",-6.0,18.0,24.0,p2,fold,False,3,114.0,102.0,loose_aggressive
16,k,q,check,['check'],"[('p1', 'check'), ('p2', 'check')]",6.0,24.0,12.0,p1,showdown,False,2,114.0,114.0,loose_aggressive
17,k,k,check,"['check', 'call']","[('p1', 'check'), ('p2', 'max_raise'), ('p1', 'call')]",0.0,24.0,0.0,tie,showdown,False,3,114.0,102.0,loose_aggressive
18,j,k,check,"['check', 'fold']","[('p1', 'check'), ('p2', 'max_raise'), ('p1', 'fold')]",-6.0,18.0,24.0,p2,fold,False,3,114.0,102.0,loose_aggressive
19,q,k,check,"['check', 'fold']","[('p1', 'check'), ('p2', 'max_raise'), ('p1', 'fold')]",-6.0,12.0,24.0,p2,fold,False,3,114.0,102.0,loose_aggressive
20,k,q,check,['check'],"[('p1', 'check'), ('p2', 'check')]",6.0,18.0,12.0,p1,showdown,False,2,114.0,114.0,loose_aggressive
21,q,k,check,"['check', 'fold']","[('p1', 'check'), ('p2', 'max_raise'), ('p1', 'fold')]",-6.0,12.0,24.0,p2,fold,False,3,114.0,102.0,loose_aggressive
22,j,k,check,"['check', 'fold']","[('p1', 'check'), ('p2', 'max_raise'), ('p1', 'fold')]",-6.0,6.0,24.0,p2,fold,False,3,114.0,102.0,loose_aggressive
23,j,k,check,"['check', 'fold']","[('p1', 'check'), ('p2', 'max_raise'), ('p1', 'fold')]",-6.0,0.0,24.0,p2,fold,False,3,114.0,102.0,loose_aggressive
24,j,k,check,"['check', 'fold']","[('p1', 'check'), ('p2', 'max_raise'), ('p1', 'fold')]",-6.0,-6.0,24.0,p2,fold,False,3,114.0,102.0,loose_aggressive
25,j,q,check,['check'],"[('p1', 'check'), ('p2', 'check')]",-6.0,-12.0,12.0,p2,showdown,False,2,114.0,114.0,loose_aggressive
26,k,j,check,"['check', 'call']","[('p1', 'check'), ('p2', 'min_raise'), ('p1', 'call')]",12.0,0.0,24.0,p1,showdown,False,3,114.0,108.0,loose_aggressive
27,j,j,check,['check'],"[('p1', 'check'), ('p2', 'check')]",0.0,0.0,0.0,tie,showdown,False,2,114.0,114.0,loose_aggressive
28,k,k,check,"['check', 'call']","[('p1', 'check'), ('p2', 'max_raise'), ('p1', 'call')]",0.0,0.0,0.0,tie,showdown,False,3,114.0,102.0,loose_aggressive
29,q,q,check,['check'],"[('p1', 'check'), ('p2', 'check')]",0.0,0.0,0.0,tie,showdown,False,2,114.0,114.0,loose_aggressive
30,j,k,check,"['check', 'fold']","[('p1', 'check'), ('p2', 'max_raise'), ('p1', 'fold')]",-6.0,-6.0,24.0,p2,fold,False,3,114.0,102.0,loose_aggressive
31,q,j,check,['check'],"[('p1', 'check'), ('p2', 'check')]",6.0,0.0,12.0,p1,showdown,False,2,114.0,114.0,loose_aggressive
32,q,j,check,['check'],"[('p1', 'check'), ('p2', 'check')]",6.0,6.0,12.0,p1,showdown,False,2,114.0,114.0,loose_aggressive
33,j,q,check,['check'],"[('p1', 'check'), ('p2', 'check')]",-6.0,0.0,12.0,p2,showdown,False,2,114.0,114.0,loose_aggressive
34,j,k,check,"['check', 'fold']","[('p1', 'check'), ('p2', 'max_raise'), ('p1', 'fold')]",-6.0,-6.0,24.0,p2,fold,False,3,114.0,102.0,loose_aggressive
35,j,k,check,"['check', 'fold']","[('p1', 'check'), ('p2', 'max_raise'), ('p1', 'fold')]",-6.0,-12.0,24.0,p2,fold,False,3,114.0,102.0,loose_aggressive
36,k,k,check,"['check', 'call']","[('p1', 'check'), ('p2', 'max_raise'), ('p1', 'call')]",0.0,-12.0,0.0,tie,showdown,False,3,114.0,102.0,loose_aggressive
37,j,q,check,['check'],"[('p1', 'check'), ('p2', 'check')]",-6.0,-18.0,12.0,p2,showdown,False,2,114.0,114.0,loose_aggressive
38,q,q,check,['check'],"[('p1', 'check'), ('p2', 'check')]",0.0,-18.0,0.0,tie,showdown,False,2,114.0,114.0,loose_aggressive
39,j,k,check,"['check', 'fold']","[('p1', 'check'), ('p2', 'max_raise'), ('p1', 'fold')]",-6.0,-24.0,24.0,p2,fold,False,3,114.0,102.0,loose_aggressive
40,j,j,check,"['check', 'fold']","[('p1', 'check'), ('p2', 'min_raise'), ('p1', 'fold')]",-6.0,-30.0,18.0,p2,fold,False,3,114.0,108.0,loose_aggressive
41,k,j,check,['check'],"[('p1', 'check'), ('p2', 'check')]",6.0,-24.0,12.0,p1,showdown,False,2,114.0,114.0,loose_aggressive
42,j,j,check,"['check', 'fold']","[('p1', 'check'), ('p2', 'min_raise'), ('p1', 'fold')]",-6.0,-30.0,18.0,p2,fold,False,3,114.0,108.0,loose_aggressive
43,k,k,check,"['check', 'call']","[('p1', 'check'), ('p2', 'max_raise'), ('p1', 'call')]",0.0,-30.0,0.0,tie,showdown,False,3,114.0,102.0,loose_aggressive
44,j,k,check,"['check', 'call']","[('p1', 'check'), ('p2', 'max_raise'), ('p1', 'call')]",-18.0,-48.0,36.0,p2,showdown,False,3,114.0,102.0,loose_aggressive
45,q,q,check,['check'],"[('p1', 'check'), ('p2', 'check')]",0.0,-48.0,0.0,tie,showdown,False,2,114.0,114.0,loose_aggressive
46,k,j,check,"['check', 'call']","[('p1', 'check'), ('p2', 'min_raise'), ('p1', 'call')]",12.0,-36.0,24.0,p1,showdown,False,3,114.0,108.0,loose_aggressive
47,j,k,check,"['check', 'fold']","[('p1', 'check'), ('p2', 'max_raise'), ('p1', 'fold')]",-6.0,-42.0,24.0,p2,fold,False,3,114.0,102.0,loose_aggressive
48,j,j,check,['check'],"[('p1', 'check'), ('p2', 'check')]",0.0,-42.0,0.0,tie,showdown,False,2,114.0,114.0,loose_aggressive
49,j,j,check,"['check', 'fold']","[('p1', 'check'), ('p2', 'min_raise'), ('p1', 'fold')]",-6.0,-48.0,18.0,p2,fold,False,3,114.0,108.0,loose_aggressive
50,k,j,check,"['check', 'call']","[('p1', 'check'), ('p2', 'min_raise'), ('p1', 'call')]",12.0,-36.0,24.0,p1,showdown,False,3,114.0,108.0,loose_aggressive
51,k,q,check,['check'],"[('p1', 'check'), ('p2', 'check')]",6.0,-30.0,12.0,p1,showdown,False,2,114.0,114.0,loose_aggressive
52,q,k,check,"['check', 'fold']","[('p1', 'check'), ('p2', 'max_raise'), ('p1', 'fold')]",-6.0,-36.0,24.0,p2,fold,False,3,114.0,102.0,loose_aggressive
53,k,q,check,['check'],"[('p1', 'check'), ('p2', 'check')]",6.0,-30.0,12.0,p1,showdown,False,2,114.0,114.0,loose_aggressive
54,q,j,check,['check'],"[('p1', 'check'), ('p2', 'check')]",6.0,-24.0,12.0,p1,showdown,False,2,114.0,114.0,loose_aggressive
55,k,k,max_raise,['max_raise'],"[('p1', 'max_raise'), ('p2', 'call')]",0.0,-24.0,0.0,tie,showdown,False,2,102.0,114.0,loose_aggressive
56,j,j,check,['check'],"[('p1', 'check'), ('p2', 'check')]",0.0,-24.0,0.0,tie,showdown,False,2,114.0,114.0,loose_aggressive
57,k,q,check,['check'],"[('p1', 'check'), ('p2', 'check')]",6.0,-18.0,12.0,p1,showdown,False,2,114.0,114.0,loose_aggressive
58,q,q,check,['check'],"[('p1', 'check'), ('p2', 'check')]",0.0,-18.0,0.0,tie,showdown,False,2,114.0,114.0,loose_aggressive
59,j,k,check,"['check', 'fold']","[('p1', 'check'), ('p2', 'max_raise'), ('p1', 'fold')]",-6.0,-24.0,24.0,p2,fold,False,3,114.0,102.0,loose_aggressive
60,k,j,check,"['check', 'call']","[('p1', 'check'), ('p2', 'min_raise'), ('p1', 'call')]",12.0,-12.0,24.0,p1,showdown,False,3,114.0,108.0,loose_aggressive
61,j,j,check,['check'],"[('p1', 'check'), ('p2', 'check')]",0.0,-12.0,0.0,tie,showdown,False,2,114.0,114.0,loose_aggressive
62,q,k,check,"['check', 'fold']","[('p1', 'check'), ('p2', 'max_raise'), ('p1', 'fold')]",-6.0,-18.0,24.0,p2,fold,False,3,114.0,102.0,loose_aggressive
63,j,k,check,"['check', 'fold']","[('p1', 'check'), ('p2', 'max_raise'), ('p1', 'fold')]",-6.0,-24.0,24.0,p2,fold,False,3,114.0,102.0,loose_aggressive
64,j,q,check,['check'],"[('p1', 'check'), ('p2', 'check')]",-6.0,-30.0,12.0,p2,showdown,False,2,114.0,114.0,loose_aggressive
65,k,k,check,"['check', 'call']","[('p1', 'check'), ('p2', 'max_raise'), ('p1', 'call')]",0.0,-30.0,0.0,tie,showdown,False,3,114.0,102.0,loose_aggressive
66,q,q,check,['check'],"[('p1', 'check'), ('p2', 'check')]",0.0,-30.0,0.0,tie,showdown,False,2,114.0,114.0,loose_aggressive
67,j,q,check,['check'],"[('p1', 'check'), ('p2', 'check')]",-6.0,-36.0,12.0,p2,showdown,False,2,114.0,114.0,loose_aggressive
68,q,j,check,['check'],"[('p1', 'check'), ('p2', 'check')]",6.0,-30.0,12.0,p1,showdown,False,2,114.0,114.0,loose_aggressive
69,q,k,check,"['check', 'fold']","[('p1', 'check'), ('p2', 'max_raise'), ('p1', 'fold')]",-6.0,-36.0,24.0,p2,fold,False,3,114.0,102.0,loose_aggressive
70,j,q,check,['check'],"[('p1', 'check'), ('p2', 'check')]",-6.0,-42.0,12.0,p2,showdown,False,2,114.0,114.0,loose_aggressive
71,k,q,check,['check'],"[('p1', 'check'), ('p2', 'check')]",6.0,-36.0,12.0,p1,showdown,False,2,114.0,114.0,loose_aggressive
72,q,j,check,"['check', 'fold']","[('p1', 'check'), ('p2', 'min_raise'), ('p1', 'fold')]",-6.0,-42.0,18.0,p2,fold,False,3,114.0,108.0,loose_aggressive
73,j,k,check,"['check', 'fold']","[('p1', 'check'), ('p2', 'max_raise'), ('p1', 'fold')]",-6.0,-48.0,24.0,p2,fold,False,3,114.0,102.0,loose_aggressive
74,k,k,check,"['check', 'call']","[('p1', 'check'), ('p2', 'max_raise'), ('p1', 'call')]",0.0,-48.0,0.0,tie,showdown,False,3,114.0,102.0,loose_aggressive
75,k,q,check,['check'],"[('p1', 'check'), ('p2', 'check')]",6.0,-42.0,12.0,p1,showdown,False,2,114.0,114.0,loose_aggressive
76,q,j,check,['check'],"[('p1', 'check'), ('p2', 'check')]",6.0,-36.0,12.0,p1,showdown,False,2,114.0,114.0,loose_aggressive
77,k,q,check,['check'],"[('p1', 'check'), ('p2', 'check')]",6.0,-30.0,12.0,p1,showdown,False,2,114.0,114.0,loose_aggressive
78,k,j,max_raise,['max_raise'],"[('p1', 'max_raise'), ('p2', 'fold')]",6.0,-24.0,24.0,p1,fold,False,2,102.0,114.0,loose_aggressive
79,k,j,check,['check'],"[('p1', 'check'), ('p2', 'check')]",6.0,-18.0,12.0,p1,showdown,False,2,114.0,114.0,loose_aggressive
80,j,j,check,"['check', 'fold']","[('p1', 'check'), ('p2', 'min_raise'), ('p1', 'fold')]",-6.0,-24.0,18.0,p2,fold,False,3,114.0,108.0,loose_aggressive
81,k,j,check,['check'],"[('p1', 'check'), ('p2', 'check')]",6.0,-18.0,12.0,p1,showdown,False,2,114.0,114.0,loose_aggressive
82,j,k,check,"['check', 'fold']","[('p1', 'check'), ('p2', 'max_raise'), ('p1', 'fold')]",-6.0,-24.0,24.0,p2,fold,False,3,114.0,102.0,loose_aggressive
83,q,j,check,['check'],"[('p1', 'check'), ('p2', 'check')]",6.0,-18.0,12.0,p1,showdown,False,2,114.0,114.0,loose_aggressive
84,k,k,check,"['check', 'call']","[('p1', 'check'), ('p2', 'max_raise'), ('p1', 'call')]",0.0,-18.0,0.0,tie,showdown,False,3,114.0,102.0,loose_aggressive
85,q,q,check,['check'],"[('p1', 'check'), ('p2', 'check')]",0.0,-18.0,0.0,tie,showdown,False,2,114.0,114.0,loose_aggressive
86,k,k,check,"['check', 'call']","[('p1', 'check'), ('p2', 'max_raise'), ('p1', 'call')]",0.0,-18.0,0.0,tie,showdown,False,3,114.0,102.0,loose_aggressive
87,k,q,check,['check'],"[('p1', 'check'), ('p2', 'check')]",6.0,-12.0,12.0,p1,showdown,False,2,114.0,114.0,loose_aggressive
88,q,j,check,"['check', 'fold']","[('p1', 'check'), ('p2', 'min_raise'), ('p1', 'fold')]",-6.0,-18.0,18.0,p2,fold,False,3,114.0,108.0,loose_aggressive
89,q,j,check,"['check', 'fold']","[('p1', 'check'), ('p2', 'min_raise'), ('p1', 'fold')]",-6.0,-24.0,18.0,p2,fold,False,3,114.0,108.0,loose_aggressive
90,k,q,check,['check'],"[('p1', 'check'), ('p2', 'check')]",6.0,-18.0,12.0,p1,showdown,False,2,114.0,114.0,loose_aggressive
91,k,q,check,['check'],"[('p1', 'check'), ('p2', 'check')]",6.0,-12.0,12.0,p1,showdown,False,2,114.0,114.0,loose_aggressive
92,j,j,check,['check'],"[('p1', 'check'), ('p2', 'check')]",0.0,-12.0,0.0,tie,showdown,False,2,114.0,114.0,loose_aggressive
93,j,q,check,['check'],"[('p1', 'check'), ('p2', 'check')]",-6.0,-18.0,12.0,p2,showdown,False,2,114.0,114.0,loose_aggressive
94,q,k,check,"['check', 'fold']","[('p1', 'check'), ('p2', 'max_raise'), ('p1', 'fold')]",-6.0,-24.0,24.0,p2,fold,False,3,114.0,102.0,loose_aggressive
95,q,k,check,"['check', 'fold']","[('p1', 'check'), ('p2', 'max_raise'), ('p1', 'fold')]",-6.0,-30.0,24.0,p2,fold,False,3,114.0,102.0,loose_aggressive
96,k,j,check,['check'],"[('p1', 'check'), ('p2', 'check')]",6.0,-24.0,12.0,p1,showdown,False,2,114.0,114.0,loose_aggressive
97,q,k,check,"['check', 'fold']","[('p1', 'check'), ('p2', 'max_raise'), ('p1', 'fold')]",-6.0,-30.0,24.0,p2,fold,False,3,114.0,102.0,loose_aggressive
98,j,k,check,"['check', 'fold']","[('p1', 'check'), ('p2', 'max_raise'), ('p1', 'fold')]",-6.0,-36.0,24.0,p2,fold,False,3,114.0,102.0,loose_aggressive
99,q,j,check,['check'],"[('p1', 'check'), ('p2', 'check')]",6.0,-30.0,12.0,p1,showdown,False,2,114.0,114.0,loose_aggressive
100,q,q,check,['check'],"[('p1', 'check'), ('p2', 'check')]",0.0,-30.0,0.0,tie,showdown,False,2,114.0,114.0,loose_aggressive
101,q,j,check,['check'],"[('p1', 'check'), ('p2', 'check')]",6.0,-24.0,12.0,p1,showdown,False,2,114.0,114.0,loose_aggressive
102,q,j,check,['check'],"[('p1', 'check'), ('p2', 'check')]",6.0,-18.0,12.0,p1,showdown,False,2,114.0,114.0,loose_aggressive
103,j,q,check,['check'],"[('p1', 'check'), ('p2', 'check')]",-6.0,-24.0,12.0,p2,showdown,False,2,114.0,114.0,loose_aggressive
104,k,j,check,['check'],"[('p1', 'check'), ('p2', 'check')]",6.0,-18.0,12.0,p1,showdown,False,2,114.0,114.0,loose_aggressive
105,j,k,check,"['check', 'fold']","[('p1', 'check'), ('p2', 'max_raise'), ('p1', 'fold')]",-6.0,-24.0,24.0,p2,fold,False,3,114.0,102.0,loose_aggressive
106,k,j,check,['check'],"[('p1', 'check'), ('p2', 'check')]",6.0,-18.0,12.0,p1,showdown,False,2,114.0,114.0,loose_aggressive
107,q,q,check,['check'],"[('p1', 'check'), ('p2', 'check')]",0.0,-18.0,0.0,tie,showdown,False,2,114.0,114.0,loose_aggressive
108,q,j,check,['check'],"[('p1', 'check'), ('p2', 'check')]",6.0,-12.0,12.0,p1,showdown,False,2,114.0,114.0,loose_aggressive
109,q,k,check,"['check', 'fold']","[('p1', 'check'), ('p2', 'max_raise'), ('p1', 'fold')]",-6.0,-18.0,24.0,p2,fold,False,3,114.0,102.0,loose_aggressive
110,q,j,check,['check'],"[('p1', 'check'), ('p2', 'check')]",6.0,-12.0,12.0,p1,showdown,False,2,114.0,114.0,loose_aggressive
111,q,k,check,"['check', 'fold']","[('p1', 'check'), ('p2', 'max_raise'), ('p1', 'fold')]",-6.0,-18.0,24.0,p2,fold,False,3,114.0,102.0,loose_aggressive
112,q,q,check,['check'],"[('p1', 'check'), ('p2', 'check')]",0.0,-18.0,0.0,tie,showdown,False,2,114.0,114.0,loose_aggressive
113,k,j,check,['check'],"[('p1', 'check'), ('p2', 'check')]",6.0,-12.0,12.0,p1,showdown,False,2,114.0,114.0,loose_aggressive
114,j,k,check,"['check', 'fold']","[('p1', 'check'), ('p2', 'max_raise'), ('p1', 'fold')]",-6.0,-18.0,24.0,p2,fold,False,3,114.0,102.0,loose_aggressive
115,k,q,check,['check'],"[('p1', 'check'), ('p2', 'check')]",6.0,-12.0,12.0,p1,showdown,False,2,114.0,114.0,loose_aggressive
116,q,k,check,"['check', 'fold']","[('p1', 'check'), ('p2', 'max_raise'), ('p1', 'fold')]",-6.0,-18.0,24.0,p2,fold,False,3,114.0,102.0,loose_aggressive
117,j,j,check,['check'],"[('p1', 'check'), ('p2', 'check')]",0.0,-18.0,0.0,tie,showdown,False,2,114.0,114.0,loose_aggressive
118,k,k,check,"['check', 'call']","[('p1', 'check'), ('p2', 'max_raise'), ('p1', 'call')]",0.0,-18.0,0.0,tie,showdown,False,3,114.0,102.0,loose_aggressive
119,k,j,check,['check'],"[('p1', 'check'), ('p2', 'check')]",6.0,-12.0,12.0,p1,showdown,False,2,114.0,114.0,loose_aggressive
120,j,j,check,['check'],"[('p1', 'check'), ('p2', 'check')]",0.0,-12.0,0.0,tie,showdown,False,2,114.0,114.0,loose_aggressive
121,q,k,check,"['check', 'fold']","[('p1', 'check'), ('p2', 'max_raise'), ('p1', 'fold')]",-6.0,-18.0,24.0,p2,fold,False,3,114.0,102.0,loose_aggressive
122,q,k,check,"['check', 'fold']","[('p1', 'check'), ('p2', 'max_raise'), ('p1', 'fold')]",-6.0,-24.0,24.0,p2,fold,False,3,114.0,102.0,loose_aggressive
123,q,j,check,"['check', 'fold']","[('p1', 'check'), ('p2', 'min_raise'), ('p1', 'fold')]",-6.0,-30.0,18.0,p2,fold,False,3,114.0,108.0,loose_aggressive
124,k,q,check,['check'],"[('p1', 'check'), ('p2', 'check')]",6.0,-24.0,12.0,p1,showdown,False,2,114.0,114.0,loose_aggressive
125,q,j,check,"['check', 'call']","[('p1', 'check'), ('p2', 'min_raise'), ('p1', 'call')]",12.0,-12.0,24.0,p1,showdown,False,3,114.0,108.0,loose_aggressive
126,k,k,check,"['check', 'call']","[('p1', 'check'), ('p2', 'max_raise'), ('p1', 'call')]",0.0,-12.0,0.0,tie,showdown,False,3,114.0,102.0,loose_aggressive
127,k,q,check,['check'],"[('p1', 'check'), ('p2', 'check')]",6.0,-6.0,12.0,p1,showdown,False,2,114.0,114.0,loose_aggressive
128,k,q,check,['check'],"[('p1', 'check'), ('p2', 'check')]",6.0,0.0,12.0,p1,showdown,False,2,114.0,114.0,loose_aggressive
129,j,k,check,"['check', 'fold']","[('p1', 'check'), ('p2', 'max_raise'), ('p1', 'fold')]",-6.0,-6.0,24.0,p2,fold,False,3,114.0,102.0,loose_aggressive
130,j,k,check,"['check', 'fold']","[('p1', 'check'), ('p2', 'max_raise'), ('p1', 'fold')]",-6.0,-12.0,24.0,p2,fold,False,3,114.0,102.0,loose_aggressive
131,q,j,check,"['check', 'call']","[('p1', 'check'), ('p2', 'min_raise'), ('p1', 'call')]",12.0,0.0,24.0,p1,showdown,False,3,114.0,108.0,loose_aggressive
132,j,k,check,"['check', 'fold']","[('p1', 'check'), ('p2', 'max_raise'), ('p1', 'fold')]",-6.0,-6.0,24.0,p2,fold,False,3,114.0,102.0,loose_aggressive
133,j,q,check,['check'],"[('p1', 'check'), ('p2', 'check')]",-6.0,-12.0,12.0,p2,showdown,False,2,114.0,114.0,loose_aggressive
134,j,j,check,"['check', 'call']","[('p1', 'check'), ('p2', 'min_raise'), ('p1', 'call')]",0.0,-12.0,0.0,tie,showdown,False,3,114.0,108.0,loose_aggressive
135,k,j,check,"['check', 'call']","[('p1', 'check'), ('p2', 'min_raise'), ('p1', 'call')]",12.0,0.0,24.0,p1,showdown,False,3,114.0,108.0,loose_aggressive
136,k,q,check,['check'],"[('p1', 'check'), ('p2', 'check')]",6.0,6.0,12.0,p1,showdown,False,2,114.0,114.0,loose_aggressive
137,k,q,check,['check'],"[('p1', 'check'), ('p2', 'check')]",6.0,12.0,12.0,p1,showdown,False,2,114.0,114.0,loose_aggressive
138,q,j,check,"['check', 'fold']","[('p1', 'check'), ('p2', 'min_raise'), ('p1', 'fold')]",-6.0,6.0,18.0,p2,fold,False,3,114.0,108.0,loose_aggressive
139,q,j,check,"['check', 'call']","[('p1', 'check'), ('p2', 'min_raise'), ('p1', 'call')]",12.0,18.0,24.0,p1,showdown,False,3,114.0,108.0,loose_aggressive
140,q,j,check,['check'],"[('p1', 'check'), ('p2', 'check')]",6.0,24.0,12.0,p1,showdown,False,2,114.0,114.0,loose_aggressive
141,k,k,check,"['check', 'call']","[('p1', 'check'), ('p2', 'max_raise'), ('p1', 'call')]",0.0,24.0,0.0,tie,showdown,False,3,114.0,102.0,loose_aggressive
142,k,j,check,['check'],"[('p1', 'check'), ('p2', 'check')]",6.0,30.0,12.0,p1,showdown,False,2,114.0,114.0,loose_aggressive
143,q,k,check,"['check', 'call']","[('p1', 'check'), ('p2', 'max_raise'), ('p1', 'call')]",-18.0,12.0,36.0,p2,showdown,False,3,114.0,102.0,loose_aggressive
144,k,k,check,"['check', 'call']","[('p1', 'check'), ('p2', 'max_raise'), ('p1', 'call')]",0.0,12.0,0.0,tie,showdown,False,3,114.0,102.0,loose_aggressive
145,j,q,check,['check'],"[('p1', 'check'), ('p2', 'check')]",-6.0,6.0,12.0,p2,showdown,False,2,114.0,114.0,loose_aggressive
146,j,k,check,"['check', 'call']","[('p1', 'check'), ('p2', 'max_raise'), ('p1', 'call')]",-18.0,-12.0,36.0,p2,showdown,False,3,114.0,102.0,loose_aggressive
147,q,j,check,['check'],"[('p1', 'check'), ('p2', 'check')]",6.0,-6.0,12.0,p1,showdown,False,2,114.0,114.0,loose_aggressive
148,q,q,check,['check'],"[('p1', 'check'), ('p2', 'check')]",0.0,-6.0,0.0,tie,showdown,False,2,114.0,114.0,loose_aggressive
149,k,k,check,"['check', 'call']","[('p1', 'check'), ('p2', 'max_raise'), ('p1', 'call')]",0.0,-6.0,0.0,tie,showdown,False,3,114.0,102.0,loose_aggressive
150,k,q,check,['check'],"[('p1', 'check'), ('p2', 'check')]",6.0,0.0,12.0,p1,showdown,False,2,114.0,114.0,loose_aggressive
151,k,q,check,['check'],"[('p1', 'check'), ('p2', 'check')]",6.0,6.0,12.0,p1,showdown,False,2,114.0,114.0,loose_aggressive
152,q,k,check,"['check', 'call']","[('p1', 'check'), ('p2', 'max_raise'), ('p1', 'call')]",-18.0,-12.0,36.0,p2,showdown,False,3,114.0,102.0,loose_aggressive
153,k,q,check,['check'],"[('p1', 'check'), ('p2', 'check')]",6.0,-6.0,12.0,p1,showdown,False,2,114.0,114.0,loose_aggressive
154,q,k,check,"['check', 'call']","[('p1', 'check'), ('p2', 'max_raise'), ('p1', 'call')]",-18.0,-24.0,36.0,p2,showdown,False,3,114.0,102.0,loose_aggressive
155,j,j,max_raise,['max_raise'],"[('p1', 'max_raise'), ('p2', 'fold')]",6.0,-18.0,24.0,p1,fold,True,2,102.0,114.0,loose_aggressive
156,q,j,check,"['check', 'call']","[('p1', 'check'), ('p2', 'min_raise'), ('p1', 'call')]",12.0,-6.0,24.0,p1,showdown,False,3,114.0,108.0,loose_aggressive
157,j,k,check,"['check', 'fold']","[('p1', 'check'), ('p2', 'max_raise'), ('p1', 'fold')]",-6.0,-12.0,24.0,p2,fold,False,3,114.0,102.0,loose_aggressive
158,q,k,check,"['check', 'fold']","[('p1', 'check'), ('p2', 'max_raise'), ('p1', 'fold')]",-6.0,-18.0,24.0,p2,fold,False,3,114.0,102.0,loose_aggressive
159,j,j,check,['check'],"[('p1', 'check'), ('p2', 'check')]",0.0,-18.0,0.0,tie,showdown,False,2,114.0,114.0,loose_aggressive
160,k,j,check,['check'],"[('p1', 'check'), ('p2', 'check')]",6.0,-12.0,12.0,p1,showdown,False,2,114.0,114.0,loose_aggressive
161,j,k,check,"['check', 'fold']","[('p1', 'check'), ('p2', 'max_raise'), ('p1', 'fold')]",-6.0,-18.0,24.0,p2,fold,False,3,114.0,102.0,loose_aggressive
162,q,q,check,['check'],"[('p1', 'check'), ('p2', 'check')]",0.0,-18.0,0.0,tie,showdown,False,2,114.0,114.0,loose_aggressive
163,k,j,check,['check'],"[('p1', 'check'), ('p2', 'check')]",6.0,-12.0,12.0,p1,showdown,False,2,114.0,114.0,loose_aggressive
164,j,k,check,"['check', 'fold']","[('p1', 'check'), ('p2', 'max_raise'), ('p1', 'fold')]",-6.0,-18.0,24.0,p2,fold,False,3,114.0,102.0,loose_aggressive
165,k,k,check,"['check', 'call']","[('p1', 'check'), ('p2', 'max_raise'), ('p1', 'call')]",0.0,-18.0,0.0,tie,showdown,False,3,114.0,102.0,loose_aggressive
166,q,k,check,"['check', 'fold']","[('p1', 'check'), ('p2', 'max_raise'), ('p1', 'fold')]",-6.0,-24.0,24.0,p2,fold,False,3,114.0,102.0,loose_aggressive
167,q,k,check,"['check', 'fold']","[('p1', 'check'), ('p2', 'max_raise'), ('p1', 'fold')]",-6.0,-30.0,24.0,p2,fold,False,3,114.0,102.0,loose_aggressive
168,k,q,check,['check'],"[('p1', 'check'), ('p2', 'check')]",6.0,-24.0,12.0,p1,showdown,False,2,114.0,114.0,loose_aggressive
169,j,k,check,"['check', 'fold']","[('p1', 'check'), ('p2', 'max_raise'), ('p1', 'fold')]",-6.0,-30.0,24.0,p2,fold,False,3,114.0,102.0,loose_aggressive
170,j,q,check,['check'],"[('p1', 'check'), ('p2', 'check')]",-6.0,-36.0,12.0,p2,showdown,False,2,114.0,114.0,loose_aggressive
171,j,j,check,"['check', 'call']","[('p1', 'check'), ('p2', 'min_raise'), ('p1', 'call')]",0.0,-36.0,0.0,tie,showdown,False,3,114.0,108.0,loose_aggressive
172,k,q,check,['check'],"[('p1', 'check'), ('p2', 'check')]",6.0,-30.0,12.0,p1,showdown,False,2,114.0,114.0,loose_aggressive
173,q,k,check,"['check', 'fold']","[('p1', 'check'), ('p2', 'max_raise'), ('p1', 'fold')]",-6.0,-36.0,24.0,p2,fold,False,3,114.0,102.0,loose_aggressive
174,q,k,check,"['check', 'fold']","[('p1', 'check'), ('p2', 'max_raise'), ('p1', 'fold')]",-6.0,-42.0,24.0,p2,fold,False,3,114.0,102.0,loose_aggressive
175,j,j,check,['check'],"[('p1', 'check'), ('p2', 'check')]",0.0,-42.0,0.0,tie,showdown,False,2,114.0,114.0,loose_aggressive
176,q,k,check,"['check', 'call']","[('p1', 'check'), ('p2', 'max_raise'), ('p1', 'call')]",-18.0,-60.0,36.0,p2,showdown,False,3,114.0,102.0,loose_aggressive
177,q,k,check,"['check', 'call']","[('p1', 'check'), ('p2', 'max_raise'), ('p1', 'call')]",-18.0,-78.0,36.0,p2,showdown,False,3,114.0,102.0,loose_aggressive
178,k,k,check,"['check', 'call']","[('p1', 'check'), ('p2', 'max_raise'), ('p1', 'call')]",0.0,-78.0,0.0,tie,showdown,False,3,114.0,102.0,loose_aggressive
179,k,j,check,"['check', 'call']","[('p1', 'check'), ('p2', 'min_raise'), ('p1', 'call')]",12.0,-66.0,24.0,p1,showdown,False,3,114.0,108.0,loose_aggressive
180,q,j,check,['check'],"[('p1', 'check'), ('p2', 'check')]",6.0,-60.0,12.0,p1,showdown,False,2,114.0,114.0,loose_aggressive
181,j,k,check,"['check', 'fold']","[('p1', 'check'), ('p2', 'max_raise'), ('p1', 'fold')]",-6.0,-66.0,24.0,p2,fold,False,3,114.0,102.0,loose_aggressive
182,q,q,check,['check'],"[('p1', 'check'), ('p2', 'check')]",0.0,-66.0,0.0,tie,showdown,False,2,114.0,114.0,loose_aggressive
183,j,j,check,['check'],"[('p1', 'check'), ('p2', 'check')]",0.0,-66.0,0.0,tie,showdown,False,2,114.0,114.0,loose_aggressive
184,q,j,check,['check'],"[('p1', 'check'), ('p2', 'check')]",6.0,-60.0,12.0,p1,showdown,False,2,114.0,114.0,loose_aggressive
185,k,k,check,"['check', 'call']","[('p1', 'check'), ('p2', 'max_raise'), ('p1', 'call')]",0.0,-60.0,0.0,tie,showdown,False,3,114.0,102.0,loose_aggressive
186,k,k,check,"['check', 'call']","[('p1', 'check'), ('p2', 'max_raise'), ('p1', 'call')]",0.0,-60.0,0.0,tie,showdown,False,3,114.0,102.0,loose_aggressive
187,j,j,max_raise,['max_raise'],"[('p1', 'max_raise'), ('p2', 'fold')]",6.0,-54.0,24.0,p1,fold,True,2,102.0,114.0,loose_aggressive
188,j,k,check,"['check', 'call']","[('p1', 'check'), ('p2', 'max_raise'), ('p1', 'call')]",-18.0,-72.0,36.0,p2,showdown,False,3,114.0,102.0,loose_aggressive
189,j,j,check,['check'],"[('p1', 'check'), ('p2', 'check')]",0.0,-72.0,0.0,tie,showdown,False,2,114.0,114.0,loose_aggressive
190,k,q,check,['check'],"[('p1', 'check'), ('p2', 'check')]",6.0,-66.0,12.0,p1,showdown,False,2,114.0,114.0,loose_aggressive
191,j,j,check,['check'],"[('p1', 'check'), ('p2', 'check')]",0.0,-66.0,0.0,tie,showdown,False,2,114.0,114.0,loose_aggressive
192,k,k,check,"['check', 'call']","[('p1', 'check'), ('p2', 'max_raise'), ('p1', 'call')]",0.0,-66.0,0.0,tie,showdown,False,3,114.0,102.0,loose_aggressive
193,q,j,check,['check'],"[('p1', 'check'), ('p2', 'check')]",6.0,-60.0,12.0,p1,showdown,False,2,114.0,114.0,loose_aggressive
194,q,q,check,['check'],"[('p1', 'check'), ('p2', 'check')]",0.0,-60.0,0.0,tie,showdown,False,2,114.0,114.0,loose_aggressive
195,q,j,check,"['check', 'call']","[('p1', 'check'), ('p2', 'min_raise'), ('p1', 'call')]",12.0,-48.0,24.0,p1,showdown,False,3,114.0,108.0,loose_aggressive
196,q,j,check,"['check', 'call']","[('p1', 'check'), ('p2', 'min_raise'), ('p1', 'call')]",12.0,-36.0,24.0,p1,showdown,False,3,114.0,108.0,loose_aggressive
197,q,j,check,['check'],"[('p1', 'check'), ('p2', 'check')]",6.0,-30.0,12.0,p1,showdown,False,2,114.0,114.0,loose_aggressive
198,k,j,check,"['check', 'call']","[('p1', 'check'), ('p2', 'min_raise'), ('p1', 'call')]",12.0,-18.0,24.0,p1,showdown,False,3,114.0,108.0,loose_aggressive
199,k,j,check,"['check', 'call']","[('p1', 'check'), ('p2', 'min_raise'), ('p1', 'call')]",12.0,-6.0,24.0,p1,showdown,False,3,114.0,108.0,loose_aggressive
200,q,q,check,['check'],"[('p1', 'check'), ('p2', 'check')]",0.0,-6.0,0.0,tie,showdown,False,2,114.0,114.0,loose_aggressive
201,q,k,check,"['check', 'fold']","[('p1', 'check'), ('p2', 'max_raise'), ('p1', 'fold')]",-6.0,-12.0,24.0,p2,fold,False,3,114.0,102.0,loose_aggressive
202,k,q,check,['check'],"[('p1', 'check'), ('p2', 'check')]",6.0,-6.0,12.0,p1,showdown,False,2,114.0,114.0,loose_aggressive
203,q,j,check,['check'],"[('p1', 'check'), ('p2', 'check')]",6.0,0.0,12.0,p1,showdown,False,2,114.0,114.0,loose_aggressive
204,j,k,max_raise,['max_raise'],"[('p1', 'max_raise'), ('p2', 'call')]",-18.0,-18.0,36.0,p2,showdown,True,2,102.0,114.0,loose_aggressive
205,q,j,check,['check'],"[('p1', 'check'), ('p2', 'check')]",6.0,-12.0,12.0,p1,showdown,False,2,114.0,114.0,loose_aggressive
206,q,k,check,"['check', 'fold']","[('p1', 'check'), ('p2', 'max_raise'), ('p1', 'fold')]",-6.0,-18.0,24.0,p2,fold,False,3,114.0,102.0,loose_aggressive
207,q,j,check,['check'],"[('p1', 'check'), ('p2', 'check')]",6.0,-12.0,12.0,p1,showdown,False,2,114.0,114.0,loose_aggressive
208,j,k,check,"['check', 'fold']","[('p1', 'check'), ('p2', 'max_raise'), ('p1', 'fold')]",-6.0,-18.0,24.0,p2,fold,False,3,114.0,102.0,loose_aggressive
209,q,j,check,['check'],"[('p1', 'check'), ('p2', 'check')]",6.0,-12.0,12.0,p1,showdown,False,2,114.0,114.0,loose_aggressive
210,q,k,check,"['check', 'call']","[('p1', 'check'), ('p2', 'max_raise'), ('p1', 'call')]",-18.0,-30.0,36.0,p2,showdown,False,3,114.0,102.0,loose_aggressive
211,k,q,check,['check'],"[('p1', 'check'), ('p2', 'check')]",6.0,-24.0,12.0,p1,showdown,False,2,114.0,114.0,loose_aggressive
212,q,q,check,['check'],"[('p1', 'check'), ('p2', 'check')]",0.0,-24.0,0.0,tie,showdown,False,2,114.0,114.0,loose_aggressive
213,q,k,check,"['check', 'call']","[('p1', 'check'), ('p2', 'max_raise'), ('p1', 'call')]",-18.0,-42.0,36.0,p2,showdown,False,3,114.0,102.0,loose_aggressive
214,q,j,check,['check'],"[('p1', 'check'), ('p2', 'check')]",6.0,-36.0,12.0,p1,showdown,False,2,114.0,114.0,loose_aggressive
215,k,q,check,['check'],"[('p1', 'check'), ('p2', 'check')]",6.0,-30.0,12.0,p1,showdown,False,2,114.0,114.0,loose_aggressive
216,k,k,check,"['check', 'call']","[('p1', 'check'), ('p2', 'max_raise'), ('p1', 'call')]",0.0,-30.0,0.0,tie,showdown,False,3,114.0,102.0,loose_aggressive
217,k,k,check,"['check', 'call']","[('p1', 'check'), ('p2', 'max_raise'), ('p1', 'call')]",0.0,-30.0,0.0,tie,showdown,False,3,114.0,102.0,loose_aggressive
218,j,k,check,"['check', 'fold']","[('p1', 'check'), ('p2', 'max_raise'), ('p1', 'fold')]",-6.0,-36.0,24.0,p2,fold,False,3,114.0,102.0,loose_aggressive
219,q,j,check,['check'],"[('p1', 'check'), ('p2', 'check')]",6.0,-30.0,12.0,p1,showdown,False,2,114.0,114.0,loose_aggressive
220,j,q,max_raise,['max_raise'],"[('p1', 'max_raise'), ('p2', 'call')]",-18.0,-48.0,36.0,p2,showdown,True,2,102.0,114.0,loose_aggressive
221,q,q,check,['check'],"[('p1', 'check'), ('p2', 'check')]",0.0,-48.0,0.0,tie,showdown,False,2,114.0,114.0,loose_aggressive
222,k,k,check,"['check', 'call']","[('p1', 'check'), ('p2', 'max_raise'), ('p1', 'call')]",0.0,-48.0,0.0,tie,showdown,False,3,114.0,102.0,loose_aggressive
223,k,j,check,['check'],"[('p1', 'check'), ('p2', 'check')]",6.0,-42.0,12.0,p1,showdown,False,2,114.0,114.0,loose_aggressive
224,k,q,check,['check'],"[('p1', 'check'), ('p2', 'check')]",6.0,-36.0,12.0,p1,showdown,False,2,114.0,114.0,loose_aggressive
225,q,k,check,"['check', 'fold']","[('p1', 'check'), ('p2', 'max_raise'), ('p1', 'fold')]",-6.0,-42.0,24.0,p2,fold,False,3,114.0,102.0,loose_aggressive
226,q,q,check,['check'],"[('p1', 'check'), ('p2', 'check')]",0.0,-42.0,0.0,tie,showdown,False,2,114.0,114.0,loose_aggressive
227,q,q,check,['check'],"[('p1', 'check'), ('p2', 'check')]",0.0,-42.0,0.0,tie,showdown,False,2,114.0,114.0,loose_aggressive
228,j,k,check,"['check', 'fold']","[('p1', 'check'), ('p2', 'max_raise'), ('p1', 'fold')]",-6.0,-48.0,24.0,p2,fold,False,3,114.0,102.0,loose_aggressive
229,q,j,check,"['check', 'call']","[('p1', 'check'), ('p2', 'min_raise'), ('p1', 'call')]",12.0,-36.0,24.0,p1,showdown,False,3,114.0,108.0,loose_aggressive
230,q,j,check,"['check', 'call']","[('p1', 'check'), ('p2', 'min_raise'), ('p1', 'call')]",12.0,-24.0,24.0,p1,showdown,False,3,114.0,108.0,loose_aggressive
231,k,k,check,"['check', 'call']","[('p1', 'check'), ('p2', 'max_raise'), ('p1', 'call')]",0.0,-24.0,0.0,tie,showdown,False,3,114.0,102.0,loose_aggressive
232,q,j,check,['check'],"[('p1', 'check'), ('p2', 'check')]",6.0,-18.0,12.0,p1,showdown,False,2,114.0,114.0,loose_aggressive
233,q,k,check,"['check', 'call']","[('p1', 'check'), ('p2', 'max_raise'), ('p1', 'call')]",-18.0,-36.0,36.0,p2,showdown,False,3,114.0,102.0,loose_aggressive
234,q,q,check,['check'],"[('p1', 'check'), ('p2', 'check')]",0.0,-36.0,0.0,tie,showdown,False,2,114.0,114.0,loose_aggressive
235,k,j,check,"['check', 'call']","[('p1', 'check'), ('p2', 'min_raise'), ('p1', 'call')]",12.0,-24.0,24.0,p1,showdown,False,3,114.0,108.0,loose_aggressive
236,q,j,check,['check'],"[('p1', 'check'), ('p2', 'check')]",6.0,-18.0,12.0,p1,showdown,False,2,114.0,114.0,loose_aggressive
237,q,j,check,['check'],"[('p1', 'check'), ('p2', 'check')]",6.0,-12.0,12.0,p1,showdown,False,2,114.0,114.0,loose_aggressive
238,j,q,check,['check'],"[('p1', 'check'), ('p2', 'check')]",-6.0,-18.0,12.0,p2,showdown,False,2,114.0,114.0,loose_aggressive
239,q,j,check,['check'],"[('p1', 'check'), ('p2', 'check')]",6.0,-12.0,12.0,p1,showdown,False,2,114.0,114.0,loose_aggressive
240,j,k,check,"['check', 'fold']","[('p1', 'check'), ('p2', 'max_raise'), ('p1', 'fold')]",-6.0,-18.0,24.0,p2,fold,False,3,114.0,102.0,loose_aggressive
241,k,j,check,"['check', 'call']","[('p1', 'check'), ('p2', 'min_raise'), ('p1', 'call')]",12.0,-6.0,24.0,p1,showdown,False,3,114.0,108.0,loose_aggressive
242,k,j,check,['check'],"[('p1', 'check'), ('p2', 'check')]",6.0,0.0,12.0,p1,showdown,False,2,114.0,114.0,loose_aggressive
243,q,j,check,['check'],"[('p1', 'check'), ('p2', 'check')]",6.0,6.0,12.0,p1,showdown,False,2,114.0,114.0,loose_aggressive
244,k,k,check,"['check', 'call']","[('p1', 'check'), ('p2', 'max_raise'), ('p1', 'call')]",0.0,6.0,0.0,tie,showdown,False,3,114.0,102.0,loose_aggressive
245,k,j,check,"['check', 'call']","[('p1', 'check'), ('p2', 'min_raise'), ('p1', 'call')]",12.0,18.0,24.0,p1,showdown,False,3,114.0,108.0,loose_aggressive
246,k,q,check,['check'],"[('p1', 'check'), ('p2', 'check')]",6.0,24.0,12.0,p1,showdown,False,2,114.0,114.0,loose_aggressive
247,q,j,check,"['check', 'call']","[('p1', 'check'), ('p2', 'min_raise'), ('p1', 'call')]",12.0,36.0,24.0,p1,showdown,False,3,114.0,108.0,loose_aggressive
248,k,q,check,['check'],"[('p1', 'check'), ('p2', 'check')]",6.0,42.0,12.0,p1,showdown,False,2,114.0,114.0,loose_aggressive
249,q,j,check,"['check', 'call']","[('p1', 'check'), ('p2', 'min_raise'), ('p1', 'call')]",12.0,54.0,24.0,p1,showdown,False,3,114.0,108.0,loose_aggressive
250,j,j,check,['check'],"[('p1', 'check'), ('p2', 'check')]",0.0,54.0,0.0,tie,showdown,False,2,114.0,114.0,loose_aggressive
251,k,k,check,"['check', 'call']","[('p1', 'check'), ('p2', 'max_raise'), ('p1', 'call')]",0.0,54.0,0.0,tie,showdown,False,3,114.0,102.0,loose_aggressive
252,k,q,check,['check'],"[('p1', 'check'), ('p2', 'check')]",6.0,60.0,12.0,p1,showdown,False,2,114.0,114.0,loose_aggressive
253,j,j,check,['check'],"[('p1', 'check'), ('p2', 'check')]",0.0,60.0,0.0,tie,showdown,False,2,114.0,114.0,loose_aggressive
254,q,j,check,['check'],"[('p1', 'check'), ('p2', 'check')]",6.0,66.0,12.0,p1,showdown,False,2,114.0,114.0,loose_aggressive
255,q,k,check,"['check', 'call']","[('p1', 'check'), ('p2', 'max_raise'), ('p1', 'call')]",-18.0,48.0,36.0,p2,showdown,False,3,114.0,102.0,loose_aggressive
256,q,q,check,['check'],"[('p1', 'check'), ('p2', 'check')]",0.0,48.0,0.0,tie,showdown,False,2,114.0,114.0,loose_aggressive
257,j,k,check,"['check', 'call']","[('p1', 'check'), ('p2', 'max_raise'), ('p1', 'call')]",-18.0,30.0,36.0,p2,showdown,False,3,114.0,102.0,loose_aggressive
258,j,j,check,"['check', 'call']","[('p1', 'check'), ('p2', 'min_raise'), ('p1', 'call')]",0.0,30.0,0.0,tie,showdown,False,3,114.0,108.0,loose_aggressive
259,j,j,check,['check'],"[('p1', 'check'), ('p2', 'check')]",0.0,30.0,0.0,tie,showdown,False,2,114.0,114.0,loose_aggressive
260,j,k,check,"['check', 'call']","[('p1', 'check'), ('p2', 'max_raise'), ('p1', 'call')]",-18.0,12.0,36.0,p2,showdown,False,3,114.0,102.0,loose_aggressive
261,q,j,check,['check'],"[('p1', 'check'), ('p2', 'check')]",6.0,18.0,12.0,p1,showdown,False,2,114.0,114.0,loose_aggressive
262,j,k,check,"['check', 'fold']","[('p1', 'check'), ('p2', 'max_raise'), ('p1', 'fold')]",-6.0,12.0,24.0,p2,fold,False,3,114.0,102.0,loose_aggressive
263,k,k,check,"['check', 'call']","[('p1', 'check'), ('p2', 'max_raise'), ('p1', 'call')]",0.0,12.0,0.0,tie,showdown,False,3,114.0,102.0,loose_aggressive
264,k,j,check,['check'],"[('p1', 'check'), ('p2', 'check')]",6.0,18.0,12.0,p1,showdown,False,2,114.0,114.0,loose_aggressive
265,j,q,check,['check'],"[('p1', 'check'), ('p2', 'check')]",-6.0,12.0,12.0,p2,showdown,False,2,114.0,114.0,loose_aggressive
266,q,k,check,"['check', 'fold']","[('p1', 'check'), ('p2', 'max_raise'), ('p1', 'fold')]",-6.0,6.0,24.0,p2,fold,False,3,114.0,102.0,loose_aggressive
267,j,k,check,"['check', 'fold']","[('p1', 'check'), ('p2', 'max_raise'), ('p1', 'fold')]",-6.0,0.0,24.0,p2,fold,False,3,114.0,102.0,loose_aggressive
268,j,j,check,['check'],"[('p1', 'check'), ('p2', 'check')]",0.0,0.0,0.0,tie,showdown,False,2,114.0,114.0,loose_aggressive
269,q,j,check,['check'],"[('p1', 'check'), ('p2', 'check')]",6.0,6.0,12.0,p1,showdown,False,2,114.0,114.0,loose_aggressive
270,j,q,check,['check'],"[('p1', 'check'), ('p2', 'check')]",-6.0,0.0,12.0,p2,showdown,False,2,114.0,114.0,loose_aggressive
271,j,q,check,['check'],"[('p1', 'check'), ('p2', 'check')]",-6.0,-6.0,12.0,p2,showdown,False,2,114.0,114.0,loose_aggressive
272,k,k,check,"['check', 'call']","[('p1', 'check'), ('p2', 'max_raise'), ('p1', 'call')]",0.0,-6.0,0.0,tie,showdown,False,3,114.0,102.0,loose_aggressive
273,q,q,check,['check'],"[('p1', 'check'), ('p2', 'check')]",0.0,-6.0,0.0,tie,showdown,False,2,114.0,114.0,loose_aggressive
274,k,q,check,['check'],"[('p1', 'check'), ('p2', 'check')]",6.0,0.0,12.0,p1,showdown,False,2,114.0,114.0,loose_aggressive
275,k,q,check,['check'],"[('p1', 'check'), ('p2', 'check')]",6.0,6.0,12.0,p1,showdown,False,2,114.0,114.0,loose_aggressive
276,q,q,check,['check'],"[('p1', 'check'), ('p2', 'check')]",0.0,6.0,0.0,tie,showdown,False,2,114.0,114.0,loose_aggressive
277,k,q,check,['check'],"[('p1', 'check'), ('p2', 'check')]",6.0,12.0,12.0,p1,showdown,False,2,114.0,114.0,loose_aggressive
278,k,q,check,['check'],"[('p1', 'check'), ('p2', 'check')]",6.0,18.0,12.0,p1,showdown,False,2,114.0,114.0,loose_aggressive
279,k,k,check,"['check', 'call']","[('p1', 'check'), ('p2', 'max_raise'), ('p1', 'call')]",0.0,18.0,0.0,tie,showdown,False,3,114.0,102.0,loose_aggressive
280,j,k,check,"['check', 'fold']","[('p1', 'check'), ('p2', 'max_raise'), ('p1', 'fold')]",-6.0,12.0,24.0,p2,fold,False,3,114.0,102.0,loose_aggressive
281,k,j,check,"['check', 'call']","[('p1', 'check'), ('p2', 'min_raise'), ('p1', 'call')]",12.0,24.0,24.0,p1,showdown,False,3,114.0,108.0,loose_aggressive
282,j,k,check,"['check', 'fold']","[('p1', 'check'), ('p2', 'max_raise'), ('p1', 'fold')]",-6.0,18.0,24.0,p2,fold,False,3,114.0,102.0,loose_aggressive
283,k,k,check,"['check', 'call']","[('p1', 'check'), ('p2', 'max_raise'), ('p1', 'call')]",0.0,18.0,0.0,tie,showdown,False,3,114.0,102.0,loose_aggressive
284,q,j,check,['check'],"[('p1', 'check'), ('p2', 'check')]",6.0,24.0,12.0,p1,showdown,False,2,114.0,114.0,loose_aggressive
285,j,k,check,"['check', 'fold']","[('p1', 'check'), ('p2', 'max_raise'), ('p1', 'fold')]",-6.0,18.0,24.0,p2,fold,False,3,114.0,102.0,loose_aggressive
286,k,q,check,['check'],"[('p1', 'check'), ('p2', 'check')]",6.0,24.0,12.0,p1,showdown,False,2,114.0,114.0,loose_aggressive
287,q,j,check,['check'],"[('p1', 'check'), ('p2', 'check')]",6.0,30.0,12.0,p1,showdown,False,2,114.0,114.0,loose_aggressive
288,k,k,check,"['check', 'call']","[('p1', 'check'), ('p2', 'max_raise'), ('p1', 'call')]",0.0,30.0,0.0,tie,showdown,False,3,114.0,102.0,loose_aggressive
289,k,q,check,['check'],"[('p1', 'check'), ('p2', 'check')]",6.0,36.0,12.0,p1,showdown,False,2,114.0,114.0,loose_aggressive
290,q,j,check,['check'],"[('p1', 'check'), ('p2', 'check')]",6.0,42.0,12.0,p1,showdown,False,2,114.0,114.0,loose_aggressive
291,k,k,check,"['check', 'call']","[('p1', 'check'), ('p2', 'max_raise'), ('p1', 'call')]",0.0,42.0,0.0,tie,showdown,False,3,114.0,102.0,loose_aggressive
292,q,q,check,['check'],"[('p1', 'check'), ('p2', 'check')]",0.0,42.0,0.0,tie,showdown,False,2,114.0,114.0,loose_aggressive
293,q,k,check,"['check', 'call']","[('p1', 'check'), ('p2', 'max_raise'), ('p1', 'call')]",-18.0,24.0,36.0,p2,showdown,False,3,114.0,102.0,loose_aggressive
294,q,j,check,"['check', 'call']","[('p1', 'check'), ('p2', 'min_raise'), ('p1', 'call')]",12.0,36.0,24.0,p1,showdown,False,3,114.0,108.0,loose_aggressive
295,k,q,check,['check'],"[('p1', 'check'), ('p2', 'check')]",6.0,42.0,12.0,p1,showdown,False,2,114.0,114.0,loose_aggressive
296,j,j,check,['check'],"[('p1', 'check'), ('p2', 'check')]",0.0,42.0,0.0,tie,showdown,False,2,114.0,114.0,loose_aggressive
297,k,k,check,"['check', 'call']","[('p1', 'check'), ('p2', 'max_raise'), ('p1', 'call')]",0.0,42.0,0.0,tie,showdown,False,3,114.0,102.0,loose_aggressive
298,k,j,check,"['check', 'call']","[('p1', 'check'), ('p2', 'min_raise'), ('p1', 'call')]",12.0,54.0,24.0,p1,showdown,False,3,114.0,108.0,loose_aggressive
299,j,q,check,['check'],"[('p1', 'check'), ('p2', 'check')]",-6.0,48.0,12.0,p2,showdown,False,2,114.0,114.0,loose_aggressive
300,j,j,check,['check'],"[('p1', 'check'), ('p2', 'check')]",0.0,48.0,0.0,tie,showdown,False,2,114.0,114.0,loose_aggressive
301,j,q,check,['check'],"[('p1', 'check'), ('p2', 'check')]",-6.0,42.0,12.0,p2,showdown,False,2,114.0,114.0,loose_aggressive
302,q,k,check,"['check', 'call']","[('p1', 'check'), ('p2', 'max_raise'), ('p1', 'call')]",-18.0,24.0,36.0,p2,showdown,False,3,114.0,102.0,loose_aggressive
303,k,q,check,['check'],"[('p1', 'check'), ('p2', 'check')]",6.0,30.0,12.0,p1,showdown,False,2,114.0,114.0,loose_aggressive
304,k,q,check,['check'],"[('p1', 'check'), ('p2', 'check')]",6.0,36.0,12.0,p1,showdown,False,2,114.0,114.0,loose_aggressive
305,k,k,check,"['check', 'call']","[('p1', 'check'), ('p2', 'max_raise'), ('p1', 'call')]",0.0,36.0,0.0,tie,showdown,False,3,114.0,102.0,loose_aggressive
306,q,k,check,"['check', 'call']","[('p1', 'check'), ('p2', 'max_raise'), ('p1', 'call')]",-18.0,18.0,36.0,p2,showdown,False,3,114.0,102.0,loose_aggressive
307,k,k,check,"['check', 'call']","[('p1', 'check'), ('p2', 'max_raise'), ('p1', 'call')]",0.0,18.0,0.0,tie,showdown,False,3,114.0,102.0,loose_aggressive
308,j,k,check,"['check', 'fold']","[('p1', 'check'), ('p2', 'max_raise'), ('p1', 'fold')]",-6.0,12.0,24.0,p2,fold,False,3,114.0,102.0,loose_aggressive
309,j,k,check,"['check', 'fold']","[('p1', 'check'), ('p2', 'max_raise'), ('p1', 'fold')]",-6.0,6.0,24.0,p2,fold,False,3,114.0,102.0,loose_aggressive
310,k,k,check,"['check', 'call']","[('p1', 'check'), ('p2', 'max_raise'), ('p1', 'call')]",0.0,6.0,0.0,tie,showdown,False,3,114.0,102.0,loose_aggressive
311,q,k,check,"['check', 'fold']","[('p1', 'check'), ('p2', 'max_raise'), ('p1', 'fold')]",-6.0,0.0,24.0,p2,fold,False,3,114.0,102.0,loose_aggressive
312,k,q,check,['check'],"[('p1', 'check'), ('p2', 'check')]",6.0,6.0,12.0,p1,showdown,False,2,114.0,114.0,loose_aggressive
313,k,q,check,['check'],"[('p1', 'check'), ('p2', 'check')]",6.0,12.0,12.0,p1,showdown,False,2,114.0,114.0,loose_aggressive
314,q,k,check,"['check', 'fold']","[('p1', 'check'), ('p2', 'max_raise'), ('p1', 'fold')]",-6.0,6.0,24.0,p2,fold,False,3,114.0,102.0,loose_aggressive
315,j,k,check,"['check', 'fold']","[('p1', 'check'), ('p2', 'max_raise'), ('p1', 'fold')]",-6.0,0.0,24.0,p2,fold,False,3,114.0,102.0,loose_aggressive
316,q,j,check,['check'],"[('p1', 'check'), ('p2', 'check')]",6.0,6.0,12.0,p1,showdown,False,2,114.0,114.0,loose_aggressive
317,q,k,check,"['check', 'call']","[('p1', 'check'), ('p2', 'max_raise'), ('p1', 'call')]",-18.0,-12.0,36.0,p2,showdown,False,3,114.0,102.0,loose_aggressive
318,k,j,check,['check'],"[('p1', 'check'), ('p2', 'check')]",6.0,-6.0,12.0,p1,showdown,False,2,114.0,114.0,loose_aggressive
319,q,k,check,"['check', 'call']","[('p1', 'check'), ('p2', 'max_raise'), ('p1', 'call')]",-18.0,-24.0,36.0,p2,showdown,False,3,114.0,102.0,loose_aggressive
320,j,q,check,['check'],"[('p1', 'check'), ('p2', 'check')]",-6.0,-30.0,12.0,p2,showdown,False,2,114.0,114.0,loose_aggressive
321,k,j,check,['check'],"[('p1', 'check'), ('p2', 'check')]",6.0,-24.0,12.0,p1,showdown,False,2,114.0,114.0,loose_aggressive
322,q,k,check,"['check', 'fold']","[('p1', 'check'), ('p2', 'max_raise'), ('p1', 'fold')]",-6.0,-30.0,24.0,p2,fold,False,3,114.0,102.0,loose_aggressive
323,q,j,check,"['check', 'call']","[('p1', 'check'), ('p2', 'min_raise'), ('p1', 'call')]",12.0,-18.0,24.0,p1,showdown,False,3,114.0,108.0,loose_aggressive
324,j,k,check,"['check', 'fold']","[('p1', 'check'), ('p2', 'max_raise'), ('p1', 'fold')]",-6.0,-24.0,24.0,p2,fold,False,3,114.0,102.0,loose_aggressive
325,j,k,check,"['check', 'fold']","[('p1', 'check'), ('p2', 'max_raise'), ('p1', 'fold')]",-6.0,-30.0,24.0,p2,fold,False,3,114.0,102.0,loose_aggressive
326,q,j,check,['check'],"[('p1', 'check'), ('p2', 'check')]",6.0,-24.0,12.0,p1,showdown,False,2,114.0,114.0,loose_aggressive
327,k,j,check,"['check', 'call']","[('p1', 'check'), ('p2', 'min_raise'), ('p1', 'call')]",12.0,-12.0,24.0,p1,showdown,False,3,114.0,108.0,loose_aggressive
328,j,k,check,"['check', 'call']","[('p1', 'check'), ('p2', 'max_raise'), ('p1', 'call')]",-18.0,-30.0,36.0,p2,showdown,False,3,114.0,102.0,loose_aggressive
329,q,k,check,"['check', 'fold']","[('p1', 'check'), ('p2', 'max_raise'), ('p1', 'fold')]",-6.0,-36.0,24.0,p2,fold,False,3,114.0,102.0,loose_aggressive
330,j,q,check,['check'],"[('p1', 'check'), ('p2', 'check')]",-6.0,-42.0,12.0,p2,showdown,False,2,114.0,114.0,loose_aggressive
331,j,q,check,['check'],"[('p1', 'check'), ('p2', 'check')]",-6.0,-48.0,12.0,p2,showdown,False,2,114.0,114.0,loose_aggressive
332,j,q,check,['check'],"[('p1', 'check'), ('p2', 'check')]",-6.0,-54.0,12.0,p2,showdown,False,2,114.0,114.0,loose_aggressive
333,q,q,check,['check'],"[('p1', 'check'), ('p2', 'check')]",0.0,-54.0,0.0,tie,showdown,False,2,114.0,114.0,loose_aggressive
334,q,k,check,"['check', 'fold']","[('p1', 'check'), ('p2', 'max_raise'), ('p1', 'fold')]",-6.0,-60.0,24.0,p2,fold,False,3,114.0,102.0,loose_aggressive
335,k,q,check,['check'],"[('p1', 'check'), ('p2', 'check')]",6.0,-54.0,12.0,p1,showdown,False,2,114.0,114.0,loose_aggressive
336,k,q,check,['check'],"[('p1', 'check'), ('p2', 'check')]",6.0,-48.0,12.0,p1,showdown,False,2,114.0,114.0,loose_aggressive
337,k,k,check,"['check', 'call']","[('p1', 'check'), ('p2', 'max_raise'), ('p1', 'call')]",0.0,-48.0,0.0,tie,showdown,False,3,114.0,102.0,loose_aggressive
338,j,k,check,"['check', 'call']","[('p1', 'check'), ('p2', 'max_raise'), ('p1', 'call')]",-18.0,-66.0,36.0,p2,showdown,False,3,114.0,102.0,loose_aggressive
339,k,j,check,['check'],"[('p1', 'check'), ('p2', 'check')]",6.0,-60.0,12.0,p1,showdown,False,2,114.0,114.0,loose_aggressive
340,q,j,check,['check'],"[('p1', 'check'), ('p2', 'check')]",6.0,-54.0,12.0,p1,showdown,False,2,114.0,114.0,loose_aggressive
341,k,q,check,['check'],"[('p1', 'check'), ('p2', 'check')]",6.0,-48.0,12.0,p1,showdown,False,2,114.0,114.0,loose_aggressive
342,q,q,check,['check'],"[('p1', 'check'), ('p2', 'check')]",0.0,-48.0,0.0,tie,showdown,False,2,114.0,114.0,loose_aggressive
343,k,q,check,['check'],"[('p1', 'check'), ('p2', 'check')]",6.0,-42.0,12.0,p1,showdown,False,2,114.0,114.0,loose_aggressive
344,j,j,check,"['check', 'call']","[('p1', 'check'), ('p2', 'min_raise'), ('p1', 'call')]",0.0,-42.0,0.0,tie,showdown,False,3,114.0,108.0,loose_aggressive
345,k,j,check,['check'],"[('p1', 'check'), ('p2', 'check')]",6.0,-36.0,12.0,p1,showdown,False,2,114.0,114.0,loose_aggressive
346,j,k,check,"['check', 'fold']","[('p1', 'check'), ('p2', 'max_raise'), ('p1', 'fold')]",-6.0,-42.0,24.0,p2,fold,False,3,114.0,102.0,loose_aggressive
347,j,k,check,"['check', 'fold']","[('p1', 'check'), ('p2', 'max_raise'), ('p1', 'fold')]",-6.0,-48.0,24.0,p2,fold,False,3,114.0,102.0,loose_aggressive
348,q,q,check,['check'],"[('p1', 'check'), ('p2', 'check')]",0.0,-48.0,0.0,tie,showdown,False,2,114.0,114.0,loose_aggressive
349,k,q,check,['check'],"[('p1', 'check'), ('p2', 'check')]",6.0,-42.0,12.0,p1,showdown,False,2,114.0,114.0,loose_aggressive
350,k,j,check,['check'],"[('p1', 'check'), ('p2', 'check')]",6.0,-36.0,12.0,p1,showdown,False,2,114.0,114.0,loose_aggressive
351,j,q,check,['check'],"[('p1', 'check'), ('p2', 'check')]",-6.0,-42.0,12.0,p2,showdown,False,2,114.0,114.0,loose_aggressive
352,q,j,check,"['check', 'call']","[('p1', 'check'), ('p2', 'min_raise'), ('p1', 'call')]",12.0,-30.0,24.0,p1,showdown,False,3,114.0,108.0,loose_aggressive
353,q,k,check,"['check', 'call']","[('p1', 'check'), ('p2', 'max_raise'), ('p1', 'call')]",-18.0,-48.0,36.0,p2,showdown,False,3,114.0,102.0,loose_aggressive
354,k,q,check,['check'],"[('p1', 'check'), ('p2', 'check')]",6.0,-42.0,12.0,p1,showdown,False,2,114.0,114.0,loose_aggressive
355,j,k,check,"['check', 'fold']","[('p1', 'check'), ('p2', 'max_raise'), ('p1', 'fold')]",-6.0,-48.0,24.0,p2,fold,False,3,114.0,102.0,loose_aggressive
356,q,j,check,['check'],"[('p1', 'check'), ('p2', 'check')]",6.0,-42.0,12.0,p1,showdown,False,2,114.0,114.0,loose_aggressive
357,k,k,check,"['check', 'call']","[('p1', 'check'), ('p2', 'max_raise'), ('p1', 'call')]",0.0,-42.0,0.0,tie,showdown,False,3,114.0,102.0,loose_aggressive
358,k,j,check,['check'],"[('p1', 'check'), ('p2', 'check')]",6.0,-36.0,12.0,p1,showdown,False,2,114.0,114.0,loose_aggressive
359,j,j,max_raise,['max_raise'],"[('p1', 'max_raise'), ('p2', 'call')]",0.0,-36.0,0.0,tie,showdown,True,2,102.0,114.0,loose_aggressive
360,k,j,check,['check'],"[('p1', 'check'), ('p2', 'check')]",6.0,-30.0,12.0,p1,showdown,False,2,114.0,114.0,loose_aggressive
361,q,q,check,['check'],"[('p1', 'check'), ('p2', 'check')]",0.0,-30.0,0.0,tie,showdown,False,2,114.0,114.0,loose_aggressive
362,k,j,check,"['check', 'call']","[('p1', 'check'), ('p2', 'min_raise'), ('p1', 'call')]",12.0,-18.0,24.0,p1,showdown,False,3,114.0,108.0,loose_aggressive
363,q,k,check,"['check', 'call']","[('p1', 'check'), ('p2', 'max_raise'), ('p1', 'call')]",-18.0,-36.0,36.0,p2,showdown,False,3,114.0,102.0,loose_aggressive
364,j,q,min_raise,['min_raise'],"[('p1', 'min_raise'), ('p2', 'call')]",-12.0,-48.0,24.0,p2,showdown,True,2,108.0,114.0,loose_aggressive
365,j,q,check,['check'],"[('p1', 'check'), ('p2', 'check')]",-6.0,-54.0,12.0,p2,showdown,False,2,114.0,114.0,loose_aggressive
366,k,q,check,['check'],"[('p1', 'check'), ('p2', 'check')]",6.0,-48.0,12.0,p1,showdown,False,2,114.0,114.0,loose_aggressive
367,j,k,min_raise,['min_raise'],"[('p1', 'min_raise'), ('p2', 'call')]",-12.0,-60.0,24.0,p2,showdown,True,2,108.0,114.0,loose_aggressive
368,k,q,check,['check'],"[('p1', 'check'), ('p2', 'check')]",6.0,-54.0,12.0,p1,showdown,False,2,114.0,114.0,loose_aggressive
369,k,k,check,"['check', 'call']","[('p1', 'check'), ('p2', 'max_raise'), ('p1', 'call')]",0.0,-54.0,0.0,tie,showdown,False,3,114.0,102.0,loose_aggressive
370,k,j,check,['check'],"[('p1', 'check'), ('p2', 'check')]",6.0,-48.0,12.0,p1,showdown,False,2,114.0,114.0,loose_aggressive
371,k,k,check,"['check', 'call']","[('p1', 'check'), ('p2', 'max_raise'), ('p1', 'call')]",0.0,-48.0,0.0,tie,showdown,False,3,114.0,102.0,loose_aggressive
372,q,k,check,"['check', 'fold']","[('p1', 'check'), ('p2', 'max_raise'), ('p1', 'fold')]",-6.0,-54.0,24.0,p2,fold,False,3,114.0,102.0,loose_aggressive
373,j,q,min_raise,['min_raise'],"[('p1', 'min_raise'), ('p2', 'call')]",-12.0,-66.0,24.0,p2,showdown,True,2,108.0,114.0,loose_aggressive
374,q,k,check,"['check', 'fold']","[('p1', 'check'), ('p2', 'max_raise'), ('p1', 'fold')]",-6.0,-72.0,24.0,p2,fold,False,3,114.0,102.0,loose_aggressive
375,j,j,check,"['check', 'call']","[('p1', 'check'), ('p2', 'min_raise'), ('p1', 'call')]",0.0,-72.0,0.0,tie,showdown,False,3,114.0,108.0,loose_aggressive
376,k,k,check,"['check', 'call']","[('p1', 'check'), ('p2', 'max_raise'), ('p1', 'call')]",0.0,-72.0,0.0,tie,showdown,False,3,114.0,102.0,loose_aggressive
377,q,q,check,['check'],"[('p1', 'check'), ('p2', 'check')]",0.0,-72.0,0.0,tie,showdown,False,2,114.0,114.0,loose_aggressive
378,q,j,check,['check'],"[('p1', 'check'), ('p2', 'check')]",6.0,-66.0,12.0,p1,showdown,False,2,114.0,114.0,loose_aggressive
379,k,k,check,"['check', 'call']","[('p1', 'check'), ('p2', 'max_raise'), ('p1', 'call')]",0.0,-66.0,0.0,tie,showdown,False,3,114.0,102.0,loose_aggressive
380,j,q,check,['check'],"[('p1', 'check'), ('p2', 'check')]",-6.0,-72.0,12.0,p2,showdown,False,2,114.0,114.0,loose_aggressive
381,j,q,check,['check'],"[('p1', 'check'), ('p2', 'check')]",-6.0,-78.0,12.0,p2,showdown,False,2,114.0,114.0,loose_aggressive
382,j,j,check,['check'],"[('p1', 'check'), ('p2', 'check')]",0.0,-78.0,0.0,tie,showdown,False,2,114.0,114.0,loose_aggressive
383,q,q,check,['check'],"[('p1', 'check'), ('p2', 'check')]",0.0,-78.0,0.0,tie,showdown,False,2,114.0,114.0,loose_aggressive
384,k,j,check,['check'],"[('p1', 'check'), ('p2', 'check')]",6.0,-72.0,12.0,p1,showdown,False,2,114.0,114.0,loose_aggressive
385,k,q,check,['check'],"[('p1', 'check'), ('p2', 'check')]",6.0,-66.0,12.0,p1,showdown,False,2,114.0,114.0,loose_aggressive
386,k,q,check,['check'],"[('p1', 'check'), ('p2', 'check')]",6.0,-60.0,12.0,p1,showdown,False,2,114.0,114.0,loose_aggressive
387,j,q,max_raise,['max_raise'],"[('p1', 'max_raise'), ('p2', 'call')]",-18.0,-78.0,36.0,p2,showdown,True,2,102.0,114.0,loose_aggressive
388,j,q,check,['check'],"[('p1', 'check'), ('p2', 'check')]",-6.0,-84.0,12.0,p2,showdown,False,2,114.0,114.0,loose_aggressive
389,j,k,check,"['check', 'call']","[('p1', 'check'), ('p2', 'max_raise'), ('p1', 'call')]",-18.0,-102.0,36.0,p2,showdown,False,3,114.0,102.0,loose_aggressive
390,q,j,check,['check'],"[('p1', 'check'), ('p2', 'check')]",6.0,-96.0,12.0,p1,showdown,False,2,114.0,114.0,loose_aggressive
391,k,j,check,"['check', 'call']","[('p1', 'check'), ('p2', 'min_raise'), ('p1', 'call')]",12.0,-84.0,24.0,p1,showdown,False,3,114.0,108.0,loose_aggressive
392,j,q,max_raise,['max_raise'],"[('p1', 'max_raise'), ('p2', 'call')]",-18.0,-102.0,36.0,p2,showdown,True,2,102.0,114.0,loose_aggressive
393,j,q,check,['check'],"[('p1', 'check'), ('p2', 'check')]",-6.0,-108.0,12.0,p2,showdown,False,2,114.0,114.0,loose_aggressive
394,q,k,check,"['check', 'call']","[('p1', 'check'), ('p2', 'max_raise'), ('p1', 'call')]",-18.0,-126.0,36.0,p2,showdown,False,3,114.0,102.0,loose_aggressive
395,k,j,check,['check'],"[('p1', 'check'), ('p2', 'check')]",6.0,-120.0,12.0,p1,showdown,False,2,114.0,114.0,loose_aggressive
396,j,q,check,['check'],"[('p1', 'check'), ('p2', 'check')]",-6.0,-126.0,12.0,p2,showdown,False,2,114.0,114.0,loose_aggressive
397,j,k,max_raise,['max_raise'],"[('p1', 'max_raise'), ('p2', 'call')]",-18.0,-144.0,36.0,p2,showdown,True,2,102.0,114.0,loose_aggressive
398,k,k,check,"['check', 'call']","[('p1', 'check'), ('p2', 'max_raise'), ('p1', 'call')]",0.0,-144.0,0.0,tie,showdown,False,3,114.0,102.0,loose_aggressive
399,q,q,check,['check'],"[('p1', 'check'), ('p2', 'check')]",0.0,-144.0,0.0,tie,showdown,False,2,114.0,114.0,loose_aggressive
400,j,k,check,"['check', 'fold']","[('p1', 'check'), ('p2', 'max_raise'), ('p1', 'fold')]",-6.0,-150.0,24.0,p2,fold,False,3,114.0,102.0,loose_aggressive
401,q,j,check,['check'],"[('p1', 'check'), ('p2', 'check')]",6.0,-144.0,12.0,p1,showdown,False,2,114.0,114.0,loose_aggressive
402,q,j,check,"['check', 'call']","[('p1', 'check'), ('p2', 'min_raise'), ('p1', 'call')]",12.0,-132.0,24.0,p1,showdown,False,3,114.0,108.0,loose_aggressive
403,k,j,check,['check'],"[('p1', 'check'), ('p2', 'check')]",6.0,-126.0,12.0,p1,showdown,False,2,114.0,114.0,loose_aggressive
404,q,q,check,['check'],"[('p1', 'check'), ('p2', 'check')]",0.0,-126.0,0.0,tie,showdown,False,2,114.0,114.0,loose_aggressive
405,k,q,check,['check'],"[('p1', 'check'), ('p2', 'check')]",6.0,-120.0,12.0,p1,showdown,False,2,114.0,114.0,loose_aggressive
406,j,k,check,"['check', 'fold']","[('p1', 'check'), ('p2', 'max_raise'), ('p1', 'fold')]",-6.0,-126.0,24.0,p2,fold,False,3,114.0,102.0,loose_aggressive
407,j,q,check,['check'],"[('p1', 'check'), ('p2', 'check')]",-6.0,-132.0,12.0,p2,showdown,False,2,114.0,114.0,loose_aggressive
408,j,q,check,['check'],"[('p1', 'check'), ('p2', 'check')]",-6.0,-138.0,12.0,p2,showdown,False,2,114.0,114.0,loose_aggressive
409,j,q,check,['check'],"[('p1', 'check'), ('p2', 'check')]",-6.0,-144.0,12.0,p2,showdown,False,2,114.0,114.0,loose_aggressive
410,q,k,check,"['check', 'call']","[('p1', 'check'), ('p2', 'max_raise'), ('p1', 'call')]",-18.0,-162.0,36.0,p2,showdown,False,3,114.0,102.0,loose_aggressive
411,k,j,check,"['check', 'call']","[('p1', 'check'), ('p2', 'min_raise'), ('p1', 'call')]",12.0,-150.0,24.0,p1,showdown,False,3,114.0,108.0,loose_aggressive
412,q,q,check,['check'],"[('p1', 'check'), ('p2', 'check')]",0.0,-150.0,0.0,tie,showdown,False,2,114.0,114.0,loose_aggressive
413,q,q,check,['check'],"[('p1', 'check'), ('p2', 'check')]",0.0,-150.0,0.0,tie,showdown,False,2,114.0,114.0,loose_aggressive
414,j,q,check,['check'],"[('p1', 'check'), ('p2', 'check')]",-6.0,-156.0,12.0,p2,showdown,False,2,114.0,114.0,loose_aggressive
415,j,j,check,['check'],"[('p1', 'check'), ('p2', 'check')]",0.0,-156.0,0.0,tie,showdown,False,2,114.0,114.0,loose_aggressive
416,k,q,check,['check'],"[('p1', 'check'), ('p2', 'check')]",6.0,-150.0,12.0,p1,showdown,False,2,114.0,114.0,loose_aggressive
417,k,k,check,"['check', 'call']","[('p1', 'check'), ('p2', 'max_raise'), ('p1', 'call')]",0.0,-150.0,0.0,tie,showdown,False,3,114.0,102.0,loose_aggressive
418,j,j,check,['check'],"[('p1', 'check'), ('p2', 'check')]",0.0,-150.0,0.0,tie,showdown,False,2,114.0,114.0,loose_aggressive
419,j,k,check,"['check', 'fold']","[('p1', 'check'), ('p2', 'max_raise'), ('p1', 'fold')]",-6.0,-156.0,24.0,p2,fold,False,3,114.0,102.0,loose_aggressive
420,j,q,check,['check'],"[('p1', 'check'), ('p2', 'check')]",-6.0,-162.0,12.0,p2,showdown,False,2,114.0,114.0,loose_aggressive
421,q,k,check,"['check', 'call']","[('p1', 'check'), ('p2', 'max_raise'), ('p1', 'call')]",-18.0,-180.0,36.0,p2,showdown,False,3,114.0,102.0,loose_aggressive
422,q,q,check,['check'],"[('p1', 'check'), ('p2', 'check')]",0.0,-180.0,0.0,tie,showdown,False,2,114.0,114.0,loose_aggressive
423,q,q,check,['check'],"[('p1', 'check'), ('p2', 'check')]",0.0,-180.0,0.0,tie,showdown,False,2,114.0,114.0,loose_aggressive
424,j,j,check,"['check', 'call']","[('p1', 'check'), ('p2', 'min_raise'), ('p1', 'call')]",0.0,-180.0,0.0,tie,showdown,False,3,114.0,108.0,loose_aggressive
425,j,j,check,['check'],"[('p1', 'check'), ('p2', 'check')]",0.0,-180.0,0.0,tie,showdown,False,2,114.0,114.0,loose_aggressive
426,q,q,check,['check'],"[('p1', 'check'), ('p2', 'check')]",0.0,-180.0,0.0,tie,showdown,False,2,114.0,114.0,loose_aggressive
427,j,q,check,['check'],"[('p1', 'check'), ('p2', 'check')]",-6.0,-186.0,12.0,p2,showdown,False,2,114.0,114.0,loose_aggressive
428,j,k,check,"['check', 'fold']","[('p1', 'check'), ('p2', 'max_raise'), ('p1', 'fold')]",-6.0,-192.0,24.0,p2,fold,False,3,114.0,102.0,loose_aggressive
429,k,k,check,"['check', 'call']","[('p1', 'check'), ('p2', 'max_raise'), ('p1', 'call')]",0.0,-192.0,0.0,tie,showdown,False,3,114.0,102.0,loose_aggressive
430,k,q,check,['check'],"[('p1', 'check'), ('p2', 'check')]",6.0,-186.0,12.0,p1,showdown,False,2,114.0,114.0,loose_aggressive
431,j,k,check,"['check', 'fold']","[('p1', 'check'), ('p2', 'max_raise'), ('p1', 'fold')]",-6.0,-192.0,24.0,p2,fold,False,3,114.0,102.0,loose_aggressive
432,k,k,check,"['check', 'call']","[('p1', 'check'), ('p2', 'max_raise'), ('p1', 'call')]",0.0,-192.0,0.0,tie,showdown,False,3,114.0,102.0,loose_aggressive
433,q,q,check,['check'],"[('p1', 'check'), ('p2', 'check')]",0.0,-192.0,0.0,tie,showdown,False,2,114.0,114.0,loose_aggressive
434,q,j,check,['check'],"[('p1', 'check'), ('p2', 'check')]",6.0,-186.0,12.0,p1,showdown,False,2,114.0,114.0,loose_aggressive
435,j,q,max_raise,['max_raise'],"[('p1', 'max_raise'), ('p2', 'call')]",-18.0,-204.0,36.0,p2,showdown,True,2,102.0,114.0,loose_aggressive
436,q,k,check,"['check', 'fold']","[('p1', 'check'), ('p2', 'max_raise'), ('p1', 'fold')]",-6.0,-210.0,24.0,p2,fold,False,3,114.0,102.0,loose_aggressive
437,q,q,check,['check'],"[('p1', 'check'), ('p2', 'check')]",0.0,-210.0,0.0,tie,showdown,False,2,114.0,114.0,loose_aggressive
438,k,k,check,"['check', 'call']","[('p1', 'check'), ('p2', 'max_raise'), ('p1', 'call')]",0.0,-210.0,0.0,tie,showdown,False,3,114.0,102.0,loose_aggressive
439,j,q,check,['check'],"[('p1', 'check'), ('p2', 'check')]",-6.0,-216.0,12.0,p2,showdown,False,2,114.0,114.0,loose_aggressive
440,j,q,check,['check'],"[('p1', 'check'), ('p2', 'check')]",-6.0,-222.0,12.0,p2,showdown,False,2,114.0,114.0,loose_aggressive
441,q,k,check,"['check', 'fold']","[('p1', 'check'), ('p2', 'max_raise'), ('p1', 'fold')]",-6.0,-228.0,24.0,p2,fold,False,3,114.0,102.0,loose_aggressive
442,j,k,check,"['check', 'call']","[('p1', 'check'), ('p2', 'max_raise'), ('p1', 'call')]",-18.0,-246.0,36.0,p2,showdown,False,3,114.0,102.0,loose_aggressive
443,j,j,max_raise,['max_raise'],"[('p1', 'max_raise'), ('p2', 'fold')]",6.0,-240.0,24.0,p1,fold,True,2,102.0,114.0,loose_aggressive
444,q,q,check,['check'],"[('p1', 'check'), ('p2', 'check')]",0.0,-240.0,0.0,tie,showdown,False,2,114.0,114.0,loose_aggressive
445,j,q,check,['check'],"[('p1', 'check'), ('p2', 'check')]",-6.0,-246.0,12.0,p2,showdown,False,2,114.0,114.0,loose_aggressive
446,k,k,check,"['check', 'call']","[('p1', 'check'), ('p2', 'max_raise'), ('p1', 'call')]",0.0,-246.0,0.0,tie,showdown,False,3,114.0,102.0,loose_aggressive
447,j,k,check,"['check', 'fold']","[('p1', 'check'), ('p2', 'max_raise'), ('p1', 'fold')]",-6.0,-252.0,24.0,p2,fold,False,3,114.0,102.0,loose_aggressive
448,k,q,check,['check'],"[('p1', 'check'), ('p2', 'check')]",6.0,-246.0,12.0,p1,showdown,False,2,114.0,114.0,loose_aggressive
449,q,j,check,['check'],"[('p1', 'check'), ('p2', 'check')]",6.0,-240.0,12.0,p1,showdown,False,2,114.0,114.0,loose_aggressive
450,j,j,check,['check'],"[('p1', 'check'), ('p2', 'check')]",0.0,-240.0,0.0,tie,showdown,False,2,114.0,114.0,loose_aggressive
451,q,j,check,"['check', 'call']","[('p1', 'check'), ('p2', 'min_raise'), ('p1', 'call')]",12.0,-228.0,24.0,p1,showdown,False,3,114.0,108.0,loose_aggressive
452,q,j,check,['check'],"[('p1', 'check'), ('p2', 'check')]",6.0,-222.0,12.0,p1,showdown,False,2,114.0,114.0,loose_aggressive
453,q,j,check,['check'],"[('p1', 'check'), ('p2', 'check')]",6.0,-216.0,12.0,p1,showdown,False,2,114.0,114.0,loose_aggressive
454,q,j,check,"['check', 'call']","[('p1', 'check'), ('p2', 'min_raise'), ('p1', 'call')]",12.0,-204.0,24.0,p1,showdown,False,3,114.0,108.0,loose_aggressive
455,q,j,check,['check'],"[('p1', 'check'), ('p2', 'check')]",6.0,-198.0,12.0,p1,showdown,False,2,114.0,114.0,loose_aggressive
456,k,j,check,['check'],"[('p1', 'check'), ('p2', 'check')]",6.0,-192.0,12.0,p1,showdown,False,2,114.0,114.0,loose_aggressive
457,q,k,check,"['check', 'call']","[('p1', 'check'), ('p2', 'max_raise'), ('p1', 'call')]",-18.0,-210.0,36.0,p2,showdown,False,3,114.0,102.0,loose_aggressive
458,q,k,check,"['check', 'call']","[('p1', 'check'), ('p2', 'max_raise'), ('p1', 'call')]",-18.0,-228.0,36.0,p2,showdown,False,3,114.0,102.0,loose_aggressive
459,j,q,check,['check'],"[('p1', 'check'), ('p2', 'check')]",-6.0,-234.0,12.0,p2,showdown,False,2,114.0,114.0,loose_aggressive
460,j,q,check,['check'],"[('p1', 'check'), ('p2', 'check')]",-6.0,-240.0,12.0,p2,showdown,False,2,114.0,114.0,loose_aggressive
461,j,k,max_raise,['max_raise'],"[('p1', 'max_raise'), ('p2', 'call')]",-18.0,-258.0,36.0,p2,showdown,True,2,102.0,114.0,loose_aggressive
462,k,q,check,['check'],"[('p1', 'check'), ('p2', 'check')]",6.0,-252.0,12.0,p1,showdown,False,2,114.0,114.0,loose_aggressive
463,k,q,check,['check'],"[('p1', 'check'), ('p2', 'check')]",6.0,-246.0,12.0,p1,showdown,False,2,114.0,114.0,loose_aggressive
464,j,j,min_raise,['min_raise'],"[('p1', 'min_raise'), ('p2', 'call')]",0.0,-246.0,0.0,tie,showdown,True,2,108.0,114.0,loose_aggressive
465,j,q,check,['check'],"[('p1', 'check'), ('p2', 'check')]",-6.0,-252.0,12.0,p2,showdown,False,2,114.0,114.0,loose_aggressive
466,k,q,check,['check'],"[('p1', 'check'), ('p2', 'check')]",6.0,-246.0,12.0,p1,showdown,False,2,114.0,114.0,loose_aggressive
467,k,k,check,"['check', 'call']","[('p1', 'check'), ('p2', 'max_raise'), ('p1', 'call')]",0.0,-246.0,0.0,tie,showdown,False,3,114.0,102.0,loose_aggressive
468,j,j,check,['check'],"[('p1', 'check'), ('p2', 'check')]",0.0,-246.0,0.0,tie,showdown,False,2,114.0,114.0,loose_aggressive
469,j,k,check,"['check', 'fold']","[('p1', 'check'), ('p2', 'max_raise'), ('p1', 'fold')]",-6.0,-252.0,24.0,p2,fold,False,3,114.0,102.0,loose_aggressive
470,k,q,check,['check'],"[('p1', 'check'), ('p2', 'check')]",6.0,-246.0,12.0,p1,showdown,False,2,114.0,114.0,loose_aggressive
471,k,j,check,['check'],"[('p1', 'check'), ('p2', 'check')]",6.0,-240.0,12.0,p1,showdown,False,2,114.0,114.0,loose_aggressive
472,k,q,check,['check'],"[('p1', 'check'), ('p2', 'check')]",6.0,-234.0,12.0,p1,showdown,False,2,114.0,114.0,loose_aggressive
473,j,k,check,"['check', 'fold']","[('p1', 'check'), ('p2', 'max_raise'), ('p1', 'fold')]",-6.0,-240.0,24.0,p2,fold,False,3,114.0,102.0,loose_aggressive
474,q,j,check,['check'],"[('p1', 'check'), ('p2', 'check')]",6.0,-234.0,12.0,p1,showdown,False,2,114.0,114.0,loose_aggressive
475,j,q,check,['check'],"[('p1', 'check'), ('p2', 'check')]",-6.0,-240.0,12.0,p2,showdown,False,2,114.0,114.0,loose_aggressive
476,k,j,check,"['check', 'call']","[('p1', 'check'), ('p2', 'min_raise'), ('p1', 'call')]",12.0,-228.0,24.0,p1,showdown,False,3,114.0,108.0,loose_aggressive
477,k,j,check,"['check', 'call']","[('p1', 'check'), ('p2', 'min_raise'), ('p1', 'call')]",12.0,-216.0,24.0,p1,showdown,False,3,114.0,108.0,loose_aggressive
478,k,k,check,"['check', 'call']","[('p1', 'check'), ('p2', 'max_raise'), ('p1', 'call')]",0.0,-216.0,0.0,tie,showdown,False,3,114.0,102.0,loose_aggressive
479,k,k,check,"['check', 'call']","[('p1', 'check'), ('p2', 'max_raise'), ('p1', 'call')]",0.0,-216.0,0.0,tie,showdown,False,3,114.0,102.0,loose_aggressive
480,k,k,check,"['check', 'call']","[('p1', 'check'), ('p2', 'max_raise'), ('p1', 'call')]",0.0,-216.0,0.0,tie,showdown,False,3,114.0,102.0,loose_aggressive
481,q,k,check,"['check', 'fold']","[('p1', 'check'), ('p2', 'max_raise'), ('p1', 'fold')]",-6.0,-222.0,24.0,p2,fold,False,3,114.0,102.0,loose_aggressive
482,k,j,check,['check'],"[('p1', 'check'), ('p2', 'check')]",6.0,-216.0,12.0,p1,showdown,False,2,114.0,114.0,loose_aggressive
483,k,q,check,['check'],"[('p1', 'check'), ('p2', 'check')]",6.0,-210.0,12.0,p1,showdown,False,2,114.0,114.0,loose_aggressive
484,q,k,check,"['check', 'fold']","[('p1', 'check'), ('p2', 'max_raise'), ('p1', 'fold')]",-6.0,-216.0,24.0,p2,fold,False,3,114.0,102.0,loose_aggressive
485,k,j,check,['check'],"[('p1', 'check'), ('p2', 'check')]",6.0,-210.0,12.0,p1,showdown,False,2,114.0,114.0,loose_aggressive
486,k,j,check,"['check', 'call']","[('p1', 'check'), ('p2', 'min_raise'), ('p1', 'call')]",12.0,-198.0,24.0,p1,showdown,False,3,114.0,108.0,loose_aggressive
487,k,k,check,"['check', 'call']","[('p1', 'check'), ('p2', 'max_raise'), ('p1', 'call')]",0.0,-198.0,0.0,tie,showdown,False,3,114.0,102.0,loose_aggressive
488,j,j,max_raise,['max_raise'],"[('p1', 'max_raise'), ('p2', 'fold')]",6.0,-192.0,24.0,p1,fold,True,2,102.0,114.0,loose_aggressive
489,k,k,check,"['check', 'call']","[('p1', 'check'), ('p2', 'max_raise'), ('p1', 'call')]",0.0,-192.0,0.0,tie,showdown,False,3,114.0,102.0,loose_aggressive
490,j,q,max_raise,['max_raise'],"[('p1', 'max_raise'), ('p2', 'call')]",-18.0,-210.0,36.0,p2,showdown,True,2,102.0,114.0,loose_aggressive
491,j,q,check,['check'],"[('p1', 'check'), ('p2', 'check')]",-6.0,-216.0,12.0,p2,showdown,False,2,114.0,114.0,loose_aggressive
492,j,q,check,['check'],"[('p1', 'check'), ('p2', 'check')]",-6.0,-222.0,12.0,p2,showdown,False,2,114.0,114.0,loose_aggressive
493,q,q,check,['check'],"[('p1', 'check'), ('p2', 'check')]",0.0,-222.0,0.0,tie,showdown,False,2,114.0,114.0,loose_aggressive
494,j,q,check,['check'],"[('p1', 'check'), ('p2', 'check')]",-6.0,-228.0,12.0,p2,showdown,False,2,114.0,114.0,loose_aggressive
495,q,j,check,"['check', 'call']","[('p1', 'check'), ('p2', 'min_raise'), ('p1', 'call')]",12.0,-216.0,24.0,p1,showdown,False,3,114.0,108.0,loose_aggressive
496,q,q,check,['check'],"[('p1', 'check'), ('p2', 'check')]",0.0,-216.0,0.0,tie,showdown,False,2,114.0,114.0,loose_aggressive
497,j,k,min_raise,['min_raise'],"[('p1', 'min_raise'), ('p2', 'call')]",-12.0,-228.0,24.0,p2,showdown,True,2,108.0,114.0,loose_aggressive
498,q,k,check,"['check', 'call']","[('p1', 'check'), ('p2', 'max_raise'), ('p1', 'call')]",-18.0,-246.0,36.0,p2,showdown,False,3,114.0,102.0,loose_aggressive
499,j,j,check,['check'],"[('p1', 'check'), ('p2', 'check')]",0.0,-246.0,0.0,tie,showdown,False,2,114.0,114.0,loose_aggressive
500,j,k,check,"['check', 'fold']","[('p1', 'check'), ('p2', 'max_raise'), ('p1', 'fold')]",-6.0,-252.0,24.0,p2,fold,False,3,114.0,102.0,loose_aggressive
501,j,q,check,['check'],"[('p1', 'check'), ('p2', 'check')]",-6.0,-258.0,12.0,p2,showdown,False,2,114.0,114.0,loose_aggressive
502,q,q,check,['check'],"[('p1', 'check'), ('p2', 'check')]",0.0,-258.0,0.0,tie,showdown,False,2,114.0,114.0,loose_aggressive
503,j,k,check,"['check', 'fold']","[('p1', 'check'), ('p2', 'max_raise'), ('p1', 'fold')]",-6.0,-264.0,24.0,p2,fold,False,3,114.0,102.0,loose_aggressive
504,k,q,check,['check'],"[('p1', 'check'), ('p2', 'check')]",6.0,-258.0,12.0,p1,showdown,False,2,114.0,114.0,loose_aggressive
505,j,j,max_raise,['max_raise'],"[('p1', 'max_raise'), ('p2', 'fold')]",6.0,-252.0,24.0,p1,fold,True,2,102.0,114.0,loose_aggressive
506,k,j,check,['check'],"[('p1', 'check'), ('p2', 'check')]",6.0,-246.0,12.0,p1,showdown,False,2,114.0,114.0,loose_aggressive
507,q,j,check,['check'],"[('p1', 'check'), ('p2', 'check')]",6.0,-240.0,12.0,p1,showdown,False,2,114.0,114.0,loose_aggressive
508,j,q,check,['check'],"[('p1', 'check'), ('p2', 'check')]",-6.0,-246.0,12.0,p2,showdown,False,2,114.0,114.0,loose_aggressive
509,q,q,check,['check'],"[('p1', 'check'), ('p2', 'check')]",0.0,-246.0,0.0,tie,showdown,False,2,114.0,114.0,loose_aggressive
510,k,k,check,"['check', 'call']","[('p1', 'check'), ('p2', 'max_raise'), ('p1', 'call')]",0.0,-246.0,0.0,tie,showdown,False,3,114.0,102.0,loose_aggressive
511,j,k,check,"['check', 'call']","[('p1', 'check'), ('p2', 'max_raise'), ('p1', 'call')]",-18.0,-264.0,36.0,p2,showdown,False,3,114.0,102.0,loose_aggressive
512,k,k,check,"['check', 'call']","[('p1', 'check'), ('p2', 'max_raise'), ('p1', 'call')]",0.0,-264.0,0.0,tie,showdown,False,3,114.0,102.0,loose_aggressive
513,j,q,check,['check'],"[('p1', 'check'), ('p2', 'check')]",-6.0,-270.0,12.0,p2,showdown,False,2,114.0,114.0,loose_aggressive
514,j,q,min_raise,['min_raise'],"[('p1', 'min_raise'), ('p2', 'call')]",-12.0,-282.0,24.0,p2,showdown,True,2,108.0,114.0,loose_aggressive
515,j,q,check,['check'],"[('p1', 'check'), ('p2', 'check')]",-6.0,-288.0,12.0,p2,showdown,False,2,114.0,114.0,loose_aggressive
516,q,j,check,"['check', 'call']","[('p1', 'check'), ('p2', 'min_raise'), ('p1', 'call')]",12.0,-276.0,24.0,p1,showdown,False,3,114.0,108.0,loose_aggressive
517,q,k,check,"['check', 'call']","[('p1', 'check'), ('p2', 'max_raise'), ('p1', 'call')]",-18.0,-294.0,36.0,p2,showdown,False,3,114.0,102.0,loose_aggressive
518,j,j,check,"['check', 'call']","[('p1', 'check'), ('p2', 'min_raise'), ('p1', 'call')]",0.0,-294.0,0.0,tie,showdown,False,3,114.0,108.0,loose_aggressive
519,q,q,check,['check'],"[('p1', 'check'), ('p2', 'check')]",0.0,-294.0,0.0,tie,showdown,False,2,114.0,114.0,loose_aggressive
520,q,j,check,['check'],"[('p1', 'check'), ('p2', 'check')]",6.0,-288.0,12.0,p1,showdown,False,2,114.0,114.0,loose_aggressive
521,j,k,max_raise,['max_raise'],"[('p1', 'max_raise'), ('p2', 'call')]",-18.0,-306.0,36.0,p2,showdown,True,2,102.0,114.0,loose_aggressive
522,q,j,check,"['check', 'call']","[('p1', 'check'), ('p2', 'min_raise'), ('p1', 'call')]",12.0,-294.0,24.0,p1,showdown,False,3,114.0,108.0,loose_aggressive
523,j,k,check,"['check', 'fold']","[('p1', 'check'), ('p2', 'max_raise'), ('p1', 'fold')]",-6.0,-300.0,24.0,p2,fold,False,3,114.0,102.0,loose_aggressive
524,q,q,check,['check'],"[('p1', 'check'), ('p2', 'check')]",0.0,-300.0,0.0,tie,showdown,False,2,114.0,114.0,loose_aggressive
525,q,k,check,"['check', 'fold']","[('p1', 'check'), ('p2', 'max_raise'), ('p1', 'fold')]",-6.0,-306.0,24.0,p2,fold,False,3,114.0,102.0,loose_aggressive
526,j,q,check,['check'],"[('p1', 'check'), ('p2', 'check')]",-6.0,-312.0,12.0,p2,showdown,False,2,114.0,114.0,loose_aggressive
527,j,q,check,['check'],"[('p1', 'check'), ('p2', 'check')]",-6.0,-318.0,12.0,p2,showdown,False,2,114.0,114.0,loose_aggressive
528,j,k,check,"['check', 'fold']","[('p1', 'check'), ('p2', 'max_raise'), ('p1', 'fold')]",-6.0,-324.0,24.0,p2,fold,False,3,114.0,102.0,loose_aggressive
529,j,j,check,"['check', 'call']","[('p1', 'check'), ('p2', 'min_raise'), ('p1', 'call')]",0.0,-324.0,0.0,tie,showdown,False,3,114.0,108.0,loose_aggressive
530,q,j,check,['check'],"[('p1', 'check'), ('p2', 'check')]",6.0,-318.0,12.0,p1,showdown,False,2,114.0,114.0,loose_aggressive
531,q,k,check,"['check', 'call']","[('p1', 'check'), ('p2', 'max_raise'), ('p1', 'call')]",-18.0,-336.0,36.0,p2,showdown,False,3,114.0,102.0,loose_aggressive
532,j,q,check,['check'],"[('p1', 'check'), ('p2', 'check')]",-6.0,-342.0,12.0,p2,showdown,False,2,114.0,114.0,loose_aggressive
533,q,k,check,"['check', 'call']","[('p1', 'check'), ('p2', 'max_raise'), ('p1', 'call')]",-18.0,-360.0,36.0,p2,showdown,False,3,114.0,102.0,loose_aggressive
534,q,k,check,"['check', 'call']","[('p1', 'check'), ('p2', 'max_raise'), ('p1', 'call')]",-18.0,-378.0,36.0,p2,showdown,False,3,114.0,102.0,loose_aggressive
535,q,k,check,"['check', 'fold']","[('p1', 'check'), ('p2', 'max_raise'), ('p1', 'fold')]",-6.0,-384.0,24.0,p2,fold,False,3,114.0,102.0,loose_aggressive
536,j,j,check,['check'],"[('p1', 'check'), ('p2', 'check')]",0.0,-384.0,0.0,tie,showdown,False,2,114.0,114.0,loose_aggressive
537,k,q,check,['check'],"[('p1', 'check'), ('p2', 'check')]",6.0,-378.0,12.0,p1,showdown,False,2,114.0,114.0,loose_aggressive
538,q,q,check,['check'],"[('p1', 'check'), ('p2', 'check')]",0.0,-378.0,0.0,tie,showdown,False,2,114.0,114.0,loose_aggressive
539,q,k,check,"['check', 'fold']","[('p1', 'check'), ('p2', 'max_raise'), ('p1', 'fold')]",-6.0,-384.0,24.0,p2,fold,False,3,114.0,102.0,loose_aggressive
540,q,k,check,"['check', 'fold']","[('p1', 'check'), ('p2', 'max_raise'), ('p1', 'fold')]",-6.0,-390.0,24.0,p2,fold,False,3,114.0,102.0,loose_aggressive
541,j,j,check,['check'],"[('p1', 'check'), ('p2', 'check')]",0.0,-390.0,0.0,tie,showdown,False,2,114.0,114.0,loose_aggressive
542,q,j,check,['check'],"[('p1', 'check'), ('p2', 'check')]",6.0,-384.0,12.0,p1,showdown,False,2,114.0,114.0,loose_aggressive
543,k,k,check,"['check', 'call']","[('p1', 'check'), ('p2', 'max_raise'), ('p1', 'call')]",0.0,-384.0,0.0,tie,showdown,False,3,114.0,102.0,loose_aggressive
544,j,q,check,['check'],"[('p1', 'check'), ('p2', 'check')]",-6.0,-390.0,12.0,p2,showdown,False,2,114.0,114.0,loose_aggressive
545,q,k,check,"['check', 'fold']","[('p1', 'check'), ('p2', 'max_raise'), ('p1', 'fold')]",-6.0,-396.0,24.0,p2,fold,False,3,114.0,102.0,loose_aggressive
546,k,j,check,['check'],"[('p1', 'check'), ('p2', 'check')]",6.0,-390.0,12.0,p1,showdown,False,2,114.0,114.0,loose_aggressive
547,j,q,check,['check'],"[('p1', 'check'), ('p2', 'check')]",-6.0,-396.0,12.0,p2,showdown,False,2,114.0,114.0,loose_aggressive
548,k,q,check,['check'],"[('p1', 'check'), ('p2', 'check')]",6.0,-390.0,12.0,p1,showdown,False,2,114.0,114.0,loose_aggressive
549,q,j,check,"['check', 'call']","[('p1', 'check'), ('p2', 'min_raise'), ('p1', 'call')]",12.0,-378.0,24.0,p1,showdown,False,3,114.0,108.0,loose_aggressive
550,k,j,check,"['check', 'call']","[('p1', 'check'), ('p2', 'min_raise'), ('p1', 'call')]",12.0,-366.0,24.0,p1,showdown,False,3,114.0,108.0,loose_aggressive
551,k,j,check,['check'],"[('p1', 'check'), ('p2', 'check')]",6.0,-360.0,12.0,p1,showdown,False,2,114.0,114.0,loose_aggressive
552,j,k,check,"['check', 'fold']","[('p1', 'check'), ('p2', 'max_raise'), ('p1', 'fold')]",-6.0,-366.0,24.0,p2,fold,False,3,114.0,102.0,loose_aggressive
553,j,q,check,['check'],"[('p1', 'check'), ('p2', 'check')]",-6.0,-372.0,12.0,p2,showdown,False,2,114.0,114.0,loose_aggressive
554,q,j,check,['check'],"[('p1', 'check'), ('p2', 'check')]",6.0,-366.0,12.0,p1,showdown,False,2,114.0,114.0,loose_aggressive
555,k,k,check,"['check', 'call']","[('p1', 'check'), ('p2', 'max_raise'), ('p1', 'call')]",0.0,-366.0,0.0,tie,showdown,False,3,114.0,102.0,loose_aggressive
556,q,j,check,['check'],"[('p1', 'check'), ('p2', 'check')]",6.0,-360.0,12.0,p1,showdown,False,2,114.0,114.0,loose_aggressive
557,j,k,check,"['check', 'call']","[('p1', 'check'), ('p2', 'max_raise'), ('p1', 'call')]",-18.0,-378.0,36.0,p2,showdown,False,3,114.0,102.0,loose_aggressive
558,q,j,check,['check'],"[('p1', 'check'), ('p2', 'check')]",6.0,-372.0,12.0,p1,showdown,False,2,114.0,114.0,loose_aggressive
559,k,j,check,['check'],"[('p1', 'check'), ('p2', 'check')]",6.0,-366.0,12.0,p1,showdown,False,2,114.0,114.0,loose_aggressive
560,j,q,check,['check'],"[('p1', 'check'), ('p2', 'check')]",-6.0,-372.0,12.0,p2,showdown,False,2,114.0,114.0,loose_aggressive
561,j,q,check,['check'],"[('p1', 'check'), ('p2', 'check')]",-6.0,-378.0,12.0,p2,showdown,False,2,114.0,114.0,loose_aggressive
562,k,j,check,['check'],"[('p1', 'check'), ('p2', 'check')]",6.0,-372.0,12.0,p1,showdown,False,2,114.0,114.0,loose_aggressive
563,q,j,check,"['check', 'call']","[('p1', 'check'), ('p2', 'min_raise'), ('p1', 'call')]",12.0,-360.0,24.0,p1,showdown,False,3,114.0,108.0,loose_aggressive
564,q,j,check,['check'],"[('p1', 'check'), ('p2', 'check')]",6.0,-354.0,12.0,p1,showdown,False,2,114.0,114.0,loose_aggressive
565,k,q,check,['check'],"[('p1', 'check'), ('p2', 'check')]",6.0,-348.0,12.0,p1,showdown,False,2,114.0,114.0,loose_aggressive
566,j,j,check,['check'],"[('p1', 'check'), ('p2', 'check')]",0.0,-348.0,0.0,tie,showdown,False,2,114.0,114.0,loose_aggressive
567,k,k,check,"['check', 'call']","[('p1', 'check'), ('p2', 'max_raise'), ('p1', 'call')]",0.0,-348.0,0.0,tie,showdown,False,3,114.0,102.0,loose_aggressive
568,k,q,check,['check'],"[('p1', 'check'), ('p2', 'check')]",6.0,-342.0,12.0,p1,showdown,False,2,114.0,114.0,loose_aggressive
569,q,j,check,['check'],"[('p1', 'check'), ('p2', 'check')]",6.0,-336.0,12.0,p1,showdown,False,2,114.0,114.0,loose_aggressive
570,j,k,check,"['check', 'call']","[('p1', 'check'), ('p2', 'max_raise'), ('p1', 'call')]",-18.0,-354.0,36.0,p2,showdown,False,3,114.0,102.0,loose_aggressive
571,q,k,check,"['check', 'call']","[('p1', 'check'), ('p2', 'max_raise'), ('p1', 'call')]",-18.0,-372.0,36.0,p2,showdown,False,3,114.0,102.0,loose_aggressive
572,q,k,check,"['check', 'call']","[('p1', 'check'), ('p2', 'max_raise'), ('p1', 'call')]",-18.0,-390.0,36.0,p2,showdown,False,3,114.0,102.0,loose_aggressive
573,k,k,check,"['check', 'call']","[('p1', 'check'), ('p2', 'max_raise'), ('p1', 'call')]",0.0,-390.0,0.0,tie,showdown,False,3,114.0,102.0,loose_aggressive
574,k,k,check,"['check', 'call']","[('p1', 'check'), ('p2', 'max_raise'), ('p1', 'call')]",0.0,-390.0,0.0,tie,showdown,False,3,114.0,102.0,loose_aggressive
575,j,k,check,"['check', 'fold']","[('p1', 'check'), ('p2', 'max_raise'), ('p1', 'fold')]",-6.0,-396.0,24.0,p2,fold,False,3,114.0,102.0,loose_aggressive
576,q,k,check,"['check', 'call']","[('p1', 'check'), ('p2', 'max_raise'), ('p1', 'call')]",-18.0,-414.0,36.0,p2,showdown,False,3,114.0,102.0,loose_aggressive
577,q,k,check,"['check', 'fold']","[('p1', 'check'), ('p2', 'max_raise'), ('p1', 'fold')]",-6.0,-420.0,24.0,p2,fold,False,3,114.0,102.0,loose_aggressive
578,k,k,check,"['check', 'call']","[('p1', 'check'), ('p2', 'max_raise'), ('p1', 'call')]",0.0,-420.0,0.0,tie,showdown,False,3,114.0,102.0,loose_aggressive
579,j,q,max_raise,['max_raise'],"[('p1', 'max_raise'), ('p2', 'call')]",-18.0,-438.0,36.0,p2,showdown,True,2,102.0,114.0,loose_aggressive
580,q,k,check,"['check', 'fold']","[('p1', 'check'), ('p2', 'max_raise'), ('p1', 'fold')]",-6.0,-444.0,24.0,p2,fold,False,3,114.0,102.0,loose_aggressive
581,j,j,check,"['check', 'call']","[('p1', 'check'), ('p2', 'min_raise'), ('p1', 'call')]",0.0,-444.0,0.0,tie,showdown,False,3,114.0,108.0,loose_aggressive
582,q,q,check,['check'],"[('p1', 'check'), ('p2', 'check')]",0.0,-444.0,0.0,tie,showdown,False,2,114.0,114.0,loose_aggressive
583,k,j,check,"['check', 'call']","[('p1', 'check'), ('p2', 'min_raise'), ('p1', 'call')]",12.0,-432.0,24.0,p1,showdown,False,3,114.0,108.0,loose_aggressive
584,j,k,max_raise,['max_raise'],"[('p1', 'max_raise'), ('p2', 'call')]",-18.0,-450.0,36.0,p2,showdown,True,2,102.0,114.0,loose_aggressive
585,j,j,check,['check'],"[('p1', 'check'), ('p2', 'check')]",0.0,-450.0,0.0,tie,showdown,False,2,114.0,114.0,loose_aggressive
586,k,j,check,['check'],"[('p1', 'check'), ('p2', 'check')]",6.0,-444.0,12.0,p1,showdown,False,2,114.0,114.0,loose_aggressive
587,j,k,check,"['check', 'fold']","[('p1', 'check'), ('p2', 'max_raise'), ('p1', 'fold')]",-6.0,-450.0,24.0,p2,fold,False,3,114.0,102.0,loose_aggressive
588,q,q,check,['check'],"[('p1', 'check'), ('p2', 'check')]",0.0,-450.0,0.0,tie,showdown,False,2,114.0,114.0,loose_aggressive
589,j,k,min_raise,['min_raise'],"[('p1', 'min_raise'), ('p2', 'call')]",-12.0,-462.0,24.0,p2,showdown,True,2,108.0,114.0,loose_aggressive
590,k,k,check,"['check', 'call']","[('p1', 'check'), ('p2', 'max_raise'), ('p1', 'call')]",0.0,-462.0,0.0,tie,showdown,False,3,114.0,102.0,loose_aggressive
591,j,q,check,['check'],"[('p1', 'check'), ('p2', 'check')]",-6.0,-468.0,12.0,p2,showdown,False,2,114.0,114.0,loose_aggressive
592,j,k,check,"['check', 'fold']","[('p1', 'check'), ('p2', 'max_raise'), ('p1', 'fold')]",-6.0,-474.0,24.0,p2,fold,False,3,114.0,102.0,loose_aggressive
593,q,j,check,"['check', 'call']","[('p1', 'check'), ('p2', 'min_raise'), ('p1', 'call')]",12.0,-462.0,24.0,p1,showdown,False,3,114.0,108.0,loose_aggressive
594,k,q,check,['check'],"[('p1', 'check'), ('p2', 'check')]",6.0,-456.0,12.0,p1,showdown,False,2,114.0,114.0,loose_aggressive
595,q,k,check,"['check', 'fold']","[('p1', 'check'), ('p2', 'max_raise'), ('p1', 'fold')]",-6.0,-462.0,24.0,p2,fold,False,3,114.0,102.0,loose_aggressive
596,j,k,check,"['check', 'fold']","[('p1', 'check'), ('p2', 'max_raise'), ('p1', 'fold')]",-6.0,-468.0,24.0,p2,fold,False,3,114.0,102.0,loose_aggressive
597,q,q,check,['check'],"[('p1', 'check'), ('p2', 'check')]",0.0,-468.0,0.0,tie,showdown,False,2,114.0,114.0,loose_aggressive
598,q,j,check,"['check', 'call']","[('p1', 'check'), ('p2', 'min_raise'), ('p1', 'call')]",12.0,-456.0,24.0,p1,showdown,False,3,114.0,108.0,loose_aggressive
599,j,j,check,['check'],"[('p1', 'check'), ('p2', 'check')]",0.0,-456.0,0.0,tie,showdown,False,2,114.0,114.0,loose_aggressive
600,q,k,check,"['check', 'call']","[('p1', 'check'), ('p2', 'max_raise'), ('p1', 'call')]",-18.0,-474.0,36.0,p2,showdown,False,3,114.0,102.0,loose_aggressive
601,k,q,check,['check'],"[('p1', 'check'), ('p2', 'check')]",6.0,-468.0,12.0,p1,showdown,False,2,114.0,114.0,loose_aggressive
602,q,q,check,['check'],"[('p1', 'check'), ('p2', 'check')]",0.0,-468.0,0.0,tie,showdown,False,2,114.0,114.0,loose_aggressive
603,k,q,check,['check'],"[('p1', 'check'), ('p2', 'check')]",6.0,-462.0,12.0,p1,showdown,False,2,114.0,114.0,loose_aggressive
604,q,k,check,"['check', 'call']","[('p1', 'check'), ('p2', 'max_raise'), ('p1', 'call')]",-18.0,-480.0,36.0,p2,showdown,False,3,114.0,102.0,loose_aggressive
605,q,j,check,['check'],"[('p1', 'check'), ('p2', 'check')]",6.0,-474.0,12.0,p1,showdown,False,2,114.0,114.0,loose_aggressive
606,k,q,check,['check'],"[('p1', 'check'), ('p2', 'check')]",6.0,-468.0,12.0,p1,showdown,False,2,114.0,114.0,loose_aggressive
607,k,q,check,['check'],"[('p1', 'check'), ('p2', 'check')]",6.0,-462.0,12.0,p1,showdown,False,2,114.0,114.0,loose_aggressive
608,k,q,check,['check'],"[('p1', 'check'), ('p2', 'check')]",6.0,-456.0,12.0,p1,showdown,False,2,114.0,114.0,loose_aggressive
609,k,q,check,['check'],"[('p1', 'check'), ('p2', 'check')]",6.0,-450.0,12.0,p1,showdown,False,2,114.0,114.0,loose_aggressive
610,k,j,check,['check'],"[('p1', 'check'), ('p2', 'check')]",6.0,-444.0,12.0,p1,showdown,False,2,114.0,114.0,loose_aggressive
611,j,k,check,"['check', 'fold']","[('p1', 'check'), ('p2', 'max_raise'), ('p1', 'fold')]",-6.0,-450.0,24.0,p2,fold,False,3,114.0,102.0,loose_aggressive
612,j,k,check,"['check', 'fold']","[('p1', 'check'), ('p2', 'max_raise'), ('p1', 'fold')]",-6.0,-456.0,24.0,p2,fold,False,3,114.0,102.0,loose_aggressive
613,q,j,check,['check'],"[('p1', 'check'), ('p2', 'check')]",6.0,-450.0,12.0,p1,showdown,False,2,114.0,114.0,loose_aggressive
614,k,q,check,['check'],"[('p1', 'check'), ('p2', 'check')]",6.0,-444.0,12.0,p1,showdown,False,2,114.0,114.0,loose_aggressive
615,q,k,check,"['check', 'call']","[('p1', 'check'), ('p2', 'max_raise'), ('p1', 'call')]",-18.0,-462.0,36.0,p2,showdown,False,3,114.0,102.0,loose_aggressive
616,k,q,check,['check'],"[('p1', 'check'), ('p2', 'check')]",6.0,-456.0,12.0,p1,showdown,False,2,114.0,114.0,loose_aggressive
617,j,j,check,"['check', 'call']","[('p1', 'check'), ('p2', 'min_raise'), ('p1', 'call')]",0.0,-456.0,0.0,tie,showdown,False,3,114.0,108.0,loose_aggressive
618,j,q,check,['check'],"[('p1', 'check'), ('p2', 'check')]",-6.0,-462.0,12.0,p2,showdown,False,2,114.0,114.0,loose_aggressive
619,j,k,check,"['check', 'fold']","[('p1', 'check'), ('p2', 'max_raise'), ('p1', 'fold')]",-6.0,-468.0,24.0,p2,fold,False,3,114.0,102.0,loose_aggressive
620,k,j,check,['check'],"[('p1', 'check'), ('p2', 'check')]",6.0,-462.0,12.0,p1,showdown,False,2,114.0,114.0,loose_aggressive
621,q,k,check,"['check', 'call']","[('p1', 'check'), ('p2', 'max_raise'), ('p1', 'call')]",-18.0,-480.0,36.0,p2,showdown,False,3,114.0,102.0,loose_aggressive
622,j,q,check,['check'],"[('p1', 'check'), ('p2', 'check')]",-6.0,-486.0,12.0,p2,showdown,False,2,114.0,114.0,loose_aggressive
623,q,q,check,['check'],"[('p1', 'check'), ('p2', 'check')]",0.0,-486.0,0.0,tie,showdown,False,2,114.0,114.0,loose_aggressive
624,k,k,check,"['check', 'call']","[('p1', 'check'), ('p2', 'max_raise'), ('p1', 'call')]",0.0,-486.0,0.0,tie,showdown,False,3,114.0,102.0,loose_aggressive
625,q,q,check,['check'],"[('p1', 'check'), ('p2', 'check')]",0.0,-486.0,0.0,tie,showdown,False,2,114.0,114.0,loose_aggressive
626,q,j,check,['check'],"[('p1', 'check'), ('p2', 'check')]",6.0,-480.0,12.0,p1,showdown,False,2,114.0,114.0,loose_aggressive
627,k,k,check,"['check', 'call']","[('p1', 'check'), ('p2', 'max_raise'), ('p1', 'call')]",0.0,-480.0,0.0,tie,showdown,False,3,114.0,102.0,loose_aggressive
628,k,k,check,"['check', 'call']","[('p1', 'check'), ('p2', 'max_raise'), ('p1', 'call')]",0.0,-480.0,0.0,tie,showdown,False,3,114.0,102.0,loose_aggressive
629,k,j,check,['check'],"[('p1', 'check'), ('p2', 'check')]",6.0,-474.0,12.0,p1,showdown,False,2,114.0,114.0,loose_aggressive
630,j,j,check,['check'],"[('p1', 'check'), ('p2', 'check')]",0.0,-474.0,0.0,tie,showdown,False,2,114.0,114.0,loose_aggressive
631,k,j,check,['check'],"[('p1', 'check'), ('p2', 'check')]",6.0,-468.0,12.0,p1,showdown,False,2,114.0,114.0,loose_aggressive
632,j,j,check,"['check', 'call']","[('p1', 'check'), ('p2', 'min_raise'), ('p1', 'call')]",0.0,-468.0,0.0,tie,showdown,False,3,114.0,108.0,loose_aggressive
633,j,q,check,['check'],"[('p1', 'check'), ('p2', 'check')]",-6.0,-474.0,12.0,p2,showdown,False,2,114.0,114.0,loose_aggressive
634,q,q,check,['check'],"[('p1', 'check'), ('p2', 'check')]",0.0,-474.0,0.0,tie,showdown,False,2,114.0,114.0,loose_aggressive
635,k,j,check,['check'],"[('p1', 'check'), ('p2', 'check')]",6.0,-468.0,12.0,p1,showdown,False,2,114.0,114.0,loose_aggressive
636,k,j,check,"['check', 'call']","[('p1', 'check'), ('p2', 'min_raise'), ('p1', 'call')]",12.0,-456.0,24.0,p1,showdown,False,3,114.0,108.0,loose_aggressive
637,j,k,check,"['check', 'fold']","[('p1', 'check'), ('p2', 'max_raise'), ('p1', 'fold')]",-6.0,-462.0,24.0,p2,fold,False,3,114.0,102.0,loose_aggressive
638,j,k,check,"['check', 'fold']","[('p1', 'check'), ('p2', 'max_raise'), ('p1', 'fold')]",-6.0,-468.0,24.0,p2,fold,False,3,114.0,102.0,loose_aggressive
639,j,q,check,['check'],"[('p1', 'check'), ('p2', 'check')]",-6.0,-474.0,12.0,p2,showdown,False,2,114.0,114.0,loose_aggressive
640,j,k,check,"['check', 'fold']","[('p1', 'check'), ('p2', 'max_raise'), ('p1', 'fold')]",-6.0,-480.0,24.0,p2,fold,False,3,114.0,102.0,loose_aggressive
641,k,k,check,"['check', 'call']","[('p1', 'check'), ('p2', 'max_raise'), ('p1', 'call')]",0.0,-480.0,0.0,tie,showdown,False,3,114.0,102.0,loose_aggressive
642,j,k,check,"['check', 'fold']","[('p1', 'check'), ('p2', 'max_raise'), ('p1', 'fold')]",-6.0,-486.0,24.0,p2,fold,False,3,114.0,102.0,loose_aggressive
643,q,j,check,['check'],"[('p1', 'check'), ('p2', 'check')]",6.0,-480.0,12.0,p1,showdown,False,2,114.0,114.0,loose_aggressive
644,j,q,check,['check'],"[('p1', 'check'), ('p2', 'check')]",-6.0,-486.0,12.0,p2,showdown,False,2,114.0,114.0,loose_aggressive
645,q,k,check,"['check', 'fold']","[('p1', 'check'), ('p2', 'max_raise'), ('p1', 'fold')]",-6.0,-492.0,24.0,p2,fold,False,3,114.0,102.0,loose_aggressive
646,j,k,check,"['check', 'fold']","[('p1', 'check'), ('p2', 'max_raise'), ('p1', 'fold')]",-6.0,-498.0,24.0,p2,fold,False,3,114.0,102.0,loose_aggressive
647,k,k,check,"['check', 'call']","[('p1', 'check'), ('p2', 'max_raise'), ('p1', 'call')]",0.0,-498.0,0.0,tie,showdown,False,3,114.0,102.0,loose_aggressive
648,j,k,check,"['check', 'call']","[('p1', 'check'), ('p2', 'max_raise'), ('p1', 'call')]",-18.0,-516.0,36.0,p2,showdown,False,3,114.0,102.0,loose_aggressive
649,k,k,check,"['check', 'call']","[('p1', 'check'), ('p2', 'max_raise'), ('p1', 'call')]",0.0,-516.0,0.0,tie,showdown,False,3,114.0,102.0,loose_aggressive
650,q,j,check,"['check', 'call']","[('p1', 'check'), ('p2', 'min_raise'), ('p1', 'call')]",12.0,-504.0,24.0,p1,showdown,False,3,114.0,108.0,loose_aggressive
651,j,q,check,['check'],"[('p1', 'check'), ('p2', 'check')]",-6.0,-510.0,12.0,p2,showdown,False,2,114.0,114.0,loose_aggressive
652,j,j,check,['check'],"[('p1', 'check'), ('p2', 'check')]",0.0,-510.0,0.0,tie,showdown,False,2,114.0,114.0,loose_aggressive
653,q,j,check,['check'],"[('p1', 'check'), ('p2', 'check')]",6.0,-504.0,12.0,p1,showdown,False,2,114.0,114.0,loose_aggressive
654,j,k,check,"['check', 'call']","[('p1', 'check'), ('p2', 'max_raise'), ('p1', 'call')]",-18.0,-522.0,36.0,p2,showdown,False,3,114.0,102.0,loose_aggressive
655,k,k,check,"['check', 'call']","[('p1', 'check'), ('p2', 'max_raise'), ('p1', 'call')]",0.0,-522.0,0.0,tie,showdown,False,3,114.0,102.0,loose_aggressive
656,j,k,max_raise,['max_raise'],"[('p1', 'max_raise'), ('p2', 'call')]",-18.0,-540.0,36.0,p2,showdown,True,2,102.0,114.0,loose_aggressive
657,j,q,check,['check'],"[('p1', 'check'), ('p2', 'check')]",-6.0,-546.0,12.0,p2,showdown,False,2,114.0,114.0,loose_aggressive
658,j,k,check,"['check', 'fold']","[('p1', 'check'), ('p2', 'max_raise'), ('p1', 'fold')]",-6.0,-552.0,24.0,p2,fold,False,3,114.0,102.0,loose_aggressive
659,k,j,check,"['check', 'call']","[('p1', 'check'), ('p2', 'min_raise'), ('p1', 'call')]",12.0,-540.0,24.0,p1,showdown,False,3,114.0,108.0,loose_aggressive
660,q,j,check,['check'],"[('p1', 'check'), ('p2', 'check')]",6.0,-534.0,12.0,p1,showdown,False,2,114.0,114.0,loose_aggressive
661,k,j,check,['check'],"[('p1', 'check'), ('p2', 'check')]",6.0,-528.0,12.0,p1,showdown,False,2,114.0,114.0,loose_aggressive
662,j,q,min_raise,['min_raise'],"[('p1', 'min_raise'), ('p2', 'call')]",-12.0,-540.0,24.0,p2,showdown,True,2,108.0,114.0,loose_aggressive
663,q,k,check,"['check', 'call']","[('p1', 'check'), ('p2', 'max_raise'), ('p1', 'call')]",-18.0,-558.0,36.0,p2,showdown,False,3,114.0,102.0,loose_aggressive
664,q,q,check,['check'],"[('p1', 'check'), ('p2', 'check')]",0.0,-558.0,0.0,tie,showdown,False,2,114.0,114.0,loose_aggressive
665,k,k,check,"['check', 'call']","[('p1', 'check'), ('p2', 'max_raise'), ('p1', 'call')]",0.0,-558.0,0.0,tie,showdown,False,3,114.0,102.0,loose_aggressive
666,j,k,check,"['check', 'fold']","[('p1', 'check'), ('p2', 'max_raise'), ('p1', 'fold')]",-6.0,-564.0,24.0,p2,fold,False,3,114.0,102.0,loose_aggressive
667,k,k,check,"['check', 'call']","[('p1', 'check'), ('p2', 'max_raise'), ('p1', 'call')]",0.0,-564.0,0.0,tie,showdown,False,3,114.0,102.0,loose_aggressive
668,q,k,check,"['check', 'fold']","[('p1', 'check'), ('p2', 'max_raise'), ('p1', 'fold')]",-6.0,-570.0,24.0,p2,fold,False,3,114.0,102.0,loose_aggressive
669,j,k,check,"['check', 'fold']","[('p1', 'check'), ('p2', 'max_raise'), ('p1', 'fold')]",-6.0,-576.0,24.0,p2,fold,False,3,114.0,102.0,loose_aggressive
670,q,k,check,"['check', 'fold']","[('p1', 'check'), ('p2', 'max_raise'), ('p1', 'fold')]",-6.0,-582.0,24.0,p2,fold,False,3,114.0,102.0,loose_aggressive
671,q,j,check,['check'],"[('p1', 'check'), ('p2', 'check')]",6.0,-576.0,12.0,p1,showdown,False,2,114.0,114.0,loose_aggressive
672,j,j,check,['check'],"[('p1', 'check'), ('p2', 'check')]",0.0,-576.0,0.0,tie,showdown,False,2,114.0,114.0,loose_aggressive
673,k,j,check,['check'],"[('p1', 'check'), ('p2', 'check')]",6.0,-570.0,12.0,p1,showdown,False,2,114.0,114.0,loose_aggressive
674,k,q,check,['check'],"[('p1', 'check'), ('p2', 'check')]",6.0,-564.0,12.0,p1,showdown,False,2,114.0,114.0,loose_aggressive
675,q,k,check,"['check', 'call']","[('p1', 'check'), ('p2', 'max_raise'), ('p1', 'call')]",-18.0,-582.0,36.0,p2,showdown,False,3,114.0,102.0,loose_aggressive
676,q,j,check,['check'],"[('p1', 'check'), ('p2', 'check')]",6.0,-576.0,12.0,p1,showdown,False,2,114.0,114.0,loose_aggressive
677,k,q,check,['check'],"[('p1', 'check'), ('p2', 'check')]",6.0,-570.0,12.0,p1,showdown,False,2,114.0,114.0,loose_aggressive
678,q,j,check,['check'],"[('p1', 'check'), ('p2', 'check')]",6.0,-564.0,12.0,p1,showdown,False,2,114.0,114.0,loose_aggressive
679,j,q,check,['check'],"[('p1', 'check'), ('p2', 'check')]",-6.0,-570.0,12.0,p2,showdown,False,2,114.0,114.0,loose_aggressive
680,q,q,check,['check'],"[('p1', 'check'), ('p2', 'check')]",0.0,-570.0,0.0,tie,showdown,False,2,114.0,114.0,loose_aggressive
681,k,q,check,['check'],"[('p1', 'check'), ('p2', 'check')]",6.0,-564.0,12.0,p1,showdown,False,2,114.0,114.0,loose_aggressive
682,q,j,check,"['check', 'call']","[('p1', 'check'), ('p2', 'min_raise'), ('p1', 'call')]",12.0,-552.0,24.0,p1,showdown,False,3,114.0,108.0,loose_aggressive
683,k,q,check,['check'],"[('p1', 'check'), ('p2', 'check')]",6.0,-546.0,12.0,p1,showdown,False,2,114.0,114.0,loose_aggressive
684,k,q,check,['check'],"[('p1', 'check'), ('p2', 'check')]",6.0,-540.0,12.0,p1,showdown,False,2,114.0,114.0,loose_aggressive
685,k,q,check,['check'],"[('p1', 'check'), ('p2', 'check')]",6.0,-534.0,12.0,p1,showdown,False,2,114.0,114.0,loose_aggressive
686,j,k,check,"['check', 'fold']","[('p1', 'check'), ('p2', 'max_raise'), ('p1', 'fold')]",-6.0,-540.0,24.0,p2,fold,False,3,114.0,102.0,loose_aggressive
687,q,k,check,"['check', 'call']","[('p1', 'check'), ('p2', 'max_raise'), ('p1', 'call')]",-18.0,-558.0,36.0,p2,showdown,False,3,114.0,102.0,loose_aggressive
688,k,q,check,['check'],"[('p1', 'check'), ('p2', 'check')]",6.0,-552.0,12.0,p1,showdown,False,2,114.0,114.0,loose_aggressive
689,j,k,check,"['check', 'fold']","[('p1', 'check'), ('p2', 'max_raise'), ('p1', 'fold')]",-6.0,-558.0,24.0,p2,fold,False,3,114.0,102.0,loose_aggressive
690,j,k,check,"['check', 'fold']","[('p1', 'check'), ('p2', 'max_raise'), ('p1', 'fold')]",-6.0,-564.0,24.0,p2,fold,False,3,114.0,102.0,loose_aggressive
691,q,j,check,"['check', 'call']","[('p1', 'check'), ('p2', 'min_raise'), ('p1', 'call')]",12.0,-552.0,24.0,p1,showdown,False,3,114.0,108.0,loose_aggressive
692,q,k,check,"['check', 'call']","[('p1', 'check'), ('p2', 'max_raise'), ('p1', 'call')]",-18.0,-570.0,36.0,p2,showdown,False,3,114.0,102.0,loose_aggressive
693,q,k,check,"['check', 'call']","[('p1', 'check'), ('p2', 'max_raise'), ('p1', 'call')]",-18.0,-588.0,36.0,p2,showdown,False,3,114.0,102.0,loose_aggressive
694,k,j,check,['check'],"[('p1', 'check'), ('p2', 'check')]",6.0,-582.0,12.0,p1,showdown,False,2,114.0,114.0,loose_aggressive
695,q,j,check,['check'],"[('p1', 'check'), ('p2', 'check')]",6.0,-576.0,12.0,p1,showdown,False,2,114.0,114.0,loose_aggressive
696,q,k,check,"['check', 'fold']","[('p1', 'check'), ('p2', 'max_raise'), ('p1', 'fold')]",-6.0,-582.0,24.0,p2,fold,False,3,114.0,102.0,loose_aggressive
697,q,j,check,['check'],"[('p1', 'check'), ('p2', 'check')]",6.0,-576.0,12.0,p1,showdown,False,2,114.0,114.0,loose_aggressive
698,j,k,max_raise,['max_raise'],"[('p1', 'max_raise'), ('p2', 'call')]",-18.0,-594.0,36.0,p2,showdown,True,2,102.0,114.0,loose_aggressive
699,k,q,check,['check'],"[('p1', 'check'), ('p2', 'check')]",6.0,-588.0,12.0,p1,showdown,False,2,114.0,114.0,loose_aggressive
700,k,k,check,"['check', 'call']","[('p1', 'check'), ('p2', 'max_raise'), ('p1', 'call')]",0.0,-588.0,0.0,tie,showdown,False,3,114.0,102.0,loose_aggressive
701,j,k,check,"['check', 'fold']","[('p1', 'check'), ('p2', 'max_raise'), ('p1', 'fold')]",-6.0,-594.0,24.0,p2,fold,False,3,114.0,102.0,loose_aggressive
702,q,q,check,['check'],"[('p1', 'check'), ('p2', 'check')]",0.0,-594.0,0.0,tie,showdown,False,2,114.0,114.0,loose_aggressive
703,j,q,check,['check'],"[('p1', 'check'), ('p2', 'check')]",-6.0,-600.0,12.0,p2,showdown,False,2,114.0,114.0,loose_aggressive
704,q,j,check,['check'],"[('p1', 'check'), ('p2', 'check')]",6.0,-594.0,12.0,p1,showdown,False,2,114.0,114.0,loose_aggressive
705,j,q,check,['check'],"[('p1', 'check'), ('p2', 'check')]",-6.0,-600.0,12.0,p2,showdown,False,2,114.0,114.0,loose_aggressive
706,q,k,check,"['check', 'fold']","[('p1', 'check'), ('p2', 'max_raise'), ('p1', 'fold')]",-6.0,-606.0,24.0,p2,fold,False,3,114.0,102.0,loose_aggressive
707,j,q,check,['check'],"[('p1', 'check'), ('p2', 'check')]",-6.0,-612.0,12.0,p2,showdown,False,2,114.0,114.0,loose_aggressive
708,j,j,check,"['check', 'call']","[('p1', 'check'), ('p2', 'min_raise'), ('p1', 'call')]",0.0,-612.0,0.0,tie,showdown,False,3,114.0,108.0,loose_aggressive
709,q,j,check,['check'],"[('p1', 'check'), ('p2', 'check')]",6.0,-606.0,12.0,p1,showdown,False,2,114.0,114.0,loose_aggressive
710,j,q,check,['check'],"[('p1', 'check'), ('p2', 'check')]",-6.0,-612.0,12.0,p2,showdown,False,2,114.0,114.0,loose_aggressive
711,q,j,check,['check'],"[('p1', 'check'), ('p2', 'check')]",6.0,-606.0,12.0,p1,showdown,False,2,114.0,114.0,loose_aggressive
712,q,k,check,"['check', 'fold']","[('p1', 'check'), ('p2', 'max_raise'), ('p1', 'fold')]",-6.0,-612.0,24.0,p2,fold,False,3,114.0,102.0,loose_aggressive
713,q,j,check,['check'],"[('p1', 'check'), ('p2', 'check')]",6.0,-606.0,12.0,p1,showdown,False,2,114.0,114.0,loose_aggressive
714,q,k,check,"['check', 'fold']","[('p1', 'check'), ('p2', 'max_raise'), ('p1', 'fold')]",-6.0,-612.0,24.0,p2,fold,False,3,114.0,102.0,loose_aggressive
715,k,q,check,['check'],"[('p1', 'check'), ('p2', 'check')]",6.0,-606.0,12.0,p1,showdown,False,2,114.0,114.0,loose_aggressive
716,j,j,check,"['check', 'call']","[('p1', 'check'), ('p2', 'min_raise'), ('p1', 'call')]",0.0,-606.0,0.0,tie,showdown,False,3,114.0,108.0,loose_aggressive
717,q,k,check,"['check', 'fold']","[('p1', 'check'), ('p2', 'max_raise'), ('p1', 'fold')]",-6.0,-612.0,24.0,p2,fold,False,3,114.0,102.0,loose_aggressive
718,j,k,check,"['check', 'fold']","[('p1', 'check'), ('p2', 'max_raise'), ('p1', 'fold')]",-6.0,-618.0,24.0,p2,fold,False,3,114.0,102.0,loose_aggressive
719,j,q,check,['check'],"[('p1', 'check'), ('p2', 'check')]",-6.0,-624.0,12.0,p2,showdown,False,2,114.0,114.0,loose_aggressive
720,j,q,check,['check'],"[('p1', 'check'), ('p2', 'check')]",-6.0,-630.0,12.0,p2,showdown,False,2,114.0,114.0,loose_aggressive
721,q,k,check,"['check', 'call']","[('p1', 'check'), ('p2', 'max_raise'), ('p1', 'call')]",-18.0,-648.0,36.0,p2,showdown,False,3,114.0,102.0,loose_aggressive
722,k,q,check,['check'],"[('p1', 'check'), ('p2', 'check')]",6.0,-642.0,12.0,p1,showdown,False,2,114.0,114.0,loose_aggressive
723,j,q,check,['check'],"[('p1', 'check'), ('p2', 'check')]",-6.0,-648.0,12.0,p2,showdown,False,2,114.0,114.0,loose_aggressive
724,k,q,check,['check'],"[('p1', 'check'), ('p2', 'check')]",6.0,-642.0,12.0,p1,showdown,False,2,114.0,114.0,loose_aggressive
725,k,q,check,['check'],"[('p1', 'check'), ('p2', 'check')]",6.0,-636.0,12.0,p1,showdown,False,2,114.0,114.0,loose_aggressive
726,j,k,check,"['check', 'call']","[('p1', 'check'), ('p2', 'max_raise'), ('p1', 'call')]",-18.0,-654.0,36.0,p2,showdown,False,3,114.0,102.0,loose_aggressive
727,j,k,check,"['check', 'fold']","[('p1', 'check'), ('p2', 'max_raise'), ('p1', 'fold')]",-6.0,-660.0,24.0,p2,fold,False,3,114.0,102.0,loose_aggressive
728,k,q,check,['check'],"[('p1', 'check'), ('p2', 'check')]",6.0,-654.0,12.0,p1,showdown,False,2,114.0,114.0,loose_aggressive
729,j,q,check,['check'],"[('p1', 'check'), ('p2', 'check')]",-6.0,-660.0,12.0,p2,showdown,False,2,114.0,114.0,loose_aggressive
730,k,q,check,['check'],"[('p1', 'check'), ('p2', 'check')]",6.0,-654.0,12.0,p1,showdown,False,2,114.0,114.0,loose_aggressive
731,j,k,check,"['check', 'fold']","[('p1', 'check'), ('p2', 'max_raise'), ('p1', 'fold')]",-6.0,-660.0,24.0,p2,fold,False,3,114.0,102.0,loose_aggressive
732,j,q,check,['check'],"[('p1', 'check'), ('p2', 'check')]",-6.0,-666.0,12.0,p2,showdown,False,2,114.0,114.0,loose_aggressive
733,j,q,check,['check'],"[('p1', 'check'), ('p2', 'check')]",-6.0,-672.0,12.0,p2,showdown,False,2,114.0,114.0,loose_aggressive
734,q,j,check,['check'],"[('p1', 'check'), ('p2', 'check')]",6.0,-666.0,12.0,p1,showdown,False,2,114.0,114.0,loose_aggressive
735,j,j,check,"['check', 'call']","[('p1', 'check'), ('p2', 'min_raise'), ('p1', 'call')]",0.0,-666.0,0.0,tie,showdown,False,3,114.0,108.0,loose_aggressive
736,j,k,check,"['check', 'fold']","[('p1', 'check'), ('p2', 'max_raise'), ('p1', 'fold')]",-6.0,-672.0,24.0,p2,fold,False,3,114.0,102.0,loose_aggressive
737,j,k,max_raise,['max_raise'],"[('p1', 'max_raise'), ('p2', 'call')]",-18.0,-690.0,36.0,p2,showdown,True,2,102.0,114.0,loose_aggressive
738,j,k,check,"['check', 'fold']","[('p1', 'check'), ('p2', 'max_raise'), ('p1', 'fold')]",-6.0,-696.0,24.0,p2,fold,False,3,114.0,102.0,loose_aggressive
739,q,k,check,"['check', 'call']","[('p1', 'check'), ('p2', 'max_raise'), ('p1', 'call')]",-18.0,-714.0,36.0,p2,showdown,False,3,114.0,102.0,loose_aggressive
740,q,j,check,"['check', 'call']","[('p1', 'check'), ('p2', 'min_raise'), ('p1', 'call')]",12.0,-702.0,24.0,p1,showdown,False,3,114.0,108.0,loose_aggressive
741,j,j,check,['check'],"[('p1', 'check'), ('p2', 'check')]",0.0,-702.0,0.0,tie,showdown,False,2,114.0,114.0,loose_aggressive
742,j,k,check,"['check', 'fold']","[('p1', 'check'), ('p2', 'max_raise'), ('p1', 'fold')]",-6.0,-708.0,24.0,p2,fold,False,3,114.0,102.0,loose_aggressive
743,q,j,check,['check'],"[('p1', 'check'), ('p2', 'check')]",6.0,-702.0,12.0,p1,showdown,False,2,114.0,114.0,loose_aggressive
744,q,j,check,"['check', 'call']","[('p1', 'check'), ('p2', 'min_raise'), ('p1', 'call')]",12.0,-690.0,24.0,p1,showdown,False,3,114.0,108.0,loose_aggressive
745,j,k,check,"['check', 'fold']","[('p1', 'check'), ('p2', 'max_raise'), ('p1', 'fold')]",-6.0,-696.0,24.0,p2,fold,False,3,114.0,102.0,loose_aggressive
746,k,q,check,['check'],"[('p1', 'check'), ('p2', 'check')]",6.0,-690.0,12.0,p1,showdown,False,2,114.0,114.0,loose_aggressive
747,j,j,check,"['check', 'call']","[('p1', 'check'), ('p2', 'min_raise'), ('p1', 'call')]",0.0,-690.0,0.0,tie,showdown,False,3,114.0,108.0,loose_aggressive
748,k,k,check,"['check', 'call']","[('p1', 'check'), ('p2', 'max_raise'), ('p1', 'call')]",0.0,-690.0,0.0,tie,showdown,False,3,114.0,102.0,loose_aggressive
749,q,k,check,"['check', 'call']","[('p1', 'check'), ('p2', 'max_raise'), ('p1', 'call')]",-18.0,-708.0,36.0,p2,showdown,False,3,114.0,102.0,loose_aggressive
750,k,q,check,['check'],"[('p1', 'check'), ('p2', 'check')]",6.0,-702.0,12.0,p1,showdown,False,2,114.0,114.0,loose_aggressive
751,k,k,check,"['check', 'call']","[('p1', 'check'), ('p2', 'max_raise'), ('p1', 'call')]",0.0,-702.0,0.0,tie,showdown,False,3,114.0,102.0,loose_aggressive
752,j,q,check,['check'],"[('p1', 'check'), ('p2', 'check')]",-6.0,-708.0,12.0,p2,showdown,False,2,114.0,114.0,loose_aggressive
753,j,k,check,"['check', 'fold']","[('p1', 'check'), ('p2', 'max_raise'), ('p1', 'fold')]",-6.0,-714.0,24.0,p2,fold,False,3,114.0,102.0,loose_aggressive
754,q,k,check,"['check', 'call']","[('p1', 'check'), ('p2', 'max_raise'), ('p1', 'call')]",-18.0,-732.0,36.0,p2,showdown,False,3,114.0,102.0,loose_aggressive
755,k,q,check,['check'],"[('p1', 'check'), ('p2', 'check')]",6.0,-726.0,12.0,p1,showdown,False,2,114.0,114.0,loose_aggressive
756,j,q,check,['check'],"[('p1', 'check'), ('p2', 'check')]",-6.0,-732.0,12.0,p2,showdown,False,2,114.0,114.0,loose_aggressive
757,j,j,check,['check'],"[('p1', 'check'), ('p2', 'check')]",0.0,-732.0,0.0,tie,showdown,False,2,114.0,114.0,loose_aggressive
758,k,k,check,"['check', 'call']","[('p1', 'check'), ('p2', 'max_raise'), ('p1', 'call')]",0.0,-732.0,0.0,tie,showdown,False,3,114.0,102.0,loose_aggressive
759,j,k,max_raise,['max_raise'],"[('p1', 'max_raise'), ('p2', 'call')]",-18.0,-750.0,36.0,p2,showdown,True,2,102.0,114.0,loose_aggressive
760,q,q,check,['check'],"[('p1', 'check'), ('p2', 'check')]",0.0,-750.0,0.0,tie,showdown,False,2,114.0,114.0,loose_aggressive
761,k,q,check,['check'],"[('p1', 'check'), ('p2', 'check')]",6.0,-744.0,12.0,p1,showdown,False,2,114.0,114.0,loose_aggressive
762,k,q,check,['check'],"[('p1', 'check'), ('p2', 'check')]",6.0,-738.0,12.0,p1,showdown,False,2,114.0,114.0,loose_aggressive
763,k,q,check,['check'],"[('p1', 'check'), ('p2', 'check')]",6.0,-732.0,12.0,p1,showdown,False,2,114.0,114.0,loose_aggressive
764,q,q,check,['check'],"[('p1', 'check'), ('p2', 'check')]",0.0,-732.0,0.0,tie,showdown,False,2,114.0,114.0,loose_aggressive
765,q,j,check,"['check', 'call']","[('p1', 'check'), ('p2', 'min_raise'), ('p1', 'call')]",12.0,-720.0,24.0,p1,showdown,False,3,114.0,108.0,loose_aggressive
766,k,j,check,['check'],"[('p1', 'check'), ('p2', 'check')]",6.0,-714.0,12.0,p1,showdown,False,2,114.0,114.0,loose_aggressive
767,k,q,check,['check'],"[('p1', 'check'), ('p2', 'check')]",6.0,-708.0,12.0,p1,showdown,False,2,114.0,114.0,loose_aggressive
768,j,q,check,['check'],"[('p1', 'check'), ('p2', 'check')]",-6.0,-714.0,12.0,p2,showdown,False,2,114.0,114.0,loose_aggressive
769,q,q,check,['check'],"[('p1', 'check'), ('p2', 'check')]",0.0,-714.0,0.0,tie,showdown,False,2,114.0,114.0,loose_aggressive
770,q,k,check,"['check', 'fold']","[('p1', 'check'), ('p2', 'max_raise'), ('p1', 'fold')]",-6.0,-720.0,24.0,p2,fold,False,3,114.0,102.0,loose_aggressive
771,q,k,check,"['check', 'fold']","[('p1', 'check'), ('p2', 'max_raise'), ('p1', 'fold')]",-6.0,-726.0,24.0,p2,fold,False,3,114.0,102.0,loose_aggressive
772,q,k,check,"['check', 'fold']","[('p1', 'check'), ('p2', 'max_raise'), ('p1', 'fold')]",-6.0,-732.0,24.0,p2,fold,False,3,114.0,102.0,loose_aggressive
773,q,q,check,['check'],"[('p1', 'check'), ('p2', 'check')]",0.0,-732.0,0.0,tie,showdown,False,2,114.0,114.0,loose_aggressive
774,q,q,check,['check'],"[('p1', 'check'), ('p2', 'check')]",0.0,-732.0,0.0,tie,showdown,False,2,114.0,114.0,loose_aggressive
775,k,q,check,['check'],"[('p1', 'check'), ('p2', 'check')]",6.0,-726.0,12.0,p1,showdown,False,2,114.0,114.0,loose_aggressive
776,k,j,check,['check'],"[('p1', 'check'), ('p2', 'check')]",6.0,-720.0,12.0,p1,showdown,False,2,114.0,114.0,loose_aggressive
777,j,j,check,['check'],"[('p1', 'check'), ('p2', 'check')]",0.0,-720.0,0.0,tie,showdown,False,2,114.0,114.0,loose_aggressive
778,q,j,check,['check'],"[('p1', 'check'), ('p2', 'check')]",6.0,-714.0,12.0,p1,showdown,False,2,114.0,114.0,loose_aggressive
779,j,j,check,['check'],"[('p1', 'check'), ('p2', 'check')]",0.0,-714.0,0.0,tie,showdown,False,2,114.0,114.0,loose_aggressive
780,q,q,check,['check'],"[('p1', 'check'), ('p2', 'check')]",0.0,-714.0,0.0,tie,showdown,False,2,114.0,114.0,loose_aggressive
781,j,k,check,"['check', 'fold']","[('p1', 'check'), ('p2', 'max_raise'), ('p1', 'fold')]",-6.0,-720.0,24.0,p2,fold,False,3,114.0,102.0,loose_aggressive
782,k,j,check,['check'],"[('p1', 'check'), ('p2', 'check')]",6.0,-714.0,12.0,p1,showdown,False,2,114.0,114.0,loose_aggressive
783,j,q,min_raise,['min_raise'],"[('p1', 'min_raise'), ('p2', 'call')]",-12.0,-726.0,24.0,p2,showdown,True,2,108.0,114.0,loose_aggressive
784,q,k,check,"['check', 'call']","[('p1', 'check'), ('p2', 'max_raise'), ('p1', 'call')]",-18.0,-744.0,36.0,p2,showdown,False,3,114.0,102.0,loose_aggressive
785,j,k,check,"['check', 'fold']","[('p1', 'check'), ('p2', 'max_raise'), ('p1', 'fold')]",-6.0,-750.0,24.0,p2,fold,False,3,114.0,102.0,loose_aggressive
786,q,k,check,"['check', 'fold']","[('p1', 'check'), ('p2', 'max_raise'), ('p1', 'fold')]",-6.0,-756.0,24.0,p2,fold,False,3,114.0,102.0,loose_aggressive
787,k,j,check,"['check', 'call']","[('p1', 'check'), ('p2', 'min_raise'), ('p1', 'call')]",12.0,-744.0,24.0,p1,showdown,False,3,114.0,108.0,loose_aggressive
788,q,k,check,"['check', 'fold']","[('p1', 'check'), ('p2', 'max_raise'), ('p1', 'fold')]",-6.0,-750.0,24.0,p2,fold,False,3,114.0,102.0,loose_aggressive
789,q,j,check,['check'],"[('p1', 'check'), ('p2', 'check')]",6.0,-744.0,12.0,p1,showdown,False,2,114.0,114.0,loose_aggressive
790,j,j,check,"['check', 'call']","[('p1', 'check'), ('p2', 'min_raise'), ('p1', 'call')]",0.0,-744.0,0.0,tie,showdown,False,3,114.0,108.0,loose_aggressive
791,j,q,check,['check'],"[('p1', 'check'), ('p2', 'check')]",-6.0,-750.0,12.0,p2,showdown,False,2,114.0,114.0,loose_aggressive
792,q,j,check,['check'],"[('p1', 'check'), ('p2', 'check')]",6.0,-744.0,12.0,p1,showdown,False,2,114.0,114.0,loose_aggressive
793,j,q,check,['check'],"[('p1', 'check'), ('p2', 'check')]",-6.0,-750.0,12.0,p2,showdown,False,2,114.0,114.0,loose_aggressive
794,k,q,check,['check'],"[('p1', 'check'), ('p2', 'check')]",6.0,-744.0,12.0,p1,showdown,False,2,114.0,114.0,loose_aggressive
795,j,k,check,"['check', 'fold']","[('p1', 'check'), ('p2', 'max_raise'), ('p1', 'fold')]",-6.0,-750.0,24.0,p2,fold,False,3,114.0,102.0,loose_aggressive
796,q,j,check,['check'],"[('p1', 'check'), ('p2', 'check')]",6.0,-744.0,12.0,p1,showdown,False,2,114.0,114.0,loose_aggressive
797,q,q,check,['check'],"[('p1', 'check'), ('p2', 'check')]",0.0,-744.0,0.0,tie,showdown,False,2,114.0,114.0,loose_aggressive
798,k,q,check,['check'],"[('p1', 'check'), ('p2', 'check')]",6.0,-738.0,12.0,p1,showdown,False,2,114.0,114.0,loose_aggressive
799,k,j,check,"['check', 'call']","[('p1', 'check'), ('p2', 'min_raise'), ('p1', 'call')]",12.0,-726.0,24.0,p1,showdown,False,3,114.0,108.0,loose_aggressive
800,j,j,check,['check'],"[('p1', 'check'), ('p2', 'check')]",0.0,-726.0,0.0,tie,showdown,False,2,114.0,114.0,loose_aggressive
801,k,j,check,['check'],"[('p1', 'check'), ('p2', 'check')]",6.0,-720.0,12.0,p1,showdown,False,2,114.0,114.0,loose_aggressive
802,j,k,check,"['check', 'fold']","[('p1', 'check'), ('p2', 'max_raise'), ('p1', 'fold')]",-6.0,-726.0,24.0,p2,fold,False,3,114.0,102.0,loose_aggressive
803,j,k,check,"['check', 'fold']","[('p1', 'check'), ('p2', 'max_raise'), ('p1', 'fold')]",-6.0,-732.0,24.0,p2,fold,False,3,114.0,102.0,loose_aggressive
804,q,j,check,"['check', 'call']","[('p1', 'check'), ('p2', 'min_raise'), ('p1', 'call')]",12.0,-720.0,24.0,p1,showdown,False,3,114.0,108.0,loose_aggressive
805,k,q,check,['check'],"[('p1', 'check'), ('p2', 'check')]",6.0,-714.0,12.0,p1,showdown,False,2,114.0,114.0,loose_aggressive
806,q,j,check,['check'],"[('p1', 'check'), ('p2', 'check')]",6.0,-708.0,12.0,p1,showdown,False,2,114.0,114.0,loose_aggressive
807,q,q,check,['check'],"[('p1', 'check'), ('p2', 'check')]",0.0,-708.0,0.0,tie,showdown,False,2,114.0,114.0,loose_aggressive
808,k,q,check,['check'],"[('p1', 'check'), ('p2', 'check')]",6.0,-702.0,12.0,p1,showdown,False,2,114.0,114.0,loose_aggressive
809,j,q,check,['check'],"[('p1', 'check'), ('p2', 'check')]",-6.0,-708.0,12.0,p2,showdown,False,2,114.0,114.0,loose_aggressive
810,q,j,check,['check'],"[('p1', 'check'), ('p2', 'check')]",6.0,-702.0,12.0,p1,showdown,False,2,114.0,114.0,loose_aggressive
811,k,q,check,['check'],"[('p1', 'check'), ('p2', 'check')]",6.0,-696.0,12.0,p1,showdown,False,2,114.0,114.0,loose_aggressive
812,q,q,check,['check'],"[('p1', 'check'), ('p2', 'check')]",0.0,-696.0,0.0,tie,showdown,False,2,114.0,114.0,loose_aggressive
813,k,k,check,"['check', 'call']","[('p1', 'check'), ('p2', 'max_raise'), ('p1', 'call')]",0.0,-696.0,0.0,tie,showdown,False,3,114.0,102.0,loose_aggressive
814,q,j,check,['check'],"[('p1', 'check'), ('p2', 'check')]",6.0,-690.0,12.0,p1,showdown,False,2,114.0,114.0,loose_aggressive
815,j,k,check,"['check', 'fold']","[('p1', 'check'), ('p2', 'max_raise'), ('p1', 'fold')]",-6.0,-696.0,24.0,p2,fold,False,3,114.0,102.0,loose_aggressive
816,q,k,check,"['check', 'call']","[('p1', 'check'), ('p2', 'max_raise'), ('p1', 'call')]",-18.0,-714.0,36.0,p2,showdown,False,3,114.0,102.0,loose_aggressive
817,j,k,check,"['check', 'fold']","[('p1', 'check'), ('p2', 'max_raise'), ('p1', 'fold')]",-6.0,-720.0,24.0,p2,fold,False,3,114.0,102.0,loose_aggressive
818,k,j,check,"['check', 'call']","[('p1', 'check'), ('p2', 'min_raise'), ('p1', 'call')]",12.0,-708.0,24.0,p1,showdown,False,3,114.0,108.0,loose_aggressive
819,j,q,check,['check'],"[('p1', 'check'), ('p2', 'check')]",-6.0,-714.0,12.0,p2,showdown,False,2,114.0,114.0,loose_aggressive
820,k,j,check,"['check', 'call']","[('p1', 'check'), ('p2', 'min_raise'), ('p1', 'call')]",12.0,-702.0,24.0,p1,showdown,False,3,114.0,108.0,loose_aggressive
821,q,q,check,['check'],"[('p1', 'check'), ('p2', 'check')]",0.0,-702.0,0.0,tie,showdown,False,2,114.0,114.0,loose_aggressive
822,k,q,check,['check'],"[('p1', 'check'), ('p2', 'check')]",6.0,-696.0,12.0,p1,showdown,False,2,114.0,114.0,loose_aggressive
823,j,q,check,['check'],"[('p1', 'check'), ('p2', 'check')]",-6.0,-702.0,12.0,p2,showdown,False,2,114.0,114.0,loose_aggressive
824,q,q,check,['check'],"[('p1', 'check'), ('p2', 'check')]",0.0,-702.0,0.0,tie,showdown,False,2,114.0,114.0,loose_aggressive
825,k,q,check,['check'],"[('p1', 'check'), ('p2', 'check')]",6.0,-696.0,12.0,p1,showdown,False,2,114.0,114.0,loose_aggressive
826,q,k,check,"['check', 'fold']","[('p1', 'check'), ('p2', 'max_raise'), ('p1', 'fold')]",-6.0,-702.0,24.0,p2,fold,False,3,114.0,102.0,loose_aggressive
827,j,k,check,"['check', 'fold']","[('p1', 'check'), ('p2', 'max_raise'), ('p1', 'fold')]",-6.0,-708.0,24.0,p2,fold,False,3,114.0,102.0,loose_aggressive
828,j,j,check,"['check', 'call']","[('p1', 'check'), ('p2', 'min_raise'), ('p1', 'call')]",0.0,-708.0,0.0,tie,showdown,False,3,114.0,108.0,loose_aggressive
829,j,q,check,['check'],"[('p1', 'check'), ('p2', 'check')]",-6.0,-714.0,12.0,p2,showdown,False,2,114.0,114.0,loose_aggressive
830,q,k,check,"['check', 'call']","[('p1', 'check'), ('p2', 'max_raise'), ('p1', 'call')]",-18.0,-732.0,36.0,p2,showdown,False,3,114.0,102.0,loose_aggressive
831,k,q,check,['check'],"[('p1', 'check'), ('p2', 'check')]",6.0,-726.0,12.0,p1,showdown,False,2,114.0,114.0,loose_aggressive
832,k,j,check,['check'],"[('p1', 'check'), ('p2', 'check')]",6.0,-720.0,12.0,p1,showdown,False,2,114.0,114.0,loose_aggressive
833,k,k,check,"['check', 'call']","[('p1', 'check'), ('p2', 'max_raise'), ('p1', 'call')]",0.0,-720.0,0.0,tie,showdown,False,3,114.0,102.0,loose_aggressive
834,j,q,check,['check'],"[('p1', 'check'), ('p2', 'check')]",-6.0,-726.0,12.0,p2,showdown,False,2,114.0,114.0,loose_aggressive
835,q,j,check,['check'],"[('p1', 'check'), ('p2', 'check')]",6.0,-720.0,12.0,p1,showdown,False,2,114.0,114.0,loose_aggressive
836,q,q,check,['check'],"[('p1', 'check'), ('p2', 'check')]",0.0,-720.0,0.0,tie,showdown,False,2,114.0,114.0,loose_aggressive
837,j,k,check,"['check', 'fold']","[('p1', 'check'), ('p2', 'max_raise'), ('p1', 'fold')]",-6.0,-726.0,24.0,p2,fold,False,3,114.0,102.0,loose_aggressive
838,j,j,check,['check'],"[('p1', 'check'), ('p2', 'check')]",0.0,-726.0,0.0,tie,showdown,False,2,114.0,114.0,loose_aggressive
839,q,k,check,"['check', 'call']","[('p1', 'check'), ('p2', 'max_raise'), ('p1', 'call')]",-18.0,-744.0,36.0,p2,showdown,False,3,114.0,102.0,loose_aggressive
840,k,j,check,['check'],"[('p1', 'check'), ('p2', 'check')]",6.0,-738.0,12.0,p1,showdown,False,2,114.0,114.0,loose_aggressive
841,q,q,check,['check'],"[('p1', 'check'), ('p2', 'check')]",0.0,-738.0,0.0,tie,showdown,False,2,114.0,114.0,loose_aggressive
842,q,j,check,"['check', 'call']","[('p1', 'check'), ('p2', 'min_raise'), ('p1', 'call')]",12.0,-726.0,24.0,p1,showdown,False,3,114.0,108.0,loose_aggressive
843,q,j,check,['check'],"[('p1', 'check'), ('p2', 'check')]",6.0,-720.0,12.0,p1,showdown,False,2,114.0,114.0,loose_aggressive
844,k,j,check,['check'],"[('p1', 'check'), ('p2', 'check')]",6.0,-714.0,12.0,p1,showdown,False,2,114.0,114.0,loose_aggressive
845,j,q,check,['check'],"[('p1', 'check'), ('p2', 'check')]",-6.0,-720.0,12.0,p2,showdown,False,2,114.0,114.0,loose_aggressive
846,k,j,check,['check'],"[('p1', 'check'), ('p2', 'check')]",6.0,-714.0,12.0,p1,showdown,False,2,114.0,114.0,loose_aggressive
847,j,j,min_raise,['min_raise'],"[('p1', 'min_raise'), ('p2', 'call')]",0.0,-714.0,0.0,tie,showdown,True,2,108.0,114.0,loose_aggressive
848,k,j,check,['check'],"[('p1', 'check'), ('p2', 'check')]",6.0,-708.0,12.0,p1,showdown,False,2,114.0,114.0,loose_aggressive
849,j,q,check,['check'],"[('p1', 'check'), ('p2', 'check')]",-6.0,-714.0,12.0,p2,showdown,False,2,114.0,114.0,loose_aggressive
850,k,q,check,['check'],"[('p1', 'check'), ('p2', 'check')]",6.0,-708.0,12.0,p1,showdown,False,2,114.0,114.0,loose_aggressive
851,q,j,check,['check'],"[('p1', 'check'), ('p2', 'check')]",6.0,-702.0,12.0,p1,showdown,False,2,114.0,114.0,loose_aggressive
852,q,q,check,['check'],"[('p1', 'check'), ('p2', 'check')]",0.0,-702.0,0.0,tie,showdown,False,2,114.0,114.0,loose_aggressive
853,k,k,check,"['check', 'call']","[('p1', 'check'), ('p2', 'max_raise'), ('p1', 'call')]",0.0,-702.0,0.0,tie,showdown,False,3,114.0,102.0,loose_aggressive
854,j,q,check,['check'],"[('p1', 'check'), ('p2', 'check')]",-6.0,-708.0,12.0,p2,showdown,False,2,114.0,114.0,loose_aggressive
855,q,k,check,"['check', 'call']","[('p1', 'check'), ('p2', 'max_raise'), ('p1', 'call')]",-18.0,-726.0,36.0,p2,showdown,False,3,114.0,102.0,loose_aggressive
856,q,k,check,"['check', 'fold']","[('p1', 'check'), ('p2', 'max_raise'), ('p1', 'fold')]",-6.0,-732.0,24.0,p2,fold,False,3,114.0,102.0,loose_aggressive
857,k,q,check,['check'],"[('p1', 'check'), ('p2', 'check')]",6.0,-726.0,12.0,p1,showdown,False,2,114.0,114.0,loose_aggressive
858,j,k,check,"['check', 'call']","[('p1', 'check'), ('p2', 'max_raise'), ('p1', 'call')]",-18.0,-744.0,36.0,p2,showdown,False,3,114.0,102.0,loose_aggressive
859,q,q,check,['check'],"[('p1', 'check'), ('p2', 'check')]",0.0,-744.0,0.0,tie,showdown,False,2,114.0,114.0,loose_aggressive
860,k,j,check,"['check', 'call']","[('p1', 'check'), ('p2', 'min_raise'), ('p1', 'call')]",12.0,-732.0,24.0,p1,showdown,False,3,114.0,108.0,loose_aggressive
861,j,j,check,['check'],"[('p1', 'check'), ('p2', 'check')]",0.0,-732.0,0.0,tie,showdown,False,2,114.0,114.0,loose_aggressive
862,q,j,check,"['check', 'call']","[('p1', 'check'), ('p2', 'min_raise'), ('p1', 'call')]",12.0,-720.0,24.0,p1,showdown,False,3,114.0,108.0,loose_aggressive
863,q,k,check,"['check', 'fold']","[('p1', 'check'), ('p2', 'max_raise'), ('p1', 'fold')]",-6.0,-726.0,24.0,p2,fold,False,3,114.0,102.0,loose_aggressive
864,q,j,check,['check'],"[('p1', 'check'), ('p2', 'check')]",6.0,-720.0,12.0,p1,showdown,False,2,114.0,114.0,loose_aggressive
865,q,k,check,"['check', 'fold']","[('p1', 'check'), ('p2', 'max_raise'), ('p1', 'fold')]",-6.0,-726.0,24.0,p2,fold,False,3,114.0,102.0,loose_aggressive
866,j,q,check,['check'],"[('p1', 'check'), ('p2', 'check')]",-6.0,-732.0,12.0,p2,showdown,False,2,114.0,114.0,loose_aggressive
867,q,q,check,['check'],"[('p1', 'check'), ('p2', 'check')]",0.0,-732.0,0.0,tie,showdown,False,2,114.0,114.0,loose_aggressive
868,q,q,check,['check'],"[('p1', 'check'), ('p2', 'check')]",0.0,-732.0,0.0,tie,showdown,False,2,114.0,114.0,loose_aggressive
869,k,q,check,['check'],"[('p1', 'check'), ('p2', 'check')]",6.0,-726.0,12.0,p1,showdown,False,2,114.0,114.0,loose_aggressive
870,q,q,check,['check'],"[('p1', 'check'), ('p2', 'check')]",0.0,-726.0,0.0,tie,showdown,False,2,114.0,114.0,loose_aggressive
871,q,j,check,['check'],"[('p1', 'check'), ('p2', 'check')]",6.0,-720.0,12.0,p1,showdown,False,2,114.0,114.0,loose_aggressive
872,j,q,check,['check'],"[('p1', 'check'), ('p2', 'check')]",-6.0,-726.0,12.0,p2,showdown,False,2,114.0,114.0,loose_aggressive
873,q,j,check,"['check', 'call']","[('p1', 'check'), ('p2', 'min_raise'), ('p1', 'call')]",12.0,-714.0,24.0,p1,showdown,False,3,114.0,108.0,loose_aggressive
874,k,k,check,"['check', 'call']","[('p1', 'check'), ('p2', 'max_raise'), ('p1', 'call')]",0.0,-714.0,0.0,tie,showdown,False,3,114.0,102.0,loose_aggressive
875,q,j,check,"['check', 'call']","[('p1', 'check'), ('p2', 'min_raise'), ('p1', 'call')]",12.0,-702.0,24.0,p1,showdown,False,3,114.0,108.0,loose_aggressive
876,q,q,check,['check'],"[('p1', 'check'), ('p2', 'check')]",0.0,-702.0,0.0,tie,showdown,False,2,114.0,114.0,loose_aggressive
877,q,j,check,"['check', 'call']","[('p1', 'check'), ('p2', 'min_raise'), ('p1', 'call')]",12.0,-690.0,24.0,p1,showdown,False,3,114.0,108.0,loose_aggressive
878,q,j,check,['check'],"[('p1', 'check'), ('p2', 'check')]",6.0,-684.0,12.0,p1,showdown,False,2,114.0,114.0,loose_aggressive
879,k,k,check,"['check', 'call']","[('p1', 'check'), ('p2', 'max_raise'), ('p1', 'call')]",0.0,-684.0,0.0,tie,showdown,False,3,114.0,102.0,loose_aggressive
880,k,k,check,"['check', 'call']","[('p1', 'check'), ('p2', 'max_raise'), ('p1', 'call')]",0.0,-684.0,0.0,tie,showdown,False,3,114.0,102.0,loose_aggressive
881,j,k,min_raise,['min_raise'],"[('p1', 'min_raise'), ('p2', 'call')]",-12.0,-696.0,24.0,p2,showdown,True,2,108.0,114.0,loose_aggressive
882,j,q,check,['check'],"[('p1', 'check'), ('p2', 'check')]",-6.0,-702.0,12.0,p2,showdown,False,2,114.0,114.0,loose_aggressive
883,k,k,check,"['check', 'call']","[('p1', 'check'), ('p2', 'max_raise'), ('p1', 'call')]",0.0,-702.0,0.0,tie,showdown,False,3,114.0,102.0,loose_aggressive
884,q,k,check,"['check', 'call']","[('p1', 'check'), ('p2', 'max_raise'), ('p1', 'call')]",-18.0,-720.0,36.0,p2,showdown,False,3,114.0,102.0,loose_aggressive
885,q,j,check,"['check', 'call']","[('p1', 'check'), ('p2', 'min_raise'), ('p1', 'call')]",12.0,-708.0,24.0,p1,showdown,False,3,114.0,108.0,loose_aggressive
886,j,q,check,['check'],"[('p1', 'check'), ('p2', 'check')]",-6.0,-714.0,12.0,p2,showdown,False,2,114.0,114.0,loose_aggressive
887,q,j,check,['check'],"[('p1', 'check'), ('p2', 'check')]",6.0,-708.0,12.0,p1,showdown,False,2,114.0,114.0,loose_aggressive
888,q,k,check,"['check', 'call']","[('p1', 'check'), ('p2', 'max_raise'), ('p1', 'call')]",-18.0,-726.0,36.0,p2,showdown,False,3,114.0,102.0,loose_aggressive
889,j,q,max_raise,['max_raise'],"[('p1', 'max_raise'), ('p2', 'call')]",-18.0,-744.0,36.0,p2,showdown,True,2,102.0,114.0,loose_aggressive
890,j,k,check,"['check', 'fold']","[('p1', 'check'), ('p2', 'max_raise'), ('p1', 'fold')]",-6.0,-750.0,24.0,p2,fold,False,3,114.0,102.0,loose_aggressive
891,j,j,check,['check'],"[('p1', 'check'), ('p2', 'check')]",0.0,-750.0,0.0,tie,showdown,False,2,114.0,114.0,loose_aggressive
892,j,k,check,"['check', 'fold']","[('p1', 'check'), ('p2', 'max_raise'), ('p1', 'fold')]",-6.0,-756.0,24.0,p2,fold,False,3,114.0,102.0,loose_aggressive
893,j,k,check,"['check', 'fold']","[('p1', 'check'), ('p2', 'max_raise'), ('p1', 'fold')]",-6.0,-762.0,24.0,p2,fold,False,3,114.0,102.0,loose_aggressive
894,j,j,check,"['check', 'call']","[('p1', 'check'), ('p2', 'min_raise'), ('p1', 'call')]",0.0,-762.0,0.0,tie,showdown,False,3,114.0,108.0,loose_aggressive
895,j,q,check,['check'],"[('p1', 'check'), ('p2', 'check')]",-6.0,-768.0,12.0,p2,showdown,False,2,114.0,114.0,loose_aggressive
896,k,j,check,['check'],"[('p1', 'check'), ('p2', 'check')]",6.0,-762.0,12.0,p1,showdown,False,2,114.0,114.0,loose_aggressive
897,q,k,check,"['check', 'call']","[('p1', 'check'), ('p2', 'max_raise'), ('p1', 'call')]",-18.0,-780.0,36.0,p2,showdown,False,3,114.0,102.0,loose_aggressive
898,j,j,check,"['check', 'call']","[('p1', 'check'), ('p2', 'min_raise'), ('p1', 'call')]",0.0,-780.0,0.0,tie,showdown,False,3,114.0,108.0,loose_aggressive
899,k,j,check,['check'],"[('p1', 'check'), ('p2', 'check')]",6.0,-774.0,12.0,p1,showdown,False,2,114.0,114.0,loose_aggressive
900,q,q,check,['check'],"[('p1', 'check'), ('p2', 'check')]",0.0,-774.0,0.0,tie,showdown,False,2,114.0,114.0,loose_aggressive
901,q,q,check,['check'],"[('p1', 'check'), ('p2', 'check')]",0.0,-774.0,0.0,tie,showdown,False,2,114.0,114.0,loose_aggressive
902,q,k,check,"['check', 'call']","[('p1', 'check'), ('p2', 'max_raise'), ('p1', 'call')]",-18.0,-792.0,36.0,p2,showdown,False,3,114.0,102.0,loose_aggressive
903,k,q,check,['check'],"[('p1', 'check'), ('p2', 'check')]",6.0,-786.0,12.0,p1,showdown,False,2,114.0,114.0,loose_aggressive
904,k,q,check,['check'],"[('p1', 'check'), ('p2', 'check')]",6.0,-780.0,12.0,p1,showdown,False,2,114.0,114.0,loose_aggressive
905,j,j,check,['check'],"[('p1', 'check'), ('p2', 'check')]",0.0,-780.0,0.0,tie,showdown,False,2,114.0,114.0,loose_aggressive
906,j,j,check,['check'],"[('p1', 'check'), ('p2', 'check')]",0.0,-780.0,0.0,tie,showdown,False,2,114.0,114.0,loose_aggressive
907,j,k,check,"['check', 'call']","[('p1', 'check'), ('p2', 'max_raise'), ('p1', 'call')]",-18.0,-798.0,36.0,p2,showdown,False,3,114.0,102.0,loose_aggressive
908,k,j,check,"['check', 'call']","[('p1', 'check'), ('p2', 'min_raise'), ('p1', 'call')]",12.0,-786.0,24.0,p1,showdown,False,3,114.0,108.0,loose_aggressive
909,q,j,check,['check'],"[('p1', 'check'), ('p2', 'check')]",6.0,-780.0,12.0,p1,showdown,False,2,114.0,114.0,loose_aggressive
910,k,k,check,"['check', 'call']","[('p1', 'check'), ('p2', 'max_raise'), ('p1', 'call')]",0.0,-780.0,0.0,tie,showdown,False,3,114.0,102.0,loose_aggressive
911,k,k,check,"['check', 'call']","[('p1', 'check'), ('p2', 'max_raise'), ('p1', 'call')]",0.0,-780.0,0.0,tie,showdown,False,3,114.0,102.0,loose_aggressive
912,k,q,check,['check'],"[('p1', 'check'), ('p2', 'check')]",6.0,-774.0,12.0,p1,showdown,False,2,114.0,114.0,loose_aggressive
913,q,q,check,['check'],"[('p1', 'check'), ('p2', 'check')]",0.0,-774.0,0.0,tie,showdown,False,2,114.0,114.0,loose_aggressive
914,k,j,check,"['check', 'call']","[('p1', 'check'), ('p2', 'min_raise'), ('p1', 'call')]",12.0,-762.0,24.0,p1,showdown,False,3,114.0,108.0,loose_aggressive
915,q,q,check,['check'],"[('p1', 'check'), ('p2', 'check')]",0.0,-762.0,0.0,tie,showdown,False,2,114.0,114.0,loose_aggressive
916,k,j,check,"['check', 'call']","[('p1', 'check'), ('p2', 'min_raise'), ('p1', 'call')]",12.0,-750.0,24.0,p1,showdown,False,3,114.0,108.0,loose_aggressive
917,k,q,check,['check'],"[('p1', 'check'), ('p2', 'check')]",6.0,-744.0,12.0,p1,showdown,False,2,114.0,114.0,loose_aggressive
918,k,q,check,['check'],"[('p1', 'check'), ('p2', 'check')]",6.0,-738.0,12.0,p1,showdown,False,2,114.0,114.0,loose_aggressive
919,q,j,check,['check'],"[('p1', 'check'), ('p2', 'check')]",6.0,-732.0,12.0,p1,showdown,False,2,114.0,114.0,loose_aggressive
920,k,j,check,['check'],"[('p1', 'check'), ('p2', 'check')]",6.0,-726.0,12.0,p1,showdown,False,2,114.0,114.0,loose_aggressive
921,j,k,check,"['check', 'fold']","[('p1', 'check'), ('p2', 'max_raise'), ('p1', 'fold')]",-6.0,-732.0,24.0,p2,fold,False,3,114.0,102.0,loose_aggressive
922,q,k,check,"['check', 'fold']","[('p1', 'check'), ('p2', 'max_raise'), ('p1', 'fold')]",-6.0,-738.0,24.0,p2,fold,False,3,114.0,102.0,loose_aggressive
923,j,k,check,"['check', 'fold']","[('p1', 'check'), ('p2', 'max_raise'), ('p1', 'fold')]",-6.0,-744.0,24.0,p2,fold,False,3,114.0,102.0,loose_aggressive
924,k,j,check,"['check', 'call']","[('p1', 'check'), ('p2', 'min_raise'), ('p1', 'call')]",12.0,-732.0,24.0,p1,showdown,False,3,114.0,108.0,loose_aggressive
925,j,q,check,['check'],"[('p1', 'check'), ('p2', 'check')]",-6.0,-738.0,12.0,p2,showdown,False,2,114.0,114.0,loose_aggressive
926,j,k,check,"['check', 'fold']","[('p1', 'check'), ('p2', 'max_raise'), ('p1', 'fold')]",-6.0,-744.0,24.0,p2,fold,False,3,114.0,102.0,loose_aggressive
927,q,j,check,['check'],"[('p1', 'check'), ('p2', 'check')]",6.0,-738.0,12.0,p1,showdown,False,2,114.0,114.0,loose_aggressive
928,j,k,check,"['check', 'fold']","[('p1', 'check'), ('p2', 'max_raise'), ('p1', 'fold')]",-6.0,-744.0,24.0,p2,fold,False,3,114.0,102.0,loose_aggressive
929,k,j,check,['check'],"[('p1', 'check'), ('p2', 'check')]",6.0,-738.0,12.0,p1,showdown,False,2,114.0,114.0,loose_aggressive
930,k,q,check,['check'],"[('p1', 'check'), ('p2', 'check')]",6.0,-732.0,12.0,p1,showdown,False,2,114.0,114.0,loose_aggressive
931,k,k,check,"['check', 'call']","[('p1', 'check'), ('p2', 'max_raise'), ('p1', 'call')]",0.0,-732.0,0.0,tie,showdown,False,3,114.0,102.0,loose_aggressive
932,j,j,check,['check'],"[('p1', 'check'), ('p2', 'check')]",0.0,-732.0,0.0,tie,showdown,False,2,114.0,114.0,loose_aggressive
933,k,q,check,['check'],"[('p1', 'check'), ('p2', 'check')]",6.0,-726.0,12.0,p1,showdown,False,2,114.0,114.0,loose_aggressive
934,q,q,check,['check'],"[('p1', 'check'), ('p2', 'check')]",0.0,-726.0,0.0,tie,showdown,False,2,114.0,114.0,loose_aggressive
935,k,j,check,"['check', 'call']","[('p1', 'check'), ('p2', 'min_raise'), ('p1', 'call')]",12.0,-714.0,24.0,p1,showdown,False,3,114.0,108.0,loose_aggressive
936,k,j,check,"['check', 'call']","[('p1', 'check'), ('p2', 'min_raise'), ('p1', 'call')]",12.0,-702.0,24.0,p1,showdown,False,3,114.0,108.0,loose_aggressive
937,j,q,check,['check'],"[('p1', 'check'), ('p2', 'check')]",-6.0,-708.0,12.0,p2,showdown,False,2,114.0,114.0,loose_aggressive
938,q,k,check,"['check', 'call']","[('p1', 'check'), ('p2', 'max_raise'), ('p1', 'call')]",-18.0,-726.0,36.0,p2,showdown,False,3,114.0,102.0,loose_aggressive
939,q,j,check,['check'],"[('p1', 'check'), ('p2', 'check')]",6.0,-720.0,12.0,p1,showdown,False,2,114.0,114.0,loose_aggressive
940,q,j,check,['check'],"[('p1', 'check'), ('p2', 'check')]",6.0,-714.0,12.0,p1,showdown,False,2,114.0,114.0,loose_aggressive
941,q,j,check,['check'],"[('p1', 'check'), ('p2', 'check')]",6.0,-708.0,12.0,p1,showdown,False,2,114.0,114.0,loose_aggressive
942,q,k,check,"['check', 'call']","[('p1', 'check'), ('p2', 'max_raise'), ('p1', 'call')]",-18.0,-726.0,36.0,p2,showdown,False,3,114.0,102.0,loose_aggressive
943,k,q,check,['check'],"[('p1', 'check'), ('p2', 'check')]",6.0,-720.0,12.0,p1,showdown,False,2,114.0,114.0,loose_aggressive
944,q,q,check,['check'],"[('p1', 'check'), ('p2', 'check')]",0.0,-720.0,0.0,tie,showdown,False,2,114.0,114.0,loose_aggressive
945,k,k,check,"['check', 'call']","[('p1', 'check'), ('p2', 'max_raise'), ('p1', 'call')]",0.0,-720.0,0.0,tie,showdown,False,3,114.0,102.0,loose_aggressive
946,k,q,check,['check'],"[('p1', 'check'), ('p2', 'check')]",6.0,-714.0,12.0,p1,showdown,False,2,114.0,114.0,loose_aggressive
947,k,j,check,['check'],"[('p1', 'check'), ('p2', 'check')]",6.0,-708.0,12.0,p1,showdown,False,2,114.0,114.0,loose_aggressive
948,j,q,check,['check'],"[('p1', 'check'), ('p2', 'check')]",-6.0,-714.0,12.0,p2,showdown,False,2,114.0,114.0,loose_aggressive
949,q,q,check,['check'],"[('p1', 'check'), ('p2', 'check')]",0.0,-714.0,0.0,tie,showdown,False,2,114.0,114.0,loose_aggressive
950,j,q,check,['check'],"[('p1', 'check'), ('p2', 'check')]",-6.0,-720.0,12.0,p2,showdown,False,2,114.0,114.0,loose_aggressive
951,k,k,check,"['check', 'call']","[('p1', 'check'), ('p2', 'max_raise'), ('p1', 'call')]",0.0,-720.0,0.0,tie,showdown,False,3,114.0,102.0,loose_aggressive
952,k,k,check,"['check', 'call']","[('p1', 'check'), ('p2', 'max_raise'), ('p1', 'call')]",0.0,-720.0,0.0,tie,showdown,False,3,114.0,102.0,loose_aggressive
953,j,q,check,['check'],"[('p1', 'check'), ('p2', 'check')]",-6.0,-726.0,12.0,p2,showdown,False,2,114.0,114.0,loose_aggressive
954,j,q,check,['check'],"[('p1', 'check'), ('p2', 'check')]",-6.0,-732.0,12.0,p2,showdown,False,2,114.0,114.0,loose_aggressive
955,q,j,check,['check'],"[('p1', 'check'), ('p2', 'check')]",6.0,-726.0,12.0,p1,showdown,False,2,114.0,114.0,loose_aggressive
956,k,j,check,"['check', 'call']","[('p1', 'check'), ('p2', 'min_raise'), ('p1', 'call')]",12.0,-714.0,24.0,p1,showdown,False,3,114.0,108.0,loose_aggressive
957,j,k,check,"['check', 'fold']","[('p1', 'check'), ('p2', 'max_raise'), ('p1', 'fold')]",-6.0,-720.0,24.0,p2,fold,False,3,114.0,102.0,loose_aggressive
958,j,q,check,['check'],"[('p1', 'check'), ('p2', 'check')]",-6.0,-726.0,12.0,p2,showdown,False,2,114.0,114.0,loose_aggressive
959,k,k,check,"['check', 'call']","[('p1', 'check'), ('p2', 'max_raise'), ('p1', 'call')]",0.0,-726.0,0.0,tie,showdown,False,3,114.0,102.0,loose_aggressive
960,j,q,check,['check'],"[('p1', 'check'), ('p2', 'check')]",-6.0,-732.0,12.0,p2,showdown,False,2,114.0,114.0,loose_aggressive
961,q,q,check,['check'],"[('p1', 'check'), ('p2', 'check')]",0.0,-732.0,0.0,tie,showdown,False,2,114.0,114.0,loose_aggressive
962,q,q,check,['check'],"[('p1', 'check'), ('p2', 'check')]",0.0,-732.0,0.0,tie,showdown,False,2,114.0,114.0,loose_aggressive
963,j,q,check,['check'],"[('p1', 'check'), ('p2', 'check')]",-6.0,-738.0,12.0,p2,showdown,False,2,114.0,114.0,loose_aggressive
964,q,j,check,"['check', 'call']","[('p1', 'check'), ('p2', 'min_raise'), ('p1', 'call')]",12.0,-726.0,24.0,p1,showdown,False,3,114.0,108.0,loose_aggressive
965,j,k,check,"['check', 'fold']","[('p1', 'check'), ('p2', 'max_raise'), ('p1', 'fold')]",-6.0,-732.0,24.0,p2,fold,False,3,114.0,102.0,loose_aggressive
966,q,q,check,['check'],"[('p1', 'check'), ('p2', 'check')]",0.0,-732.0,0.0,tie,showdown,False,2,114.0,114.0,loose_aggressive
967,j,q,check,['check'],"[('p1', 'check'), ('p2', 'check')]",-6.0,-738.0,12.0,p2,showdown,False,2,114.0,114.0,loose_aggressive
968,k,q,check,['check'],"[('p1', 'check'), ('p2', 'check')]",6.0,-732.0,12.0,p1,showdown,False,2,114.0,114.0,loose_aggressive
969,j,k,check,"['check', 'fold']","[('p1', 'check'), ('p2', 'max_raise'), ('p1', 'fold')]",-6.0,-738.0,24.0,p2,fold,False,3,114.0,102.0,loose_aggressive
970,j,k,check,"['check', 'fold']","[('p1', 'check'), ('p2', 'max_raise'), ('p1', 'fold')]",-6.0,-744.0,24.0,p2,fold,False,3,114.0,102.0,loose_aggressive
971,q,k,check,"['check', 'fold']","[('p1', 'check'), ('p2', 'max_raise'), ('p1', 'fold')]",-6.0,-750.0,24.0,p2,fold,False,3,114.0,102.0,loose_aggressive
972,k,j,check,['check'],"[('p1', 'check'), ('p2', 'check')]",6.0,-744.0,12.0,p1,showdown,False,2,114.0,114.0,loose_aggressive
973,k,k,check,"['check', 'call']","[('p1', 'check'), ('p2', 'max_raise'), ('p1', 'call')]",0.0,-744.0,0.0,tie,showdown,False,3,114.0,102.0,loose_aggressive
974,j,k,check,"['check', 'fold']","[('p1', 'check'), ('p2', 'max_raise'), ('p1', 'fold')]",-6.0,-750.0,24.0,p2,fold,False,3,114.0,102.0,loose_aggressive
975,q,k,check,"['check', 'fold']","[('p1', 'check'), ('p2', 'max_raise'), ('p1', 'fold')]",-6.0,-756.0,24.0,p2,fold,False,3,114.0,102.0,loose_aggressive
976,q,q,check,['check'],"[('p1', 'check'), ('p2', 'check')]",0.0,-756.0,0.0,tie,showdown,False,2,114.0,114.0,loose_aggressive
977,q,q,check,['check'],"[('p1', 'check'), ('p2', 'check')]",0.0,-756.0,0.0,tie,showdown,False,2,114.0,114.0,loose_aggressive
978,j,j,check,['check'],"[('p1', 'check'), ('p2', 'check')]",0.0,-756.0,0.0,tie,showdown,False,2,114.0,114.0,loose_aggressive
979,k,q,check,['check'],"[('p1', 'check'), ('p2', 'check')]",6.0,-750.0,12.0,p1,showdown,False,2,114.0,114.0,loose_aggressive
980,q,q,check,['check'],"[('p1', 'check'), ('p2', 'check')]",0.0,-750.0,0.0,tie,showdown,False,2,114.0,114.0,loose_aggressive
981,j,j,check,['check'],"[('p1', 'check'), ('p2', 'check')]",0.0,-750.0,0.0,tie,showdown,False,2,114.0,114.0,loose_aggressive
982,q,k,check,"['check', 'fold']","[('p1', 'check'), ('p2', 'max_raise'), ('p1', 'fold')]",-6.0,-756.0,24.0,p2,fold,False,3,114.0,102.0,loose_aggressive
983,q,q,check,['check'],"[('p1', 'check'), ('p2', 'check')]",0.0,-756.0,0.0,tie,showdown,False,2,114.0,114.0,loose_aggressive
984,k,q,check,['check'],"[('p1', 'check'), ('p2', 'check')]",6.0,-750.0,12.0,p1,showdown,False,2,114.0,114.0,loose_aggressive
985,k,q,check,['check'],"[('p1', 'check'), ('p2', 'check')]",6.0,-744.0,12.0,p1,showdown,False,2,114.0,114.0,loose_aggressive
986,j,k,check,"['check', 'fold']","[('p1', 'check'), ('p2', 'max_raise'), ('p1', 'fold')]",-6.0,-750.0,24.0,p2,fold,False,3,114.0,102.0,loose_aggressive
987,j,j,check,['check'],"[('p1', 'check'), ('p2', 'check')]",0.0,-750.0,0.0,tie,showdown,False,2,114.0,114.0,loose_aggressive
988,k,k,check,"['check', 'call']","[('p1', 'check'), ('p2', 'max_raise'), ('p1', 'call')]",0.0,-750.0,0.0,tie,showdown,False,3,114.0,102.0,loose_aggressive
989,k,q,check,['check'],"[('p1', 'check'), ('p2', 'check')]",6.0,-744.0,12.0,p1,showdown,False,2,114.0,114.0,loose_aggressive
990,j,q,check,['check'],"[('p1', 'check'), ('p2', 'check')]",-6.0,-750.0,12.0,p2,showdown,False,2,114.0,114.0,loose_aggressive
991,q,j,check,['check'],"[('p1', 'check'), ('p2', 'check')]",6.0,-744.0,12.0,p1,showdown,False,2,114.0,114.0,loose_aggressive
992,q,j,check,"['check', 'call']","[('p1', 'check'), ('p2', 'min_raise'), ('p1', 'call')]",12.0,-732.0,24.0,p1,showdown,False,3,114.0,108.0,loose_aggressive
993,q,k,check,"['check', 'fold']","[('p1', 'check'), ('p2', 'max_raise'), ('p1', 'fold')]",-6.0,-738.0,24.0,p2,fold,False,3,114.0,102.0,loose_aggressive
994,k,q,check,['check'],"[('p1', 'check'), ('p2', 'check')]",6.0,-732.0,12.0,p1,showdown,False,2,114.0,114.0,loose_aggressive
995,k,j,check,"['check', 'call']","[('p1', 'check'), ('p2', 'min_raise'), ('p1', 'call')]",12.0,-720.0,24.0,p1,showdown,False,3,114.0,108.0,loose_aggressive
996,j,k,check,"['check', 'call']","[('p1', 'check'), ('p2', 'max_raise'), ('p1', 'call')]",-18.0,-738.0,36.0,p2,showdown,False,3,114.0,102.0,loose_aggressive
997,q,j,check,"['check', 'call']","[('p1', 'check'), ('p2', 'min_raise'), ('p1', 'call')]",12.0,-726.0,24.0,p1,showdown,False,3,114.0,108.0,loose_aggressive
998,j,k,check,"['check', 'call']","[('p1', 'check'), ('p2', 'max_raise'), ('p1', 'call')]",-18.0,-744.0,36.0,p2,showdown,False,3,114.0,102.0,loose_aggressive
999,k,k,check,"['check', 'call']","[('p1', 'check'), ('p2', 'max_raise'), ('p1', 'call')]",0.0,-744.0,0.0,tie,showdown,False,3,114.0,102.0,loose_aggressive
1000,k,q,check,['check'],"[('p1', 'check'), ('p2', 'check')]",6.0,-738.0,12.0,p1,showdown,False,2,114.0,114.0,loose_aggressive
1001,j,k,check,"['check', 'fold']","[('p1', 'check'), ('p2', 'max_raise'), ('p1', 'fold')]",-6.0,-744.0,24.0,p2,fold,False,3,114.0,102.0,loose_aggressive
1002,k,j,check,['check'],"[('p1', 'check'), ('p2', 'check')]",6.0,-738.0,12.0,p1,showdown,False,2,114.0,114.0,loose_aggressive
1003,k,j,check,['check'],"[('p1', 'check'), ('p2', 'check')]",6.0,-732.0,12.0,p1,showdown,False,2,114.0,114.0,loose_aggressive
1004,j,k,check,"['check', 'fold']","[('p1', 'check'), ('p2', 'max_raise'), ('p1', 'fold')]",-6.0,-738.0,24.0,p2,fold,False,3,114.0,102.0,loose_aggressive
1005,q,k,check,"['check', 'fold']","[('p1', 'check'), ('p2', 'max_raise'), ('p1', 'fold')]",-6.0,-744.0,24.0,p2,fold,False,3,114.0,102.0,loose_aggressive
1006,q,j,check,['check'],"[('p1', 'check'), ('p2', 'check')]",6.0,-738.0,12.0,p1,showdown,False,2,114.0,114.0,loose_aggressive
1007,q,k,check,"['check', 'fold']","[('p1', 'check'), ('p2', 'max_raise'), ('p1', 'fold')]",-6.0,-744.0,24.0,p2,fold,False,3,114.0,102.0,loose_aggressive
1008,q,j,check,['check'],"[('p1', 'check'), ('p2', 'check')]",6.0,-738.0,12.0,p1,showdown,False,2,114.0,114.0,loose_aggressive
1009,j,q,check,['check'],"[('p1', 'check'), ('p2', 'check')]",-6.0,-744.0,12.0,p2,showdown,False,2,114.0,114.0,loose_aggressive
1010,j,q,check,['check'],"[('p1', 'check'), ('p2', 'check')]",-6.0,-750.0,12.0,p2,showdown,False,2,114.0,114.0,loose_aggressive
1011,j,k,check,"['check', 'fold']","[('p1', 'check'), ('p2', 'max_raise'), ('p1', 'fold')]",-6.0,-756.0,24.0,p2,fold,False,3,114.0,102.0,loose_aggressive
1012,j,j,check,"['check', 'call']","[('p1', 'check'), ('p2', 'min_raise'), ('p1', 'call')]",0.0,-756.0,0.0,tie,showdown,False,3,114.0,108.0,loose_aggressive
1013,j,k,check,"['check', 'fold']","[('p1', 'check'), ('p2', 'max_raise'), ('p1', 'fold')]",-6.0,-762.0,24.0,p2,fold,False,3,114.0,102.0,loose_aggressive
1014,q,q,check,['check'],"[('p1', 'check'), ('p2', 'check')]",0.0,-762.0,0.0,tie,showdown,False,2,114.0,114.0,loose_aggressive
1015,j,q,check,['check'],"[('p1', 'check'), ('p2', 'check')]",-6.0,-768.0,12.0,p2,showdown,False,2,114.0,114.0,loose_aggressive
1016,j,k,min_raise,['min_raise'],"[('p1', 'min_raise'), ('p2', 'call')]",-12.0,-780.0,24.0,p2,showdown,True,2,108.0,114.0,loose_aggressive
1017,q,k,check,"['check', 'fold']","[('p1', 'check'), ('p2', 'max_raise'), ('p1', 'fold')]",-6.0,-786.0,24.0,p2,fold,False,3,114.0,102.0,loose_aggressive
1018,j,q,check,['check'],"[('p1', 'check'), ('p2', 'check')]",-6.0,-792.0,12.0,p2,showdown,False,2,114.0,114.0,loose_aggressive
1019,j,q,check,['check'],"[('p1', 'check'), ('p2', 'check')]",-6.0,-798.0,12.0,p2,showdown,False,2,114.0,114.0,loose_aggressive
1020,j,k,check,"['check', 'fold']","[('p1', 'check'), ('p2', 'max_raise'), ('p1', 'fold')]",-6.0,-804.0,24.0,p2,fold,False,3,114.0,102.0,loose_aggressive
1021,j,q,check,['check'],"[('p1', 'check'), ('p2', 'check')]",-6.0,-810.0,12.0,p2,showdown,False,2,114.0,114.0,loose_aggressive
1022,j,q,check,['check'],"[('p1', 'check'), ('p2', 'check')]",-6.0,-816.0,12.0,p2,showdown,False,2,114.0,114.0,loose_aggressive
1023,q,k,check,"['check', 'call']","[('p1', 'check'), ('p2', 'max_raise'), ('p1', 'call')]",-18.0,-834.0,36.0,p2,showdown,False,3,114.0,102.0,loose_aggressive
1024,q,q,check,['check'],"[('p1', 'check'), ('p2', 'check')]",0.0,-834.0,0.0,tie,showdown,False,2,114.0,114.0,loose_aggressive
1025,q,k,check,"['check', 'call']","[('p1', 'check'), ('p2', 'max_raise'), ('p1', 'call')]",-18.0,-852.0,36.0,p2,showdown,False,3,114.0,102.0,loose_aggressive
1026,k,q,check,['check'],"[('p1', 'check'), ('p2', 'check')]",6.0,-846.0,12.0,p1,showdown,False,2,114.0,114.0,loose_aggressive
1027,k,q,check,['check'],"[('p1', 'check'), ('p2', 'check')]",6.0,-840.0,12.0,p1,showdown,False,2,114.0,114.0,loose_aggressive
1028,q,q,check,['check'],"[('p1', 'check'), ('p2', 'check')]",0.0,-840.0,0.0,tie,showdown,False,2,114.0,114.0,loose_aggressive
1029,k,q,check,['check'],"[('p1', 'check'), ('p2', 'check')]",6.0,-834.0,12.0,p1,showdown,False,2,114.0,114.0,loose_aggressive
1030,j,j,check,['check'],"[('p1', 'check'), ('p2', 'check')]",0.0,-834.0,0.0,tie,showdown,False,2,114.0,114.0,loose_aggressive
1031,k,j,check,['check'],"[('p1', 'check'), ('p2', 'check')]",6.0,-828.0,12.0,p1,showdown,False,2,114.0,114.0,loose_aggressive
1032,q,q,check,['check'],"[('p1', 'check'), ('p2', 'check')]",0.0,-828.0,0.0,tie,showdown,False,2,114.0,114.0,loose_aggressive
1033,j,q,check,['check'],"[('p1', 'check'), ('p2', 'check')]",-6.0,-834.0,12.0,p2,showdown,False,2,114.0,114.0,loose_aggressive
1034,k,q,check,['check'],"[('p1', 'check'), ('p2', 'check')]",6.0,-828.0,12.0,p1,showdown,False,2,114.0,114.0,loose_aggressive
1035,j,j,check,['check'],"[('p1', 'check'), ('p2', 'check')]",0.0,-828.0,0.0,tie,showdown,False,2,114.0,114.0,loose_aggressive
1036,k,k,check,"['check', 'call']","[('p1', 'check'), ('p2', 'max_raise'), ('p1', 'call')]",0.0,-828.0,0.0,tie,showdown,False,3,114.0,102.0,loose_aggressive
1037,k,q,check,['check'],"[('p1', 'check'), ('p2', 'check')]",6.0,-822.0,12.0,p1,showdown,False,2,114.0,114.0,loose_aggressive
1038,k,q,check,['check'],"[('p1', 'check'), ('p2', 'check')]",6.0,-816.0,12.0,p1,showdown,False,2,114.0,114.0,loose_aggressive
1039,q,q,check,['check'],"[('p1', 'check'), ('p2', 'check')]",0.0,-816.0,0.0,tie,showdown,False,2,114.0,114.0,loose_aggressive
1040,q,q,check,['check'],"[('p1', 'check'), ('p2', 'check')]",0.0,-816.0,0.0,tie,showdown,False,2,114.0,114.0,loose_aggressive
1041,j,k,check,"['check', 'fold']","[('p1', 'check'), ('p2', 'max_raise'), ('p1', 'fold')]",-6.0,-822.0,24.0,p2,fold,False,3,114.0,102.0,loose_aggressive
1042,k,q,check,['check'],"[('p1', 'check'), ('p2', 'check')]",6.0,-816.0,12.0,p1,showdown,False,2,114.0,114.0,loose_aggressive
1043,k,q,check,['check'],"[('p1', 'check'), ('p2', 'check')]",6.0,-810.0,12.0,p1,showdown,False,2,114.0,114.0,loose_aggressive
1044,j,j,check,['check'],"[('p1', 'check'), ('p2', 'check')]",0.0,-810.0,0.0,tie,showdown,False,2,114.0,114.0,loose_aggressive
1045,q,j,check,['check'],"[('p1', 'check'), ('p2', 'check')]",6.0,-804.0,12.0,p1,showdown,False,2,114.0,114.0,loose_aggressive
1046,j,j,check,"['check', 'call']","[('p1', 'check'), ('p2', 'min_raise'), ('p1', 'call')]",0.0,-804.0,0.0,tie,showdown,False,3,114.0,108.0,loose_aggressive
1047,k,j,check,['check'],"[('p1', 'check'), ('p2', 'check')]",6.0,-798.0,12.0,p1,showdown,False,2,114.0,114.0,loose_aggressive
1048,k,k,check,"['check', 'call']","[('p1', 'check'), ('p2', 'max_raise'), ('p1', 'call')]",0.0,-798.0,0.0,tie,showdown,False,3,114.0,102.0,loose_aggressive
1049,q,q,check,['check'],"[('p1', 'check'), ('p2', 'check')]",0.0,-798.0,0.0,tie,showdown,False,2,114.0,114.0,loose_aggressive
1050,q,k,check,"['check', 'fold']","[('p1', 'check'), ('p2', 'max_raise'), ('p1', 'fold')]",-6.0,-804.0,24.0,p2,fold,False,3,114.0,102.0,loose_aggressive
1051,j,j,check,['check'],"[('p1', 'check'), ('p2', 'check')]",0.0,-804.0,0.0,tie,showdown,False,2,114.0,114.0,loose_aggressive
1052,j,j,check,['check'],"[('p1', 'check'), ('p2', 'check')]",0.0,-804.0,0.0,tie,showdown,False,2,114.0,114.0,loose_aggressive
1053,k,k,check,"['check', 'call']","[('p1', 'check'), ('p2', 'max_raise'), ('p1', 'call')]",0.0,-804.0,0.0,tie,showdown,False,3,114.0,102.0,loose_aggressive
1054,j,j,check,['check'],"[('p1', 'check'), ('p2', 'check')]",0.0,-804.0,0.0,tie,showdown,False,2,114.0,114.0,loose_aggressive
1055,k,j,check,['check'],"[('p1', 'check'), ('p2', 'check')]",6.0,-798.0,12.0,p1,showdown,False,2,114.0,114.0,loose_aggressive
1056,k,q,check,['check'],"[('p1', 'check'), ('p2', 'check')]",6.0,-792.0,12.0,p1,showdown,False,2,114.0,114.0,loose_aggressive
1057,q,k,check,"['check', 'fold']","[('p1', 'check'), ('p2', 'max_raise'), ('p1', 'fold')]",-6.0,-798.0,24.0,p2,fold,False,3,114.0,102.0,loose_aggressive
1058,k,j,check,['check'],"[('p1', 'check'), ('p2', 'check')]",6.0,-792.0,12.0,p1,showdown,False,2,114.0,114.0,loose_aggressive
1059,k,k,check,"['check', 'call']","[('p1', 'check'), ('p2', 'max_raise'), ('p1', 'call')]",0.0,-792.0,0.0,tie,showdown,False,3,114.0,102.0,loose_aggressive
1060,k,j,check,"['check', 'call']","[('p1', 'check'), ('p2', 'min_raise'), ('p1', 'call')]",12.0,-780.0,24.0,p1,showdown,False,3,114.0,108.0,loose_aggressive
1061,q,j,check,['check'],"[('p1', 'check'), ('p2', 'check')]",6.0,-774.0,12.0,p1,showdown,False,2,114.0,114.0,loose_aggressive
1062,q,j,check,"['check', 'call']","[('p1', 'check'), ('p2', 'min_raise'), ('p1', 'call')]",12.0,-762.0,24.0,p1,showdown,False,3,114.0,108.0,loose_aggressive
1063,k,q,check,['check'],"[('p1', 'check'), ('p2', 'check')]",6.0,-756.0,12.0,p1,showdown,False,2,114.0,114.0,loose_aggressive
1064,k,k,check,"['check', 'call']","[('p1', 'check'), ('p2', 'max_raise'), ('p1', 'call')]",0.0,-756.0,0.0,tie,showdown,False,3,114.0,102.0,loose_aggressive
1065,q,j,check,['check'],"[('p1', 'check'), ('p2', 'check')]",6.0,-750.0,12.0,p1,showdown,False,2,114.0,114.0,loose_aggressive
1066,j,k,check,"['check', 'fold']","[('p1', 'check'), ('p2', 'max_raise'), ('p1', 'fold')]",-6.0,-756.0,24.0,p2,fold,False,3,114.0,102.0,loose_aggressive
1067,j,j,check,['check'],"[('p1', 'check'), ('p2', 'check')]",0.0,-756.0,0.0,tie,showdown,False,2,114.0,114.0,loose_aggressive
1068,q,k,check,"['check', 'call']","[('p1', 'check'), ('p2', 'max_raise'), ('p1', 'call')]",-18.0,-774.0,36.0,p2,showdown,False,3,114.0,102.0,loose_aggressive
1069,k,j,check,"['check', 'call']","[('p1', 'check'), ('p2', 'min_raise'), ('p1', 'call')]",12.0,-762.0,24.0,p1,showdown,False,3,114.0,108.0,loose_aggressive
1070,j,q,check,['check'],"[('p1', 'check'), ('p2', 'check')]",-6.0,-768.0,12.0,p2,showdown,False,2,114.0,114.0,loose_aggressive
1071,j,k,check,"['check', 'fold']","[('p1', 'check'), ('p2', 'max_raise'), ('p1', 'fold')]",-6.0,-774.0,24.0,p2,fold,False,3,114.0,102.0,loose_aggressive
1072,j,q,check,['check'],"[('p1', 'check'), ('p2', 'check')]",-6.0,-780.0,12.0,p2,showdown,False,2,114.0,114.0,loose_aggressive
1073,j,k,check,"['check', 'fold']","[('p1', 'check'), ('p2', 'max_raise'), ('p1', 'fold')]",-6.0,-786.0,24.0,p2,fold,False,3,114.0,102.0,loose_aggressive
1074,q,j,check,['check'],"[('p1', 'check'), ('p2', 'check')]",6.0,-780.0,12.0,p1,showdown,False,2,114.0,114.0,loose_aggressive
1075,q,k,check,"['check', 'call']","[('p1', 'check'), ('p2', 'max_raise'), ('p1', 'call')]",-18.0,-798.0,36.0,p2,showdown,False,3,114.0,102.0,loose_aggressive
1076,j,j,check,['check'],"[('p1', 'check'), ('p2', 'check')]",0.0,-798.0,0.0,tie,showdown,False,2,114.0,114.0,loose_aggressive
1077,q,j,check,['check'],"[('p1', 'check'), ('p2', 'check')]",6.0,-792.0,12.0,p1,showdown,False,2,114.0,114.0,loose_aggressive
1078,j,q,check,['check'],"[('p1', 'check'), ('p2', 'check')]",-6.0,-798.0,12.0,p2,showdown,False,2,114.0,114.0,loose_aggressive
1079,k,k,check,"['check', 'call']","[('p1', 'check'), ('p2', 'max_raise'), ('p1', 'call')]",0.0,-798.0,0.0,tie,showdown,False,3,114.0,102.0,loose_aggressive
1080,k,k,check,"['check', 'call']","[('p1', 'check'), ('p2', 'max_raise'), ('p1', 'call')]",0.0,-798.0,0.0,tie,showdown,False,3,114.0,102.0,loose_aggressive
1081,j,q,check,['check'],"[('p1', 'check'), ('p2', 'check')]",-6.0,-804.0,12.0,p2,showdown,False,2,114.0,114.0,loose_aggressive
1082,k,q,check,['check'],"[('p1', 'check'), ('p2', 'check')]",6.0,-798.0,12.0,p1,showdown,False,2,114.0,114.0,loose_aggressive
1083,q,j,check,['check'],"[('p1', 'check'), ('p2', 'check')]",6.0,-792.0,12.0,p1,showdown,False,2,114.0,114.0,loose_aggressive
1084,q,k,check,"['check', 'call']","[('p1', 'check'), ('p2', 'max_raise'), ('p1', 'call')]",-18.0,-810.0,36.0,p2,showdown,False,3,114.0,102.0,loose_aggressive
1085,q,j,check,"['check', 'call']","[('p1', 'check'), ('p2', 'min_raise'), ('p1', 'call')]",12.0,-798.0,24.0,p1,showdown,False,3,114.0,108.0,loose_aggressive
1086,j,q,check,['check'],"[('p1', 'check'), ('p2', 'check')]",-6.0,-804.0,12.0,p2,showdown,False,2,114.0,114.0,loose_aggressive
1087,k,q,check,['check'],"[('p1', 'check'), ('p2', 'check')]",6.0,-798.0,12.0,p1,showdown,False,2,114.0,114.0,loose_aggressive
1088,q,j,check,"['check', 'call']","[('p1', 'check'), ('p2', 'min_raise'), ('p1', 'call')]",12.0,-786.0,24.0,p1,showdown,False,3,114.0,108.0,loose_aggressive
1089,q,k,check,"['check', 'fold']","[('p1', 'check'), ('p2', 'max_raise'), ('p1', 'fold')]",-6.0,-792.0,24.0,p2,fold,False,3,114.0,102.0,loose_aggressive
1090,k,k,check,"['check', 'call']","[('p1', 'check'), ('p2', 'max_raise'), ('p1', 'call')]",0.0,-792.0,0.0,tie,showdown,False,3,114.0,102.0,loose_aggressive
1091,k,q,check,['check'],"[('p1', 'check'), ('p2', 'check')]",6.0,-786.0,12.0,p1,showdown,False,2,114.0,114.0,loose_aggressive
1092,j,q,check,['check'],"[('p1', 'check'), ('p2', 'check')]",-6.0,-792.0,12.0,p2,showdown,False,2,114.0,114.0,loose_aggressive
1093,j,k,check,"['check', 'fold']","[('p1', 'check'), ('p2', 'max_raise'), ('p1', 'fold')]",-6.0,-798.0,24.0,p2,fold,False,3,114.0,102.0,loose_aggressive
1094,q,k,check,"['check', 'fold']","[('p1', 'check'), ('p2', 'max_raise'), ('p1', 'fold')]",-6.0,-804.0,24.0,p2,fold,False,3,114.0,102.0,loose_aggressive
1095,j,q,check,['check'],"[('p1', 'check'), ('p2', 'check')]",-6.0,-810.0,12.0,p2,showdown,False,2,114.0,114.0,loose_aggressive
1096,j,q,check,['check'],"[('p1', 'check'), ('p2', 'check')]",-6.0,-816.0,12.0,p2,showdown,False,2,114.0,114.0,loose_aggressive
1097,j,j,check,"['check', 'call']","[('p1', 'check'), ('p2', 'min_raise'), ('p1', 'call')]",0.0,-816.0,0.0,tie,showdown,False,3,114.0,108.0,loose_aggressive
1098,j,q,check,['check'],"[('p1', 'check'), ('p2', 'check')]",-6.0,-822.0,12.0,p2,showdown,False,2,114.0,114.0,loose_aggressive
1099,k,q,check,['check'],"[('p1', 'check'), ('p2', 'check')]",6.0,-816.0,12.0,p1,showdown,False,2,114.0,114.0,loose_aggressive
1100,j,q,check,['check'],"[('p1', 'check'), ('p2', 'check')]",-6.0,-822.0,12.0,p2,showdown,False,2,114.0,114.0,loose_aggressive
1101,q,k,check,"['check', 'fold']","[('p1', 'check'), ('p2', 'max_raise'), ('p1', 'fold')]",-6.0,-828.0,24.0,p2,fold,False,3,114.0,102.0,loose_aggressive
1102,j,j,check,['check'],"[('p1', 'check'), ('p2', 'check')]",0.0,-828.0,0.0,tie,showdown,False,2,114.0,114.0,loose_aggressive
1103,k,q,check,['check'],"[('p1', 'check'), ('p2', 'check')]",6.0,-822.0,12.0,p1,showdown,False,2,114.0,114.0,loose_aggressive
1104,j,k,check,"['check', 'fold']","[('p1', 'check'), ('p2', 'max_raise'), ('p1', 'fold')]",-6.0,-828.0,24.0,p2,fold,False,3,114.0,102.0,loose_aggressive
1105,j,q,check,['check'],"[('p1', 'check'), ('p2', 'check')]",-6.0,-834.0,12.0,p2,showdown,False,2,114.0,114.0,loose_aggressive
1106,j,q,check,['check'],"[('p1', 'check'), ('p2', 'check')]",-6.0,-840.0,12.0,p2,showdown,False,2,114.0,114.0,loose_aggressive
1107,q,j,check,['check'],"[('p1', 'check'), ('p2', 'check')]",6.0,-834.0,12.0,p1,showdown,False,2,114.0,114.0,loose_aggressive
1108,j,k,check,"['check', 'fold']","[('p1', 'check'), ('p2', 'max_raise'), ('p1', 'fold')]",-6.0,-840.0,24.0,p2,fold,False,3,114.0,102.0,loose_aggressive
1109,q,k,check,"['check', 'call']","[('p1', 'check'), ('p2', 'max_raise'), ('p1', 'call')]",-18.0,-858.0,36.0,p2,showdown,False,3,114.0,102.0,loose_aggressive
1110,q,j,check,['check'],"[('p1', 'check'), ('p2', 'check')]",6.0,-852.0,12.0,p1,showdown,False,2,114.0,114.0,loose_aggressive
1111,q,j,check,"['check', 'call']","[('p1', 'check'), ('p2', 'min_raise'), ('p1', 'call')]",12.0,-840.0,24.0,p1,showdown,False,3,114.0,108.0,loose_aggressive
1112,j,k,check,"['check', 'fold']","[('p1', 'check'), ('p2', 'max_raise'), ('p1', 'fold')]",-6.0,-846.0,24.0,p2,fold,False,3,114.0,102.0,loose_aggressive
1113,j,j,check,['check'],"[('p1', 'check'), ('p2', 'check')]",0.0,-846.0,0.0,tie,showdown,False,2,114.0,114.0,loose_aggressive
1114,q,k,check,"['check', 'call']","[('p1', 'check'), ('p2', 'max_raise'), ('p1', 'call')]",-18.0,-864.0,36.0,p2,showdown,False,3,114.0,102.0,loose_aggressive
1115,k,k,check,"['check', 'call']","[('p1', 'check'), ('p2', 'max_raise'), ('p1', 'call')]",0.0,-864.0,0.0,tie,showdown,False,3,114.0,102.0,loose_aggressive
1116,k,q,check,['check'],"[('p1', 'check'), ('p2', 'check')]",6.0,-858.0,12.0,p1,showdown,False,2,114.0,114.0,loose_aggressive
1117,k,j,check,['check'],"[('p1', 'check'), ('p2', 'check')]",6.0,-852.0,12.0,p1,showdown,False,2,114.0,114.0,loose_aggressive
1118,q,k,check,"['check', 'call']","[('p1', 'check'), ('p2', 'max_raise'), ('p1', 'call')]",-18.0,-870.0,36.0,p2,showdown,False,3,114.0,102.0,loose_aggressive
1119,q,k,check,"['check', 'call']","[('p1', 'check'), ('p2', 'max_raise'), ('p1', 'call')]",-18.0,-888.0,36.0,p2,showdown,False,3,114.0,102.0,loose_aggressive
1120,q,j,check,['check'],"[('p1', 'check'), ('p2', 'check')]",6.0,-882.0,12.0,p1,showdown,False,2,114.0,114.0,loose_aggressive
1121,j,q,max_raise,['max_raise'],"[('p1', 'max_raise'), ('p2', 'call')]",-18.0,-900.0,36.0,p2,showdown,True,2,102.0,114.0,loose_aggressive
1122,k,j,check,['check'],"[('p1', 'check'), ('p2', 'check')]",6.0,-894.0,12.0,p1,showdown,False,2,114.0,114.0,loose_aggressive
1123,j,j,check,['check'],"[('p1', 'check'), ('p2', 'check')]",0.0,-894.0,0.0,tie,showdown,False,2,114.0,114.0,loose_aggressive
1124,k,j,check,"['check', 'call']","[('p1', 'check'), ('p2', 'min_raise'), ('p1', 'call')]",12.0,-882.0,24.0,p1,showdown,False,3,114.0,108.0,loose_aggressive
1125,q,q,check,['check'],"[('p1', 'check'), ('p2', 'check')]",0.0,-882.0,0.0,tie,showdown,False,2,114.0,114.0,loose_aggressive
1126,k,k,check,"['check', 'call']","[('p1', 'check'), ('p2', 'max_raise'), ('p1', 'call')]",0.0,-882.0,0.0,tie,showdown,False,3,114.0,102.0,loose_aggressive
1127,j,q,check,['check'],"[('p1', 'check'), ('p2', 'check')]",-6.0,-888.0,12.0,p2,showdown,False,2,114.0,114.0,loose_aggressive
1128,k,j,check,['check'],"[('p1', 'check'), ('p2', 'check')]",6.0,-882.0,12.0,p1,showdown,False,2,114.0,114.0,loose_aggressive
1129,j,k,check,"['check', 'fold']","[('p1', 'check'), ('p2', 'max_raise'), ('p1', 'fold')]",-6.0,-888.0,24.0,p2,fold,False,3,114.0,102.0,loose_aggressive
1130,j,q,check,['check'],"[('p1', 'check'), ('p2', 'check')]",-6.0,-894.0,12.0,p2,showdown,False,2,114.0,114.0,loose_aggressive
1131,k,j,check,"['check', 'call']","[('p1', 'check'), ('p2', 'min_raise'), ('p1', 'call')]",12.0,-882.0,24.0,p1,showdown,False,3,114.0,108.0,loose_aggressive
1132,k,k,check,"['check', 'call']","[('p1', 'check'), ('p2', 'max_raise'), ('p1', 'call')]",0.0,-882.0,0.0,tie,showdown,False,3,114.0,102.0,loose_aggressive
1133,k,j,check,['check'],"[('p1', 'check'), ('p2', 'check')]",6.0,-876.0,12.0,p1,showdown,False,2,114.0,114.0,loose_aggressive
1134,q,j,check,"['check', 'call']","[('p1', 'check'), ('p2', 'min_raise'), ('p1', 'call')]",12.0,-864.0,24.0,p1,showdown,False,3,114.0,108.0,loose_aggressive
1135,j,j,check,"['check', 'call']","[('p1', 'check'), ('p2', 'min_raise'), ('p1', 'call')]",0.0,-864.0,0.0,tie,showdown,False,3,114.0,108.0,loose_aggressive
1136,k,q,check,['check'],"[('p1', 'check'), ('p2', 'check')]",6.0,-858.0,12.0,p1,showdown,False,2,114.0,114.0,loose_aggressive
1137,k,j,check,['check'],"[('p1', 'check'), ('p2', 'check')]",6.0,-852.0,12.0,p1,showdown,False,2,114.0,114.0,loose_aggressive
1138,j,k,check,"['check', 'call']","[('p1', 'check'), ('p2', 'max_raise'), ('p1', 'call')]",-18.0,-870.0,36.0,p2,showdown,False,3,114.0,102.0,loose_aggressive
1139,q,q,check,['check'],"[('p1', 'check'), ('p2', 'check')]",0.0,-870.0,0.0,tie,showdown,False,2,114.0,114.0,loose_aggressive
1140,q,j,check,['check'],"[('p1', 'check'), ('p2', 'check')]",6.0,-864.0,12.0,p1,showdown,False,2,114.0,114.0,loose_aggressive
1141,q,q,check,['check'],"[('p1', 'check'), ('p2', 'check')]",0.0,-864.0,0.0,tie,showdown,False,2,114.0,114.0,loose_aggressive
1142,q,q,check,['check'],"[('p1', 'check'), ('p2', 'check')]",0.0,-864.0,0.0,tie,showdown,False,2,114.0,114.0,loose_aggressive
1143,q,j,check,['check'],"[('p1', 'check'), ('p2', 'check')]",6.0,-858.0,12.0,p1,showdown,False,2,114.0,114.0,loose_aggressive
1144,k,j,check,['check'],"[('p1', 'check'), ('p2', 'check')]",6.0,-852.0,12.0,p1,showdown,False,2,114.0,114.0,loose_aggressive
1145,k,j,check,['check'],"[('p1', 'check'), ('p2', 'check')]",6.0,-846.0,12.0,p1,showdown,False,2,114.0,114.0,loose_aggressive
1146,q,j,check,['check'],"[('p1', 'check'), ('p2', 'check')]",6.0,-840.0,12.0,p1,showdown,False,2,114.0,114.0,loose_aggressive
1147,q,j,check,['check'],"[('p1', 'check'), ('p2', 'check')]",6.0,-834.0,12.0,p1,showdown,False,2,114.0,114.0,loose_aggressive
1148,k,j,check,"['check', 'call']","[('p1', 'check'), ('p2', 'min_raise'), ('p1', 'call')]",12.0,-822.0,24.0,p1,showdown,False,3,114.0,108.0,loose_aggressive
1149,q,k,check,"['check', 'fold']","[('p1', 'check'), ('p2', 'max_raise'), ('p1', 'fold')]",-6.0,-828.0,24.0,p2,fold,False,3,114.0,102.0,loose_aggressive
1150,j,q,check,['check'],"[('p1', 'check'), ('p2', 'check')]",-6.0,-834.0,12.0,p2,showdown,False,2,114.0,114.0,loose_aggressive
1151,j,k,check,"['check', 'fold']","[('p1', 'check'), ('p2', 'max_raise'), ('p1', 'fold')]",-6.0,-840.0,24.0,p2,fold,False,3,114.0,102.0,loose_aggressive
1152,k,j,check,['check'],"[('p1', 'check'), ('p2', 'check')]",6.0,-834.0,12.0,p1,showdown,False,2,114.0,114.0,loose_aggressive
1153,k,k,check,"['check', 'call']","[('p1', 'check'), ('p2', 'max_raise'), ('p1', 'call')]",0.0,-834.0,0.0,tie,showdown,False,3,114.0,102.0,loose_aggressive
1154,j,j,max_raise,['max_raise'],"[('p1', 'max_raise'), ('p2', 'fold')]",6.0,-828.0,24.0,p1,fold,True,2,102.0,114.0,loose_aggressive
1155,q,j,check,['check'],"[('p1', 'check'), ('p2', 'check')]",6.0,-822.0,12.0,p1,showdown,False,2,114.0,114.0,loose_aggressive
1156,q,k,check,"['check', 'call']","[('p1', 'check'), ('p2', 'max_raise'), ('p1', 'call')]",-18.0,-840.0,36.0,p2,showdown,False,3,114.0,102.0,loose_aggressive
1157,k,q,check,['check'],"[('p1', 'check'), ('p2', 'check')]",6.0,-834.0,12.0,p1,showdown,False,2,114.0,114.0,loose_aggressive
1158,k,q,check,['check'],"[('p1', 'check'), ('p2', 'check')]",6.0,-828.0,12.0,p1,showdown,False,2,114.0,114.0,loose_aggressive
1159,j,k,check,"['check', 'fold']","[('p1', 'check'), ('p2', 'max_raise'), ('p1', 'fold')]",-6.0,-834.0,24.0,p2,fold,False,3,114.0,102.0,loose_aggressive
1160,k,k,check,"['check', 'call']","[('p1', 'check'), ('p2', 'max_raise'), ('p1', 'call')]",0.0,-834.0,0.0,tie,showdown,False,3,114.0,102.0,loose_aggressive
1161,q,j,check,['check'],"[('p1', 'check'), ('p2', 'check')]",6.0,-828.0,12.0,p1,showdown,False,2,114.0,114.0,loose_aggressive
1162,q,k,check,"['check', 'fold']","[('p1', 'check'), ('p2', 'max_raise'), ('p1', 'fold')]",-6.0,-834.0,24.0,p2,fold,False,3,114.0,102.0,loose_aggressive
1163,q,q,check,['check'],"[('p1', 'check'), ('p2', 'check')]",0.0,-834.0,0.0,tie,showdown,False,2,114.0,114.0,loose_aggressive
1164,j,q,check,['check'],"[('p1', 'check'), ('p2', 'check')]",-6.0,-840.0,12.0,p2,showdown,False,2,114.0,114.0,loose_aggressive
1165,k,j,check,['check'],"[('p1', 'check'), ('p2', 'check')]",6.0,-834.0,12.0,p1,showdown,False,2,114.0,114.0,loose_aggressive
1166,k,j,check,['check'],"[('p1', 'check'), ('p2', 'check')]",6.0,-828.0,12.0,p1,showdown,False,2,114.0,114.0,loose_aggressive
1167,q,j,check,['check'],"[('p1', 'check'), ('p2', 'check')]",6.0,-822.0,12.0,p1,showdown,False,2,114.0,114.0,loose_aggressive
1168,k,j,check,['check'],"[('p1', 'check'), ('p2', 'check')]",6.0,-816.0,12.0,p1,showdown,False,2,114.0,114.0,loose_aggressive
1169,j,k,check,"['check', 'fold']","[('p1', 'check'), ('p2', 'max_raise'), ('p1', 'fold')]",-6.0,-822.0,24.0,p2,fold,False,3,114.0,102.0,loose_aggressive
1170,q,k,check,"['check', 'fold']","[('p1', 'check'), ('p2', 'max_raise'), ('p1', 'fold')]",-6.0,-828.0,24.0,p2,fold,False,3,114.0,102.0,loose_aggressive
1171,j,k,max_raise,['max_raise'],"[('p1', 'max_raise'), ('p2', 'call')]",-18.0,-846.0,36.0,p2,showdown,True,2,102.0,114.0,loose_aggressive
1172,j,q,check,['check'],"[('p1', 'check'), ('p2', 'check')]",-6.0,-852.0,12.0,p2,showdown,False,2,114.0,114.0,loose_aggressive
1173,k,k,check,"['check', 'call']","[('p1', 'check'), ('p2', 'max_raise'), ('p1', 'call')]",0.0,-852.0,0.0,tie,showdown,False,3,114.0,102.0,loose_aggressive
1174,q,j,check,"['check', 'call']","[('p1', 'check'), ('p2', 'min_raise'), ('p1', 'call')]",12.0,-840.0,24.0,p1,showdown,False,3,114.0,108.0,loose_aggressive
1175,j,j,check,['check'],"[('p1', 'check'), ('p2', 'check')]",0.0,-840.0,0.0,tie,showdown,False,2,114.0,114.0,loose_aggressive
1176,j,k,check,"['check', 'fold']","[('p1', 'check'), ('p2', 'max_raise'), ('p1', 'fold')]",-6.0,-846.0,24.0,p2,fold,False,3,114.0,102.0,loose_aggressive
1177,k,j,check,['check'],"[('p1', 'check'), ('p2', 'check')]",6.0,-840.0,12.0,p1,showdown,False,2,114.0,114.0,loose_aggressive
1178,q,k,check,"['check', 'fold']","[('p1', 'check'), ('p2', 'max_raise'), ('p1', 'fold')]",-6.0,-846.0,24.0,p2,fold,False,3,114.0,102.0,loose_aggressive
1179,j,q,check,['check'],"[('p1', 'check'), ('p2', 'check')]",-6.0,-852.0,12.0,p2,showdown,False,2,114.0,114.0,loose_aggressive
1180,q,j,check,['check'],"[('p1', 'check'), ('p2', 'check')]",6.0,-846.0,12.0,p1,showdown,False,2,114.0,114.0,loose_aggressive
1181,k,q,check,['check'],"[('p1', 'check'), ('p2', 'check')]",6.0,-840.0,12.0,p1,showdown,False,2,114.0,114.0,loose_aggressive
1182,j,k,check,"['check', 'fold']","[('p1', 'check'), ('p2', 'max_raise'), ('p1', 'fold')]",-6.0,-846.0,24.0,p2,fold,False,3,114.0,102.0,loose_aggressive
1183,k,k,check,"['check', 'call']","[('p1', 'check'), ('p2', 'max_raise'), ('p1', 'call')]",0.0,-846.0,0.0,tie,showdown,False,3,114.0,102.0,loose_aggressive
1184,k,j,check,['check'],"[('p1', 'check'), ('p2', 'check')]",6.0,-840.0,12.0,p1,showdown,False,2,114.0,114.0,loose_aggressive
1185,k,j,check,['check'],"[('p1', 'check'), ('p2', 'check')]",6.0,-834.0,12.0,p1,showdown,False,2,114.0,114.0,loose_aggressive
1186,j,j,check,['check'],"[('p1', 'check'), ('p2', 'check')]",0.0,-834.0,0.0,tie,showdown,False,2,114.0,114.0,loose_aggressive
1187,j,q,check,['check'],"[('p1', 'check'), ('p2', 'check')]",-6.0,-840.0,12.0,p2,showdown,False,2,114.0,114.0,loose_aggressive
1188,k,k,check,"['check', 'call']","[('p1', 'check'), ('p2', 'max_raise'), ('p1', 'call')]",0.0,-840.0,0.0,tie,showdown,False,3,114.0,102.0,loose_aggressive
1189,q,q,check,['check'],"[('p1', 'check'), ('p2', 'check')]",0.0,-840.0,0.0,tie,showdown,False,2,114.0,114.0,loose_aggressive
1190,j,q,check,['check'],"[('p1', 'check'), ('p2', 'check')]",-6.0,-846.0,12.0,p2,showdown,False,2,114.0,114.0,loose_aggressive
1191,q,k,check,"['check', 'call']","[('p1', 'check'), ('p2', 'max_raise'), ('p1', 'call')]",-18.0,-864.0,36.0,p2,showdown,False,3,114.0,102.0,loose_aggressive
1192,k,q,check,['check'],"[('p1', 'check'), ('p2', 'check')]",6.0,-858.0,12.0,p1,showdown,False,2,114.0,114.0,loose_aggressive
1193,q,j,check,['check'],"[('p1', 'check'), ('p2', 'check')]",6.0,-852.0,12.0,p1,showdown,False,2,114.0,114.0,loose_aggressive
1194,k,j,check,['check'],"[('p1', 'check'), ('p2', 'check')]",6.0,-846.0,12.0,p1,showdown,False,2,114.0,114.0,loose_aggressive
1195,q,q,check,['check'],"[('p1', 'check'), ('p2', 'check')]",0.0,-846.0,0.0,tie,showdown,False,2,114.0,114.0,loose_aggressive
1196,q,q,check,['check'],"[('p1', 'check'), ('p2', 'check')]",0.0,-846.0,0.0,tie,showdown,False,2,114.0,114.0,loose_aggressive
1197,j,q,check,['check'],"[('p1', 'check'), ('p2', 'check')]",-6.0,-852.0,12.0,p2,showdown,False,2,114.0,114.0,loose_aggressive
1198,q,j,check,['check'],"[('p1', 'check'), ('p2', 'check')]",6.0,-846.0,12.0,p1,showdown,False,2,114.0,114.0,loose_aggressive
1199,q,k,check,"['check', 'fold']","[('p1', 'check'), ('p2', 'max_raise'), ('p1', 'fold')]",-6.0,-852.0,24.0,p2,fold,False,3,114.0,102.0,loose_aggressive
1200,q,k,check,"['check', 'fold']","[('p1', 'check'), ('p2', 'max_raise'), ('p1', 'fold')]",-6.0,-858.0,24.0,p2,fold,False,3,114.0,102.0,loose_aggressive
1201,j,q,min_raise,['min_raise'],"[('p1', 'min_raise'), ('p2', 'call')]",-12.0,-870.0,24.0,p2,showdown,True,2,108.0,114.0,loose_aggressive
1202,k,k,check,"['check', 'call']","[('p1', 'check'), ('p2', 'max_raise'), ('p1', 'call')]",0.0,-870.0,0.0,tie,showdown,False,3,114.0,102.0,loose_aggressive
1203,q,j,check,"['check', 'call']","[('p1', 'check'), ('p2', 'min_raise'), ('p1', 'call')]",12.0,-858.0,24.0,p1,showdown,False,3,114.0,108.0,loose_aggressive
1204,q,k,check,"['check', 'fold']","[('p1', 'check'), ('p2', 'max_raise'), ('p1', 'fold')]",-6.0,-864.0,24.0,p2,fold,False,3,114.0,102.0,loose_aggressive
1205,k,j,check,"['check', 'call']","[('p1', 'check'), ('p2', 'min_raise'), ('p1', 'call')]",12.0,-852.0,24.0,p1,showdown,False,3,114.0,108.0,loose_aggressive
1206,k,q,check,['check'],"[('p1', 'check'), ('p2', 'check')]",6.0,-846.0,12.0,p1,showdown,False,2,114.0,114.0,loose_aggressive
1207,q,q,check,['check'],"[('p1', 'check'), ('p2', 'check')]",0.0,-846.0,0.0,tie,showdown,False,2,114.0,114.0,loose_aggressive
1208,k,j,check,['check'],"[('p1', 'check'), ('p2', 'check')]",6.0,-840.0,12.0,p1,showdown,False,2,114.0,114.0,loose_aggressive
1209,k,q,check,['check'],"[('p1', 'check'), ('p2', 'check')]",6.0,-834.0,12.0,p1,showdown,False,2,114.0,114.0,loose_aggressive
1210,j,q,check,['check'],"[('p1', 'check'), ('p2', 'check')]",-6.0,-840.0,12.0,p2,showdown,False,2,114.0,114.0,loose_aggressive
1211,j,j,check,['check'],"[('p1', 'check'), ('p2', 'check')]",0.0,-840.0,0.0,tie,showdown,False,2,114.0,114.0,loose_aggressive
1212,q,q,check,['check'],"[('p1', 'check'), ('p2', 'check')]",0.0,-840.0,0.0,tie,showdown,False,2,114.0,114.0,loose_aggressive
1213,j,k,max_raise,['max_raise'],"[('p1', 'max_raise'), ('p2', 'call')]",-18.0,-858.0,36.0,p2,showdown,True,2,102.0,114.0,loose_aggressive
1214,k,k,check,"['check', 'call']","[('p1', 'check'), ('p2', 'max_raise'), ('p1', 'call')]",0.0,-858.0,0.0,tie,showdown,False,3,114.0,102.0,loose_aggressive
1215,k,k,check,"['check', 'call']","[('p1', 'check'), ('p2', 'max_raise'), ('p1', 'call')]",0.0,-858.0,0.0,tie,showdown,False,3,114.0,102.0,loose_aggressive
1216,q,k,check,"['check', 'call']","[('p1', 'check'), ('p2', 'max_raise'), ('p1', 'call')]",-18.0,-876.0,36.0,p2,showdown,False,3,114.0,102.0,loose_aggressive
1217,k,q,check,['check'],"[('p1', 'check'), ('p2', 'check')]",6.0,-870.0,12.0,p1,showdown,False,2,114.0,114.0,loose_aggressive
1218,k,j,check,['check'],"[('p1', 'check'), ('p2', 'check')]",6.0,-864.0,12.0,p1,showdown,False,2,114.0,114.0,loose_aggressive
1219,k,j,check,['check'],"[('p1', 'check'), ('p2', 'check')]",6.0,-858.0,12.0,p1,showdown,False,2,114.0,114.0,loose_aggressive
1220,j,k,check,"['check', 'fold']","[('p1', 'check'), ('p2', 'max_raise'), ('p1', 'fold')]",-6.0,-864.0,24.0,p2,fold,False,3,114.0,102.0,loose_aggressive
1221,k,j,check,['check'],"[('p1', 'check'), ('p2', 'check')]",6.0,-858.0,12.0,p1,showdown,False,2,114.0,114.0,loose_aggressive
1222,k,q,check,['check'],"[('p1', 'check'), ('p2', 'check')]",6.0,-852.0,12.0,p1,showdown,False,2,114.0,114.0,loose_aggressive
1223,q,k,check,"['check', 'fold']","[('p1', 'check'), ('p2', 'max_raise'), ('p1', 'fold')]",-6.0,-858.0,24.0,p2,fold,False,3,114.0,102.0,loose_aggressive
1224,k,k,check,"['check', 'call']","[('p1', 'check'), ('p2', 'max_raise'), ('p1', 'call')]",0.0,-858.0,0.0,tie,showdown,False,3,114.0,102.0,loose_aggressive
1225,j,j,check,['check'],"[('p1', 'check'), ('p2', 'check')]",0.0,-858.0,0.0,tie,showdown,False,2,114.0,114.0,loose_aggressive
1226,j,q,check,['check'],"[('p1', 'check'), ('p2', 'check')]",-6.0,-864.0,12.0,p2,showdown,False,2,114.0,114.0,loose_aggressive
1227,j,j,check,['check'],"[('p1', 'check'), ('p2', 'check')]",0.0,-864.0,0.0,tie,showdown,False,2,114.0,114.0,loose_aggressive
1228,q,q,check,['check'],"[('p1', 'check'), ('p2', 'check')]",0.0,-864.0,0.0,tie,showdown,False,2,114.0,114.0,loose_aggressive
1229,q,j,check,"['check', 'call']","[('p1', 'check'), ('p2', 'min_raise'), ('p1', 'call')]",12.0,-852.0,24.0,p1,showdown,False,3,114.0,108.0,loose_aggressive
1230,j,q,check,['check'],"[('p1', 'check'), ('p2', 'check')]",-6.0,-858.0,12.0,p2,showdown,False,2,114.0,114.0,loose_aggressive
1231,q,q,check,['check'],"[('p1', 'check'), ('p2', 'check')]",0.0,-858.0,0.0,tie,showdown,False,2,114.0,114.0,loose_aggressive
1232,q,k,check,"['check', 'fold']","[('p1', 'check'), ('p2', 'max_raise'), ('p1', 'fold')]",-6.0,-864.0,24.0,p2,fold,False,3,114.0,102.0,loose_aggressive
1233,k,j,check,"['check', 'call']","[('p1', 'check'), ('p2', 'min_raise'), ('p1', 'call')]",12.0,-852.0,24.0,p1,showdown,False,3,114.0,108.0,loose_aggressive
1234,j,j,check,['check'],"[('p1', 'check'), ('p2', 'check')]",0.0,-852.0,0.0,tie,showdown,False,2,114.0,114.0,loose_aggressive
1235,q,k,check,"['check', 'fold']","[('p1', 'check'), ('p2', 'max_raise'), ('p1', 'fold')]",-6.0,-858.0,24.0,p2,fold,False,3,114.0,102.0,loose_aggressive
1236,j,j,check,['check'],"[('p1', 'check'), ('p2', 'check')]",0.0,-858.0,0.0,tie,showdown,False,2,114.0,114.0,loose_aggressive
1237,q,q,check,['check'],"[('p1', 'check'), ('p2', 'check')]",0.0,-858.0,0.0,tie,showdown,False,2,114.0,114.0,loose_aggressive
1238,k,j,check,['check'],"[('p1', 'check'), ('p2', 'check')]",6.0,-852.0,12.0,p1,showdown,False,2,114.0,114.0,loose_aggressive
1239,j,j,check,['check'],"[('p1', 'check'), ('p2', 'check')]",0.0,-852.0,0.0,tie,showdown,False,2,114.0,114.0,loose_aggressive
1240,k,j,check,['check'],"[('p1', 'check'), ('p2', 'check')]",6.0,-846.0,12.0,p1,showdown,False,2,114.0,114.0,loose_aggressive
1241,k,j,check,"['check', 'call']","[('p1', 'check'), ('p2', 'min_raise'), ('p1', 'call')]",12.0,-834.0,24.0,p1,showdown,False,3,114.0,108.0,loose_aggressive
1242,q,k,check,"['check', 'fold']","[('p1', 'check'), ('p2', 'max_raise'), ('p1', 'fold')]",-6.0,-840.0,24.0,p2,fold,False,3,114.0,102.0,loose_aggressive
1243,j,k,check,"['check', 'fold']","[('p1', 'check'), ('p2', 'max_raise'), ('p1', 'fold')]",-6.0,-846.0,24.0,p2,fold,False,3,114.0,102.0,loose_aggressive
1244,k,j,check,['check'],"[('p1', 'check'), ('p2', 'check')]",6.0,-840.0,12.0,p1,showdown,False,2,114.0,114.0,loose_aggressive
1245,j,j,check,['check'],"[('p1', 'check'), ('p2', 'check')]",0.0,-840.0,0.0,tie,showdown,False,2,114.0,114.0,loose_aggressive
1246,q,q,check,['check'],"[('p1', 'check'), ('p2', 'check')]",0.0,-840.0,0.0,tie,showdown,False,2,114.0,114.0,loose_aggressive
1247,j,q,check,['check'],"[('p1', 'check'), ('p2', 'check')]",-6.0,-846.0,12.0,p2,showdown,False,2,114.0,114.0,loose_aggressive
1248,k,k,check,"['check', 'call']","[('p1', 'check'), ('p2', 'max_raise'), ('p1', 'call')]",0.0,-846.0,0.0,tie,showdown,False,3,114.0,102.0,loose_aggressive
1249,k,k,check,"['check', 'call']","[('p1', 'check'), ('p2', 'max_raise'), ('p1', 'call')]",0.0,-846.0,0.0,tie,showdown,False,3,114.0,102.0,loose_aggressive
1250,j,q,check,['check'],"[('p1', 'check'), ('p2', 'check')]",-6.0,-852.0,12.0,p2,showdown,False,2,114.0,114.0,loose_aggressive
1251,q,j,check,['check'],"[('p1', 'check'), ('p2', 'check')]",6.0,-846.0,12.0,p1,showdown,False,2,114.0,114.0,loose_aggressive
1252,q,k,check,"['check', 'fold']","[('p1', 'check'), ('p2', 'max_raise'), ('p1', 'fold')]",-6.0,-852.0,24.0,p2,fold,False,3,114.0,102.0,loose_aggressive
1253,q,j,check,"['check', 'call']","[('p1', 'check'), ('p2', 'min_raise'), ('p1', 'call')]",12.0,-840.0,24.0,p1,showdown,False,3,114.0,108.0,loose_aggressive
1254,q,j,check,"['check', 'call']","[('p1', 'check'), ('p2', 'min_raise'), ('p1', 'call')]",12.0,-828.0,24.0,p1,showdown,False,3,114.0,108.0,loose_aggressive
1255,q,j,check,['check'],"[('p1', 'check'), ('p2', 'check')]",6.0,-822.0,12.0,p1,showdown,False,2,114.0,114.0,loose_aggressive
1256,k,k,check,"['check', 'call']","[('p1', 'check'), ('p2', 'max_raise'), ('p1', 'call')]",0.0,-822.0,0.0,tie,showdown,False,3,114.0,102.0,loose_aggressive
1257,j,j,check,['check'],"[('p1', 'check'), ('p2', 'check')]",0.0,-822.0,0.0,tie,showdown,False,2,114.0,114.0,loose_aggressive
1258,k,q,check,['check'],"[('p1', 'check'), ('p2', 'check')]",6.0,-816.0,12.0,p1,showdown,False,2,114.0,114.0,loose_aggressive
1259,j,q,check,['check'],"[('p1', 'check'), ('p2', 'check')]",-6.0,-822.0,12.0,p2,showdown,False,2,114.0,114.0,loose_aggressive
1260,q,k,check,"['check', 'fold']","[('p1', 'check'), ('p2', 'max_raise'), ('p1', 'fold')]",-6.0,-828.0,24.0,p2,fold,False,3,114.0,102.0,loose_aggressive
1261,j,q,check,['check'],"[('p1', 'check'), ('p2', 'check')]",-6.0,-834.0,12.0,p2,showdown,False,2,114.0,114.0,loose_aggressive
1262,q,k,check,"['check', 'call']","[('p1', 'check'), ('p2', 'max_raise'), ('p1', 'call')]",-18.0,-852.0,36.0,p2,showdown,False,3,114.0,102.0,loose_aggressive
1263,q,q,check,['check'],"[('p1', 'check'), ('p2', 'check')]",0.0,-852.0,0.0,tie,showdown,False,2,114.0,114.0,loose_aggressive
1264,j,j,check,['check'],"[('p1', 'check'), ('p2', 'check')]",0.0,-852.0,0.0,tie,showdown,False,2,114.0,114.0,loose_aggressive
1265,k,k,check,"['check', 'call']","[('p1', 'check'), ('p2', 'max_raise'), ('p1', 'call')]",0.0,-852.0,0.0,tie,showdown,False,3,114.0,102.0,loose_aggressive
1266,k,j,check,['check'],"[('p1', 'check'), ('p2', 'check')]",6.0,-846.0,12.0,p1,showdown,False,2,114.0,114.0,loose_aggressive
1267,k,q,check,['check'],"[('p1', 'check'), ('p2', 'check')]",6.0,-840.0,12.0,p1,showdown,False,2,114.0,114.0,loose_aggressive
1268,k,k,check,"['check', 'call']","[('p1', 'check'), ('p2', 'max_raise'), ('p1', 'call')]",0.0,-840.0,0.0,tie,showdown,False,3,114.0,102.0,loose_aggressive
1269,q,j,check,['check'],"[('p1', 'check'), ('p2', 'check')]",6.0,-834.0,12.0,p1,showdown,False,2,114.0,114.0,loose_aggressive
1270,j,q,check,['check'],"[('p1', 'check'), ('p2', 'check')]",-6.0,-840.0,12.0,p2,showdown,False,2,114.0,114.0,loose_aggressive
1271,j,k,check,"['check', 'fold']","[('p1', 'check'), ('p2', 'max_raise'), ('p1', 'fold')]",-6.0,-846.0,24.0,p2,fold,False,3,114.0,102.0,loose_aggressive
1272,k,j,check,['check'],"[('p1', 'check'), ('p2', 'check')]",6.0,-840.0,12.0,p1,showdown,False,2,114.0,114.0,loose_aggressive
1273,j,j,check,"['check', 'call']","[('p1', 'check'), ('p2', 'min_raise'), ('p1', 'call')]",0.0,-840.0,0.0,tie,showdown,False,3,114.0,108.0,loose_aggressive
1274,j,j,check,"['check', 'call']","[('p1', 'check'), ('p2', 'min_raise'), ('p1', 'call')]",0.0,-840.0,0.0,tie,showdown,False,3,114.0,108.0,loose_aggressive
1275,j,q,check,['check'],"[('p1', 'check'), ('p2', 'check')]",-6.0,-846.0,12.0,p2,showdown,False,2,114.0,114.0,loose_aggressive
1276,q,q,check,['check'],"[('p1', 'check'), ('p2', 'check')]",0.0,-846.0,0.0,tie,showdown,False,2,114.0,114.0,loose_aggressive
1277,q,q,check,['check'],"[('p1', 'check'), ('p2', 'check')]",0.0,-846.0,0.0,tie,showdown,False,2,114.0,114.0,loose_aggressive
1278,k,j,check,"['check', 'call']","[('p1', 'check'), ('p2', 'min_raise'), ('p1', 'call')]",12.0,-834.0,24.0,p1,showdown,False,3,114.0,108.0,loose_aggressive
1279,j,j,check,"['check', 'call']","[('p1', 'check'), ('p2', 'min_raise'), ('p1', 'call')]",0.0,-834.0,0.0,tie,showdown,False,3,114.0,108.0,loose_aggressive
1280,j,q,check,['check'],"[('p1', 'check'), ('p2', 'check')]",-6.0,-840.0,12.0,p2,showdown,False,2,114.0,114.0,loose_aggressive
1281,q,j,check,['check'],"[('p1', 'check'), ('p2', 'check')]",6.0,-834.0,12.0,p1,showdown,False,2,114.0,114.0,loose_aggressive
1282,k,j,check,['check'],"[('p1', 'check'), ('p2', 'check')]",6.0,-828.0,12.0,p1,showdown,False,2,114.0,114.0,loose_aggressive
1283,q,k,check,"['check', 'call']","[('p1', 'check'), ('p2', 'max_raise'), ('p1', 'call')]",-18.0,-846.0,36.0,p2,showdown,False,3,114.0,102.0,loose_aggressive
1284,q,k,check,"['check', 'fold']","[('p1', 'check'), ('p2', 'max_raise'), ('p1', 'fold')]",-6.0,-852.0,24.0,p2,fold,False,3,114.0,102.0,loose_aggressive
1285,k,q,check,['check'],"[('p1', 'check'), ('p2', 'check')]",6.0,-846.0,12.0,p1,showdown,False,2,114.0,114.0,loose_aggressive
1286,q,q,check,['check'],"[('p1', 'check'), ('p2', 'check')]",0.0,-846.0,0.0,tie,showdown,False,2,114.0,114.0,loose_aggressive
1287,j,k,check,"['check', 'fold']","[('p1', 'check'), ('p2', 'max_raise'), ('p1', 'fold')]",-6.0,-852.0,24.0,p2,fold,False,3,114.0,102.0,loose_aggressive
1288,k,k,check,"['check', 'call']","[('p1', 'check'), ('p2', 'max_raise'), ('p1', 'call')]",0.0,-852.0,0.0,tie,showdown,False,3,114.0,102.0,loose_aggressive
1289,j,q,check,['check'],"[('p1', 'check'), ('p2', 'check')]",-6.0,-858.0,12.0,p2,showdown,False,2,114.0,114.0,loose_aggressive
1290,q,j,check,"['check', 'call']","[('p1', 'check'), ('p2', 'min_raise'), ('p1', 'call')]",12.0,-846.0,24.0,p1,showdown,False,3,114.0,108.0,loose_aggressive
1291,k,k,check,"['check', 'call']","[('p1', 'check'), ('p2', 'max_raise'), ('p1', 'call')]",0.0,-846.0,0.0,tie,showdown,False,3,114.0,102.0,loose_aggressive
1292,j,k,check,"['check', 'fold']","[('p1', 'check'), ('p2', 'max_raise'), ('p1', 'fold')]",-6.0,-852.0,24.0,p2,fold,False,3,114.0,102.0,loose_aggressive
1293,q,j,check,['check'],"[('p1', 'check'), ('p2', 'check')]",6.0,-846.0,12.0,p1,showdown,False,2,114.0,114.0,loose_aggressive
1294,k,j,check,['check'],"[('p1', 'check'), ('p2', 'check')]",6.0,-840.0,12.0,p1,showdown,False,2,114.0,114.0,loose_aggressive
1295,q,q,check,['check'],"[('p1', 'check'), ('p2', 'check')]",0.0,-840.0,0.0,tie,showdown,False,2,114.0,114.0,loose_aggressive
1296,q,q,check,['check'],"[('p1', 'check'), ('p2', 'check')]",0.0,-840.0,0.0,tie,showdown,False,2,114.0,114.0,loose_aggressive
1297,k,k,check,"['check', 'call']","[('p1', 'check'), ('p2', 'max_raise'), ('p1', 'call')]",0.0,-840.0,0.0,tie,showdown,False,3,114.0,102.0,loose_aggressive
1298,j,k,check,"['check', 'fold']","[('p1', 'check'), ('p2', 'max_raise'), ('p1', 'fold')]",-6.0,-846.0,24.0,p2,fold,False,3,114.0,102.0,loose_aggressive
1299,q,k,check,"['check', 'fold']","[('p1', 'check'), ('p2', 'max_raise'), ('p1', 'fold')]",-6.0,-852.0,24.0,p2,fold,False,3,114.0,102.0,loose_aggressive
1300,k,q,check,['check'],"[('p1', 'check'), ('p2', 'check')]",6.0,-846.0,12.0,p1,showdown,False,2,114.0,114.0,loose_aggressive
1301,j,k,check,"['check', 'fold']","[('p1', 'check'), ('p2', 'max_raise'), ('p1', 'fold')]",-6.0,-852.0,24.0,p2,fold,False,3,114.0,102.0,loose_aggressive
1302,q,k,check,"['check', 'fold']","[('p1', 'check'), ('p2', 'max_raise'), ('p1', 'fold')]",-6.0,-858.0,24.0,p2,fold,False,3,114.0,102.0,loose_aggressive
1303,k,q,check,['check'],"[('p1', 'check'), ('p2', 'check')]",6.0,-852.0,12.0,p1,showdown,False,2,114.0,114.0,loose_aggressive
1304,k,j,check,"['check', 'call']","[('p1', 'check'), ('p2', 'min_raise'), ('p1', 'call')]",12.0,-840.0,24.0,p1,showdown,False,3,114.0,108.0,loose_aggressive
1305,j,q,check,['check'],"[('p1', 'check'), ('p2', 'check')]",-6.0,-846.0,12.0,p2,showdown,False,2,114.0,114.0,loose_aggressive
1306,k,j,check,['check'],"[('p1', 'check'), ('p2', 'check')]",6.0,-840.0,12.0,p1,showdown,False,2,114.0,114.0,loose_aggressive
1307,j,k,check,"['check', 'fold']","[('p1', 'check'), ('p2', 'max_raise'), ('p1', 'fold')]",-6.0,-846.0,24.0,p2,fold,False,3,114.0,102.0,loose_aggressive
1308,j,q,check,['check'],"[('p1', 'check'), ('p2', 'check')]",-6.0,-852.0,12.0,p2,showdown,False,2,114.0,114.0,loose_aggressive
1309,k,q,check,['check'],"[('p1', 'check'), ('p2', 'check')]",6.0,-846.0,12.0,p1,showdown,False,2,114.0,114.0,loose_aggressive
1310,j,j,check,['check'],"[('p1', 'check'), ('p2', 'check')]",0.0,-846.0,0.0,tie,showdown,False,2,114.0,114.0,loose_aggressive
1311,j,k,check,"['check', 'fold']","[('p1', 'check'), ('p2', 'max_raise'), ('p1', 'fold')]",-6.0,-852.0,24.0,p2,fold,False,3,114.0,102.0,loose_aggressive
1312,q,k,check,"['check', 'fold']","[('p1', 'check'), ('p2', 'max_raise'), ('p1', 'fold')]",-6.0,-858.0,24.0,p2,fold,False,3,114.0,102.0,loose_aggressive
1313,j,k,check,"['check', 'fold']","[('p1', 'check'), ('p2', 'max_raise'), ('p1', 'fold')]",-6.0,-864.0,24.0,p2,fold,False,3,114.0,102.0,loose_aggressive
1314,k,k,check,"['check', 'call']","[('p1', 'check'), ('p2', 'max_raise'), ('p1', 'call')]",0.0,-864.0,0.0,tie,showdown,False,3,114.0,102.0,loose_aggressive
1315,j,q,check,['check'],"[('p1', 'check'), ('p2', 'check')]",-6.0,-870.0,12.0,p2,showdown,False,2,114.0,114.0,loose_aggressive
1316,k,q,check,['check'],"[('p1', 'check'), ('p2', 'check')]",6.0,-864.0,12.0,p1,showdown,False,2,114.0,114.0,loose_aggressive
1317,j,j,check,"['check', 'call']","[('p1', 'check'), ('p2', 'min_raise'), ('p1', 'call')]",0.0,-864.0,0.0,tie,showdown,False,3,114.0,108.0,loose_aggressive
1318,j,j,check,['check'],"[('p1', 'check'), ('p2', 'check')]",0.0,-864.0,0.0,tie,showdown,False,2,114.0,114.0,loose_aggressive
1319,j,k,check,"['check', 'fold']","[('p1', 'check'), ('p2', 'max_raise'), ('p1', 'fold')]",-6.0,-870.0,24.0,p2,fold,False,3,114.0,102.0,loose_aggressive
1320,q,q,check,['check'],"[('p1', 'check'), ('p2', 'check')]",0.0,-870.0,0.0,tie,showdown,False,2,114.0,114.0,loose_aggressive
1321,j,k,check,"['check', 'fold']","[('p1', 'check'), ('p2', 'max_raise'), ('p1', 'fold')]",-6.0,-876.0,24.0,p2,fold,False,3,114.0,102.0,loose_aggressive
1322,j,q,check,['check'],"[('p1', 'check'), ('p2', 'check')]",-6.0,-882.0,12.0,p2,showdown,False,2,114.0,114.0,loose_aggressive
1323,k,q,check,['check'],"[('p1', 'check'), ('p2', 'check')]",6.0,-876.0,12.0,p1,showdown,False,2,114.0,114.0,loose_aggressive
1324,j,k,check,"['check', 'fold']","[('p1', 'check'), ('p2', 'max_raise'), ('p1', 'fold')]",-6.0,-882.0,24.0,p2,fold,False,3,114.0,102.0,loose_aggressive
1325,j,q,check,['check'],"[('p1', 'check'), ('p2', 'check')]",-6.0,-888.0,12.0,p2,showdown,False,2,114.0,114.0,loose_aggressive
1326,q,j,check,"['check', 'call']","[('p1', 'check'), ('p2', 'min_raise'), ('p1', 'call')]",12.0,-876.0,24.0,p1,showdown,False,3,114.0,108.0,loose_aggressive
1327,q,q,check,['check'],"[('p1', 'check'), ('p2', 'check')]",0.0,-876.0,0.0,tie,showdown,False,2,114.0,114.0,loose_aggressive
1328,k,k,check,"['check', 'call']","[('p1', 'check'), ('p2', 'max_raise'), ('p1', 'call')]",0.0,-876.0,0.0,tie,showdown,False,3,114.0,102.0,loose_aggressive
1329,k,k,check,"['check', 'call']","[('p1', 'check'), ('p2', 'max_raise'), ('p1', 'call')]",0.0,-876.0,0.0,tie,showdown,False,3,114.0,102.0,loose_aggressive
1330,q,k,check,"['check', 'fold']","[('p1', 'check'), ('p2', 'max_raise'), ('p1', 'fold')]",-6.0,-882.0,24.0,p2,fold,False,3,114.0,102.0,loose_aggressive
1331,j,q,check,['check'],"[('p1', 'check'), ('p2', 'check')]",-6.0,-888.0,12.0,p2,showdown,False,2,114.0,114.0,loose_aggressive
1332,q,k,check,"['check', 'fold']","[('p1', 'check'), ('p2', 'max_raise'), ('p1', 'fold')]",-6.0,-894.0,24.0,p2,fold,False,3,114.0,102.0,loose_aggressive
1333,q,j,check,['check'],"[('p1', 'check'), ('p2', 'check')]",6.0,-888.0,12.0,p1,showdown,False,2,114.0,114.0,loose_aggressive
1334,k,k,check,"['check', 'call']","[('p1', 'check'), ('p2', 'max_raise'), ('p1', 'call')]",0.0,-888.0,0.0,tie,showdown,False,3,114.0,102.0,loose_aggressive
1335,k,q,check,['check'],"[('p1', 'check'), ('p2', 'check')]",6.0,-882.0,12.0,p1,showdown,False,2,114.0,114.0,loose_aggressive
1336,q,q,check,['check'],"[('p1', 'check'), ('p2', 'check')]",0.0,-882.0,0.0,tie,showdown,False,2,114.0,114.0,loose_aggressive
1337,q,k,check,"['check', 'fold']","[('p1', 'check'), ('p2', 'max_raise'), ('p1', 'fold')]",-6.0,-888.0,24.0,p2,fold,False,3,114.0,102.0,loose_aggressive
1338,q,j,check,['check'],"[('p1', 'check'), ('p2', 'check')]",6.0,-882.0,12.0,p1,showdown,False,2,114.0,114.0,loose_aggressive
1339,j,j,check,"['check', 'call']","[('p1', 'check'), ('p2', 'min_raise'), ('p1', 'call')]",0.0,-882.0,0.0,tie,showdown,False,3,114.0,108.0,loose_aggressive
1340,j,k,check,"['check', 'fold']","[('p1', 'check'), ('p2', 'max_raise'), ('p1', 'fold')]",-6.0,-888.0,24.0,p2,fold,False,3,114.0,102.0,loose_aggressive
1341,q,j,check,['check'],"[('p1', 'check'), ('p2', 'check')]",6.0,-882.0,12.0,p1,showdown,False,2,114.0,114.0,loose_aggressive
1342,k,q,check,['check'],"[('p1', 'check'), ('p2', 'check')]",6.0,-876.0,12.0,p1,showdown,False,2,114.0,114.0,loose_aggressive
1343,q,k,check,"['check', 'fold']","[('p1', 'check'), ('p2', 'max_raise'), ('p1', 'fold')]",-6.0,-882.0,24.0,p2,fold,False,3,114.0,102.0,loose_aggressive
1344,j,k,check,"['check', 'fold']","[('p1', 'check'), ('p2', 'max_raise'), ('p1', 'fold')]",-6.0,-888.0,24.0,p2,fold,False,3,114.0,102.0,loose_aggressive
1345,q,j,check,"['check', 'call']","[('p1', 'check'), ('p2', 'min_raise'), ('p1', 'call')]",12.0,-876.0,24.0,p1,showdown,False,3,114.0,108.0,loose_aggressive
1346,q,j,check,['check'],"[('p1', 'check'), ('p2', 'check')]",6.0,-870.0,12.0,p1,showdown,False,2,114.0,114.0,loose_aggressive
1347,k,j,check,['check'],"[('p1', 'check'), ('p2', 'check')]",6.0,-864.0,12.0,p1,showdown,False,2,114.0,114.0,loose_aggressive
1348,j,q,check,['check'],"[('p1', 'check'), ('p2', 'check')]",-6.0,-870.0,12.0,p2,showdown,False,2,114.0,114.0,loose_aggressive
1349,k,k,check,"['check', 'call']","[('p1', 'check'), ('p2', 'max_raise'), ('p1', 'call')]",0.0,-870.0,0.0,tie,showdown,False,3,114.0,102.0,loose_aggressive
1350,q,q,check,['check'],"[('p1', 'check'), ('p2', 'check')]",0.0,-870.0,0.0,tie,showdown,False,2,114.0,114.0,loose_aggressive
1351,j,j,check,"['check', 'call']","[('p1', 'check'), ('p2', 'min_raise'), ('p1', 'call')]",0.0,-870.0,0.0,tie,showdown,False,3,114.0,108.0,loose_aggressive
1352,j,k,check,"['check', 'fold']","[('p1', 'check'), ('p2', 'max_raise'), ('p1', 'fold')]",-6.0,-876.0,24.0,p2,fold,False,3,114.0,102.0,loose_aggressive
1353,k,j,check,"['check', 'call']","[('p1', 'check'), ('p2', 'min_raise'), ('p1', 'call')]",12.0,-864.0,24.0,p1,showdown,False,3,114.0,108.0,loose_aggressive
1354,j,q,check,['check'],"[('p1', 'check'), ('p2', 'check')]",-6.0,-870.0,12.0,p2,showdown,False,2,114.0,114.0,loose_aggressive
1355,j,q,check,['check'],"[('p1', 'check'), ('p2', 'check')]",-6.0,-876.0,12.0,p2,showdown,False,2,114.0,114.0,loose_aggressive
1356,q,q,check,['check'],"[('p1', 'check'), ('p2', 'check')]",0.0,-876.0,0.0,tie,showdown,False,2,114.0,114.0,loose_aggressive
1357,q,j,check,['check'],"[('p1', 'check'), ('p2', 'check')]",6.0,-870.0,12.0,p1,showdown,False,2,114.0,114.0,loose_aggressive
1358,q,j,check,['check'],"[('p1', 'check'), ('p2', 'check')]",6.0,-864.0,12.0,p1,showdown,False,2,114.0,114.0,loose_aggressive
1359,j,q,check,['check'],"[('p1', 'check'), ('p2', 'check')]",-6.0,-870.0,12.0,p2,showdown,False,2,114.0,114.0,loose_aggressive
1360,q,j,check,['check'],"[('p1', 'check'), ('p2', 'check')]",6.0,-864.0,12.0,p1,showdown,False,2,114.0,114.0,loose_aggressive
1361,q,k,check,"['check', 'call']","[('p1', 'check'), ('p2', 'max_raise'), ('p1', 'call')]",-18.0,-882.0,36.0,p2,showdown,False,3,114.0,102.0,loose_aggressive
1362,j,k,check,"['check', 'fold']","[('p1', 'check'), ('p2', 'max_raise'), ('p1', 'fold')]",-6.0,-888.0,24.0,p2,fold,False,3,114.0,102.0,loose_aggressive
1363,k,k,check,"['check', 'call']","[('p1', 'check'), ('p2', 'max_raise'), ('p1', 'call')]",0.0,-888.0,0.0,tie,showdown,False,3,114.0,102.0,loose_aggressive
1364,q,k,check,"['check', 'fold']","[('p1', 'check'), ('p2', 'max_raise'), ('p1', 'fold')]",-6.0,-894.0,24.0,p2,fold,False,3,114.0,102.0,loose_aggressive
1365,j,j,check,['check'],"[('p1', 'check'), ('p2', 'check')]",0.0,-894.0,0.0,tie,showdown,False,2,114.0,114.0,loose_aggressive
1366,k,k,check,"['check', 'call']","[('p1', 'check'), ('p2', 'max_raise'), ('p1', 'call')]",0.0,-894.0,0.0,tie,showdown,False,3,114.0,102.0,loose_aggressive
1367,j,j,check,['check'],"[('p1', 'check'), ('p2', 'check')]",0.0,-894.0,0.0,tie,showdown,False,2,114.0,114.0,loose_aggressive
1368,q,q,check,['check'],"[('p1', 'check'), ('p2', 'check')]",0.0,-894.0,0.0,tie,showdown,False,2,114.0,114.0,loose_aggressive
1369,q,q,check,['check'],"[('p1', 'check'), ('p2', 'check')]",0.0,-894.0,0.0,tie,showdown,False,2,114.0,114.0,loose_aggressive
1370,k,q,check,['check'],"[('p1', 'check'), ('p2', 'check')]",6.0,-888.0,12.0,p1,showdown,False,2,114.0,114.0,loose_aggressive
1371,q,q,check,['check'],"[('p1', 'check'), ('p2', 'check')]",0.0,-888.0,0.0,tie,showdown,False,2,114.0,114.0,loose_aggressive
1372,k,j,check,['check'],"[('p1', 'check'), ('p2', 'check')]",6.0,-882.0,12.0,p1,showdown,False,2,114.0,114.0,loose_aggressive
1373,k,q,check,['check'],"[('p1', 'check'), ('p2', 'check')]",6.0,-876.0,12.0,p1,showdown,False,2,114.0,114.0,loose_aggressive
1374,j,j,check,['check'],"[('p1', 'check'), ('p2', 'check')]",0.0,-876.0,0.0,tie,showdown,False,2,114.0,114.0,loose_aggressive
1375,j,k,check,"['check', 'fold']","[('p1', 'check'), ('p2', 'max_raise'), ('p1', 'fold')]",-6.0,-882.0,24.0,p2,fold,False,3,114.0,102.0,loose_aggressive
1376,k,q,check,['check'],"[('p1', 'check'), ('p2', 'check')]",6.0,-876.0,12.0,p1,showdown,False,2,114.0,114.0,loose_aggressive
1377,q,j,check,['check'],"[('p1', 'check'), ('p2', 'check')]",6.0,-870.0,12.0,p1,showdown,False,2,114.0,114.0,loose_aggressive
1378,k,j,check,['check'],"[('p1', 'check'), ('p2', 'check')]",6.0,-864.0,12.0,p1,showdown,False,2,114.0,114.0,loose_aggressive
1379,j,q,check,['check'],"[('p1', 'check'), ('p2', 'check')]",-6.0,-870.0,12.0,p2,showdown,False,2,114.0,114.0,loose_aggressive
1380,q,k,check,"['check', 'fold']","[('p1', 'check'), ('p2', 'max_raise'), ('p1', 'fold')]",-6.0,-876.0,24.0,p2,fold,False,3,114.0,102.0,loose_aggressive
1381,q,k,check,"['check', 'fold']","[('p1', 'check'), ('p2', 'max_raise'), ('p1', 'fold')]",-6.0,-882.0,24.0,p2,fold,False,3,114.0,102.0,loose_aggressive
1382,q,k,check,"['check', 'fold']","[('p1', 'check'), ('p2', 'max_raise'), ('p1', 'fold')]",-6.0,-888.0,24.0,p2,fold,False,3,114.0,102.0,loose_aggressive
1383,j,j,check,['check'],"[('p1', 'check'), ('p2', 'check')]",0.0,-888.0,0.0,tie,showdown,False,2,114.0,114.0,loose_aggressive
1384,q,j,check,['check'],"[('p1', 'check'), ('p2', 'check')]",6.0,-882.0,12.0,p1,showdown,False,2,114.0,114.0,loose_aggressive
1385,j,k,check,"['check', 'fold']","[('p1', 'check'), ('p2', 'max_raise'), ('p1', 'fold')]",-6.0,-888.0,24.0,p2,fold,False,3,114.0,102.0,loose_aggressive
1386,k,k,check,"['check', 'call']","[('p1', 'check'), ('p2', 'max_raise'), ('p1', 'call')]",0.0,-888.0,0.0,tie,showdown,False,3,114.0,102.0,loose_aggressive
1387,q,q,check,['check'],"[('p1', 'check'), ('p2', 'check')]",0.0,-888.0,0.0,tie,showdown,False,2,114.0,114.0,loose_aggressive
1388,j,q,check,['check'],"[('p1', 'check'), ('p2', 'check')]",-6.0,-894.0,12.0,p2,showdown,False,2,114.0,114.0,loose_aggressive
1389,k,j,check,['check'],"[('p1', 'check'), ('p2', 'check')]",6.0,-888.0,12.0,p1,showdown,False,2,114.0,114.0,loose_aggressive
1390,q,j,check,['check'],"[('p1', 'check'), ('p2', 'check')]",6.0,-882.0,12.0,p1,showdown,False,2,114.0,114.0,loose_aggressive
1391,j,k,check,"['check', 'fold']","[('p1', 'check'), ('p2', 'max_raise'), ('p1', 'fold')]",-6.0,-888.0,24.0,p2,fold,False,3,114.0,102.0,loose_aggressive
1392,j,j,check,['check'],"[('p1', 'check'), ('p2', 'check')]",0.0,-888.0,0.0,tie,showdown,False,2,114.0,114.0,loose_aggressive
1393,q,j,check,['check'],"[('p1', 'check'), ('p2', 'check')]",6.0,-882.0,12.0,p1,showdown,False,2,114.0,114.0,loose_aggressive
1394,j,k,check,"['check', 'fold']","[('p1', 'check'), ('p2', 'max_raise'), ('p1', 'fold')]",-6.0,-888.0,24.0,p2,fold,False,3,114.0,102.0,loose_aggressive
1395,k,q,check,['check'],"[('p1', 'check'), ('p2', 'check')]",6.0,-882.0,12.0,p1,showdown,False,2,114.0,114.0,loose_aggressive
1396,q,q,check,['check'],"[('p1', 'check'), ('p2', 'check')]",0.0,-882.0,0.0,tie,showdown,False,2,114.0,114.0,loose_aggressive
1397,q,j,check,['check'],"[('p1', 'check'), ('p2', 'check')]",6.0,-876.0,12.0,p1,showdown,False,2,114.0,114.0,loose_aggressive
1398,q,j,check,"['check', 'call']","[('p1', 'check'), ('p2', 'min_raise'), ('p1', 'call')]",12.0,-864.0,24.0,p1,showdown,False,3,114.0,108.0,loose_aggressive
1399,j,q,check,['check'],"[('p1', 'check'), ('p2', 'check')]",-6.0,-870.0,12.0,p2,showdown,False,2,114.0,114.0,loose_aggressive
1400,q,q,check,['check'],"[('p1', 'check'), ('p2', 'check')]",0.0,-870.0,0.0,tie,showdown,False,2,114.0,114.0,loose_aggressive
1401,k,k,check,"['check', 'call']","[('p1', 'check'), ('p2', 'max_raise'), ('p1', 'call')]",0.0,-870.0,0.0,tie,showdown,False,3,114.0,102.0,loose_aggressive
1402,k,q,check,['check'],"[('p1', 'check'), ('p2', 'check')]",6.0,-864.0,12.0,p1,showdown,False,2,114.0,114.0,loose_aggressive
1403,j,j,check,"['check', 'call']","[('p1', 'check'), ('p2', 'min_raise'), ('p1', 'call')]",0.0,-864.0,0.0,tie,showdown,False,3,114.0,108.0,loose_aggressive
1404,k,q,check,['check'],"[('p1', 'check'), ('p2', 'check')]",6.0,-858.0,12.0,p1,showdown,False,2,114.0,114.0,loose_aggressive
1405,k,k,check,"['check', 'call']","[('p1', 'check'), ('p2', 'max_raise'), ('p1', 'call')]",0.0,-858.0,0.0,tie,showdown,False,3,114.0,102.0,loose_aggressive
1406,k,j,check,['check'],"[('p1', 'check'), ('p2', 'check')]",6.0,-852.0,12.0,p1,showdown,False,2,114.0,114.0,loose_aggressive
1407,q,q,check,['check'],"[('p1', 'check'), ('p2', 'check')]",0.0,-852.0,0.0,tie,showdown,False,2,114.0,114.0,loose_aggressive
1408,j,q,check,['check'],"[('p1', 'check'), ('p2', 'check')]",-6.0,-858.0,12.0,p2,showdown,False,2,114.0,114.0,loose_aggressive
1409,j,q,check,['check'],"[('p1', 'check'), ('p2', 'check')]",-6.0,-864.0,12.0,p2,showdown,False,2,114.0,114.0,loose_aggressive
1410,j,k,check,"['check', 'fold']","[('p1', 'check'), ('p2', 'max_raise'), ('p1', 'fold')]",-6.0,-870.0,24.0,p2,fold,False,3,114.0,102.0,loose_aggressive
1411,k,k,check,"['check', 'call']","[('p1', 'check'), ('p2', 'max_raise'), ('p1', 'call')]",0.0,-870.0,0.0,tie,showdown,False,3,114.0,102.0,loose_aggressive
1412,j,j,check,['check'],"[('p1', 'check'), ('p2', 'check')]",0.0,-870.0,0.0,tie,showdown,False,2,114.0,114.0,loose_aggressive
1413,q,j,check,['check'],"[('p1', 'check'), ('p2', 'check')]",6.0,-864.0,12.0,p1,showdown,False,2,114.0,114.0,loose_aggressive
1414,q,q,check,['check'],"[('p1', 'check'), ('p2', 'check')]",0.0,-864.0,0.0,tie,showdown,False,2,114.0,114.0,loose_aggressive
1415,q,k,check,"['check', 'fold']","[('p1', 'check'), ('p2', 'max_raise'), ('p1', 'fold')]",-6.0,-870.0,24.0,p2,fold,False,3,114.0,102.0,loose_aggressive
1416,q,q,check,['check'],"[('p1', 'check'), ('p2', 'check')]",0.0,-870.0,0.0,tie,showdown,False,2,114.0,114.0,loose_aggressive
1417,q,k,check,"['check', 'fold']","[('p1', 'check'), ('p2', 'max_raise'), ('p1', 'fold')]",-6.0,-876.0,24.0,p2,fold,False,3,114.0,102.0,loose_aggressive
1418,j,k,check,"['check', 'fold']","[('p1', 'check'), ('p2', 'max_raise'), ('p1', 'fold')]",-6.0,-882.0,24.0,p2,fold,False,3,114.0,102.0,loose_aggressive
1419,j,j,check,['check'],"[('p1', 'check'), ('p2', 'check')]",0.0,-882.0,0.0,tie,showdown,False,2,114.0,114.0,loose_aggressive
1420,j,j,check,"['check', 'call']","[('p1', 'check'), ('p2', 'min_raise'), ('p1', 'call')]",0.0,-882.0,0.0,tie,showdown,False,3,114.0,108.0,loose_aggressive
1421,q,j,check,"['check', 'call']","[('p1', 'check'), ('p2', 'min_raise'), ('p1', 'call')]",12.0,-870.0,24.0,p1,showdown,False,3,114.0,108.0,loose_aggressive
1422,q,j,check,"['check', 'call']","[('p1', 'check'), ('p2', 'min_raise'), ('p1', 'call')]",12.0,-858.0,24.0,p1,showdown,False,3,114.0,108.0,loose_aggressive
1423,k,q,check,['check'],"[('p1', 'check'), ('p2', 'check')]",6.0,-852.0,12.0,p1,showdown,False,2,114.0,114.0,loose_aggressive
1424,j,j,check,"['check', 'call']","[('p1', 'check'), ('p2', 'min_raise'), ('p1', 'call')]",0.0,-852.0,0.0,tie,showdown,False,3,114.0,108.0,loose_aggressive
1425,k,k,check,"['check', 'call']","[('p1', 'check'), ('p2', 'max_raise'), ('p1', 'call')]",0.0,-852.0,0.0,tie,showdown,False,3,114.0,102.0,loose_aggressive
1426,k,q,check,['check'],"[('p1', 'check'), ('p2', 'check')]",6.0,-846.0,12.0,p1,showdown,False,2,114.0,114.0,loose_aggressive
1427,q,k,check,"['check', 'call']","[('p1', 'check'), ('p2', 'max_raise'), ('p1', 'call')]",-18.0,-864.0,36.0,p2,showdown,False,3,114.0,102.0,loose_aggressive
1428,q,k,check,"['check', 'call']","[('p1', 'check'), ('p2', 'max_raise'), ('p1', 'call')]",-18.0,-882.0,36.0,p2,showdown,False,3,114.0,102.0,loose_aggressive
1429,q,q,check,['check'],"[('p1', 'check'), ('p2', 'check')]",0.0,-882.0,0.0,tie,showdown,False,2,114.0,114.0,loose_aggressive
1430,q,j,check,['check'],"[('p1', 'check'), ('p2', 'check')]",6.0,-876.0,12.0,p1,showdown,False,2,114.0,114.0,loose_aggressive
1431,k,k,check,"['check', 'call']","[('p1', 'check'), ('p2', 'max_raise'), ('p1', 'call')]",0.0,-876.0,0.0,tie,showdown,False,3,114.0,102.0,loose_aggressive
1432,k,q,check,['check'],"[('p1', 'check'), ('p2', 'check')]",6.0,-870.0,12.0,p1,showdown,False,2,114.0,114.0,loose_aggressive
1433,j,j,check,['check'],"[('p1', 'check'), ('p2', 'check')]",0.0,-870.0,0.0,tie,showdown,False,2,114.0,114.0,loose_aggressive
1434,k,k,check,"['check', 'call']","[('p1', 'check'), ('p2', 'max_raise'), ('p1', 'call')]",0.0,-870.0,0.0,tie,showdown,False,3,114.0,102.0,loose_aggressive
1435,k,k,check,"['check', 'call']","[('p1', 'check'), ('p2', 'max_raise'), ('p1', 'call')]",0.0,-870.0,0.0,tie,showdown,False,3,114.0,102.0,loose_aggressive
1436,j,k,check,"['check', 'fold']","[('p1', 'check'), ('p2', 'max_raise'), ('p1', 'fold')]",-6.0,-876.0,24.0,p2,fold,False,3,114.0,102.0,loose_aggressive
1437,q,q,check,['check'],"[('p1', 'check'), ('p2', 'check')]",0.0,-876.0,0.0,tie,showdown,False,2,114.0,114.0,loose_aggressive
1438,q,j,check,"['check', 'call']","[('p1', 'check'), ('p2', 'min_raise'), ('p1', 'call')]",12.0,-864.0,24.0,p1,showdown,False,3,114.0,108.0,loose_aggressive
1439,q,k,check,"['check', 'call']","[('p1', 'check'), ('p2', 'max_raise'), ('p1', 'call')]",-18.0,-882.0,36.0,p2,showdown,False,3,114.0,102.0,loose_aggressive
1440,q,k,check,"['check', 'call']","[('p1', 'check'), ('p2', 'max_raise'), ('p1', 'call')]",-18.0,-900.0,36.0,p2,showdown,False,3,114.0,102.0,loose_aggressive
1441,j,q,check,['check'],"[('p1', 'check'), ('p2', 'check')]",-6.0,-906.0,12.0,p2,showdown,False,2,114.0,114.0,loose_aggressive
1442,j,q,min_raise,['min_raise'],"[('p1', 'min_raise'), ('p2', 'call')]",-12.0,-918.0,24.0,p2,showdown,True,2,108.0,114.0,loose_aggressive
1443,k,k,check,"['check', 'call']","[('p1', 'check'), ('p2', 'max_raise'), ('p1', 'call')]",0.0,-918.0,0.0,tie,showdown,False,3,114.0,102.0,loose_aggressive
1444,q,k,check,"['check', 'call']","[('p1', 'check'), ('p2', 'max_raise'), ('p1', 'call')]",-18.0,-936.0,36.0,p2,showdown,False,3,114.0,102.0,loose_aggressive
1445,k,q,check,['check'],"[('p1', 'check'), ('p2', 'check')]",6.0,-930.0,12.0,p1,showdown,False,2,114.0,114.0,loose_aggressive
1446,k,q,check,['check'],"[('p1', 'check'), ('p2', 'check')]",6.0,-924.0,12.0,p1,showdown,False,2,114.0,114.0,loose_aggressive
1447,q,j,check,"['check', 'call']","[('p1', 'check'), ('p2', 'min_raise'), ('p1', 'call')]",12.0,-912.0,24.0,p1,showdown,False,3,114.0,108.0,loose_aggressive
1448,q,k,check,"['check', 'fold']","[('p1', 'check'), ('p2', 'max_raise'), ('p1', 'fold')]",-6.0,-918.0,24.0,p2,fold,False,3,114.0,102.0,loose_aggressive
1449,j,q,check,['check'],"[('p1', 'check'), ('p2', 'check')]",-6.0,-924.0,12.0,p2,showdown,False,2,114.0,114.0,loose_aggressive
1450,q,k,check,"['check', 'fold']","[('p1', 'check'), ('p2', 'max_raise'), ('p1', 'fold')]",-6.0,-930.0,24.0,p2,fold,False,3,114.0,102.0,loose_aggressive
1451,k,k,check,"['check', 'call']","[('p1', 'check'), ('p2', 'max_raise'), ('p1', 'call')]",0.0,-930.0,0.0,tie,showdown,False,3,114.0,102.0,loose_aggressive
1452,k,j,check,['check'],"[('p1', 'check'), ('p2', 'check')]",6.0,-924.0,12.0,p1,showdown,False,2,114.0,114.0,loose_aggressive
1453,q,j,check,['check'],"[('p1', 'check'), ('p2', 'check')]",6.0,-918.0,12.0,p1,showdown,False,2,114.0,114.0,loose_aggressive
1454,k,k,check,"['check', 'call']","[('p1', 'check'), ('p2', 'max_raise'), ('p1', 'call')]",0.0,-918.0,0.0,tie,showdown,False,3,114.0,102.0,loose_aggressive
1455,j,k,check,"['check', 'fold']","[('p1', 'check'), ('p2', 'max_raise'), ('p1', 'fold')]",-6.0,-924.0,24.0,p2,fold,False,3,114.0,102.0,loose_aggressive
1456,k,j,check,"['check', 'call']","[('p1', 'check'), ('p2', 'min_raise'), ('p1', 'call')]",12.0,-912.0,24.0,p1,showdown,False,3,114.0,108.0,loose_aggressive
1457,q,j,check,['check'],"[('p1', 'check'), ('p2', 'check')]",6.0,-906.0,12.0,p1,showdown,False,2,114.0,114.0,loose_aggressive
1458,q,k,check,"['check', 'fold']","[('p1', 'check'), ('p2', 'max_raise'), ('p1', 'fold')]",-6.0,-912.0,24.0,p2,fold,False,3,114.0,102.0,loose_aggressive
1459,j,j,check,['check'],"[('p1', 'check'), ('p2', 'check')]",0.0,-912.0,0.0,tie,showdown,False,2,114.0,114.0,loose_aggressive
1460,q,q,check,['check'],"[('p1', 'check'), ('p2', 'check')]",0.0,-912.0,0.0,tie,showdown,False,2,114.0,114.0,loose_aggressive
1461,j,k,check,"['check', 'fold']","[('p1', 'check'), ('p2', 'max_raise'), ('p1', 'fold')]",-6.0,-918.0,24.0,p2,fold,False,3,114.0,102.0,loose_aggressive
1462,q,q,check,['check'],"[('p1', 'check'), ('p2', 'check')]",0.0,-918.0,0.0,tie,showdown,False,2,114.0,114.0,loose_aggressive
1463,k,j,check,['check'],"[('p1', 'check'), ('p2', 'check')]",6.0,-912.0,12.0,p1,showdown,False,2,114.0,114.0,loose_aggressive
1464,k,q,check,['check'],"[('p1', 'check'), ('p2', 'check')]",6.0,-906.0,12.0,p1,showdown,False,2,114.0,114.0,loose_aggressive
1465,k,j,check,"['check', 'call']","[('p1', 'check'), ('p2', 'min_raise'), ('p1', 'call')]",12.0,-894.0,24.0,p1,showdown,False,3,114.0,108.0,loose_aggressive
1466,j,j,check,['check'],"[('p1', 'check'), ('p2', 'check')]",0.0,-894.0,0.0,tie,showdown,False,2,114.0,114.0,loose_aggressive
1467,q,k,check,"['check', 'fold']","[('p1', 'check'), ('p2', 'max_raise'), ('p1', 'fold')]",-6.0,-900.0,24.0,p2,fold,False,3,114.0,102.0,loose_aggressive
1468,q,j,check,['check'],"[('p1', 'check'), ('p2', 'check')]",6.0,-894.0,12.0,p1,showdown,False,2,114.0,114.0,loose_aggressive
1469,q,q,check,['check'],"[('p1', 'check'), ('p2', 'check')]",0.0,-894.0,0.0,tie,showdown,False,2,114.0,114.0,loose_aggressive
1470,k,q,check,['check'],"[('p1', 'check'), ('p2', 'check')]",6.0,-888.0,12.0,p1,showdown,False,2,114.0,114.0,loose_aggressive
1471,k,j,check,['check'],"[('p1', 'check'), ('p2', 'check')]",6.0,-882.0,12.0,p1,showdown,False,2,114.0,114.0,loose_aggressive
1472,q,q,check,['check'],"[('p1', 'check'), ('p2', 'check')]",0.0,-882.0,0.0,tie,showdown,False,2,114.0,114.0,loose_aggressive
1473,j,q,check,['check'],"[('p1', 'check'), ('p2', 'check')]",-6.0,-888.0,12.0,p2,showdown,False,2,114.0,114.0,loose_aggressive
1474,k,q,check,['check'],"[('p1', 'check'), ('p2', 'check')]",6.0,-882.0,12.0,p1,showdown,False,2,114.0,114.0,loose_aggressive
1475,q,j,check,['check'],"[('p1', 'check'), ('p2', 'check')]",6.0,-876.0,12.0,p1,showdown,False,2,114.0,114.0,loose_aggressive
1476,j,k,check,"['check', 'fold']","[('p1', 'check'), ('p2', 'max_raise'), ('p1', 'fold')]",-6.0,-882.0,24.0,p2,fold,False,3,114.0,102.0,loose_aggressive
1477,q,j,check,['check'],"[('p1', 'check'), ('p2', 'check')]",6.0,-876.0,12.0,p1,showdown,False,2,114.0,114.0,loose_aggressive
1478,q,k,check,"['check', 'fold']","[('p1', 'check'), ('p2', 'max_raise'), ('p1', 'fold')]",-6.0,-882.0,24.0,p2,fold,False,3,114.0,102.0,loose_aggressive
1479,q,k,check,"['check', 'fold']","[('p1', 'check'), ('p2', 'max_raise'), ('p1', 'fold')]",-6.0,-888.0,24.0,p2,fold,False,3,114.0,102.0,loose_aggressive
1480,k,k,check,"['check', 'call']","[('p1', 'check'), ('p2', 'max_raise'), ('p1', 'call')]",0.0,-888.0,0.0,tie,showdown,False,3,114.0,102.0,loose_aggressive
1481,k,j,check,['check'],"[('p1', 'check'), ('p2', 'check')]",6.0,-882.0,12.0,p1,showdown,False,2,114.0,114.0,loose_aggressive
1482,j,k,check,"['check', 'fold']","[('p1', 'check'), ('p2', 'max_raise'), ('p1', 'fold')]",-6.0,-888.0,24.0,p2,fold,False,3,114.0,102.0,loose_aggressive
1483,k,q,check,['check'],"[('p1', 'check'), ('p2', 'check')]",6.0,-882.0,12.0,p1,showdown,False,2,114.0,114.0,loose_aggressive
1484,q,j,check,['check'],"[('p1', 'check'), ('p2', 'check')]",6.0,-876.0,12.0,p1,showdown,False,2,114.0,114.0,loose_aggressive
1485,k,j,check,"['check', 'call']","[('p1', 'check'), ('p2', 'min_raise'), ('p1', 'call')]",12.0,-864.0,24.0,p1,showdown,False,3,114.0,108.0,loose_aggressive
1486,k,j,check,['check'],"[('p1', 'check'), ('p2', 'check')]",6.0,-858.0,12.0,p1,showdown,False,2,114.0,114.0,loose_aggressive
1487,q,j,check,['check'],"[('p1', 'check'), ('p2', 'check')]",6.0,-852.0,12.0,p1,showdown,False,2,114.0,114.0,loose_aggressive
1488,j,k,check,"['check', 'fold']","[('p1', 'check'), ('p2', 'max_raise'), ('p1', 'fold')]",-6.0,-858.0,24.0,p2,fold,False,3,114.0,102.0,loose_aggressive
1489,j,q,check,['check'],"[('p1', 'check'), ('p2', 'check')]",-6.0,-864.0,12.0,p2,showdown,False,2,114.0,114.0,loose_aggressive
1490,q,k,check,"['check', 'fold']","[('p1', 'check'), ('p2', 'max_raise'), ('p1', 'fold')]",-6.0,-870.0,24.0,p2,fold,False,3,114.0,102.0,loose_aggressive
1491,k,q,check,['check'],"[('p1', 'check'), ('p2', 'check')]",6.0,-864.0,12.0,p1,showdown,False,2,114.0,114.0,loose_aggressive
1492,q,q,check,['check'],"[('p1', 'check'), ('p2', 'check')]",0.0,-864.0,0.0,tie,showdown,False,2,114.0,114.0,loose_aggressive
1493,j,j,check,['check'],"[('p1', 'check'), ('p2', 'check')]",0.0,-864.0,0.0,tie,showdown,False,2,114.0,114.0,loose_aggressive
1494,j,j,check,['check'],"[('p1', 'check'), ('p2', 'check')]",0.0,-864.0,0.0,tie,showdown,False,2,114.0,114.0,loose_aggressive
1495,j,k,check,"['check', 'fold']","[('p1', 'check'), ('p2', 'max_raise'), ('p1', 'fold')]",-6.0,-870.0,24.0,p2,fold,False,3,114.0,102.0,loose_aggressive
1496,k,q,check,['check'],"[('p1', 'check'), ('p2', 'check')]",6.0,-864.0,12.0,p1,showdown,False,2,114.0,114.0,loose_aggressive
1497,j,q,check,['check'],"[('p1', 'check'), ('p2', 'check')]",-6.0,-870.0,12.0,p2,showdown,False,2,114.0,114.0,loose_aggressive
1498,q,k,check,"['check', 'fold']","[('p1', 'check'), ('p2', 'max_raise'), ('p1', 'fold')]",-6.0,-876.0,24.0,p2,fold,False,3,114.0,102.0,loose_aggressive
1499,j,k,check,"['check', 'fold']","[('p1', 'check'), ('p2', 'max_raise'), ('p1', 'fold')]",-6.0,-882.0,24.0,p2,fold,False,3,114.0,102.0,loose_aggressive
1500,j,j,check,['check'],"[('p1', 'check'), ('p2', 'check')]",0.0,-882.0,0.0,tie,showdown,False,2,114.0,114.0,loose_aggressive
1501,j,j,check,['check'],"[('p1', 'check'), ('p2', 'check')]",0.0,-882.0,0.0,tie,showdown,False,2,114.0,114.0,loose_aggressive
1502,q,q,check,['check'],"[('p1', 'check'), ('p2', 'check')]",0.0,-882.0,0.0,tie,showdown,False,2,114.0,114.0,loose_aggressive
1503,j,j,check,['check'],"[('p1', 'check'), ('p2', 'check')]",0.0,-882.0,0.0,tie,showdown,False,2,114.0,114.0,loose_aggressive
1504,k,q,check,['check'],"[('p1', 'check'), ('p2', 'check')]",6.0,-876.0,12.0,p1,showdown,False,2,114.0,114.0,loose_aggressive
1505,k,q,check,['check'],"[('p1', 'check'), ('p2', 'check')]",6.0,-870.0,12.0,p1,showdown,False,2,114.0,114.0,loose_aggressive
1506,q,k,check,"['check', 'fold']","[('p1', 'check'), ('p2', 'max_raise'), ('p1', 'fold')]",-6.0,-876.0,24.0,p2,fold,False,3,114.0,102.0,loose_aggressive
1507,q,q,check,['check'],"[('p1', 'check'), ('p2', 'check')]",0.0,-876.0,0.0,tie,showdown,False,2,114.0,114.0,loose_aggressive
1508,q,k,check,"['check', 'fold']","[('p1', 'check'), ('p2', 'max_raise'), ('p1', 'fold')]",-6.0,-882.0,24.0,p2,fold,False,3,114.0,102.0,loose_aggressive
1509,q,k,check,"['check', 'fold']","[('p1', 'check'), ('p2', 'max_raise'), ('p1', 'fold')]",-6.0,-888.0,24.0,p2,fold,False,3,114.0,102.0,loose_aggressive
1510,j,k,check,"['check', 'fold']","[('p1', 'check'), ('p2', 'max_raise'), ('p1', 'fold')]",-6.0,-894.0,24.0,p2,fold,False,3,114.0,102.0,loose_aggressive
1511,j,q,check,['check'],"[('p1', 'check'), ('p2', 'check')]",-6.0,-900.0,12.0,p2,showdown,False,2,114.0,114.0,loose_aggressive
1512,j,j,check,['check'],"[('p1', 'check'), ('p2', 'check')]",0.0,-900.0,0.0,tie,showdown,False,2,114.0,114.0,loose_aggressive
1513,k,j,check,"['check', 'call']","[('p1', 'check'), ('p2', 'min_raise'), ('p1', 'call')]",12.0,-888.0,24.0,p1,showdown,False,3,114.0,108.0,loose_aggressive
1514,q,j,check,"['check', 'call']","[('p1', 'check'), ('p2', 'min_raise'), ('p1', 'call')]",12.0,-876.0,24.0,p1,showdown,False,3,114.0,108.0,loose_aggressive
1515,j,k,check,"['check', 'fold']","[('p1', 'check'), ('p2', 'max_raise'), ('p1', 'fold')]",-6.0,-882.0,24.0,p2,fold,False,3,114.0,102.0,loose_aggressive
1516,j,k,check,"['check', 'fold']","[('p1', 'check'), ('p2', 'max_raise'), ('p1', 'fold')]",-6.0,-888.0,24.0,p2,fold,False,3,114.0,102.0,loose_aggressive
1517,q,q,check,['check'],"[('p1', 'check'), ('p2', 'check')]",0.0,-888.0,0.0,tie,showdown,False,2,114.0,114.0,loose_aggressive
1518,k,q,check,['check'],"[('p1', 'check'), ('p2', 'check')]",6.0,-882.0,12.0,p1,showdown,False,2,114.0,114.0,loose_aggressive
1519,k,j,check,['check'],"[('p1', 'check'), ('p2', 'check')]",6.0,-876.0,12.0,p1,showdown,False,2,114.0,114.0,loose_aggressive
1520,q,j,check,"['check', 'call']","[('p1', 'check'), ('p2', 'min_raise'), ('p1', 'call')]",12.0,-864.0,24.0,p1,showdown,False,3,114.0,108.0,loose_aggressive
1521,k,q,check,['check'],"[('p1', 'check'), ('p2', 'check')]",6.0,-858.0,12.0,p1,showdown,False,2,114.0,114.0,loose_aggressive
1522,k,q,check,['check'],"[('p1', 'check'), ('p2', 'check')]",6.0,-852.0,12.0,p1,showdown,False,2,114.0,114.0,loose_aggressive
1523,j,j,check,['check'],"[('p1', 'check'), ('p2', 'check')]",0.0,-852.0,0.0,tie,showdown,False,2,114.0,114.0,loose_aggressive
1524,k,q,check,['check'],"[('p1', 'check'), ('p2', 'check')]",6.0,-846.0,12.0,p1,showdown,False,2,114.0,114.0,loose_aggressive
1525,j,j,check,['check'],"[('p1', 'check'), ('p2', 'check')]",0.0,-846.0,0.0,tie,showdown,False,2,114.0,114.0,loose_aggressive
1526,q,k,check,"['check', 'call']","[('p1', 'check'), ('p2', 'max_raise'), ('p1', 'call')]",-18.0,-864.0,36.0,p2,showdown,False,3,114.0,102.0,loose_aggressive
1527,k,k,check,"['check', 'call']","[('p1', 'check'), ('p2', 'max_raise'), ('p1', 'call')]",0.0,-864.0,0.0,tie,showdown,False,3,114.0,102.0,loose_aggressive
1528,q,j,check,['check'],"[('p1', 'check'), ('p2', 'check')]",6.0,-858.0,12.0,p1,showdown,False,2,114.0,114.0,loose_aggressive
1529,k,k,check,"['check', 'call']","[('p1', 'check'), ('p2', 'max_raise'), ('p1', 'call')]",0.0,-858.0,0.0,tie,showdown,False,3,114.0,102.0,loose_aggressive
1530,k,q,check,['check'],"[('p1', 'check'), ('p2', 'check')]",6.0,-852.0,12.0,p1,showdown,False,2,114.0,114.0,loose_aggressive
1531,k,j,check,"['check', 'call']","[('p1', 'check'), ('p2', 'min_raise'), ('p1', 'call')]",12.0,-840.0,24.0,p1,showdown,False,3,114.0,108.0,loose_aggressive
1532,k,k,check,"['check', 'call']","[('p1', 'check'), ('p2', 'max_raise'), ('p1', 'call')]",0.0,-840.0,0.0,tie,showdown,False,3,114.0,102.0,loose_aggressive
1533,k,k,check,"['check', 'call']","[('p1', 'check'), ('p2', 'max_raise'), ('p1', 'call')]",0.0,-840.0,0.0,tie,showdown,False,3,114.0,102.0,loose_aggressive
1534,k,q,check,['check'],"[('p1', 'check'), ('p2', 'check')]",6.0,-834.0,12.0,p1,showdown,False,2,114.0,114.0,loose_aggressive
1535,q,j,check,['check'],"[('p1', 'check'), ('p2', 'check')]",6.0,-828.0,12.0,p1,showdown,False,2,114.0,114.0,loose_aggressive
1536,q,k,check,"['check', 'call']","[('p1', 'check'), ('p2', 'max_raise'), ('p1', 'call')]",-18.0,-846.0,36.0,p2,showdown,False,3,114.0,102.0,loose_aggressive
1537,q,k,check,"['check', 'call']","[('p1', 'check'), ('p2', 'max_raise'), ('p1', 'call')]",-18.0,-864.0,36.0,p2,showdown,False,3,114.0,102.0,loose_aggressive
1538,q,q,check,['check'],"[('p1', 'check'), ('p2', 'check')]",0.0,-864.0,0.0,tie,showdown,False,2,114.0,114.0,loose_aggressive
1539,q,k,check,"['check', 'call']","[('p1', 'check'), ('p2', 'max_raise'), ('p1', 'call')]",-18.0,-882.0,36.0,p2,showdown,False,3,114.0,102.0,loose_aggressive
1540,q,q,check,['check'],"[('p1', 'check'), ('p2', 'check')]",0.0,-882.0,0.0,tie,showdown,False,2,114.0,114.0,loose_aggressive
1541,j,k,check,"['check', 'fold']","[('p1', 'check'), ('p2', 'max_raise'), ('p1', 'fold')]",-6.0,-888.0,24.0,p2,fold,False,3,114.0,102.0,loose_aggressive
1542,k,j,check,"['check', 'call']","[('p1', 'check'), ('p2', 'min_raise'), ('p1', 'call')]",12.0,-876.0,24.0,p1,showdown,False,3,114.0,108.0,loose_aggressive
1543,j,k,check,"['check', 'fold']","[('p1', 'check'), ('p2', 'max_raise'), ('p1', 'fold')]",-6.0,-882.0,24.0,p2,fold,False,3,114.0,102.0,loose_aggressive
1544,q,q,check,['check'],"[('p1', 'check'), ('p2', 'check')]",0.0,-882.0,0.0,tie,showdown,False,2,114.0,114.0,loose_aggressive
1545,k,j,check,['check'],"[('p1', 'check'), ('p2', 'check')]",6.0,-876.0,12.0,p1,showdown,False,2,114.0,114.0,loose_aggressive
1546,q,j,check,"['check', 'call']","[('p1', 'check'), ('p2', 'min_raise'), ('p1', 'call')]",12.0,-864.0,24.0,p1,showdown,False,3,114.0,108.0,loose_aggressive
1547,j,j,check,['check'],"[('p1', 'check'), ('p2', 'check')]",0.0,-864.0,0.0,tie,showdown,False,2,114.0,114.0,loose_aggressive
1548,k,q,check,['check'],"[('p1', 'check'), ('p2', 'check')]",6.0,-858.0,12.0,p1,showdown,False,2,114.0,114.0,loose_aggressive
1549,k,j,check,['check'],"[('p1', 'check'), ('p2', 'check')]",6.0,-852.0,12.0,p1,showdown,False,2,114.0,114.0,loose_aggressive
1550,k,q,check,['check'],"[('p1', 'check'), ('p2', 'check')]",6.0,-846.0,12.0,p1,showdown,False,2,114.0,114.0,loose_aggressive
1551,k,q,check,['check'],"[('p1', 'check'), ('p2', 'check')]",6.0,-840.0,12.0,p1,showdown,False,2,114.0,114.0,loose_aggressive
1552,j,q,check,['check'],"[('p1', 'check'), ('p2', 'check')]",-6.0,-846.0,12.0,p2,showdown,False,2,114.0,114.0,loose_aggressive
1553,q,j,check,"['check', 'call']","[('p1', 'check'), ('p2', 'min_raise'), ('p1', 'call')]",12.0,-834.0,24.0,p1,showdown,False,3,114.0,108.0,loose_aggressive
1554,q,q,check,['check'],"[('p1', 'check'), ('p2', 'check')]",0.0,-834.0,0.0,tie,showdown,False,2,114.0,114.0,loose_aggressive
1555,q,j,check,['check'],"[('p1', 'check'), ('p2', 'check')]",6.0,-828.0,12.0,p1,showdown,False,2,114.0,114.0,loose_aggressive
1556,q,q,check,['check'],"[('p1', 'check'), ('p2', 'check')]",0.0,-828.0,0.0,tie,showdown,False,2,114.0,114.0,loose_aggressive
1557,q,q,check,['check'],"[('p1', 'check'), ('p2', 'check')]",0.0,-828.0,0.0,tie,showdown,False,2,114.0,114.0,loose_aggressive
1558,j,k,check,"['check', 'fold']","[('p1', 'check'), ('p2', 'max_raise'), ('p1', 'fold')]",-6.0,-834.0,24.0,p2,fold,False,3,114.0,102.0,loose_aggressive
1559,q,k,check,"['check', 'fold']","[('p1', 'check'), ('p2', 'max_raise'), ('p1', 'fold')]",-6.0,-840.0,24.0,p2,fold,False,3,114.0,102.0,loose_aggressive
1560,j,q,check,['check'],"[('p1', 'check'), ('p2', 'check')]",-6.0,-846.0,12.0,p2,showdown,False,2,114.0,114.0,loose_aggressive
1561,j,q,check,['check'],"[('p1', 'check'), ('p2', 'check')]",-6.0,-852.0,12.0,p2,showdown,False,2,114.0,114.0,loose_aggressive
1562,q,k,check,"['check', 'fold']","[('p1', 'check'), ('p2', 'max_raise'), ('p1', 'fold')]",-6.0,-858.0,24.0,p2,fold,False,3,114.0,102.0,loose_aggressive
1563,q,q,check,['check'],"[('p1', 'check'), ('p2', 'check')]",0.0,-858.0,0.0,tie,showdown,False,2,114.0,114.0,loose_aggressive
1564,q,k,check,"['check', 'fold']","[('p1', 'check'), ('p2', 'max_raise'), ('p1', 'fold')]",-6.0,-864.0,24.0,p2,fold,False,3,114.0,102.0,loose_aggressive
1565,k,k,check,"['check', 'call']","[('p1', 'check'), ('p2', 'max_raise'), ('p1', 'call')]",0.0,-864.0,0.0,tie,showdown,False,3,114.0,102.0,loose_aggressive
1566,q,j,check,"['check', 'call']","[('p1', 'check'), ('p2', 'min_raise'), ('p1', 'call')]",12.0,-852.0,24.0,p1,showdown,False,3,114.0,108.0,loose_aggressive
1567,j,j,check,['check'],"[('p1', 'check'), ('p2', 'check')]",0.0,-852.0,0.0,tie,showdown,False,2,114.0,114.0,loose_aggressive
1568,j,k,check,"['check', 'fold']","[('p1', 'check'), ('p2', 'max_raise'), ('p1', 'fold')]",-6.0,-858.0,24.0,p2,fold,False,3,114.0,102.0,loose_aggressive
1569,k,k,check,"['check', 'call']","[('p1', 'check'), ('p2', 'max_raise'), ('p1', 'call')]",0.0,-858.0,0.0,tie,showdown,False,3,114.0,102.0,loose_aggressive
1570,k,k,check,"['check', 'call']","[('p1', 'check'), ('p2', 'max_raise'), ('p1', 'call')]",0.0,-858.0,0.0,tie,showdown,False,3,114.0,102.0,loose_aggressive
1571,q,k,check,"['check', 'fold']","[('p1', 'check'), ('p2', 'max_raise'), ('p1', 'fold')]",-6.0,-864.0,24.0,p2,fold,False,3,114.0,102.0,loose_aggressive
1572,k,k,check,"['check', 'call']","[('p1', 'check'), ('p2', 'max_raise'), ('p1', 'call')]",0.0,-864.0,0.0,tie,showdown,False,3,114.0,102.0,loose_aggressive
1573,q,q,check,['check'],"[('p1', 'check'), ('p2', 'check')]",0.0,-864.0,0.0,tie,showdown,False,2,114.0,114.0,loose_aggressive
1574,q,k,check,"['check', 'fold']","[('p1', 'check'), ('p2', 'max_raise'), ('p1', 'fold')]",-6.0,-870.0,24.0,p2,fold,False,3,114.0,102.0,loose_aggressive
1575,j,q,check,['check'],"[('p1', 'check'), ('p2', 'check')]",-6.0,-876.0,12.0,p2,showdown,False,2,114.0,114.0,loose_aggressive
1576,j,q,check,['check'],"[('p1', 'check'), ('p2', 'check')]",-6.0,-882.0,12.0,p2,showdown,False,2,114.0,114.0,loose_aggressive
1577,q,k,check,"['check', 'fold']","[('p1', 'check'), ('p2', 'max_raise'), ('p1', 'fold')]",-6.0,-888.0,24.0,p2,fold,False,3,114.0,102.0,loose_aggressive
1578,k,j,check,"['check', 'call']","[('p1', 'check'), ('p2', 'min_raise'), ('p1', 'call')]",12.0,-876.0,24.0,p1,showdown,False,3,114.0,108.0,loose_aggressive
1579,q,k,check,"['check', 'fold']","[('p1', 'check'), ('p2', 'max_raise'), ('p1', 'fold')]",-6.0,-882.0,24.0,p2,fold,False,3,114.0,102.0,loose_aggressive
1580,j,q,check,['check'],"[('p1', 'check'), ('p2', 'check')]",-6.0,-888.0,12.0,p2,showdown,False,2,114.0,114.0,loose_aggressive
1581,q,j,check,['check'],"[('p1', 'check'), ('p2', 'check')]",6.0,-882.0,12.0,p1,showdown,False,2,114.0,114.0,loose_aggressive
1582,q,q,check,['check'],"[('p1', 'check'), ('p2', 'check')]",0.0,-882.0,0.0,tie,showdown,False,2,114.0,114.0,loose_aggressive
1583,q,k,check,"['check', 'fold']","[('p1', 'check'), ('p2', 'max_raise'), ('p1', 'fold')]",-6.0,-888.0,24.0,p2,fold,False,3,114.0,102.0,loose_aggressive
1584,q,k,check,"['check', 'fold']","[('p1', 'check'), ('p2', 'max_raise'), ('p1', 'fold')]",-6.0,-894.0,24.0,p2,fold,False,3,114.0,102.0,loose_aggressive
1585,q,q,check,['check'],"[('p1', 'check'), ('p2', 'check')]",0.0,-894.0,0.0,tie,showdown,False,2,114.0,114.0,loose_aggressive
1586,k,j,check,"['check', 'call']","[('p1', 'check'), ('p2', 'min_raise'), ('p1', 'call')]",12.0,-882.0,24.0,p1,showdown,False,3,114.0,108.0,loose_aggressive
1587,k,j,check,['check'],"[('p1', 'check'), ('p2', 'check')]",6.0,-876.0,12.0,p1,showdown,False,2,114.0,114.0,loose_aggressive
1588,q,q,check,['check'],"[('p1', 'check'), ('p2', 'check')]",0.0,-876.0,0.0,tie,showdown,False,2,114.0,114.0,loose_aggressive
1589,q,q,check,['check'],"[('p1', 'check'), ('p2', 'check')]",0.0,-876.0,0.0,tie,showdown,False,2,114.0,114.0,loose_aggressive
1590,q,k,check,"['check', 'fold']","[('p1', 'check'), ('p2', 'max_raise'), ('p1', 'fold')]",-6.0,-882.0,24.0,p2,fold,False,3,114.0,102.0,loose_aggressive
1591,k,j,check,['check'],"[('p1', 'check'), ('p2', 'check')]",6.0,-876.0,12.0,p1,showdown,False,2,114.0,114.0,loose_aggressive
1592,q,q,check,['check'],"[('p1', 'check'), ('p2', 'check')]",0.0,-876.0,0.0,tie,showdown,False,2,114.0,114.0,loose_aggressive
1593,q,k,check,"['check', 'fold']","[('p1', 'check'), ('p2', 'max_raise'), ('p1', 'fold')]",-6.0,-882.0,24.0,p2,fold,False,3,114.0,102.0,loose_aggressive
1594,q,k,check,"['check', 'fold']","[('p1', 'check'), ('p2', 'max_raise'), ('p1', 'fold')]",-6.0,-888.0,24.0,p2,fold,False,3,114.0,102.0,loose_aggressive
1595,q,j,check,['check'],"[('p1', 'check'), ('p2', 'check')]",6.0,-882.0,12.0,p1,showdown,False,2,114.0,114.0,loose_aggressive
1596,j,j,check,['check'],"[('p1', 'check'), ('p2', 'check')]",0.0,-882.0,0.0,tie,showdown,False,2,114.0,114.0,loose_aggressive
1597,q,k,check,"['check', 'fold']","[('p1', 'check'), ('p2', 'max_raise'), ('p1', 'fold')]",-6.0,-888.0,24.0,p2,fold,False,3,114.0,102.0,loose_aggressive
1598,q,k,check,"['check', 'fold']","[('p1', 'check'), ('p2', 'max_raise'), ('p1', 'fold')]",-6.0,-894.0,24.0,p2,fold,False,3,114.0,102.0,loose_aggressive
1599,k,j,check,['check'],"[('p1', 'check'), ('p2', 'check')]",6.0,-888.0,12.0,p1,showdown,False,2,114.0,114.0,loose_aggressive
1600,k,k,check,"['check', 'call']","[('p1', 'check'), ('p2', 'max_raise'), ('p1', 'call')]",0.0,-888.0,0.0,tie,showdown,False,3,114.0,102.0,loose_aggressive
1601,k,k,check,"['check', 'call']","[('p1', 'check'), ('p2', 'max_raise'), ('p1', 'call')]",0.0,-888.0,0.0,tie,showdown,False,3,114.0,102.0,loose_aggressive
1602,k,k,check,"['check', 'call']","[('p1', 'check'), ('p2', 'max_raise'), ('p1', 'call')]",0.0,-888.0,0.0,tie,showdown,False,3,114.0,102.0,loose_aggressive
1603,q,j,check,"['check', 'call']","[('p1', 'check'), ('p2', 'min_raise'), ('p1', 'call')]",12.0,-876.0,24.0,p1,showdown,False,3,114.0,108.0,loose_aggressive
1604,q,k,check,"['check', 'fold']","[('p1', 'check'), ('p2', 'max_raise'), ('p1', 'fold')]",-6.0,-882.0,24.0,p2,fold,False,3,114.0,102.0,loose_aggressive
1605,q,k,check,"['check', 'fold']","[('p1', 'check'), ('p2', 'max_raise'), ('p1', 'fold')]",-6.0,-888.0,24.0,p2,fold,False,3,114.0,102.0,loose_aggressive
1606,k,k,check,"['check', 'call']","[('p1', 'check'), ('p2', 'max_raise'), ('p1', 'call')]",0.0,-888.0,0.0,tie,showdown,False,3,114.0,102.0,loose_aggressive
1607,j,j,check,"['check', 'call']","[('p1', 'check'), ('p2', 'min_raise'), ('p1', 'call')]",0.0,-888.0,0.0,tie,showdown,False,3,114.0,108.0,loose_aggressive
1608,j,q,check,['check'],"[('p1', 'check'), ('p2', 'check')]",-6.0,-894.0,12.0,p2,showdown,False,2,114.0,114.0,loose_aggressive
1609,q,j,check,"['check', 'call']","[('p1', 'check'), ('p2', 'min_raise'), ('p1', 'call')]",12.0,-882.0,24.0,p1,showdown,False,3,114.0,108.0,loose_aggressive
1610,q,q,check,['check'],"[('p1', 'check'), ('p2', 'check')]",0.0,-882.0,0.0,tie,showdown,False,2,114.0,114.0,loose_aggressive
1611,j,k,check,"['check', 'fold']","[('p1', 'check'), ('p2', 'max_raise'), ('p1', 'fold')]",-6.0,-888.0,24.0,p2,fold,False,3,114.0,102.0,loose_aggressive
1612,k,k,check,"['check', 'call']","[('p1', 'check'), ('p2', 'max_raise'), ('p1', 'call')]",0.0,-888.0,0.0,tie,showdown,False,3,114.0,102.0,loose_aggressive
1613,j,q,check,['check'],"[('p1', 'check'), ('p2', 'check')]",-6.0,-894.0,12.0,p2,showdown,False,2,114.0,114.0,loose_aggressive
1614,j,q,check,['check'],"[('p1', 'check'), ('p2', 'check')]",-6.0,-900.0,12.0,p2,showdown,False,2,114.0,114.0,loose_aggressive
1615,q,j,check,['check'],"[('p1', 'check'), ('p2', 'check')]",6.0,-894.0,12.0,p1,showdown,False,2,114.0,114.0,loose_aggressive
1616,q,q,check,['check'],"[('p1', 'check'), ('p2', 'check')]",0.0,-894.0,0.0,tie,showdown,False,2,114.0,114.0,loose_aggressive
1617,j,k,check,"['check', 'fold']","[('p1', 'check'), ('p2', 'max_raise'), ('p1', 'fold')]",-6.0,-900.0,24.0,p2,fold,False,3,114.0,102.0,loose_aggressive
1618,j,k,check,"['check', 'fold']","[('p1', 'check'), ('p2', 'max_raise'), ('p1', 'fold')]",-6.0,-906.0,24.0,p2,fold,False,3,114.0,102.0,loose_aggressive
1619,j,k,check,"['check', 'fold']","[('p1', 'check'), ('p2', 'max_raise'), ('p1', 'fold')]",-6.0,-912.0,24.0,p2,fold,False,3,114.0,102.0,loose_aggressive
1620,q,k,check,"['check', 'fold']","[('p1', 'check'), ('p2', 'max_raise'), ('p1', 'fold')]",-6.0,-918.0,24.0,p2,fold,False,3,114.0,102.0,loose_aggressive
1621,j,q,check,['check'],"[('p1', 'check'), ('p2', 'check')]",-6.0,-924.0,12.0,p2,showdown,False,2,114.0,114.0,loose_aggressive
1622,q,q,check,['check'],"[('p1', 'check'), ('p2', 'check')]",0.0,-924.0,0.0,tie,showdown,False,2,114.0,114.0,loose_aggressive
1623,q,q,check,['check'],"[('p1', 'check'), ('p2', 'check')]",0.0,-924.0,0.0,tie,showdown,False,2,114.0,114.0,loose_aggressive
1624,j,j,check,['check'],"[('p1', 'check'), ('p2', 'check')]",0.0,-924.0,0.0,tie,showdown,False,2,114.0,114.0,loose_aggressive
1625,j,q,check,['check'],"[('p1', 'check'), ('p2', 'check')]",-6.0,-930.0,12.0,p2,showdown,False,2,114.0,114.0,loose_aggressive
1626,q,q,check,['check'],"[('p1', 'check'), ('p2', 'check')]",0.0,-930.0,0.0,tie,showdown,False,2,114.0,114.0,loose_aggressive
1627,j,j,check,['check'],"[('p1', 'check'), ('p2', 'check')]",0.0,-930.0,0.0,tie,showdown,False,2,114.0,114.0,loose_aggressive
1628,j,j,check,['check'],"[('p1', 'check'), ('p2', 'check')]",0.0,-930.0,0.0,tie,showdown,False,2,114.0,114.0,loose_aggressive
1629,k,j,check,['check'],"[('p1', 'check'), ('p2', 'check')]",6.0,-924.0,12.0,p1,showdown,False,2,114.0,114.0,loose_aggressive
1630,k,q,check,['check'],"[('p1', 'check'), ('p2', 'check')]",6.0,-918.0,12.0,p1,showdown,False,2,114.0,114.0,loose_aggressive
1631,j,k,check,"['check', 'fold']","[('p1', 'check'), ('p2', 'max_raise'), ('p1', 'fold')]",-6.0,-924.0,24.0,p2,fold,False,3,114.0,102.0,loose_aggressive
1632,k,j,check,['check'],"[('p1', 'check'), ('p2', 'check')]",6.0,-918.0,12.0,p1,showdown,False,2,114.0,114.0,loose_aggressive
1633,k,k,check,"['check', 'call']","[('p1', 'check'), ('p2', 'max_raise'), ('p1', 'call')]",0.0,-918.0,0.0,tie,showdown,False,3,114.0,102.0,loose_aggressive
1634,j,q,check,['check'],"[('p1', 'check'), ('p2', 'check')]",-6.0,-924.0,12.0,p2,showdown,False,2,114.0,114.0,loose_aggressive
1635,q,q,check,['check'],"[('p1', 'check'), ('p2', 'check')]",0.0,-924.0,0.0,tie,showdown,False,2,114.0,114.0,loose_aggressive
1636,j,k,check,"['check', 'fold']","[('p1', 'check'), ('p2', 'max_raise'), ('p1', 'fold')]",-6.0,-930.0,24.0,p2,fold,False,3,114.0,102.0,loose_aggressive
1637,q,k,check,"['check', 'fold']","[('p1', 'check'), ('p2', 'max_raise'), ('p1', 'fold')]",-6.0,-936.0,24.0,p2,fold,False,3,114.0,102.0,loose_aggressive
1638,j,q,check,['check'],"[('p1', 'check'), ('p2', 'check')]",-6.0,-942.0,12.0,p2,showdown,False,2,114.0,114.0,loose_aggressive
1639,j,k,check,"['check', 'fold']","[('p1', 'check'), ('p2', 'max_raise'), ('p1', 'fold')]",-6.0,-948.0,24.0,p2,fold,False,3,114.0,102.0,loose_aggressive
1640,q,j,check,['check'],"[('p1', 'check'), ('p2', 'check')]",6.0,-942.0,12.0,p1,showdown,False,2,114.0,114.0,loose_aggressive
1641,q,j,check,['check'],"[('p1', 'check'), ('p2', 'check')]",6.0,-936.0,12.0,p1,showdown,False,2,114.0,114.0,loose_aggressive
1642,k,j,check,"['check', 'call']","[('p1', 'check'), ('p2', 'min_raise'), ('p1', 'call')]",12.0,-924.0,24.0,p1,showdown,False,3,114.0,108.0,loose_aggressive
1643,k,k,check,"['check', 'call']","[('p1', 'check'), ('p2', 'max_raise'), ('p1', 'call')]",0.0,-924.0,0.0,tie,showdown,False,3,114.0,102.0,loose_aggressive
1644,q,j,check,"['check', 'call']","[('p1', 'check'), ('p2', 'min_raise'), ('p1', 'call')]",12.0,-912.0,24.0,p1,showdown,False,3,114.0,108.0,loose_aggressive
1645,j,q,check,['check'],"[('p1', 'check'), ('p2', 'check')]",-6.0,-918.0,12.0,p2,showdown,False,2,114.0,114.0,loose_aggressive
1646,k,j,check,"['check', 'call']","[('p1', 'check'), ('p2', 'min_raise'), ('p1', 'call')]",12.0,-906.0,24.0,p1,showdown,False,3,114.0,108.0,loose_aggressive
1647,j,q,check,['check'],"[('p1', 'check'), ('p2', 'check')]",-6.0,-912.0,12.0,p2,showdown,False,2,114.0,114.0,loose_aggressive
1648,q,k,check,"['check', 'fold']","[('p1', 'check'), ('p2', 'max_raise'), ('p1', 'fold')]",-6.0,-918.0,24.0,p2,fold,False,3,114.0,102.0,loose_aggressive
1649,k,q,check,['check'],"[('p1', 'check'), ('p2', 'check')]",6.0,-912.0,12.0,p1,showdown,False,2,114.0,114.0,loose_aggressive
1650,j,q,check,['check'],"[('p1', 'check'), ('p2', 'check')]",-6.0,-918.0,12.0,p2,showdown,False,2,114.0,114.0,loose_aggressive
1651,k,j,check,"['check', 'call']","[('p1', 'check'), ('p2', 'min_raise'), ('p1', 'call')]",12.0,-906.0,24.0,p1,showdown,False,3,114.0,108.0,loose_aggressive
1652,j,k,check,"['check', 'fold']","[('p1', 'check'), ('p2', 'max_raise'), ('p1', 'fold')]",-6.0,-912.0,24.0,p2,fold,False,3,114.0,102.0,loose_aggressive
1653,k,k,check,"['check', 'call']","[('p1', 'check'), ('p2', 'max_raise'), ('p1', 'call')]",0.0,-912.0,0.0,tie,showdown,False,3,114.0,102.0,loose_aggressive
1654,j,q,check,['check'],"[('p1', 'check'), ('p2', 'check')]",-6.0,-918.0,12.0,p2,showdown,False,2,114.0,114.0,loose_aggressive
1655,k,q,check,['check'],"[('p1', 'check'), ('p2', 'check')]",6.0,-912.0,12.0,p1,showdown,False,2,114.0,114.0,loose_aggressive
1656,k,q,check,['check'],"[('p1', 'check'), ('p2', 'check')]",6.0,-906.0,12.0,p1,showdown,False,2,114.0,114.0,loose_aggressive
1657,q,j,check,['check'],"[('p1', 'check'), ('p2', 'check')]",6.0,-900.0,12.0,p1,showdown,False,2,114.0,114.0,loose_aggressive
1658,k,q,check,['check'],"[('p1', 'check'), ('p2', 'check')]",6.0,-894.0,12.0,p1,showdown,False,2,114.0,114.0,loose_aggressive
1659,j,q,check,['check'],"[('p1', 'check'), ('p2', 'check')]",-6.0,-900.0,12.0,p2,showdown,False,2,114.0,114.0,loose_aggressive
1660,k,q,check,['check'],"[('p1', 'check'), ('p2', 'check')]",6.0,-894.0,12.0,p1,showdown,False,2,114.0,114.0,loose_aggressive
1661,q,q,check,['check'],"[('p1', 'check'), ('p2', 'check')]",0.0,-894.0,0.0,tie,showdown,False,2,114.0,114.0,loose_aggressive
1662,q,k,check,"['check', 'fold']","[('p1', 'check'), ('p2', 'max_raise'), ('p1', 'fold')]",-6.0,-900.0,24.0,p2,fold,False,3,114.0,102.0,loose_aggressive
1663,q,j,check,['check'],"[('p1', 'check'), ('p2', 'check')]",6.0,-894.0,12.0,p1,showdown,False,2,114.0,114.0,loose_aggressive
1664,j,j,check,"['check', 'call']","[('p1', 'check'), ('p2', 'min_raise'), ('p1', 'call')]",0.0,-894.0,0.0,tie,showdown,False,3,114.0,108.0,loose_aggressive
1665,q,q,check,['check'],"[('p1', 'check'), ('p2', 'check')]",0.0,-894.0,0.0,tie,showdown,False,2,114.0,114.0,loose_aggressive
1666,k,q,check,['check'],"[('p1', 'check'), ('p2', 'check')]",6.0,-888.0,12.0,p1,showdown,False,2,114.0,114.0,loose_aggressive
1667,k,k,check,"['check', 'call']","[('p1', 'check'), ('p2', 'max_raise'), ('p1', 'call')]",0.0,-888.0,0.0,tie,showdown,False,3,114.0,102.0,loose_aggressive
1668,k,q,check,['check'],"[('p1', 'check'), ('p2', 'check')]",6.0,-882.0,12.0,p1,showdown,False,2,114.0,114.0,loose_aggressive
1669,q,k,check,"['check', 'fold']","[('p1', 'check'), ('p2', 'max_raise'), ('p1', 'fold')]",-6.0,-888.0,24.0,p2,fold,False,3,114.0,102.0,loose_aggressive
1670,j,k,check,"['check', 'fold']","[('p1', 'check'), ('p2', 'max_raise'), ('p1', 'fold')]",-6.0,-894.0,24.0,p2,fold,False,3,114.0,102.0,loose_aggressive
1671,q,k,check,"['check', 'fold']","[('p1', 'check'), ('p2', 'max_raise'), ('p1', 'fold')]",-6.0,-900.0,24.0,p2,fold,False,3,114.0,102.0,loose_aggressive
1672,k,k,check,"['check', 'call']","[('p1', 'check'), ('p2', 'max_raise'), ('p1', 'call')]",0.0,-900.0,0.0,tie,showdown,False,3,114.0,102.0,loose_aggressive
1673,j,q,check,['check'],"[('p1', 'check'), ('p2', 'check')]",-6.0,-906.0,12.0,p2,showdown,False,2,114.0,114.0,loose_aggressive
1674,q,j,check,['check'],"[('p1', 'check'), ('p2', 'check')]",6.0,-900.0,12.0,p1,showdown,False,2,114.0,114.0,loose_aggressive
1675,k,q,check,['check'],"[('p1', 'check'), ('p2', 'check')]",6.0,-894.0,12.0,p1,showdown,False,2,114.0,114.0,loose_aggressive
1676,j,k,check,"['check', 'fold']","[('p1', 'check'), ('p2', 'max_raise'), ('p1', 'fold')]",-6.0,-900.0,24.0,p2,fold,False,3,114.0,102.0,loose_aggressive
1677,k,q,check,['check'],"[('p1', 'check'), ('p2', 'check')]",6.0,-894.0,12.0,p1,showdown,False,2,114.0,114.0,loose_aggressive
1678,k,k,check,"['check', 'call']","[('p1', 'check'), ('p2', 'max_raise'), ('p1', 'call')]",0.0,-894.0,0.0,tie,showdown,False,3,114.0,102.0,loose_aggressive
1679,k,k,check,"['check', 'call']","[('p1', 'check'), ('p2', 'max_raise'), ('p1', 'call')]",0.0,-894.0,0.0,tie,showdown,False,3,114.0,102.0,loose_aggressive
1680,k,j,check,['check'],"[('p1', 'check'), ('p2', 'check')]",6.0,-888.0,12.0,p1,showdown,False,2,114.0,114.0,loose_aggressive
1681,j,q,check,['check'],"[('p1', 'check'), ('p2', 'check')]",-6.0,-894.0,12.0,p2,showdown,False,2,114.0,114.0,loose_aggressive
1682,q,k,check,"['check', 'fold']","[('p1', 'check'), ('p2', 'max_raise'), ('p1', 'fold')]",-6.0,-900.0,24.0,p2,fold,False,3,114.0,102.0,loose_aggressive
1683,j,q,check,['check'],"[('p1', 'check'), ('p2', 'check')]",-6.0,-906.0,12.0,p2,showdown,False,2,114.0,114.0,loose_aggressive
1684,j,q,check,['check'],"[('p1', 'check'), ('p2', 'check')]",-6.0,-912.0,12.0,p2,showdown,False,2,114.0,114.0,loose_aggressive
1685,k,j,check,"['check', 'call']","[('p1', 'check'), ('p2', 'min_raise'), ('p1', 'call')]",12.0,-900.0,24.0,p1,showdown,False,3,114.0,108.0,loose_aggressive
1686,q,k,check,"['check', 'fold']","[('p1', 'check'), ('p2', 'max_raise'), ('p1', 'fold')]",-6.0,-906.0,24.0,p2,fold,False,3,114.0,102.0,loose_aggressive
1687,j,q,check,['check'],"[('p1', 'check'), ('p2', 'check')]",-6.0,-912.0,12.0,p2,showdown,False,2,114.0,114.0,loose_aggressive
1688,j,j,check,['check'],"[('p1', 'check'), ('p2', 'check')]",0.0,-912.0,0.0,tie,showdown,False,2,114.0,114.0,loose_aggressive
1689,k,j,check,['check'],"[('p1', 'check'), ('p2', 'check')]",6.0,-906.0,12.0,p1,showdown,False,2,114.0,114.0,loose_aggressive
1690,q,q,check,['check'],"[('p1', 'check'), ('p2', 'check')]",0.0,-906.0,0.0,tie,showdown,False,2,114.0,114.0,loose_aggressive
1691,j,j,check,"['check', 'call']","[('p1', 'check'), ('p2', 'min_raise'), ('p1', 'call')]",0.0,-906.0,0.0,tie,showdown,False,3,114.0,108.0,loose_aggressive
1692,q,k,check,"['check', 'fold']","[('p1', 'check'), ('p2', 'max_raise'), ('p1', 'fold')]",-6.0,-912.0,24.0,p2,fold,False,3,114.0,102.0,loose_aggressive
1693,k,q,check,['check'],"[('p1', 'check'), ('p2', 'check')]",6.0,-906.0,12.0,p1,showdown,False,2,114.0,114.0,loose_aggressive
1694,q,q,check,['check'],"[('p1', 'check'), ('p2', 'check')]",0.0,-906.0,0.0,tie,showdown,False,2,114.0,114.0,loose_aggressive
1695,j,q,check,['check'],"[('p1', 'check'), ('p2', 'check')]",-6.0,-912.0,12.0,p2,showdown,False,2,114.0,114.0,loose_aggressive
1696,j,q,check,['check'],"[('p1', 'check'), ('p2', 'check')]",-6.0,-918.0,12.0,p2,showdown,False,2,114.0,114.0,loose_aggressive
1697,j,q,check,['check'],"[('p1', 'check'), ('p2', 'check')]",-6.0,-924.0,12.0,p2,showdown,False,2,114.0,114.0,loose_aggressive
1698,q,k,check,"['check', 'fold']","[('p1', 'check'), ('p2', 'max_raise'), ('p1', 'fold')]",-6.0,-930.0,24.0,p2,fold,False,3,114.0,102.0,loose_aggressive
1699,q,q,check,['check'],"[('p1', 'check'), ('p2', 'check')]",0.0,-930.0,0.0,tie,showdown,False,2,114.0,114.0,loose_aggressive
1700,k,k,check,"['check', 'call']","[('p1', 'check'), ('p2', 'max_raise'), ('p1', 'call')]",0.0,-930.0,0.0,tie,showdown,False,3,114.0,102.0,loose_aggressive
1701,j,q,check,['check'],"[('p1', 'check'), ('p2', 'check')]",-6.0,-936.0,12.0,p2,showdown,False,2,114.0,114.0,loose_aggressive
1702,k,q,check,['check'],"[('p1', 'check'), ('p2', 'check')]",6.0,-930.0,12.0,p1,showdown,False,2,114.0,114.0,loose_aggressive
1703,k,k,check,"['check', 'call']","[('p1', 'check'), ('p2', 'max_raise'), ('p1', 'call')]",0.0,-930.0,0.0,tie,showdown,False,3,114.0,102.0,loose_aggressive
1704,j,q,check,['check'],"[('p1', 'check'), ('p2', 'check')]",-6.0,-936.0,12.0,p2,showdown,False,2,114.0,114.0,loose_aggressive
1705,j,k,check,"['check', 'fold']","[('p1', 'check'), ('p2', 'max_raise'), ('p1', 'fold')]",-6.0,-942.0,24.0,p2,fold,False,3,114.0,102.0,loose_aggressive
1706,j,q,check,['check'],"[('p1', 'check'), ('p2', 'check')]",-6.0,-948.0,12.0,p2,showdown,False,2,114.0,114.0,loose_aggressive
1707,j,j,check,['check'],"[('p1', 'check'), ('p2', 'check')]",0.0,-948.0,0.0,tie,showdown,False,2,114.0,114.0,loose_aggressive
1708,q,k,check,"['check', 'fold']","[('p1', 'check'), ('p2', 'max_raise'), ('p1', 'fold')]",-6.0,-954.0,24.0,p2,fold,False,3,114.0,102.0,loose_aggressive
1709,j,q,check,['check'],"[('p1', 'check'), ('p2', 'check')]",-6.0,-960.0,12.0,p2,showdown,False,2,114.0,114.0,loose_aggressive
1710,q,j,check,['check'],"[('p1', 'check'), ('p2', 'check')]",6.0,-954.0,12.0,p1,showdown,False,2,114.0,114.0,loose_aggressive
1711,k,q,check,['check'],"[('p1', 'check'), ('p2', 'check')]",6.0,-948.0,12.0,p1,showdown,False,2,114.0,114.0,loose_aggressive
1712,q,j,check,"['check', 'call']","[('p1', 'check'), ('p2', 'min_raise'), ('p1', 'call')]",12.0,-936.0,24.0,p1,showdown,False,3,114.0,108.0,loose_aggressive
1713,k,q,check,['check'],"[('p1', 'check'), ('p2', 'check')]",6.0,-930.0,12.0,p1,showdown,False,2,114.0,114.0,loose_aggressive
1714,j,k,check,"['check', 'fold']","[('p1', 'check'), ('p2', 'max_raise'), ('p1', 'fold')]",-6.0,-936.0,24.0,p2,fold,False,3,114.0,102.0,loose_aggressive
1715,j,j,check,"['check', 'call']","[('p1', 'check'), ('p2', 'min_raise'), ('p1', 'call')]",0.0,-936.0,0.0,tie,showdown,False,3,114.0,108.0,loose_aggressive
1716,q,q,check,['check'],"[('p1', 'check'), ('p2', 'check')]",0.0,-936.0,0.0,tie,showdown,False,2,114.0,114.0,loose_aggressive
1717,k,j,check,['check'],"[('p1', 'check'), ('p2', 'check')]",6.0,-930.0,12.0,p1,showdown,False,2,114.0,114.0,loose_aggressive
1718,q,q,check,['check'],"[('p1', 'check'), ('p2', 'check')]",0.0,-930.0,0.0,tie,showdown,False,2,114.0,114.0,loose_aggressive
1719,j,q,check,['check'],"[('p1', 'check'), ('p2', 'check')]",-6.0,-936.0,12.0,p2,showdown,False,2,114.0,114.0,loose_aggressive
1720,j,j,check,['check'],"[('p1', 'check'), ('p2', 'check')]",0.0,-936.0,0.0,tie,showdown,False,2,114.0,114.0,loose_aggressive
1721,k,j,check,['check'],"[('p1', 'check'), ('p2', 'check')]",6.0,-930.0,12.0,p1,showdown,False,2,114.0,114.0,loose_aggressive
1722,j,j,check,['check'],"[('p1', 'check'), ('p2', 'check')]",0.0,-930.0,0.0,tie,showdown,False,2,114.0,114.0,loose_aggressive
1723,k,j,check,['check'],"[('p1', 'check'), ('p2', 'check')]",6.0,-924.0,12.0,p1,showdown,False,2,114.0,114.0,loose_aggressive
1724,k,k,check,"['check', 'call']","[('p1', 'check'), ('p2', 'max_raise'), ('p1', 'call')]",0.0,-924.0,0.0,tie,showdown,False,3,114.0,102.0,loose_aggressive
1725,j,k,check,"['check', 'fold']","[('p1', 'check'), ('p2', 'max_raise'), ('p1', 'fold')]",-6.0,-930.0,24.0,p2,fold,False,3,114.0,102.0,loose_aggressive
1726,j,k,check,"['check', 'fold']","[('p1', 'check'), ('p2', 'max_raise'), ('p1', 'fold')]",-6.0,-936.0,24.0,p2,fold,False,3,114.0,102.0,loose_aggressive
1727,j,k,check,"['check', 'fold']","[('p1', 'check'), ('p2', 'max_raise'), ('p1', 'fold')]",-6.0,-942.0,24.0,p2,fold,False,3,114.0,102.0,loose_aggressive
1728,q,q,check,['check'],"[('p1', 'check'), ('p2', 'check')]",0.0,-942.0,0.0,tie,showdown,False,2,114.0,114.0,loose_aggressive
1729,k,q,check,['check'],"[('p1', 'check'), ('p2', 'check')]",6.0,-936.0,12.0,p1,showdown,False,2,114.0,114.0,loose_aggressive
1730,q,j,check,"['check', 'call']","[('p1', 'check'), ('p2', 'min_raise'), ('p1', 'call')]",12.0,-924.0,24.0,p1,showdown,False,3,114.0,108.0,loose_aggressive
1731,j,j,check,['check'],"[('p1', 'check'), ('p2', 'check')]",0.0,-924.0,0.0,tie,showdown,False,2,114.0,114.0,loose_aggressive
1732,q,k,check,"['check', 'call']","[('p1', 'check'), ('p2', 'max_raise'), ('p1', 'call')]",-18.0,-942.0,36.0,p2,showdown,False,3,114.0,102.0,loose_aggressive
1733,k,k,check,"['check', 'call']","[('p1', 'check'), ('p2', 'max_raise'), ('p1', 'call')]",0.0,-942.0,0.0,tie,showdown,False,3,114.0,102.0,loose_aggressive
1734,j,k,check,"['check', 'fold']","[('p1', 'check'), ('p2', 'max_raise'), ('p1', 'fold')]",-6.0,-948.0,24.0,p2,fold,False,3,114.0,102.0,loose_aggressive
1735,k,k,check,"['check', 'call']","[('p1', 'check'), ('p2', 'max_raise'), ('p1', 'call')]",0.0,-948.0,0.0,tie,showdown,False,3,114.0,102.0,loose_aggressive
1736,q,j,check,['check'],"[('p1', 'check'), ('p2', 'check')]",6.0,-942.0,12.0,p1,showdown,False,2,114.0,114.0,loose_aggressive
1737,q,q,check,['check'],"[('p1', 'check'), ('p2', 'check')]",0.0,-942.0,0.0,tie,showdown,False,2,114.0,114.0,loose_aggressive
1738,k,q,check,['check'],"[('p1', 'check'), ('p2', 'check')]",6.0,-936.0,12.0,p1,showdown,False,2,114.0,114.0,loose_aggressive
1739,q,j,check,"['check', 'call']","[('p1', 'check'), ('p2', 'min_raise'), ('p1', 'call')]",12.0,-924.0,24.0,p1,showdown,False,3,114.0,108.0,loose_aggressive
1740,j,j,check,['check'],"[('p1', 'check'), ('p2', 'check')]",0.0,-924.0,0.0,tie,showdown,False,2,114.0,114.0,loose_aggressive
1741,q,k,check,"['check', 'call']","[('p1', 'check'), ('p2', 'max_raise'), ('p1', 'call')]",-18.0,-942.0,36.0,p2,showdown,False,3,114.0,102.0,loose_aggressive
1742,j,q,check,['check'],"[('p1', 'check'), ('p2', 'check')]",-6.0,-948.0,12.0,p2,showdown,False,2,114.0,114.0,loose_aggressive
1743,k,j,check,['check'],"[('p1', 'check'), ('p2', 'check')]",6.0,-942.0,12.0,p1,showdown,False,2,114.0,114.0,loose_aggressive
1744,j,j,check,['check'],"[('p1', 'check'), ('p2', 'check')]",0.0,-942.0,0.0,tie,showdown,False,2,114.0,114.0,loose_aggressive
1745,j,q,check,['check'],"[('p1', 'check'), ('p2', 'check')]",-6.0,-948.0,12.0,p2,showdown,False,2,114.0,114.0,loose_aggressive
1746,q,j,check,"['check', 'call']","[('p1', 'check'), ('p2', 'min_raise'), ('p1', 'call')]",12.0,-936.0,24.0,p1,showdown,False,3,114.0,108.0,loose_aggressive
1747,q,k,check,"['check', 'call']","[('p1', 'check'), ('p2', 'max_raise'), ('p1', 'call')]",-18.0,-954.0,36.0,p2,showdown,False,3,114.0,102.0,loose_aggressive
1748,j,q,check,['check'],"[('p1', 'check'), ('p2', 'check')]",-6.0,-960.0,12.0,p2,showdown,False,2,114.0,114.0,loose_aggressive
1749,j,j,check,['check'],"[('p1', 'check'), ('p2', 'check')]",0.0,-960.0,0.0,tie,showdown,False,2,114.0,114.0,loose_aggressive
1750,k,k,check,"['check', 'call']","[('p1', 'check'), ('p2', 'max_raise'), ('p1', 'call')]",0.0,-960.0,0.0,tie,showdown,False,3,114.0,102.0,loose_aggressive
1751,j,k,check,"['check', 'fold']","[('p1', 'check'), ('p2', 'max_raise'), ('p1', 'fold')]",-6.0,-966.0,24.0,p2,fold,False,3,114.0,102.0,loose_aggressive
1752,j,q,check,['check'],"[('p1', 'check'), ('p2', 'check')]",-6.0,-972.0,12.0,p2,showdown,False,2,114.0,114.0,loose_aggressive
1753,q,k,check,"['check', 'fold']","[('p1', 'check'), ('p2', 'max_raise'), ('p1', 'fold')]",-6.0,-978.0,24.0,p2,fold,False,3,114.0,102.0,loose_aggressive
1754,k,j,check,['check'],"[('p1', 'check'), ('p2', 'check')]",6.0,-972.0,12.0,p1,showdown,False,2,114.0,114.0,loose_aggressive
1755,k,q,check,['check'],"[('p1', 'check'), ('p2', 'check')]",6.0,-966.0,12.0,p1,showdown,False,2,114.0,114.0,loose_aggressive
1756,q,q,check,['check'],"[('p1', 'check'), ('p2', 'check')]",0.0,-966.0,0.0,tie,showdown,False,2,114.0,114.0,loose_aggressive
1757,q,k,check,"['check', 'fold']","[('p1', 'check'), ('p2', 'max_raise'), ('p1', 'fold')]",-6.0,-972.0,24.0,p2,fold,False,3,114.0,102.0,loose_aggressive
1758,k,j,check,['check'],"[('p1', 'check'), ('p2', 'check')]",6.0,-966.0,12.0,p1,showdown,False,2,114.0,114.0,loose_aggressive
1759,j,k,check,"['check', 'fold']","[('p1', 'check'), ('p2', 'max_raise'), ('p1', 'fold')]",-6.0,-972.0,24.0,p2,fold,False,3,114.0,102.0,loose_aggressive
1760,j,j,check,['check'],"[('p1', 'check'), ('p2', 'check')]",0.0,-972.0,0.0,tie,showdown,False,2,114.0,114.0,loose_aggressive
1761,j,k,check,"['check', 'fold']","[('p1', 'check'), ('p2', 'max_raise'), ('p1', 'fold')]",-6.0,-978.0,24.0,p2,fold,False,3,114.0,102.0,loose_aggressive
1762,j,j,check,['check'],"[('p1', 'check'), ('p2', 'check')]",0.0,-978.0,0.0,tie,showdown,False,2,114.0,114.0,loose_aggressive
1763,q,k,check,"['check', 'fold']","[('p1', 'check'), ('p2', 'max_raise'), ('p1', 'fold')]",-6.0,-984.0,24.0,p2,fold,False,3,114.0,102.0,loose_aggressive
1764,k,j,check,['check'],"[('p1', 'check'), ('p2', 'check')]",6.0,-978.0,12.0,p1,showdown,False,2,114.0,114.0,loose_aggressive
1765,j,j,check,['check'],"[('p1', 'check'), ('p2', 'check')]",0.0,-978.0,0.0,tie,showdown,False,2,114.0,114.0,loose_aggressive
1766,k,k,check,"['check', 'call']","[('p1', 'check'), ('p2', 'max_raise'), ('p1', 'call')]",0.0,-978.0,0.0,tie,showdown,False,3,114.0,102.0,loose_aggressive
1767,k,k,check,"['check', 'call']","[('p1', 'check'), ('p2', 'max_raise'), ('p1', 'call')]",0.0,-978.0,0.0,tie,showdown,False,3,114.0,102.0,loose_aggressive
1768,j,k,check,"['check', 'fold']","[('p1', 'check'), ('p2', 'max_raise'), ('p1', 'fold')]",-6.0,-984.0,24.0,p2,fold,False,3,114.0,102.0,loose_aggressive
1769,k,q,check,['check'],"[('p1', 'check'), ('p2', 'check')]",6.0,-978.0,12.0,p1,showdown,False,2,114.0,114.0,loose_aggressive
1770,k,j,check,['check'],"[('p1', 'check'), ('p2', 'check')]",6.0,-972.0,12.0,p1,showdown,False,2,114.0,114.0,loose_aggressive
1771,k,q,check,['check'],"[('p1', 'check'), ('p2', 'check')]",6.0,-966.0,12.0,p1,showdown,False,2,114.0,114.0,loose_aggressive
1772,j,q,check,['check'],"[('p1', 'check'), ('p2', 'check')]",-6.0,-972.0,12.0,p2,showdown,False,2,114.0,114.0,loose_aggressive
1773,j,k,check,"['check', 'fold']","[('p1', 'check'), ('p2', 'max_raise'), ('p1', 'fold')]",-6.0,-978.0,24.0,p2,fold,False,3,114.0,102.0,loose_aggressive
1774,k,k,check,"['check', 'call']","[('p1', 'check'), ('p2', 'max_raise'), ('p1', 'call')]",0.0,-978.0,0.0,tie,showdown,False,3,114.0,102.0,loose_aggressive
1775,k,k,check,"['check', 'call']","[('p1', 'check'), ('p2', 'max_raise'), ('p1', 'call')]",0.0,-978.0,0.0,tie,showdown,False,3,114.0,102.0,loose_aggressive
1776,j,j,check,['check'],"[('p1', 'check'), ('p2', 'check')]",0.0,-978.0,0.0,tie,showdown,False,2,114.0,114.0,loose_aggressive
1777,j,q,check,['check'],"[('p1', 'check'), ('p2', 'check')]",-6.0,-984.0,12.0,p2,showdown,False,2,114.0,114.0,loose_aggressive
1778,q,q,check,['check'],"[('p1', 'check'), ('p2', 'check')]",0.0,-984.0,0.0,tie,showdown,False,2,114.0,114.0,loose_aggressive
1779,q,j,check,"['check', 'call']","[('p1', 'check'), ('p2', 'min_raise'), ('p1', 'call')]",12.0,-972.0,24.0,p1,showdown,False,3,114.0,108.0,loose_aggressive
1780,q,q,check,['check'],"[('p1', 'check'), ('p2', 'check')]",0.0,-972.0,0.0,tie,showdown,False,2,114.0,114.0,loose_aggressive
1781,k,q,check,['check'],"[('p1', 'check'), ('p2', 'check')]",6.0,-966.0,12.0,p1,showdown,False,2,114.0,114.0,loose_aggressive
1782,j,q,check,['check'],"[('p1', 'check'), ('p2', 'check')]",-6.0,-972.0,12.0,p2,showdown,False,2,114.0,114.0,loose_aggressive
1783,k,k,check,"['check', 'call']","[('p1', 'check'), ('p2', 'max_raise'), ('p1', 'call')]",0.0,-972.0,0.0,tie,showdown,False,3,114.0,102.0,loose_aggressive
1784,j,j,check,['check'],"[('p1', 'check'), ('p2', 'check')]",0.0,-972.0,0.0,tie,showdown,False,2,114.0,114.0,loose_aggressive
1785,j,q,check,['check'],"[('p1', 'check'), ('p2', 'check')]",-6.0,-978.0,12.0,p2,showdown,False,2,114.0,114.0,loose_aggressive
1786,j,j,check,['check'],"[('p1', 'check'), ('p2', 'check')]",0.0,-978.0,0.0,tie,showdown,False,2,114.0,114.0,loose_aggressive
1787,q,k,check,"['check', 'fold']","[('p1', 'check'), ('p2', 'max_raise'), ('p1', 'fold')]",-6.0,-984.0,24.0,p2,fold,False,3,114.0,102.0,loose_aggressive
1788,k,j,check,['check'],"[('p1', 'check'), ('p2', 'check')]",6.0,-978.0,12.0,p1,showdown,False,2,114.0,114.0,loose_aggressive
1789,q,k,check,"['check', 'fold']","[('p1', 'check'), ('p2', 'max_raise'), ('p1', 'fold')]",-6.0,-984.0,24.0,p2,fold,False,3,114.0,102.0,loose_aggressive
1790,q,j,check,['check'],"[('p1', 'check'), ('p2', 'check')]",6.0,-978.0,12.0,p1,showdown,False,2,114.0,114.0,loose_aggressive
1791,k,q,check,['check'],"[('p1', 'check'), ('p2', 'check')]",6.0,-972.0,12.0,p1,showdown,False,2,114.0,114.0,loose_aggressive
1792,k,j,check,['check'],"[('p1', 'check'), ('p2', 'check')]",6.0,-966.0,12.0,p1,showdown,False,2,114.0,114.0,loose_aggressive
1793,j,j,check,['check'],"[('p1', 'check'), ('p2', 'check')]",0.0,-966.0,0.0,tie,showdown,False,2,114.0,114.0,loose_aggressive
1794,j,k,check,"['check', 'fold']","[('p1', 'check'), ('p2', 'max_raise'), ('p1', 'fold')]",-6.0,-972.0,24.0,p2,fold,False,3,114.0,102.0,loose_aggressive
1795,j,k,check,"['check', 'fold']","[('p1', 'check'), ('p2', 'max_raise'), ('p1', 'fold')]",-6.0,-978.0,24.0,p2,fold,False,3,114.0,102.0,loose_aggressive
1796,k,k,check,"['check', 'call']","[('p1', 'check'), ('p2', 'max_raise'), ('p1', 'call')]",0.0,-978.0,0.0,tie,showdown,False,3,114.0,102.0,loose_aggressive
1797,j,k,check,"['check', 'fold']","[('p1', 'check'), ('p2', 'max_raise'), ('p1', 'fold')]",-6.0,-984.0,24.0,p2,fold,False,3,114.0,102.0,loose_aggressive
1798,k,q,check,['check'],"[('p1', 'check'), ('p2', 'check')]",6.0,-978.0,12.0,p1,showdown,False,2,114.0,114.0,loose_aggressive
1799,q,k,check,"['check', 'fold']","[('p1', 'check'), ('p2', 'max_raise'), ('p1', 'fold')]",-6.0,-984.0,24.0,p2,fold,False,3,114.0,102.0,loose_aggressive
1800,j,j,check,['check'],"[('p1', 'check'), ('p2', 'check')]",0.0,-984.0,0.0,tie,showdown,False,2,114.0,114.0,loose_aggressive
1801,j,q,check,['check'],"[('p1', 'check'), ('p2', 'check')]",-6.0,-990.0,12.0,p2,showdown,False,2,114.0,114.0,loose_aggressive
1802,k,k,check,"['check', 'call']","[('p1', 'check'), ('p2', 'max_raise'), ('p1', 'call')]",0.0,-990.0,0.0,tie,showdown,False,3,114.0,102.0,loose_aggressive
1803,k,q,check,['check'],"[('p1', 'check'), ('p2', 'check')]",6.0,-984.0,12.0,p1,showdown,False,2,114.0,114.0,loose_aggressive
1804,k,q,check,['check'],"[('p1', 'check'), ('p2', 'check')]",6.0,-978.0,12.0,p1,showdown,False,2,114.0,114.0,loose_aggressive
1805,j,j,check,"['check', 'call']","[('p1', 'check'), ('p2', 'min_raise'), ('p1', 'call')]",0.0,-978.0,0.0,tie,showdown,False,3,114.0,108.0,loose_aggressive
1806,q,j,check,['check'],"[('p1', 'check'), ('p2', 'check')]",6.0,-972.0,12.0,p1,showdown,False,2,114.0,114.0,loose_aggressive
1807,q,j,check,['check'],"[('p1', 'check'), ('p2', 'check')]",6.0,-966.0,12.0,p1,showdown,False,2,114.0,114.0,loose_aggressive
1808,j,q,check,['check'],"[('p1', 'check'), ('p2', 'check')]",-6.0,-972.0,12.0,p2,showdown,False,2,114.0,114.0,loose_aggressive
1809,k,k,check,"['check', 'call']","[('p1', 'check'), ('p2', 'max_raise'), ('p1', 'call')]",0.0,-972.0,0.0,tie,showdown,False,3,114.0,102.0,loose_aggressive
1810,k,k,check,"['check', 'call']","[('p1', 'check'), ('p2', 'max_raise'), ('p1', 'call')]",0.0,-972.0,0.0,tie,showdown,False,3,114.0,102.0,loose_aggressive
1811,k,q,check,['check'],"[('p1', 'check'), ('p2', 'check')]",6.0,-966.0,12.0,p1,showdown,False,2,114.0,114.0,loose_aggressive
1812,j,q,check,['check'],"[('p1', 'check'), ('p2', 'check')]",-6.0,-972.0,12.0,p2,showdown,False,2,114.0,114.0,loose_aggressive
1813,q,k,check,"['check', 'fold']","[('p1', 'check'), ('p2', 'max_raise'), ('p1', 'fold')]",-6.0,-978.0,24.0,p2,fold,False,3,114.0,102.0,loose_aggressive
1814,q,j,check,['check'],"[('p1', 'check'), ('p2', 'check')]",6.0,-972.0,12.0,p1,showdown,False,2,114.0,114.0,loose_aggressive
1815,q,k,check,"['check', 'fold']","[('p1', 'check'), ('p2', 'max_raise'), ('p1', 'fold')]",-6.0,-978.0,24.0,p2,fold,False,3,114.0,102.0,loose_aggressive
1816,j,k,check,"['check', 'fold']","[('p1', 'check'), ('p2', 'max_raise'), ('p1', 'fold')]",-6.0,-984.0,24.0,p2,fold,False,3,114.0,102.0,loose_aggressive
1817,j,q,check,['check'],"[('p1', 'check'), ('p2', 'check')]",-6.0,-990.0,12.0,p2,showdown,False,2,114.0,114.0,loose_aggressive
1818,k,q,check,['check'],"[('p1', 'check'), ('p2', 'check')]",6.0,-984.0,12.0,p1,showdown,False,2,114.0,114.0,loose_aggressive
1819,k,q,check,['check'],"[('p1', 'check'), ('p2', 'check')]",6.0,-978.0,12.0,p1,showdown,False,2,114.0,114.0,loose_aggressive
1820,k,q,check,['check'],"[('p1', 'check'), ('p2', 'check')]",6.0,-972.0,12.0,p1,showdown,False,2,114.0,114.0,loose_aggressive
1821,q,j,check,['check'],"[('p1', 'check'), ('p2', 'check')]",6.0,-966.0,12.0,p1,showdown,False,2,114.0,114.0,loose_aggressive
1822,q,q,check,['check'],"[('p1', 'check'), ('p2', 'check')]",0.0,-966.0,0.0,tie,showdown,False,2,114.0,114.0,loose_aggressive
1823,k,q,check,['check'],"[('p1', 'check'), ('p2', 'check')]",6.0,-960.0,12.0,p1,showdown,False,2,114.0,114.0,loose_aggressive
1824,q,q,check,['check'],"[('p1', 'check'), ('p2', 'check')]",0.0,-960.0,0.0,tie,showdown,False,2,114.0,114.0,loose_aggressive
1825,q,j,check,['check'],"[('p1', 'check'), ('p2', 'check')]",6.0,-954.0,12.0,p1,showdown,False,2,114.0,114.0,loose_aggressive
1826,j,j,check,"['check', 'call']","[('p1', 'check'), ('p2', 'min_raise'), ('p1', 'call')]",0.0,-954.0,0.0,tie,showdown,False,3,114.0,108.0,loose_aggressive
1827,j,q,check,['check'],"[('p1', 'check'), ('p2', 'check')]",-6.0,-960.0,12.0,p2,showdown,False,2,114.0,114.0,loose_aggressive
1828,k,j,check,['check'],"[('p1', 'check'), ('p2', 'check')]",6.0,-954.0,12.0,p1,showdown,False,2,114.0,114.0,loose_aggressive
1829,k,q,check,['check'],"[('p1', 'check'), ('p2', 'check')]",6.0,-948.0,12.0,p1,showdown,False,2,114.0,114.0,loose_aggressive
1830,k,k,check,"['check', 'call']","[('p1', 'check'), ('p2', 'max_raise'), ('p1', 'call')]",0.0,-948.0,0.0,tie,showdown,False,3,114.0,102.0,loose_aggressive
1831,k,j,check,['check'],"[('p1', 'check'), ('p2', 'check')]",6.0,-942.0,12.0,p1,showdown,False,2,114.0,114.0,loose_aggressive
1832,q,j,check,"['check', 'call']","[('p1', 'check'), ('p2', 'min_raise'), ('p1', 'call')]",12.0,-930.0,24.0,p1,showdown,False,3,114.0,108.0,loose_aggressive
1833,k,q,check,['check'],"[('p1', 'check'), ('p2', 'check')]",6.0,-924.0,12.0,p1,showdown,False,2,114.0,114.0,loose_aggressive
1834,k,j,check,['check'],"[('p1', 'check'), ('p2', 'check')]",6.0,-918.0,12.0,p1,showdown,False,2,114.0,114.0,loose_aggressive
1835,q,j,check,"['check', 'call']","[('p1', 'check'), ('p2', 'min_raise'), ('p1', 'call')]",12.0,-906.0,24.0,p1,showdown,False,3,114.0,108.0,loose_aggressive
1836,q,j,check,['check'],"[('p1', 'check'), ('p2', 'check')]",6.0,-900.0,12.0,p1,showdown,False,2,114.0,114.0,loose_aggressive
1837,k,q,check,['check'],"[('p1', 'check'), ('p2', 'check')]",6.0,-894.0,12.0,p1,showdown,False,2,114.0,114.0,loose_aggressive
1838,j,q,check,['check'],"[('p1', 'check'), ('p2', 'check')]",-6.0,-900.0,12.0,p2,showdown,False,2,114.0,114.0,loose_aggressive
1839,k,k,check,"['check', 'call']","[('p1', 'check'), ('p2', 'max_raise'), ('p1', 'call')]",0.0,-900.0,0.0,tie,showdown,False,3,114.0,102.0,loose_aggressive
1840,j,k,check,"['check', 'fold']","[('p1', 'check'), ('p2', 'max_raise'), ('p1', 'fold')]",-6.0,-906.0,24.0,p2,fold,False,3,114.0,102.0,loose_aggressive
1841,q,k,check,"['check', 'fold']","[('p1', 'check'), ('p2', 'max_raise'), ('p1', 'fold')]",-6.0,-912.0,24.0,p2,fold,False,3,114.0,102.0,loose_aggressive
1842,k,q,check,['check'],"[('p1', 'check'), ('p2', 'check')]",6.0,-906.0,12.0,p1,showdown,False,2,114.0,114.0,loose_aggressive
1843,k,q,check,['check'],"[('p1', 'check'), ('p2', 'check')]",6.0,-900.0,12.0,p1,showdown,False,2,114.0,114.0,loose_aggressive
1844,k,q,check,['check'],"[('p1', 'check'), ('p2', 'check')]",6.0,-894.0,12.0,p1,showdown,False,2,114.0,114.0,loose_aggressive
1845,q,j,check,['check'],"[('p1', 'check'), ('p2', 'check')]",6.0,-888.0,12.0,p1,showdown,False,2,114.0,114.0,loose_aggressive
1846,q,k,check,"['check', 'fold']","[('p1', 'check'), ('p2', 'max_raise'), ('p1', 'fold')]",-6.0,-894.0,24.0,p2,fold,False,3,114.0,102.0,loose_aggressive
1847,k,k,check,"['check', 'call']","[('p1', 'check'), ('p2', 'max_raise'), ('p1', 'call')]",0.0,-894.0,0.0,tie,showdown,False,3,114.0,102.0,loose_aggressive
1848,q,q,check,['check'],"[('p1', 'check'), ('p2', 'check')]",0.0,-894.0,0.0,tie,showdown,False,2,114.0,114.0,loose_aggressive
1849,j,j,check,['check'],"[('p1', 'check'), ('p2', 'check')]",0.0,-894.0,0.0,tie,showdown,False,2,114.0,114.0,loose_aggressive
1850,j,q,check,['check'],"[('p1', 'check'), ('p2', 'check')]",-6.0,-900.0,12.0,p2,showdown,False,2,114.0,114.0,loose_aggressive
1851,k,q,check,['check'],"[('p1', 'check'), ('p2', 'check')]",6.0,-894.0,12.0,p1,showdown,False,2,114.0,114.0,loose_aggressive
1852,q,k,check,"['check', 'fold']","[('p1', 'check'), ('p2', 'max_raise'), ('p1', 'fold')]",-6.0,-900.0,24.0,p2,fold,False,3,114.0,102.0,loose_aggressive
1853,k,q,check,['check'],"[('p1', 'check'), ('p2', 'check')]",6.0,-894.0,12.0,p1,showdown,False,2,114.0,114.0,loose_aggressive
1854,j,k,check,"['check', 'fold']","[('p1', 'check'), ('p2', 'max_raise'), ('p1', 'fold')]",-6.0,-900.0,24.0,p2,fold,False,3,114.0,102.0,loose_aggressive
1855,j,q,check,['check'],"[('p1', 'check'), ('p2', 'check')]",-6.0,-906.0,12.0,p2,showdown,False,2,114.0,114.0,loose_aggressive
1856,j,k,check,"['check', 'fold']","[('p1', 'check'), ('p2', 'max_raise'), ('p1', 'fold')]",-6.0,-912.0,24.0,p2,fold,False,3,114.0,102.0,loose_aggressive
1857,q,j,check,"['check', 'call']","[('p1', 'check'), ('p2', 'min_raise'), ('p1', 'call')]",12.0,-900.0,24.0,p1,showdown,False,3,114.0,108.0,loose_aggressive
1858,j,q,check,['check'],"[('p1', 'check'), ('p2', 'check')]",-6.0,-906.0,12.0,p2,showdown,False,2,114.0,114.0,loose_aggressive
1859,j,k,check,"['check', 'fold']","[('p1', 'check'), ('p2', 'max_raise'), ('p1', 'fold')]",-6.0,-912.0,24.0,p2,fold,False,3,114.0,102.0,loose_aggressive
1860,q,j,check,['check'],"[('p1', 'check'), ('p2', 'check')]",6.0,-906.0,12.0,p1,showdown,False,2,114.0,114.0,loose_aggressive
1861,j,k,check,"['check', 'fold']","[('p1', 'check'), ('p2', 'max_raise'), ('p1', 'fold')]",-6.0,-912.0,24.0,p2,fold,False,3,114.0,102.0,loose_aggressive
1862,k,q,check,['check'],"[('p1', 'check'), ('p2', 'check')]",6.0,-906.0,12.0,p1,showdown,False,2,114.0,114.0,loose_aggressive
1863,k,k,check,"['check', 'call']","[('p1', 'check'), ('p2', 'max_raise'), ('p1', 'call')]",0.0,-906.0,0.0,tie,showdown,False,3,114.0,102.0,loose_aggressive
1864,q,j,check,"['check', 'call']","[('p1', 'check'), ('p2', 'min_raise'), ('p1', 'call')]",12.0,-894.0,24.0,p1,showdown,False,3,114.0,108.0,loose_aggressive
1865,q,q,check,['check'],"[('p1', 'check'), ('p2', 'check')]",0.0,-894.0,0.0,tie,showdown,False,2,114.0,114.0,loose_aggressive
1866,j,k,check,"['check', 'fold']","[('p1', 'check'), ('p2', 'max_raise'), ('p1', 'fold')]",-6.0,-900.0,24.0,p2,fold,False,3,114.0,102.0,loose_aggressive
1867,q,q,check,['check'],"[('p1', 'check'), ('p2', 'check')]",0.0,-900.0,0.0,tie,showdown,False,2,114.0,114.0,loose_aggressive
1868,q,q,check,['check'],"[('p1', 'check'), ('p2', 'check')]",0.0,-900.0,0.0,tie,showdown,False,2,114.0,114.0,loose_aggressive
1869,q,q,check,['check'],"[('p1', 'check'), ('p2', 'check')]",0.0,-900.0,0.0,tie,showdown,False,2,114.0,114.0,loose_aggressive
1870,j,k,check,"['check', 'fold']","[('p1', 'check'), ('p2', 'max_raise'), ('p1', 'fold')]",-6.0,-906.0,24.0,p2,fold,False,3,114.0,102.0,loose_aggressive
1871,q,k,check,"['check', 'fold']","[('p1', 'check'), ('p2', 'max_raise'), ('p1', 'fold')]",-6.0,-912.0,24.0,p2,fold,False,3,114.0,102.0,loose_aggressive
1872,j,j,check,"['check', 'call']","[('p1', 'check'), ('p2', 'min_raise'), ('p1', 'call')]",0.0,-912.0,0.0,tie,showdown,False,3,114.0,108.0,loose_aggressive
1873,k,q,check,['check'],"[('p1', 'check'), ('p2', 'check')]",6.0,-906.0,12.0,p1,showdown,False,2,114.0,114.0,loose_aggressive
1874,q,k,check,"['check', 'fold']","[('p1', 'check'), ('p2', 'max_raise'), ('p1', 'fold')]",-6.0,-912.0,24.0,p2,fold,False,3,114.0,102.0,loose_aggressive
1875,j,k,check,"['check', 'fold']","[('p1', 'check'), ('p2', 'max_raise'), ('p1', 'fold')]",-6.0,-918.0,24.0,p2,fold,False,3,114.0,102.0,loose_aggressive
1876,j,q,check,['check'],"[('p1', 'check'), ('p2', 'check')]",-6.0,-924.0,12.0,p2,showdown,False,2,114.0,114.0,loose_aggressive
1877,k,k,check,"['check', 'call']","[('p1', 'check'), ('p2', 'max_raise'), ('p1', 'call')]",0.0,-924.0,0.0,tie,showdown,False,3,114.0,102.0,loose_aggressive
1878,q,q,check,['check'],"[('p1', 'check'), ('p2', 'check')]",0.0,-924.0,0.0,tie,showdown,False,2,114.0,114.0,loose_aggressive
1879,j,k,check,"['check', 'fold']","[('p1', 'check'), ('p2', 'max_raise'), ('p1', 'fold')]",-6.0,-930.0,24.0,p2,fold,False,3,114.0,102.0,loose_aggressive
1880,q,k,check,"['check', 'fold']","[('p1', 'check'), ('p2', 'max_raise'), ('p1', 'fold')]",-6.0,-936.0,24.0,p2,fold,False,3,114.0,102.0,loose_aggressive
1881,j,q,check,['check'],"[('p1', 'check'), ('p2', 'check')]",-6.0,-942.0,12.0,p2,showdown,False,2,114.0,114.0,loose_aggressive
1882,q,q,check,['check'],"[('p1', 'check'), ('p2', 'check')]",0.0,-942.0,0.0,tie,showdown,False,2,114.0,114.0,loose_aggressive
1883,j,k,check,"['check', 'fold']","[('p1', 'check'), ('p2', 'max_raise'), ('p1', 'fold')]",-6.0,-948.0,24.0,p2,fold,False,3,114.0,102.0,loose_aggressive
1884,q,k,check,"['check', 'call']","[('p1', 'check'), ('p2', 'max_raise'), ('p1', 'call')]",-18.0,-966.0,36.0,p2,showdown,False,3,114.0,102.0,loose_aggressive
1885,q,j,check,['check'],"[('p1', 'check'), ('p2', 'check')]",6.0,-960.0,12.0,p1,showdown,False,2,114.0,114.0,loose_aggressive
1886,k,q,check,['check'],"[('p1', 'check'), ('p2', 'check')]",6.0,-954.0,12.0,p1,showdown,False,2,114.0,114.0,loose_aggressive
1887,k,j,check,['check'],"[('p1', 'check'), ('p2', 'check')]",6.0,-948.0,12.0,p1,showdown,False,2,114.0,114.0,loose_aggressive
1888,j,j,check,['check'],"[('p1', 'check'), ('p2', 'check')]",0.0,-948.0,0.0,tie,showdown,False,2,114.0,114.0,loose_aggressive
1889,k,q,check,['check'],"[('p1', 'check'), ('p2', 'check')]",6.0,-942.0,12.0,p1,showdown,False,2,114.0,114.0,loose_aggressive
1890,q,k,check,"['check', 'call']","[('p1', 'check'), ('p2', 'max_raise'), ('p1', 'call')]",-18.0,-960.0,36.0,p2,showdown,False,3,114.0,102.0,loose_aggressive
1891,q,j,check,['check'],"[('p1', 'check'), ('p2', 'check')]",6.0,-954.0,12.0,p1,showdown,False,2,114.0,114.0,loose_aggressive
1892,k,j,check,"['check', 'call']","[('p1', 'check'), ('p2', 'min_raise'), ('p1', 'call')]",12.0,-942.0,24.0,p1,showdown,False,3,114.0,108.0,loose_aggressive
1893,j,j,check,"['check', 'call']","[('p1', 'check'), ('p2', 'min_raise'), ('p1', 'call')]",0.0,-942.0,0.0,tie,showdown,False,3,114.0,108.0,loose_aggressive
1894,j,j,check,['check'],"[('p1', 'check'), ('p2', 'check')]",0.0,-942.0,0.0,tie,showdown,False,2,114.0,114.0,loose_aggressive
1895,j,q,check,['check'],"[('p1', 'check'), ('p2', 'check')]",-6.0,-948.0,12.0,p2,showdown,False,2,114.0,114.0,loose_aggressive
1896,j,k,check,"['check', 'fold']","[('p1', 'check'), ('p2', 'max_raise'), ('p1', 'fold')]",-6.0,-954.0,24.0,p2,fold,False,3,114.0,102.0,loose_aggressive
1897,j,j,check,"['check', 'call']","[('p1', 'check'), ('p2', 'min_raise'), ('p1', 'call')]",0.0,-954.0,0.0,tie,showdown,False,3,114.0,108.0,loose_aggressive
1898,q,j,check,['check'],"[('p1', 'check'), ('p2', 'check')]",6.0,-948.0,12.0,p1,showdown,False,2,114.0,114.0,loose_aggressive
1899,q,q,check,['check'],"[('p1', 'check'), ('p2', 'check')]",0.0,-948.0,0.0,tie,showdown,False,2,114.0,114.0,loose_aggressive
1900,j,k,check,"['check', 'fold']","[('p1', 'check'), ('p2', 'max_raise'), ('p1', 'fold')]",-6.0,-954.0,24.0,p2,fold,False,3,114.0,102.0,loose_aggressive
1901,j,j,check,['check'],"[('p1', 'check'), ('p2', 'check')]",0.0,-954.0,0.0,tie,showdown,False,2,114.0,114.0,loose_aggressive
1902,j,q,check,['check'],"[('p1', 'check'), ('p2', 'check')]",-6.0,-960.0,12.0,p2,showdown,False,2,114.0,114.0,loose_aggressive
1903,q,q,check,['check'],"[('p1', 'check'), ('p2', 'check')]",0.0,-960.0,0.0,tie,showdown,False,2,114.0,114.0,loose_aggressive
1904,k,k,check,"['check', 'call']","[('p1', 'check'), ('p2', 'max_raise'), ('p1', 'call')]",0.0,-960.0,0.0,tie,showdown,False,3,114.0,102.0,loose_aggressive
1905,j,k,check,"['check', 'fold']","[('p1', 'check'), ('p2', 'max_raise'), ('p1', 'fold')]",-6.0,-966.0,24.0,p2,fold,False,3,114.0,102.0,loose_aggressive
1906,q,j,check,['check'],"[('p1', 'check'), ('p2', 'check')]",6.0,-960.0,12.0,p1,showdown,False,2,114.0,114.0,loose_aggressive
1907,q,q,check,['check'],"[('p1', 'check'), ('p2', 'check')]",0.0,-960.0,0.0,tie,showdown,False,2,114.0,114.0,loose_aggressive
1908,k,q,check,['check'],"[('p1', 'check'), ('p2', 'check')]",6.0,-954.0,12.0,p1,showdown,False,2,114.0,114.0,loose_aggressive
1909,j,j,check,['check'],"[('p1', 'check'), ('p2', 'check')]",0.0,-954.0,0.0,tie,showdown,False,2,114.0,114.0,loose_aggressive
1910,q,k,check,"['check', 'fold']","[('p1', 'check'), ('p2', 'max_raise'), ('p1', 'fold')]",-6.0,-960.0,24.0,p2,fold,False,3,114.0,102.0,loose_aggressive
1911,j,j,check,['check'],"[('p1', 'check'), ('p2', 'check')]",0.0,-960.0,0.0,tie,showdown,False,2,114.0,114.0,loose_aggressive
1912,k,j,check,['check'],"[('p1', 'check'), ('p2', 'check')]",6.0,-954.0,12.0,p1,showdown,False,2,114.0,114.0,loose_aggressive
1913,k,k,check,"['check', 'call']","[('p1', 'check'), ('p2', 'max_raise'), ('p1', 'call')]",0.0,-954.0,0.0,tie,showdown,False,3,114.0,102.0,loose_aggressive
1914,q,q,check,['check'],"[('p1', 'check'), ('p2', 'check')]",0.0,-954.0,0.0,tie,showdown,False,2,114.0,114.0,loose_aggressive
1915,k,j,check,['check'],"[('p1', 'check'), ('p2', 'check')]",6.0,-948.0,12.0,p1,showdown,False,2,114.0,114.0,loose_aggressive
1916,j,k,check,"['check', 'fold']","[('p1', 'check'), ('p2', 'max_raise'), ('p1', 'fold')]",-6.0,-954.0,24.0,p2,fold,False,3,114.0,102.0,loose_aggressive
1917,q,k,check,"['check', 'fold']","[('p1', 'check'), ('p2', 'max_raise'), ('p1', 'fold')]",-6.0,-960.0,24.0,p2,fold,False,3,114.0,102.0,loose_aggressive
1918,k,k,check,"['check', 'call']","[('p1', 'check'), ('p2', 'max_raise'), ('p1', 'call')]",0.0,-960.0,0.0,tie,showdown,False,3,114.0,102.0,loose_aggressive
1919,q,k,check,"['check', 'fold']","[('p1', 'check'), ('p2', 'max_raise'), ('p1', 'fold')]",-6.0,-966.0,24.0,p2,fold,False,3,114.0,102.0,loose_aggressive
1920,k,k,check,"['check', 'call']","[('p1', 'check'), ('p2', 'max_raise'), ('p1', 'call')]",0.0,-966.0,0.0,tie,showdown,False,3,114.0,102.0,loose_aggressive
1921,q,k,check,"['check', 'fold']","[('p1', 'check'), ('p2', 'max_raise'), ('p1', 'fold')]",-6.0,-972.0,24.0,p2,fold,False,3,114.0,102.0,loose_aggressive
1922,k,k,check,"['check', 'call']","[('p1', 'check'), ('p2', 'max_raise'), ('p1', 'call')]",0.0,-972.0,0.0,tie,showdown,False,3,114.0,102.0,loose_aggressive
1923,j,k,check,"['check', 'fold']","[('p1', 'check'), ('p2', 'max_raise'), ('p1', 'fold')]",-6.0,-978.0,24.0,p2,fold,False,3,114.0,102.0,loose_aggressive
1924,j,j,check,"['check', 'call']","[('p1', 'check'), ('p2', 'min_raise'), ('p1', 'call')]",0.0,-978.0,0.0,tie,showdown,False,3,114.0,108.0,loose_aggressive
1925,k,k,check,"['check', 'call']","[('p1', 'check'), ('p2', 'max_raise'), ('p1', 'call')]",0.0,-978.0,0.0,tie,showdown,False,3,114.0,102.0,loose_aggressive
1926,q,q,check,['check'],"[('p1', 'check'), ('p2', 'check')]",0.0,-978.0,0.0,tie,showdown,False,2,114.0,114.0,loose_aggressive
1927,q,j,check,"['check', 'call']","[('p1', 'check'), ('p2', 'min_raise'), ('p1', 'call')]",12.0,-966.0,24.0,p1,showdown,False,3,114.0,108.0,loose_aggressive
1928,j,k,check,"['check', 'fold']","[('p1', 'check'), ('p2', 'max_raise'), ('p1', 'fold')]",-6.0,-972.0,24.0,p2,fold,False,3,114.0,102.0,loose_aggressive
1929,q,k,check,"['check', 'fold']","[('p1', 'check'), ('p2', 'max_raise'), ('p1', 'fold')]",-6.0,-978.0,24.0,p2,fold,False,3,114.0,102.0,loose_aggressive
1930,k,j,check,['check'],"[('p1', 'check'), ('p2', 'check')]",6.0,-972.0,12.0,p1,showdown,False,2,114.0,114.0,loose_aggressive
1931,k,k,check,"['check', 'call']","[('p1', 'check'), ('p2', 'max_raise'), ('p1', 'call')]",0.0,-972.0,0.0,tie,showdown,False,3,114.0,102.0,loose_aggressive
1932,j,q,check,['check'],"[('p1', 'check'), ('p2', 'check')]",-6.0,-978.0,12.0,p2,showdown,False,2,114.0,114.0,loose_aggressive
1933,q,k,check,"['check', 'fold']","[('p1', 'check'), ('p2', 'max_raise'), ('p1', 'fold')]",-6.0,-984.0,24.0,p2,fold,False,3,114.0,102.0,loose_aggressive
1934,j,k,check,"['check', 'fold']","[('p1', 'check'), ('p2', 'max_raise'), ('p1', 'fold')]",-6.0,-990.0,24.0,p2,fold,False,3,114.0,102.0,loose_aggressive
1935,q,k,check,"['check', 'fold']","[('p1', 'check'), ('p2', 'max_raise'), ('p1', 'fold')]",-6.0,-996.0,24.0,p2,fold,False,3,114.0,102.0,loose_aggressive
1936,q,k,check,"['check', 'fold']","[('p1', 'check'), ('p2', 'max_raise'), ('p1', 'fold')]",-6.0,-1002.0,24.0,p2,fold,False,3,114.0,102.0,loose_aggressive
1937,k,j,check,['check'],"[('p1', 'check'), ('p2', 'check')]",6.0,-996.0,12.0,p1,showdown,False,2,114.0,114.0,loose_aggressive
1938,j,q,check,['check'],"[('p1', 'check'), ('p2', 'check')]",-6.0,-1002.0,12.0,p2,showdown,False,2,114.0,114.0,loose_aggressive
1939,q,k,check,"['check', 'fold']","[('p1', 'check'), ('p2', 'max_raise'), ('p1', 'fold')]",-6.0,-1008.0,24.0,p2,fold,False,3,114.0,102.0,loose_aggressive
1940,k,j,check,['check'],"[('p1', 'check'), ('p2', 'check')]",6.0,-1002.0,12.0,p1,showdown,False,2,114.0,114.0,loose_aggressive
1941,k,j,check,['check'],"[('p1', 'check'), ('p2', 'check')]",6.0,-996.0,12.0,p1,showdown,False,2,114.0,114.0,loose_aggressive
1942,q,q,check,['check'],"[('p1', 'check'), ('p2', 'check')]",0.0,-996.0,0.0,tie,showdown,False,2,114.0,114.0,loose_aggressive
1943,j,k,check,"['check', 'fold']","[('p1', 'check'), ('p2', 'max_raise'), ('p1', 'fold')]",-6.0,-1002.0,24.0,p2,fold,False,3,114.0,102.0,loose_aggressive
1944,j,k,check,"['check', 'fold']","[('p1', 'check'), ('p2', 'max_raise'), ('p1', 'fold')]",-6.0,-1008.0,24.0,p2,fold,False,3,114.0,102.0,loose_aggressive
1945,j,k,max_raise,['max_raise'],"[('p1', 'max_raise'), ('p2', 'call')]",-18.0,-1026.0,36.0,p2,showdown,True,2,102.0,114.0,loose_aggressive
1946,q,j,check,['check'],"[('p1', 'check'), ('p2', 'check')]",6.0,-1020.0,12.0,p1,showdown,False,2,114.0,114.0,loose_aggressive
1947,j,q,check,['check'],"[('p1', 'check'), ('p2', 'check')]",-6.0,-1026.0,12.0,p2,showdown,False,2,114.0,114.0,loose_aggressive
1948,k,k,check,"['check', 'call']","[('p1', 'check'), ('p2', 'max_raise'), ('p1', 'call')]",0.0,-1026.0,0.0,tie,showdown,False,3,114.0,102.0,loose_aggressive
1949,q,j,check,['check'],"[('p1', 'check'), ('p2', 'check')]",6.0,-1020.0,12.0,p1,showdown,False,2,114.0,114.0,loose_aggressive
1950,q,q,check,['check'],"[('p1', 'check'), ('p2', 'check')]",0.0,-1020.0,0.0,tie,showdown,False,2,114.0,114.0,loose_aggressive
1951,j,j,check,['check'],"[('p1', 'check'), ('p2', 'check')]",0.0,-1020.0,0.0,tie,showdown,False,2,114.0,114.0,loose_aggressive
1952,j,k,check,"['check', 'fold']","[('p1', 'check'), ('p2', 'max_raise'), ('p1', 'fold')]",-6.0,-1026.0,24.0,p2,fold,False,3,114.0,102.0,loose_aggressive
1953,q,q,check,['check'],"[('p1', 'check'), ('p2', 'check')]",0.0,-1026.0,0.0,tie,showdown,False,2,114.0,114.0,loose_aggressive
1954,q,k,check,"['check', 'fold']","[('p1', 'check'), ('p2', 'max_raise'), ('p1', 'fold')]",-6.0,-1032.0,24.0,p2,fold,False,3,114.0,102.0,loose_aggressive
1955,q,j,check,['check'],"[('p1', 'check'), ('p2', 'check')]",6.0,-1026.0,12.0,p1,showdown,False,2,114.0,114.0,loose_aggressive
1956,k,j,check,['check'],"[('p1', 'check'), ('p2', 'check')]",6.0,-1020.0,12.0,p1,showdown,False,2,114.0,114.0,loose_aggressive
1957,q,k,check,"['check', 'fold']","[('p1', 'check'), ('p2', 'max_raise'), ('p1', 'fold')]",-6.0,-1026.0,24.0,p2,fold,False,3,114.0,102.0,loose_aggressive
1958,k,j,check,"['check', 'call']","[('p1', 'check'), ('p2', 'min_raise'), ('p1', 'call')]",12.0,-1014.0,24.0,p1,showdown,False,3,114.0,108.0,loose_aggressive
1959,q,q,check,['check'],"[('p1', 'check'), ('p2', 'check')]",0.0,-1014.0,0.0,tie,showdown,False,2,114.0,114.0,loose_aggressive
1960,k,q,check,['check'],"[('p1', 'check'), ('p2', 'check')]",6.0,-1008.0,12.0,p1,showdown,False,2,114.0,114.0,loose_aggressive
1961,q,j,check,"['check', 'call']","[('p1', 'check'), ('p2', 'min_raise'), ('p1', 'call')]",12.0,-996.0,24.0,p1,showdown,False,3,114.0,108.0,loose_aggressive
1962,k,j,check,"['check', 'call']","[('p1', 'check'), ('p2', 'min_raise'), ('p1', 'call')]",12.0,-984.0,24.0,p1,showdown,False,3,114.0,108.0,loose_aggressive
1963,j,j,check,"['check', 'call']","[('p1', 'check'), ('p2', 'min_raise'), ('p1', 'call')]",0.0,-984.0,0.0,tie,showdown,False,3,114.0,108.0,loose_aggressive
1964,q,j,check,"['check', 'call']","[('p1', 'check'), ('p2', 'min_raise'), ('p1', 'call')]",12.0,-972.0,24.0,p1,showdown,False,3,114.0,108.0,loose_aggressive
1965,j,j,check,['check'],"[('p1', 'check'), ('p2', 'check')]",0.0,-972.0,0.0,tie,showdown,False,2,114.0,114.0,loose_aggressive
1966,q,q,check,['check'],"[('p1', 'check'), ('p2', 'check')]",0.0,-972.0,0.0,tie,showdown,False,2,114.0,114.0,loose_aggressive
1967,j,q,check,['check'],"[('p1', 'check'), ('p2', 'check')]",-6.0,-978.0,12.0,p2,showdown,False,2,114.0,114.0,loose_aggressive
1968,j,j,check,['check'],"[('p1', 'check'), ('p2', 'check')]",0.0,-978.0,0.0,tie,showdown,False,2,114.0,114.0,loose_aggressive
1969,j,j,check,"['check', 'call']","[('p1', 'check'), ('p2', 'min_raise'), ('p1', 'call')]",0.0,-978.0,0.0,tie,showdown,False,3,114.0,108.0,loose_aggressive
1970,k,q,check,['check'],"[('p1', 'check'), ('p2', 'check')]",6.0,-972.0,12.0,p1,showdown,False,2,114.0,114.0,loose_aggressive
1971,j,k,check,"['check', 'fold']","[('p1', 'check'), ('p2', 'max_raise'), ('p1', 'fold')]",-6.0,-978.0,24.0,p2,fold,False,3,114.0,102.0,loose_aggressive
1972,k,j,check,"['check', 'call']","[('p1', 'check'), ('p2', 'min_raise'), ('p1', 'call')]",12.0,-966.0,24.0,p1,showdown,False,3,114.0,108.0,loose_aggressive
1973,j,q,check,['check'],"[('p1', 'check'), ('p2', 'check')]",-6.0,-972.0,12.0,p2,showdown,False,2,114.0,114.0,loose_aggressive
1974,k,q,check,['check'],"[('p1', 'check'), ('p2', 'check')]",6.0,-966.0,12.0,p1,showdown,False,2,114.0,114.0,loose_aggressive
1975,q,k,check,"['check', 'fold']","[('p1', 'check'), ('p2', 'max_raise'), ('p1', 'fold')]",-6.0,-972.0,24.0,p2,fold,False,3,114.0,102.0,loose_aggressive
1976,q,k,check,"['check', 'fold']","[('p1', 'check'), ('p2', 'max_raise'), ('p1', 'fold')]",-6.0,-978.0,24.0,p2,fold,False,3,114.0,102.0,loose_aggressive
1977,j,j,check,['check'],"[('p1', 'check'), ('p2', 'check')]",0.0,-978.0,0.0,tie,showdown,False,2,114.0,114.0,loose_aggressive
1978,j,j,check,['check'],"[('p1', 'check'), ('p2', 'check')]",0.0,-978.0,0.0,tie,showdown,False,2,114.0,114.0,loose_aggressive
1979,j,j,check,['check'],"[('p1', 'check'), ('p2', 'check')]",0.0,-978.0,0.0,tie,showdown,False,2,114.0,114.0,loose_aggressive
1980,j,k,check,"['check', 'fold']","[('p1', 'check'), ('p2', 'max_raise'), ('p1', 'fold')]",-6.0,-984.0,24.0,p2,fold,False,3,114.0,102.0,loose_aggressive
1981,q,q,check,['check'],"[('p1', 'check'), ('p2', 'check')]",0.0,-984.0,0.0,tie,showdown,False,2,114.0,114.0,loose_aggressive
1982,q,k,check,"['check', 'fold']","[('p1', 'check'), ('p2', 'max_raise'), ('p1', 'fold')]",-6.0,-990.0,24.0,p2,fold,False,3,114.0,102.0,loose_aggressive
1983,q,q,check,['check'],"[('p1', 'check'), ('p2', 'check')]",0.0,-990.0,0.0,tie,showdown,False,2,114.0,114.0,loose_aggressive
1984,k,k,check,"['check', 'call']","[('p1', 'check'), ('p2', 'max_raise'), ('p1', 'call')]",0.0,-990.0,0.0,tie,showdown,False,3,114.0,102.0,loose_aggressive
1985,j,q,check,['check'],"[('p1', 'check'), ('p2', 'check')]",-6.0,-996.0,12.0,p2,showdown,False,2,114.0,114.0,loose_aggressive
1986,q,k,check,"['check', 'fold']","[('p1', 'check'), ('p2', 'max_raise'), ('p1', 'fold')]",-6.0,-1002.0,24.0,p2,fold,False,3,114.0,102.0,loose_aggressive
1987,j,k,check,"['check', 'fold']","[('p1', 'check'), ('p2', 'max_raise'), ('p1', 'fold')]",-6.0,-1008.0,24.0,p2,fold,False,3,114.0,102.0,loose_aggressive
1988,j,q,check,['check'],"[('p1', 'check'), ('p2', 'check')]",-6.0,-1014.0,12.0,p2,showdown,False,2,114.0,114.0,loose_aggressive
1989,k,j,check,['check'],"[('p1', 'check'), ('p2', 'check')]",6.0,-1008.0,12.0,p1,showdown,False,2,114.0,114.0,loose_aggressive
1990,k,j,check,"['check', 'call']","[('p1', 'check'), ('p2', 'min_raise'), ('p1', 'call')]",12.0,-996.0,24.0,p1,showdown,False,3,114.0,108.0,loose_aggressive
1991,k,k,check,"['check', 'call']","[('p1', 'check'), ('p2', 'max_raise'), ('p1', 'call')]",0.0,-996.0,0.0,tie,showdown,False,3,114.0,102.0,loose_aggressive
1992,j,k,check,"['check', 'fold']","[('p1', 'check'), ('p2', 'max_raise'), ('p1', 'fold')]",-6.0,-1002.0,24.0,p2,fold,False,3,114.0,102.0,loose_aggressive
1993,j,q,check,['check'],"[('p1', 'check'), ('p2', 'check')]",-6.0,-1008.0,12.0,p2,showdown,False,2,114.0,114.0,loose_aggressive
1994,j,q,check,['check'],"[('p1', 'check'), ('p2', 'check')]",-6.0,-1014.0,12.0,p2,showdown,False,2,114.0,114.0,loose_aggressive
1995,k,q,check,['check'],"[('p1', 'check'), ('p2', 'check')]",6.0,-1008.0,12.0,p1,showdown,False,2,114.0,114.0,loose_aggressive
1996,k,q,check,['check'],"[('p1', 'check'), ('p2', 'check')]",6.0,-1002.0,12.0,p1,showdown,False,2,114.0,114.0,loose_aggressive
1997,q,k,check,"['check', 'fold']","[('p1', 'check'), ('p2', 'max_raise'), ('p1', 'fold')]",-6.0,-1008.0,24.0,p2,fold,False,3,114.0,102.0,loose_aggressive
1998,k,q,check,['check'],"[('p1', 'check'), ('p2', 'check')]",6.0,-1002.0,12.0,p1,showdown,False,2,114.0,114.0,loose_aggressive
1999,k,j,check,"['check', 'call']","[('p1', 'check'), ('p2', 'min_raise'), ('p1', 'call')]",12.0,-990.0,24.0,p1,showdown,False,3,114.0,108.0,loose_aggressive
2000,q,j,check,"['check', 'call']","[('p1', 'check'), ('p2', 'min_raise'), ('p1', 'call')]",12.0,-978.0,24.0,p1,showdown,False,3,114.0,108.0,loose_aggressive
2001,q,q,check,['check'],"[('p1', 'check'), ('p2', 'check')]",0.0,-978.0,0.0,tie,showdown,False,2,114.0,114.0,loose_aggressive
2002,k,q,check,['check'],"[('p1', 'check'), ('p2', 'check')]",6.0,-972.0,12.0,p1,showdown,False,2,114.0,114.0,loose_aggressive
2003,q,q,check,['check'],"[('p1', 'check'), ('p2', 'check')]",0.0,-972.0,0.0,tie,showdown,False,2,114.0,114.0,loose_aggressive
2004,j,k,check,"['check', 'fold']","[('p1', 'check'), ('p2', 'max_raise'), ('p1', 'fold')]",-6.0,-978.0,24.0,p2,fold,False,3,114.0,102.0,loose_aggressive
2005,k,q,check,['check'],"[('p1', 'check'), ('p2', 'check')]",6.0,-972.0,12.0,p1,showdown,False,2,114.0,114.0,loose_aggressive
2006,j,q,check,['check'],"[('p1', 'check'), ('p2', 'check')]",-6.0,-978.0,12.0,p2,showdown,False,2,114.0,114.0,loose_aggressive
2007,j,q,check,['check'],"[('p1', 'check'), ('p2', 'check')]",-6.0,-984.0,12.0,p2,showdown,False,2,114.0,114.0,loose_aggressive
2008,j,q,check,['check'],"[('p1', 'check'), ('p2', 'check')]",-6.0,-990.0,12.0,p2,showdown,False,2,114.0,114.0,loose_aggressive
2009,q,q,check,['check'],"[('p1', 'check'), ('p2', 'check')]",0.0,-990.0,0.0,tie,showdown,False,2,114.0,114.0,loose_aggressive
2010,j,q,check,['check'],"[('p1', 'check'), ('p2', 'check')]",-6.0,-996.0,12.0,p2,showdown,False,2,114.0,114.0,loose_aggressive
2011,k,k,check,"['check', 'call']","[('p1', 'check'), ('p2', 'max_raise'), ('p1', 'call')]",0.0,-996.0,0.0,tie,showdown,False,3,114.0,102.0,loose_aggressive
2012,k,q,check,['check'],"[('p1', 'check'), ('p2', 'check')]",6.0,-990.0,12.0,p1,showdown,False,2,114.0,114.0,loose_aggressive
2013,k,q,check,['check'],"[('p1', 'check'), ('p2', 'check')]",6.0,-984.0,12.0,p1,showdown,False,2,114.0,114.0,loose_aggressive
2014,j,k,check,"['check', 'fold']","[('p1', 'check'), ('p2', 'max_raise'), ('p1', 'fold')]",-6.0,-990.0,24.0,p2,fold,False,3,114.0,102.0,loose_aggressive
2015,q,j,check,"['check', 'call']","[('p1', 'check'), ('p2', 'min_raise'), ('p1', 'call')]",12.0,-978.0,24.0,p1,showdown,False,3,114.0,108.0,loose_aggressive
2016,j,q,check,['check'],"[('p1', 'check'), ('p2', 'check')]",-6.0,-984.0,12.0,p2,showdown,False,2,114.0,114.0,loose_aggressive
2017,k,k,check,"['check', 'call']","[('p1', 'check'), ('p2', 'max_raise'), ('p1', 'call')]",0.0,-984.0,0.0,tie,showdown,False,3,114.0,102.0,loose_aggressive
2018,q,k,check,"['check', 'fold']","[('p1', 'check'), ('p2', 'max_raise'), ('p1', 'fold')]",-6.0,-990.0,24.0,p2,fold,False,3,114.0,102.0,loose_aggressive
2019,q,j,check,"['check', 'call']","[('p1', 'check'), ('p2', 'min_raise'), ('p1', 'call')]",12.0,-978.0,24.0,p1,showdown,False,3,114.0,108.0,loose_aggressive
2020,j,j,check,"['check', 'call']","[('p1', 'check'), ('p2', 'min_raise'), ('p1', 'call')]",0.0,-978.0,0.0,tie,showdown,False,3,114.0,108.0,loose_aggressive
2021,q,k,check,"['check', 'fold']","[('p1', 'check'), ('p2', 'max_raise'), ('p1', 'fold')]",-6.0,-984.0,24.0,p2,fold,False,3,114.0,102.0,loose_aggressive
2022,k,q,check,['check'],"[('p1', 'check'), ('p2', 'check')]",6.0,-978.0,12.0,p1,showdown,False,2,114.0,114.0,loose_aggressive
2023,j,q,check,['check'],"[('p1', 'check'), ('p2', 'check')]",-6.0,-984.0,12.0,p2,showdown,False,2,114.0,114.0,loose_aggressive
2024,q,q,check,['check'],"[('p1', 'check'), ('p2', 'check')]",0.0,-984.0,0.0,tie,showdown,False,2,114.0,114.0,loose_aggressive
2025,j,k,check,"['check', 'fold']","[('p1', 'check'), ('p2', 'max_raise'), ('p1', 'fold')]",-6.0,-990.0,24.0,p2,fold,False,3,114.0,102.0,loose_aggressive
2026,k,k,check,"['check', 'call']","[('p1', 'check'), ('p2', 'max_raise'), ('p1', 'call')]",0.0,-990.0,0.0,tie,showdown,False,3,114.0,102.0,loose_aggressive
2027,q,k,check,"['check', 'fold']","[('p1', 'check'), ('p2', 'max_raise'), ('p1', 'fold')]",-6.0,-996.0,24.0,p2,fold,False,3,114.0,102.0,loose_aggressive
2028,k,k,check,"['check', 'call']","[('p1', 'check'), ('p2', 'max_raise'), ('p1', 'call')]",0.0,-996.0,0.0,tie,showdown,False,3,114.0,102.0,loose_aggressive
2029,q,q,check,['check'],"[('p1', 'check'), ('p2', 'check')]",0.0,-996.0,0.0,tie,showdown,False,2,114.0,114.0,loose_aggressive
2030,k,q,check,['check'],"[('p1', 'check'), ('p2', 'check')]",6.0,-990.0,12.0,p1,showdown,False,2,114.0,114.0,loose_aggressive
2031,k,j,check,['check'],"[('p1', 'check'), ('p2', 'check')]",6.0,-984.0,12.0,p1,showdown,False,2,114.0,114.0,loose_aggressive
2032,q,j,check,"['check', 'call']","[('p1', 'check'), ('p2', 'min_raise'), ('p1', 'call')]",12.0,-972.0,24.0,p1,showdown,False,3,114.0,108.0,loose_aggressive
2033,q,j,check,['check'],"[('p1', 'check'), ('p2', 'check')]",6.0,-966.0,12.0,p1,showdown,False,2,114.0,114.0,loose_aggressive
2034,q,k,check,"['check', 'fold']","[('p1', 'check'), ('p2', 'max_raise'), ('p1', 'fold')]",-6.0,-972.0,24.0,p2,fold,False,3,114.0,102.0,loose_aggressive
2035,k,j,check,['check'],"[('p1', 'check'), ('p2', 'check')]",6.0,-966.0,12.0,p1,showdown,False,2,114.0,114.0,loose_aggressive
2036,k,k,check,"['check', 'call']","[('p1', 'check'), ('p2', 'max_raise'), ('p1', 'call')]",0.0,-966.0,0.0,tie,showdown,False,3,114.0,102.0,loose_aggressive
2037,q,k,check,"['check', 'fold']","[('p1', 'check'), ('p2', 'max_raise'), ('p1', 'fold')]",-6.0,-972.0,24.0,p2,fold,False,3,114.0,102.0,loose_aggressive
2038,q,q,check,['check'],"[('p1', 'check'), ('p2', 'check')]",0.0,-972.0,0.0,tie,showdown,False,2,114.0,114.0,loose_aggressive
2039,j,q,check,['check'],"[('p1', 'check'), ('p2', 'check')]",-6.0,-978.0,12.0,p2,showdown,False,2,114.0,114.0,loose_aggressive
2040,q,k,check,"['check', 'fold']","[('p1', 'check'), ('p2', 'max_raise'), ('p1', 'fold')]",-6.0,-984.0,24.0,p2,fold,False,3,114.0,102.0,loose_aggressive
2041,j,k,check,"['check', 'fold']","[('p1', 'check'), ('p2', 'max_raise'), ('p1', 'fold')]",-6.0,-990.0,24.0,p2,fold,False,3,114.0,102.0,loose_aggressive
2042,k,j,check,['check'],"[('p1', 'check'), ('p2', 'check')]",6.0,-984.0,12.0,p1,showdown,False,2,114.0,114.0,loose_aggressive
2043,j,j,check,"['check', 'call']","[('p1', 'check'), ('p2', 'min_raise'), ('p1', 'call')]",0.0,-984.0,0.0,tie,showdown,False,3,114.0,108.0,loose_aggressive
2044,k,k,check,"['check', 'call']","[('p1', 'check'), ('p2', 'max_raise'), ('p1', 'call')]",0.0,-984.0,0.0,tie,showdown,False,3,114.0,102.0,loose_aggressive
2045,k,q,check,['check'],"[('p1', 'check'), ('p2', 'check')]",6.0,-978.0,12.0,p1,showdown,False,2,114.0,114.0,loose_aggressive
2046,j,k,check,"['check', 'fold']","[('p1', 'check'), ('p2', 'max_raise'), ('p1', 'fold')]",-6.0,-984.0,24.0,p2,fold,False,3,114.0,102.0,loose_aggressive
2047,j,q,check,['check'],"[('p1', 'check'), ('p2', 'check')]",-6.0,-990.0,12.0,p2,showdown,False,2,114.0,114.0,loose_aggressive
2048,q,j,check,['check'],"[('p1', 'check'), ('p2', 'check')]",6.0,-984.0,12.0,p1,showdown,False,2,114.0,114.0,loose_aggressive
2049,q,k,check,"['check', 'fold']","[('p1', 'check'), ('p2', 'max_raise'), ('p1', 'fold')]",-6.0,-990.0,24.0,p2,fold,False,3,114.0,102.0,loose_aggressive
2050,q,q,check,['check'],"[('p1', 'check'), ('p2', 'check')]",0.0,-990.0,0.0,tie,showdown,False,2,114.0,114.0,loose_aggressive
2051,q,j,check,['check'],"[('p1', 'check'), ('p2', 'check')]",6.0,-984.0,12.0,p1,showdown,False,2,114.0,114.0,loose_aggressive
2052,k,q,check,['check'],"[('p1', 'check'), ('p2', 'check')]",6.0,-978.0,12.0,p1,showdown,False,2,114.0,114.0,loose_aggressive
2053,j,k,check,"['check', 'fold']","[('p1', 'check'), ('p2', 'max_raise'), ('p1', 'fold')]",-6.0,-984.0,24.0,p2,fold,False,3,114.0,102.0,loose_aggressive
2054,q,j,check,['check'],"[('p1', 'check'), ('p2', 'check')]",6.0,-978.0,12.0,p1,showdown,False,2,114.0,114.0,loose_aggressive
2055,j,q,check,['check'],"[('p1', 'check'), ('p2', 'check')]",-6.0,-984.0,12.0,p2,showdown,False,2,114.0,114.0,loose_aggressive
2056,q,k,check,"['check', 'fold']","[('p1', 'check'), ('p2', 'max_raise'), ('p1', 'fold')]",-6.0,-990.0,24.0,p2,fold,False,3,114.0,102.0,loose_aggressive
2057,j,q,check,['check'],"[('p1', 'check'), ('p2', 'check')]",-6.0,-996.0,12.0,p2,showdown,False,2,114.0,114.0,loose_aggressive
2058,j,j,check,['check'],"[('p1', 'check'), ('p2', 'check')]",0.0,-996.0,0.0,tie,showdown,False,2,114.0,114.0,loose_aggressive
2059,q,q,check,['check'],"[('p1', 'check'), ('p2', 'check')]",0.0,-996.0,0.0,tie,showdown,False,2,114.0,114.0,loose_aggressive
2060,k,q,check,['check'],"[('p1', 'check'), ('p2', 'check')]",6.0,-990.0,12.0,p1,showdown,False,2,114.0,114.0,loose_aggressive
2061,j,q,check,['check'],"[('p1', 'check'), ('p2', 'check')]",-6.0,-996.0,12.0,p2,showdown,False,2,114.0,114.0,loose_aggressive
2062,j,j,check,['check'],"[('p1', 'check'), ('p2', 'check')]",0.0,-996.0,0.0,tie,showdown,False,2,114.0,114.0,loose_aggressive
2063,q,j,check,['check'],"[('p1', 'check'), ('p2', 'check')]",6.0,-990.0,12.0,p1,showdown,False,2,114.0,114.0,loose_aggressive
2064,j,q,check,['check'],"[('p1', 'check'), ('p2', 'check')]",-6.0,-996.0,12.0,p2,showdown,False,2,114.0,114.0,loose_aggressive
2065,q,j,check,"['check', 'call']","[('p1', 'check'), ('p2', 'min_raise'), ('p1', 'call')]",12.0,-984.0,24.0,p1,showdown,False,3,114.0,108.0,loose_aggressive
2066,q,q,check,['check'],"[('p1', 'check'), ('p2', 'check')]",0.0,-984.0,0.0,tie,showdown,False,2,114.0,114.0,loose_aggressive
2067,q,j,check,"['check', 'call']","[('p1', 'check'), ('p2', 'min_raise'), ('p1', 'call')]",12.0,-972.0,24.0,p1,showdown,False,3,114.0,108.0,loose_aggressive
2068,q,q,check,['check'],"[('p1', 'check'), ('p2', 'check')]",0.0,-972.0,0.0,tie,showdown,False,2,114.0,114.0,loose_aggressive
2069,k,k,check,"['check', 'call']","[('p1', 'check'), ('p2', 'max_raise'), ('p1', 'call')]",0.0,-972.0,0.0,tie,showdown,False,3,114.0,102.0,loose_aggressive
2070,q,j,check,['check'],"[('p1', 'check'), ('p2', 'check')]",6.0,-966.0,12.0,p1,showdown,False,2,114.0,114.0,loose_aggressive
2071,j,j,check,['check'],"[('p1', 'check'), ('p2', 'check')]",0.0,-966.0,0.0,tie,showdown,False,2,114.0,114.0,loose_aggressive
2072,k,q,check,['check'],"[('p1', 'check'), ('p2', 'check')]",6.0,-960.0,12.0,p1,showdown,False,2,114.0,114.0,loose_aggressive
2073,j,k,min_raise,['min_raise'],"[('p1', 'min_raise'), ('p2', 'call')]",-12.0,-972.0,24.0,p2,showdown,True,2,108.0,114.0,loose_aggressive
2074,k,k,check,"['check', 'call']","[('p1', 'check'), ('p2', 'max_raise'), ('p1', 'call')]",0.0,-972.0,0.0,tie,showdown,False,3,114.0,102.0,loose_aggressive
2075,q,j,check,['check'],"[('p1', 'check'), ('p2', 'check')]",6.0,-966.0,12.0,p1,showdown,False,2,114.0,114.0,loose_aggressive
2076,j,k,check,"['check', 'fold']","[('p1', 'check'), ('p2', 'max_raise'), ('p1', 'fold')]",-6.0,-972.0,24.0,p2,fold,False,3,114.0,102.0,loose_aggressive
2077,j,k,check,"['check', 'fold']","[('p1', 'check'), ('p2', 'max_raise'), ('p1', 'fold')]",-6.0,-978.0,24.0,p2,fold,False,3,114.0,102.0,loose_aggressive
2078,j,j,check,['check'],"[('p1', 'check'), ('p2', 'check')]",0.0,-978.0,0.0,tie,showdown,False,2,114.0,114.0,loose_aggressive
2079,k,q,check,['check'],"[('p1', 'check'), ('p2', 'check')]",6.0,-972.0,12.0,p1,showdown,False,2,114.0,114.0,loose_aggressive
2080,j,j,check,"['check', 'call']","[('p1', 'check'), ('p2', 'min_raise'), ('p1', 'call')]",0.0,-972.0,0.0,tie,showdown,False,3,114.0,108.0,loose_aggressive
2081,j,q,check,['check'],"[('p1', 'check'), ('p2', 'check')]",-6.0,-978.0,12.0,p2,showdown,False,2,114.0,114.0,loose_aggressive
2082,j,q,check,['check'],"[('p1', 'check'), ('p2', 'check')]",-6.0,-984.0,12.0,p2,showdown,False,2,114.0,114.0,loose_aggressive
2083,k,q,check,['check'],"[('p1', 'check'), ('p2', 'check')]",6.0,-978.0,12.0,p1,showdown,False,2,114.0,114.0,loose_aggressive
2084,j,q,check,['check'],"[('p1', 'check'), ('p2', 'check')]",-6.0,-984.0,12.0,p2,showdown,False,2,114.0,114.0,loose_aggressive
2085,k,k,check,"['check', 'call']","[('p1', 'check'), ('p2', 'max_raise'), ('p1', 'call')]",0.0,-984.0,0.0,tie,showdown,False,3,114.0,102.0,loose_aggressive
2086,j,q,check,['check'],"[('p1', 'check'), ('p2', 'check')]",-6.0,-990.0,12.0,p2,showdown,False,2,114.0,114.0,loose_aggressive
2087,k,q,check,['check'],"[('p1', 'check'), ('p2', 'check')]",6.0,-984.0,12.0,p1,showdown,False,2,114.0,114.0,loose_aggressive
2088,q,q,check,['check'],"[('p1', 'check'), ('p2', 'check')]",0.0,-984.0,0.0,tie,showdown,False,2,114.0,114.0,loose_aggressive
2089,j,q,check,['check'],"[('p1', 'check'), ('p2', 'check')]",-6.0,-990.0,12.0,p2,showdown,False,2,114.0,114.0,loose_aggressive
2090,q,j,check,['check'],"[('p1', 'check'), ('p2', 'check')]",6.0,-984.0,12.0,p1,showdown,False,2,114.0,114.0,loose_aggressive
2091,j,q,check,['check'],"[('p1', 'check'), ('p2', 'check')]",-6.0,-990.0,12.0,p2,showdown,False,2,114.0,114.0,loose_aggressive
2092,k,q,check,['check'],"[('p1', 'check'), ('p2', 'check')]",6.0,-984.0,12.0,p1,showdown,False,2,114.0,114.0,loose_aggressive
2093,j,k,check,"['check', 'fold']","[('p1', 'check'), ('p2', 'max_raise'), ('p1', 'fold')]",-6.0,-990.0,24.0,p2,fold,False,3,114.0,102.0,loose_aggressive
2094,j,q,check,['check'],"[('p1', 'check'), ('p2', 'check')]",-6.0,-996.0,12.0,p2,showdown,False,2,114.0,114.0,loose_aggressive
2095,k,q,check,['check'],"[('p1', 'check'), ('p2', 'check')]",6.0,-990.0,12.0,p1,showdown,False,2,114.0,114.0,loose_aggressive
2096,q,j,check,"['check', 'call']","[('p1', 'check'), ('p2', 'min_raise'), ('p1', 'call')]",12.0,-978.0,24.0,p1,showdown,False,3,114.0,108.0,loose_aggressive
2097,k,j,check,"['check', 'call']","[('p1', 'check'), ('p2', 'min_raise'), ('p1', 'call')]",12.0,-966.0,24.0,p1,showdown,False,3,114.0,108.0,loose_aggressive
2098,k,j,check,['check'],"[('p1', 'check'), ('p2', 'check')]",6.0,-960.0,12.0,p1,showdown,False,2,114.0,114.0,loose_aggressive
2099,q,q,check,['check'],"[('p1', 'check'), ('p2', 'check')]",0.0,-960.0,0.0,tie,showdown,False,2,114.0,114.0,loose_aggressive
2100,q,q,check,['check'],"[('p1', 'check'), ('p2', 'check')]",0.0,-960.0,0.0,tie,showdown,False,2,114.0,114.0,loose_aggressive
2101,q,q,check,['check'],"[('p1', 'check'), ('p2', 'check')]",0.0,-960.0,0.0,tie,showdown,False,2,114.0,114.0,loose_aggressive
2102,j,j,check,['check'],"[('p1', 'check'), ('p2', 'check')]",0.0,-960.0,0.0,tie,showdown,False,2,114.0,114.0,loose_aggressive
2103,k,q,check,['check'],"[('p1', 'check'), ('p2', 'check')]",6.0,-954.0,12.0,p1,showdown,False,2,114.0,114.0,loose_aggressive
2104,j,j,check,['check'],"[('p1', 'check'), ('p2', 'check')]",0.0,-954.0,0.0,tie,showdown,False,2,114.0,114.0,loose_aggressive
2105,q,j,check,"['check', 'call']","[('p1', 'check'), ('p2', 'min_raise'), ('p1', 'call')]",12.0,-942.0,24.0,p1,showdown,False,3,114.0,108.0,loose_aggressive
2106,j,k,check,"['check', 'fold']","[('p1', 'check'), ('p2', 'max_raise'), ('p1', 'fold')]",-6.0,-948.0,24.0,p2,fold,False,3,114.0,102.0,loose_aggressive
2107,q,j,check,['check'],"[('p1', 'check'), ('p2', 'check')]",6.0,-942.0,12.0,p1,showdown,False,2,114.0,114.0,loose_aggressive
2108,q,j,check,['check'],"[('p1', 'check'), ('p2', 'check')]",6.0,-936.0,12.0,p1,showdown,False,2,114.0,114.0,loose_aggressive
2109,k,q,check,['check'],"[('p1', 'check'), ('p2', 'check')]",6.0,-930.0,12.0,p1,showdown,False,2,114.0,114.0,loose_aggressive
2110,k,k,check,"['check', 'call']","[('p1', 'check'), ('p2', 'max_raise'), ('p1', 'call')]",0.0,-930.0,0.0,tie,showdown,False,3,114.0,102.0,loose_aggressive
2111,q,j,check,['check'],"[('p1', 'check'), ('p2', 'check')]",6.0,-924.0,12.0,p1,showdown,False,2,114.0,114.0,loose_aggressive
2112,j,q,check,['check'],"[('p1', 'check'), ('p2', 'check')]",-6.0,-930.0,12.0,p2,showdown,False,2,114.0,114.0,loose_aggressive
2113,j,k,check,"['check', 'fold']","[('p1', 'check'), ('p2', 'max_raise'), ('p1', 'fold')]",-6.0,-936.0,24.0,p2,fold,False,3,114.0,102.0,loose_aggressive
2114,k,k,check,"['check', 'call']","[('p1', 'check'), ('p2', 'max_raise'), ('p1', 'call')]",0.0,-936.0,0.0,tie,showdown,False,3,114.0,102.0,loose_aggressive
2115,q,k,check,"['check', 'call']","[('p1', 'check'), ('p2', 'max_raise'), ('p1', 'call')]",-18.0,-954.0,36.0,p2,showdown,False,3,114.0,102.0,loose_aggressive
2116,j,j,check,"['check', 'call']","[('p1', 'check'), ('p2', 'min_raise'), ('p1', 'call')]",0.0,-954.0,0.0,tie,showdown,False,3,114.0,108.0,loose_aggressive
2117,j,q,check,['check'],"[('p1', 'check'), ('p2', 'check')]",-6.0,-960.0,12.0,p2,showdown,False,2,114.0,114.0,loose_aggressive
2118,k,q,check,['check'],"[('p1', 'check'), ('p2', 'check')]",6.0,-954.0,12.0,p1,showdown,False,2,114.0,114.0,loose_aggressive
2119,q,k,check,"['check', 'call']","[('p1', 'check'), ('p2', 'max_raise'), ('p1', 'call')]",-18.0,-972.0,36.0,p2,showdown,False,3,114.0,102.0,loose_aggressive
2120,q,k,check,"['check', 'call']","[('p1', 'check'), ('p2', 'max_raise'), ('p1', 'call')]",-18.0,-990.0,36.0,p2,showdown,False,3,114.0,102.0,loose_aggressive
2121,q,k,check,"['check', 'call']","[('p1', 'check'), ('p2', 'max_raise'), ('p1', 'call')]",-18.0,-1008.0,36.0,p2,showdown,False,3,114.0,102.0,loose_aggressive
2122,j,k,check,"['check', 'fold']","[('p1', 'check'), ('p2', 'max_raise'), ('p1', 'fold')]",-6.0,-1014.0,24.0,p2,fold,False,3,114.0,102.0,loose_aggressive
2123,j,q,check,['check'],"[('p1', 'check'), ('p2', 'check')]",-6.0,-1020.0,12.0,p2,showdown,False,2,114.0,114.0,loose_aggressive
2124,j,k,check,"['check', 'fold']","[('p1', 'check'), ('p2', 'max_raise'), ('p1', 'fold')]",-6.0,-1026.0,24.0,p2,fold,False,3,114.0,102.0,loose_aggressive
2125,k,q,check,['check'],"[('p1', 'check'), ('p2', 'check')]",6.0,-1020.0,12.0,p1,showdown,False,2,114.0,114.0,loose_aggressive
2126,q,k,check,"['check', 'fold']","[('p1', 'check'), ('p2', 'max_raise'), ('p1', 'fold')]",-6.0,-1026.0,24.0,p2,fold,False,3,114.0,102.0,loose_aggressive
2127,k,q,check,['check'],"[('p1', 'check'), ('p2', 'check')]",6.0,-1020.0,12.0,p1,showdown,False,2,114.0,114.0,loose_aggressive
2128,k,q,check,['check'],"[('p1', 'check'), ('p2', 'check')]",6.0,-1014.0,12.0,p1,showdown,False,2,114.0,114.0,loose_aggressive
2129,j,q,check,['check'],"[('p1', 'check'), ('p2', 'check')]",-6.0,-1020.0,12.0,p2,showdown,False,2,114.0,114.0,loose_aggressive
2130,q,j,check,['check'],"[('p1', 'check'), ('p2', 'check')]",6.0,-1014.0,12.0,p1,showdown,False,2,114.0,114.0,loose_aggressive
2131,q,k,check,"['check', 'fold']","[('p1', 'check'), ('p2', 'max_raise'), ('p1', 'fold')]",-6.0,-1020.0,24.0,p2,fold,False,3,114.0,102.0,loose_aggressive
2132,q,k,check,"['check', 'fold']","[('p1', 'check'), ('p2', 'max_raise'), ('p1', 'fold')]",-6.0,-1026.0,24.0,p2,fold,False,3,114.0,102.0,loose_aggressive
2133,k,q,check,['check'],"[('p1', 'check'), ('p2', 'check')]",6.0,-1020.0,12.0,p1,showdown,False,2,114.0,114.0,loose_aggressive
2134,q,k,check,"['check', 'fold']","[('p1', 'check'), ('p2', 'max_raise'), ('p1', 'fold')]",-6.0,-1026.0,24.0,p2,fold,False,3,114.0,102.0,loose_aggressive
2135,q,k,check,"['check', 'fold']","[('p1', 'check'), ('p2', 'max_raise'), ('p1', 'fold')]",-6.0,-1032.0,24.0,p2,fold,False,3,114.0,102.0,loose_aggressive
2136,q,j,check,['check'],"[('p1', 'check'), ('p2', 'check')]",6.0,-1026.0,12.0,p1,showdown,False,2,114.0,114.0,loose_aggressive
2137,k,j,check,['check'],"[('p1', 'check'), ('p2', 'check')]",6.0,-1020.0,12.0,p1,showdown,False,2,114.0,114.0,loose_aggressive
2138,q,j,check,['check'],"[('p1', 'check'), ('p2', 'check')]",6.0,-1014.0,12.0,p1,showdown,False,2,114.0,114.0,loose_aggressive
2139,q,j,check,['check'],"[('p1', 'check'), ('p2', 'check')]",6.0,-1008.0,12.0,p1,showdown,False,2,114.0,114.0,loose_aggressive
2140,k,q,check,['check'],"[('p1', 'check'), ('p2', 'check')]",6.0,-1002.0,12.0,p1,showdown,False,2,114.0,114.0,loose_aggressive
2141,j,q,check,['check'],"[('p1', 'check'), ('p2', 'check')]",-6.0,-1008.0,12.0,p2,showdown,False,2,114.0,114.0,loose_aggressive
2142,q,j,check,['check'],"[('p1', 'check'), ('p2', 'check')]",6.0,-1002.0,12.0,p1,showdown,False,2,114.0,114.0,loose_aggressive
2143,q,q,check,['check'],"[('p1', 'check'), ('p2', 'check')]",0.0,-1002.0,0.0,tie,showdown,False,2,114.0,114.0,loose_aggressive
2144,q,k,check,"['check', 'fold']","[('p1', 'check'), ('p2', 'max_raise'), ('p1', 'fold')]",-6.0,-1008.0,24.0,p2,fold,False,3,114.0,102.0,loose_aggressive
2145,k,j,check,['check'],"[('p1', 'check'), ('p2', 'check')]",6.0,-1002.0,12.0,p1,showdown,False,2,114.0,114.0,loose_aggressive
2146,j,j,check,['check'],"[('p1', 'check'), ('p2', 'check')]",0.0,-1002.0,0.0,tie,showdown,False,2,114.0,114.0,loose_aggressive
2147,j,j,check,['check'],"[('p1', 'check'), ('p2', 'check')]",0.0,-1002.0,0.0,tie,showdown,False,2,114.0,114.0,loose_aggressive
2148,k,j,check,['check'],"[('p1', 'check'), ('p2', 'check')]",6.0,-996.0,12.0,p1,showdown,False,2,114.0,114.0,loose_aggressive
2149,k,q,check,['check'],"[('p1', 'check'), ('p2', 'check')]",6.0,-990.0,12.0,p1,showdown,False,2,114.0,114.0,loose_aggressive
2150,k,q,check,['check'],"[('p1', 'check'), ('p2', 'check')]",6.0,-984.0,12.0,p1,showdown,False,2,114.0,114.0,loose_aggressive
2151,k,j,check,"['check', 'call']","[('p1', 'check'), ('p2', 'min_raise'), ('p1', 'call')]",12.0,-972.0,24.0,p1,showdown,False,3,114.0,108.0,loose_aggressive
2152,q,j,check,"['check', 'call']","[('p1', 'check'), ('p2', 'min_raise'), ('p1', 'call')]",12.0,-960.0,24.0,p1,showdown,False,3,114.0,108.0,loose_aggressive
2153,k,q,check,['check'],"[('p1', 'check'), ('p2', 'check')]",6.0,-954.0,12.0,p1,showdown,False,2,114.0,114.0,loose_aggressive
2154,q,k,check,"['check', 'fold']","[('p1', 'check'), ('p2', 'max_raise'), ('p1', 'fold')]",-6.0,-960.0,24.0,p2,fold,False,3,114.0,102.0,loose_aggressive
2155,j,k,check,"['check', 'fold']","[('p1', 'check'), ('p2', 'max_raise'), ('p1', 'fold')]",-6.0,-966.0,24.0,p2,fold,False,3,114.0,102.0,loose_aggressive
2156,q,k,check,"['check', 'fold']","[('p1', 'check'), ('p2', 'max_raise'), ('p1', 'fold')]",-6.0,-972.0,24.0,p2,fold,False,3,114.0,102.0,loose_aggressive
2157,j,k,check,"['check', 'fold']","[('p1', 'check'), ('p2', 'max_raise'), ('p1', 'fold')]",-6.0,-978.0,24.0,p2,fold,False,3,114.0,102.0,loose_aggressive
2158,q,k,check,"['check', 'fold']","[('p1', 'check'), ('p2', 'max_raise'), ('p1', 'fold')]",-6.0,-984.0,24.0,p2,fold,False,3,114.0,102.0,loose_aggressive
2159,q,k,check,"['check', 'fold']","[('p1', 'check'), ('p2', 'max_raise'), ('p1', 'fold')]",-6.0,-990.0,24.0,p2,fold,False,3,114.0,102.0,loose_aggressive
2160,q,q,check,['check'],"[('p1', 'check'), ('p2', 'check')]",0.0,-990.0,0.0,tie,showdown,False,2,114.0,114.0,loose_aggressive
2161,j,q,check,['check'],"[('p1', 'check'), ('p2', 'check')]",-6.0,-996.0,12.0,p2,showdown,False,2,114.0,114.0,loose_aggressive
2162,j,q,check,['check'],"[('p1', 'check'), ('p2', 'check')]",-6.0,-1002.0,12.0,p2,showdown,False,2,114.0,114.0,loose_aggressive
2163,k,j,check,['check'],"[('p1', 'check'), ('p2', 'check')]",6.0,-996.0,12.0,p1,showdown,False,2,114.0,114.0,loose_aggressive
2164,j,j,check,"['check', 'call']","[('p1', 'check'), ('p2', 'min_raise'), ('p1', 'call')]",0.0,-996.0,0.0,tie,showdown,False,3,114.0,108.0,loose_aggressive
2165,q,q,check,['check'],"[('p1', 'check'), ('p2', 'check')]",0.0,-996.0,0.0,tie,showdown,False,2,114.0,114.0,loose_aggressive
2166,q,k,check,"['check', 'fold']","[('p1', 'check'), ('p2', 'max_raise'), ('p1', 'fold')]",-6.0,-1002.0,24.0,p2,fold,False,3,114.0,102.0,loose_aggressive
2167,q,q,check,['check'],"[('p1', 'check'), ('p2', 'check')]",0.0,-1002.0,0.0,tie,showdown,False,2,114.0,114.0,loose_aggressive
2168,j,k,check,"['check', 'fold']","[('p1', 'check'), ('p2', 'max_raise'), ('p1', 'fold')]",-6.0,-1008.0,24.0,p2,fold,False,3,114.0,102.0,loose_aggressive
2169,q,k,check,"['check', 'fold']","[('p1', 'check'), ('p2', 'max_raise'), ('p1', 'fold')]",-6.0,-1014.0,24.0,p2,fold,False,3,114.0,102.0,loose_aggressive
2170,q,k,check,"['check', 'fold']","[('p1', 'check'), ('p2', 'max_raise'), ('p1', 'fold')]",-6.0,-1020.0,24.0,p2,fold,False,3,114.0,102.0,loose_aggressive
2171,q,q,check,['check'],"[('p1', 'check'), ('p2', 'check')]",0.0,-1020.0,0.0,tie,showdown,False,2,114.0,114.0,loose_aggressive
2172,k,q,check,['check'],"[('p1', 'check'), ('p2', 'check')]",6.0,-1014.0,12.0,p1,showdown,False,2,114.0,114.0,loose_aggressive
2173,q,j,check,"['check', 'call']","[('p1', 'check'), ('p2', 'min_raise'), ('p1', 'call')]",12.0,-1002.0,24.0,p1,showdown,False,3,114.0,108.0,loose_aggressive
2174,q,k,check,"['check', 'fold']","[('p1', 'check'), ('p2', 'max_raise'), ('p1', 'fold')]",-6.0,-1008.0,24.0,p2,fold,False,3,114.0,102.0,loose_aggressive
2175,j,k,check,"['check', 'fold']","[('p1', 'check'), ('p2', 'max_raise'), ('p1', 'fold')]",-6.0,-1014.0,24.0,p2,fold,False,3,114.0,102.0,loose_aggressive
2176,j,k,check,"['check', 'fold']","[('p1', 'check'), ('p2', 'max_raise'), ('p1', 'fold')]",-6.0,-1020.0,24.0,p2,fold,False,3,114.0,102.0,loose_aggressive
2177,k,q,check,['check'],"[('p1', 'check'), ('p2', 'check')]",6.0,-1014.0,12.0,p1,showdown,False,2,114.0,114.0,loose_aggressive
2178,j,q,check,['check'],"[('p1', 'check'), ('p2', 'check')]",-6.0,-1020.0,12.0,p2,showdown,False,2,114.0,114.0,loose_aggressive
2179,k,k,check,"['check', 'call']","[('p1', 'check'), ('p2', 'max_raise'), ('p1', 'call')]",0.0,-1020.0,0.0,tie,showdown,False,3,114.0,102.0,loose_aggressive
2180,j,k,check,"['check', 'fold']","[('p1', 'check'), ('p2', 'max_raise'), ('p1', 'fold')]",-6.0,-1026.0,24.0,p2,fold,False,3,114.0,102.0,loose_aggressive
2181,k,q,check,['check'],"[('p1', 'check'), ('p2', 'check')]",6.0,-1020.0,12.0,p1,showdown,False,2,114.0,114.0,loose_aggressive
2182,j,q,check,['check'],"[('p1', 'check'), ('p2', 'check')]",-6.0,-1026.0,12.0,p2,showdown,False,2,114.0,114.0,loose_aggressive
2183,q,j,check,"['check', 'call']","[('p1', 'check'), ('p2', 'min_raise'), ('p1', 'call')]",12.0,-1014.0,24.0,p1,showdown,False,3,114.0,108.0,loose_aggressive
2184,j,q,check,['check'],"[('p1', 'check'), ('p2', 'check')]",-6.0,-1020.0,12.0,p2,showdown,False,2,114.0,114.0,loose_aggressive
2185,q,q,check,['check'],"[('p1', 'check'), ('p2', 'check')]",0.0,-1020.0,0.0,tie,showdown,False,2,114.0,114.0,loose_aggressive
2186,q,q,check,['check'],"[('p1', 'check'), ('p2', 'check')]",0.0,-1020.0,0.0,tie,showdown,False,2,114.0,114.0,loose_aggressive
2187,k,j,check,"['check', 'call']","[('p1', 'check'), ('p2', 'min_raise'), ('p1', 'call')]",12.0,-1008.0,24.0,p1,showdown,False,3,114.0,108.0,loose_aggressive
2188,q,q,check,['check'],"[('p1', 'check'), ('p2', 'check')]",0.0,-1008.0,0.0,tie,showdown,False,2,114.0,114.0,loose_aggressive
2189,j,j,check,['check'],"[('p1', 'check'), ('p2', 'check')]",0.0,-1008.0,0.0,tie,showdown,False,2,114.0,114.0,loose_aggressive
2190,j,j,check,['check'],"[('p1', 'check'), ('p2', 'check')]",0.0,-1008.0,0.0,tie,showdown,False,2,114.0,114.0,loose_aggressive
2191,j,j,check,"['check', 'call']","[('p1', 'check'), ('p2', 'min_raise'), ('p1', 'call')]",0.0,-1008.0,0.0,tie,showdown,False,3,114.0,108.0,loose_aggressive
2192,j,k,check,"['check', 'fold']","[('p1', 'check'), ('p2', 'max_raise'), ('p1', 'fold')]",-6.0,-1014.0,24.0,p2,fold,False,3,114.0,102.0,loose_aggressive
2193,k,k,check,"['check', 'call']","[('p1', 'check'), ('p2', 'max_raise'), ('p1', 'call')]",0.0,-1014.0,0.0,tie,showdown,False,3,114.0,102.0,loose_aggressive
2194,j,q,check,['check'],"[('p1', 'check'), ('p2', 'check')]",-6.0,-1020.0,12.0,p2,showdown,False,2,114.0,114.0,loose_aggressive
2195,q,k,check,"['check', 'fold']","[('p1', 'check'), ('p2', 'max_raise'), ('p1', 'fold')]",-6.0,-1026.0,24.0,p2,fold,False,3,114.0,102.0,loose_aggressive
2196,k,j,check,"['check', 'call']","[('p1', 'check'), ('p2', 'min_raise'), ('p1', 'call')]",12.0,-1014.0,24.0,p1,showdown,False,3,114.0,108.0,loose_aggressive
2197,j,j,check,['check'],"[('p1', 'check'), ('p2', 'check')]",0.0,-1014.0,0.0,tie,showdown,False,2,114.0,114.0,loose_aggressive
2198,k,k,check,"['check', 'call']","[('p1', 'check'), ('p2', 'max_raise'), ('p1', 'call')]",0.0,-1014.0,0.0,tie,showdown,False,3,114.0,102.0,loose_aggressive
2199,k,k,check,"['check', 'call']","[('p1', 'check'), ('p2', 'max_raise'), ('p1', 'call')]",0.0,-1014.0,0.0,tie,showdown,False,3,114.0,102.0,loose_aggressive
2200,q,q,check,['check'],"[('p1', 'check'), ('p2', 'check')]",0.0,-1014.0,0.0,tie,showdown,False,2,114.0,114.0,loose_aggressive
2201,q,k,check,"['check', 'fold']","[('p1', 'check'), ('p2', 'max_raise'), ('p1', 'fold')]",-6.0,-1020.0,24.0,p2,fold,False,3,114.0,102.0,loose_aggressive
2202,k,q,check,['check'],"[('p1', 'check'), ('p2', 'check')]",6.0,-1014.0,12.0,p1,showdown,False,2,114.0,114.0,loose_aggressive
2203,q,q,check,['check'],"[('p1', 'check'), ('p2', 'check')]",0.0,-1014.0,0.0,tie,showdown,False,2,114.0,114.0,loose_aggressive
2204,k,j,check,['check'],"[('p1', 'check'), ('p2', 'check')]",6.0,-1008.0,12.0,p1,showdown,False,2,114.0,114.0,loose_aggressive
2205,j,q,check,['check'],"[('p1', 'check'), ('p2', 'check')]",-6.0,-1014.0,12.0,p2,showdown,False,2,114.0,114.0,loose_aggressive
2206,j,j,check,['check'],"[('p1', 'check'), ('p2', 'check')]",0.0,-1014.0,0.0,tie,showdown,False,2,114.0,114.0,loose_aggressive
2207,j,j,check,['check'],"[('p1', 'check'), ('p2', 'check')]",0.0,-1014.0,0.0,tie,showdown,False,2,114.0,114.0,loose_aggressive
2208,j,j,check,['check'],"[('p1', 'check'), ('p2', 'check')]",0.0,-1014.0,0.0,tie,showdown,False,2,114.0,114.0,loose_aggressive
2209,q,q,check,['check'],"[('p1', 'check'), ('p2', 'check')]",0.0,-1014.0,0.0,tie,showdown,False,2,114.0,114.0,loose_aggressive
2210,k,k,check,"['check', 'call']","[('p1', 'check'), ('p2', 'max_raise'), ('p1', 'call')]",0.0,-1014.0,0.0,tie,showdown,False,3,114.0,102.0,loose_aggressive
2211,j,j,check,['check'],"[('p1', 'check'), ('p2', 'check')]",0.0,-1014.0,0.0,tie,showdown,False,2,114.0,114.0,loose_aggressive
2212,j,k,check,"['check', 'fold']","[('p1', 'check'), ('p2', 'max_raise'), ('p1', 'fold')]",-6.0,-1020.0,24.0,p2,fold,False,3,114.0,102.0,loose_aggressive
2213,j,j,check,['check'],"[('p1', 'check'), ('p2', 'check')]",0.0,-1020.0,0.0,tie,showdown,False,2,114.0,114.0,loose_aggressive
2214,j,k,check,"['check', 'fold']","[('p1', 'check'), ('p2', 'max_raise'), ('p1', 'fold')]",-6.0,-1026.0,24.0,p2,fold,False,3,114.0,102.0,loose_aggressive
2215,k,q,check,['check'],"[('p1', 'check'), ('p2', 'check')]",6.0,-1020.0,12.0,p1,showdown,False,2,114.0,114.0,loose_aggressive
2216,j,k,check,"['check', 'fold']","[('p1', 'check'), ('p2', 'max_raise'), ('p1', 'fold')]",-6.0,-1026.0,24.0,p2,fold,False,3,114.0,102.0,loose_aggressive
2217,j,q,check,['check'],"[('p1', 'check'), ('p2', 'check')]",-6.0,-1032.0,12.0,p2,showdown,False,2,114.0,114.0,loose_aggressive
2218,j,q,check,['check'],"[('p1', 'check'), ('p2', 'check')]",-6.0,-1038.0,12.0,p2,showdown,False,2,114.0,114.0,loose_aggressive
2219,j,q,check,['check'],"[('p1', 'check'), ('p2', 'check')]",-6.0,-1044.0,12.0,p2,showdown,False,2,114.0,114.0,loose_aggressive
2220,k,q,check,['check'],"[('p1', 'check'), ('p2', 'check')]",6.0,-1038.0,12.0,p1,showdown,False,2,114.0,114.0,loose_aggressive
2221,q,q,check,['check'],"[('p1', 'check'), ('p2', 'check')]",0.0,-1038.0,0.0,tie,showdown,False,2,114.0,114.0,loose_aggressive
2222,q,k,check,"['check', 'fold']","[('p1', 'check'), ('p2', 'max_raise'), ('p1', 'fold')]",-6.0,-1044.0,24.0,p2,fold,False,3,114.0,102.0,loose_aggressive
2223,q,k,check,"['check', 'fold']","[('p1', 'check'), ('p2', 'max_raise'), ('p1', 'fold')]",-6.0,-1050.0,24.0,p2,fold,False,3,114.0,102.0,loose_aggressive
2224,k,j,check,['check'],"[('p1', 'check'), ('p2', 'check')]",6.0,-1044.0,12.0,p1,showdown,False,2,114.0,114.0,loose_aggressive
2225,q,k,check,"['check', 'fold']","[('p1', 'check'), ('p2', 'max_raise'), ('p1', 'fold')]",-6.0,-1050.0,24.0,p2,fold,False,3,114.0,102.0,loose_aggressive
2226,j,q,check,['check'],"[('p1', 'check'), ('p2', 'check')]",-6.0,-1056.0,12.0,p2,showdown,False,2,114.0,114.0,loose_aggressive
2227,j,q,check,['check'],"[('p1', 'check'), ('p2', 'check')]",-6.0,-1062.0,12.0,p2,showdown,False,2,114.0,114.0,loose_aggressive
2228,j,k,check,"['check', 'fold']","[('p1', 'check'), ('p2', 'max_raise'), ('p1', 'fold')]",-6.0,-1068.0,24.0,p2,fold,False,3,114.0,102.0,loose_aggressive
2229,j,k,check,"['check', 'fold']","[('p1', 'check'), ('p2', 'max_raise'), ('p1', 'fold')]",-6.0,-1074.0,24.0,p2,fold,False,3,114.0,102.0,loose_aggressive
2230,k,k,check,"['check', 'call']","[('p1', 'check'), ('p2', 'max_raise'), ('p1', 'call')]",0.0,-1074.0,0.0,tie,showdown,False,3,114.0,102.0,loose_aggressive
2231,q,k,check,"['check', 'fold']","[('p1', 'check'), ('p2', 'max_raise'), ('p1', 'fold')]",-6.0,-1080.0,24.0,p2,fold,False,3,114.0,102.0,loose_aggressive
2232,k,j,check,['check'],"[('p1', 'check'), ('p2', 'check')]",6.0,-1074.0,12.0,p1,showdown,False,2,114.0,114.0,loose_aggressive
2233,k,q,check,['check'],"[('p1', 'check'), ('p2', 'check')]",6.0,-1068.0,12.0,p1,showdown,False,2,114.0,114.0,loose_aggressive
2234,k,q,check,['check'],"[('p1', 'check'), ('p2', 'check')]",6.0,-1062.0,12.0,p1,showdown,False,2,114.0,114.0,loose_aggressive
2235,k,k,check,"['check', 'call']","[('p1', 'check'), ('p2', 'max_raise'), ('p1', 'call')]",0.0,-1062.0,0.0,tie,showdown,False,3,114.0,102.0,loose_aggressive
2236,k,j,check,['check'],"[('p1', 'check'), ('p2', 'check')]",6.0,-1056.0,12.0,p1,showdown,False,2,114.0,114.0,loose_aggressive
2237,q,j,check,['check'],"[('p1', 'check'), ('p2', 'check')]",6.0,-1050.0,12.0,p1,showdown,False,2,114.0,114.0,loose_aggressive
2238,j,k,check,"['check', 'fold']","[('p1', 'check'), ('p2', 'max_raise'), ('p1', 'fold')]",-6.0,-1056.0,24.0,p2,fold,False,3,114.0,102.0,loose_aggressive
2239,k,k,check,"['check', 'call']","[('p1', 'check'), ('p2', 'max_raise'), ('p1', 'call')]",0.0,-1056.0,0.0,tie,showdown,False,3,114.0,102.0,loose_aggressive
2240,j,q,check,['check'],"[('p1', 'check'), ('p2', 'check')]",-6.0,-1062.0,12.0,p2,showdown,False,2,114.0,114.0,loose_aggressive
2241,j,q,check,['check'],"[('p1', 'check'), ('p2', 'check')]",-6.0,-1068.0,12.0,p2,showdown,False,2,114.0,114.0,loose_aggressive
2242,k,q,check,['check'],"[('p1', 'check'), ('p2', 'check')]",6.0,-1062.0,12.0,p1,showdown,False,2,114.0,114.0,loose_aggressive
2243,k,q,check,['check'],"[('p1', 'check'), ('p2', 'check')]",6.0,-1056.0,12.0,p1,showdown,False,2,114.0,114.0,loose_aggressive
2244,j,k,check,"['check', 'fold']","[('p1', 'check'), ('p2', 'max_raise'), ('p1', 'fold')]",-6.0,-1062.0,24.0,p2,fold,False,3,114.0,102.0,loose_aggressive
2245,q,j,check,['check'],"[('p1', 'check'), ('p2', 'check')]",6.0,-1056.0,12.0,p1,showdown,False,2,114.0,114.0,loose_aggressive
2246,j,j,check,['check'],"[('p1', 'check'), ('p2', 'check')]",0.0,-1056.0,0.0,tie,showdown,False,2,114.0,114.0,loose_aggressive
2247,k,j,check,['check'],"[('p1', 'check'), ('p2', 'check')]",6.0,-1050.0,12.0,p1,showdown,False,2,114.0,114.0,loose_aggressive
2248,q,k,check,"['check', 'fold']","[('p1', 'check'), ('p2', 'max_raise'), ('p1', 'fold')]",-6.0,-1056.0,24.0,p2,fold,False,3,114.0,102.0,loose_aggressive
2249,k,q,check,['check'],"[('p1', 'check'), ('p2', 'check')]",6.0,-1050.0,12.0,p1,showdown,False,2,114.0,114.0,loose_aggressive
2250,q,j,check,"['check', 'call']","[('p1', 'check'), ('p2', 'min_raise'), ('p1', 'call')]",12.0,-1038.0,24.0,p1,showdown,False,3,114.0,108.0,loose_aggressive
2251,k,j,check,"['check', 'call']","[('p1', 'check'), ('p2', 'min_raise'), ('p1', 'call')]",12.0,-1026.0,24.0,p1,showdown,False,3,114.0,108.0,loose_aggressive
2252,j,k,check,"['check', 'fold']","[('p1', 'check'), ('p2', 'max_raise'), ('p1', 'fold')]",-6.0,-1032.0,24.0,p2,fold,False,3,114.0,102.0,loose_aggressive
2253,j,q,max_raise,['max_raise'],"[('p1', 'max_raise'), ('p2', 'call')]",-18.0,-1050.0,36.0,p2,showdown,True,2,102.0,114.0,loose_aggressive
2254,q,k,check,"['check', 'fold']","[('p1', 'check'), ('p2', 'max_raise'), ('p1', 'fold')]",-6.0,-1056.0,24.0,p2,fold,False,3,114.0,102.0,loose_aggressive
2255,j,j,check,['check'],"[('p1', 'check'), ('p2', 'check')]",0.0,-1056.0,0.0,tie,showdown,False,2,114.0,114.0,loose_aggressive
2256,q,k,check,"['check', 'fold']","[('p1', 'check'), ('p2', 'max_raise'), ('p1', 'fold')]",-6.0,-1062.0,24.0,p2,fold,False,3,114.0,102.0,loose_aggressive
2257,j,j,check,['check'],"[('p1', 'check'), ('p2', 'check')]",0.0,-1062.0,0.0,tie,showdown,False,2,114.0,114.0,loose_aggressive
2258,q,j,check,['check'],"[('p1', 'check'), ('p2', 'check')]",6.0,-1056.0,12.0,p1,showdown,False,2,114.0,114.0,loose_aggressive
2259,k,q,check,['check'],"[('p1', 'check'), ('p2', 'check')]",6.0,-1050.0,12.0,p1,showdown,False,2,114.0,114.0,loose_aggressive
2260,q,q,check,['check'],"[('p1', 'check'), ('p2', 'check')]",0.0,-1050.0,0.0,tie,showdown,False,2,114.0,114.0,loose_aggressive
2261,k,j,check,"['check', 'call']","[('p1', 'check'), ('p2', 'min_raise'), ('p1', 'call')]",12.0,-1038.0,24.0,p1,showdown,False,3,114.0,108.0,loose_aggressive
2262,j,k,check,"['check', 'fold']","[('p1', 'check'), ('p2', 'max_raise'), ('p1', 'fold')]",-6.0,-1044.0,24.0,p2,fold,False,3,114.0,102.0,loose_aggressive
2263,j,j,check,"['check', 'call']","[('p1', 'check'), ('p2', 'min_raise'), ('p1', 'call')]",0.0,-1044.0,0.0,tie,showdown,False,3,114.0,108.0,loose_aggressive
2264,q,j,check,['check'],"[('p1', 'check'), ('p2', 'check')]",6.0,-1038.0,12.0,p1,showdown,False,2,114.0,114.0,loose_aggressive
2265,q,k,check,"['check', 'fold']","[('p1', 'check'), ('p2', 'max_raise'), ('p1', 'fold')]",-6.0,-1044.0,24.0,p2,fold,False,3,114.0,102.0,loose_aggressive
2266,j,q,check,['check'],"[('p1', 'check'), ('p2', 'check')]",-6.0,-1050.0,12.0,p2,showdown,False,2,114.0,114.0,loose_aggressive
2267,j,q,check,['check'],"[('p1', 'check'), ('p2', 'check')]",-6.0,-1056.0,12.0,p2,showdown,False,2,114.0,114.0,loose_aggressive
2268,j,j,check,['check'],"[('p1', 'check'), ('p2', 'check')]",0.0,-1056.0,0.0,tie,showdown,False,2,114.0,114.0,loose_aggressive
2269,j,q,check,['check'],"[('p1', 'check'), ('p2', 'check')]",-6.0,-1062.0,12.0,p2,showdown,False,2,114.0,114.0,loose_aggressive
2270,q,k,check,"['check', 'fold']","[('p1', 'check'), ('p2', 'max_raise'), ('p1', 'fold')]",-6.0,-1068.0,24.0,p2,fold,False,3,114.0,102.0,loose_aggressive
2271,j,q,check,['check'],"[('p1', 'check'), ('p2', 'check')]",-6.0,-1074.0,12.0,p2,showdown,False,2,114.0,114.0,loose_aggressive
2272,j,k,check,"['check', 'fold']","[('p1', 'check'), ('p2', 'max_raise'), ('p1', 'fold')]",-6.0,-1080.0,24.0,p2,fold,False,3,114.0,102.0,loose_aggressive
2273,q,k,check,"['check', 'fold']","[('p1', 'check'), ('p2', 'max_raise'), ('p1', 'fold')]",-6.0,-1086.0,24.0,p2,fold,False,3,114.0,102.0,loose_aggressive
2274,q,q,check,['check'],"[('p1', 'check'), ('p2', 'check')]",0.0,-1086.0,0.0,tie,showdown,False,2,114.0,114.0,loose_aggressive
2275,q,j,check,['check'],"[('p1', 'check'), ('p2', 'check')]",6.0,-1080.0,12.0,p1,showdown,False,2,114.0,114.0,loose_aggressive
2276,j,j,check,['check'],"[('p1', 'check'), ('p2', 'check')]",0.0,-1080.0,0.0,tie,showdown,False,2,114.0,114.0,loose_aggressive
2277,k,q,check,['check'],"[('p1', 'check'), ('p2', 'check')]",6.0,-1074.0,12.0,p1,showdown,False,2,114.0,114.0,loose_aggressive
2278,j,k,check,"['check', 'fold']","[('p1', 'check'), ('p2', 'max_raise'), ('p1', 'fold')]",-6.0,-1080.0,24.0,p2,fold,False,3,114.0,102.0,loose_aggressive
2279,q,q,check,['check'],"[('p1', 'check'), ('p2', 'check')]",0.0,-1080.0,0.0,tie,showdown,False,2,114.0,114.0,loose_aggressive
2280,j,j,check,['check'],"[('p1', 'check'), ('p2', 'check')]",0.0,-1080.0,0.0,tie,showdown,False,2,114.0,114.0,loose_aggressive
2281,j,q,check,['check'],"[('p1', 'check'), ('p2', 'check')]",-6.0,-1086.0,12.0,p2,showdown,False,2,114.0,114.0,loose_aggressive
2282,j,q,check,['check'],"[('p1', 'check'), ('p2', 'check')]",-6.0,-1092.0,12.0,p2,showdown,False,2,114.0,114.0,loose_aggressive
2283,q,k,check,"['check', 'fold']","[('p1', 'check'), ('p2', 'max_raise'), ('p1', 'fold')]",-6.0,-1098.0,24.0,p2,fold,False,3,114.0,102.0,loose_aggressive
2284,k,q,check,['check'],"[('p1', 'check'), ('p2', 'check')]",6.0,-1092.0,12.0,p1,showdown,False,2,114.0,114.0,loose_aggressive
2285,j,q,check,['check'],"[('p1', 'check'), ('p2', 'check')]",-6.0,-1098.0,12.0,p2,showdown,False,2,114.0,114.0,loose_aggressive
2286,k,k,check,"['check', 'call']","[('p1', 'check'), ('p2', 'max_raise'), ('p1', 'call')]",0.0,-1098.0,0.0,tie,showdown,False,3,114.0,102.0,loose_aggressive
2287,k,q,check,['check'],"[('p1', 'check'), ('p2', 'check')]",6.0,-1092.0,12.0,p1,showdown,False,2,114.0,114.0,loose_aggressive
2288,k,j,check,"['check', 'call']","[('p1', 'check'), ('p2', 'min_raise'), ('p1', 'call')]",12.0,-1080.0,24.0,p1,showdown,False,3,114.0,108.0,loose_aggressive
2289,j,q,check,['check'],"[('p1', 'check'), ('p2', 'check')]",-6.0,-1086.0,12.0,p2,showdown,False,2,114.0,114.0,loose_aggressive
2290,q,j,check,"['check', 'call']","[('p1', 'check'), ('p2', 'min_raise'), ('p1', 'call')]",12.0,-1074.0,24.0,p1,showdown,False,3,114.0,108.0,loose_aggressive
2291,k,k,check,"['check', 'call']","[('p1', 'check'), ('p2', 'max_raise'), ('p1', 'call')]",0.0,-1074.0,0.0,tie,showdown,False,3,114.0,102.0,loose_aggressive
2292,j,k,check,"['check', 'fold']","[('p1', 'check'), ('p2', 'max_raise'), ('p1', 'fold')]",-6.0,-1080.0,24.0,p2,fold,False,3,114.0,102.0,loose_aggressive
2293,j,k,check,"['check', 'fold']","[('p1', 'check'), ('p2', 'max_raise'), ('p1', 'fold')]",-6.0,-1086.0,24.0,p2,fold,False,3,114.0,102.0,loose_aggressive
2294,k,q,check,['check'],"[('p1', 'check'), ('p2', 'check')]",6.0,-1080.0,12.0,p1,showdown,False,2,114.0,114.0,loose_aggressive
2295,q,j,check,['check'],"[('p1', 'check'), ('p2', 'check')]",6.0,-1074.0,12.0,p1,showdown,False,2,114.0,114.0,loose_aggressive
2296,q,k,check,"['check', 'fold']","[('p1', 'check'), ('p2', 'max_raise'), ('p1', 'fold')]",-6.0,-1080.0,24.0,p2,fold,False,3,114.0,102.0,loose_aggressive
2297,k,j,check,['check'],"[('p1', 'check'), ('p2', 'check')]",6.0,-1074.0,12.0,p1,showdown,False,2,114.0,114.0,loose_aggressive
2298,j,q,check,['check'],"[('p1', 'check'), ('p2', 'check')]",-6.0,-1080.0,12.0,p2,showdown,False,2,114.0,114.0,loose_aggressive
2299,j,q,check,['check'],"[('p1', 'check'), ('p2', 'check')]",-6.0,-1086.0,12.0,p2,showdown,False,2,114.0,114.0,loose_aggressive
2300,k,q,check,['check'],"[('p1', 'check'), ('p2', 'check')]",6.0,-1080.0,12.0,p1,showdown,False,2,114.0,114.0,loose_aggressive
2301,k,j,check,"['check', 'call']","[('p1', 'check'), ('p2', 'min_raise'), ('p1', 'call')]",12.0,-1068.0,24.0,p1,showdown,False,3,114.0,108.0,loose_aggressive
2302,j,q,check,['check'],"[('p1', 'check'), ('p2', 'check')]",-6.0,-1074.0,12.0,p2,showdown,False,2,114.0,114.0,loose_aggressive
2303,j,k,check,"['check', 'fold']","[('p1', 'check'), ('p2', 'max_raise'), ('p1', 'fold')]",-6.0,-1080.0,24.0,p2,fold,False,3,114.0,102.0,loose_aggressive
2304,q,k,check,"['check', 'fold']","[('p1', 'check'), ('p2', 'max_raise'), ('p1', 'fold')]",-6.0,-1086.0,24.0,p2,fold,False,3,114.0,102.0,loose_aggressive
2305,k,k,check,"['check', 'call']","[('p1', 'check'), ('p2', 'max_raise'), ('p1', 'call')]",0.0,-1086.0,0.0,tie,showdown,False,3,114.0,102.0,loose_aggressive
2306,j,k,check,"['check', 'fold']","[('p1', 'check'), ('p2', 'max_raise'), ('p1', 'fold')]",-6.0,-1092.0,24.0,p2,fold,False,3,114.0,102.0,loose_aggressive
2307,k,j,check,"['check', 'call']","[('p1', 'check'), ('p2', 'min_raise'), ('p1', 'call')]",12.0,-1080.0,24.0,p1,showdown,False,3,114.0,108.0,loose_aggressive
2308,k,j,check,['check'],"[('p1', 'check'), ('p2', 'check')]",6.0,-1074.0,12.0,p1,showdown,False,2,114.0,114.0,loose_aggressive
2309,q,q,check,['check'],"[('p1', 'check'), ('p2', 'check')]",0.0,-1074.0,0.0,tie,showdown,False,2,114.0,114.0,loose_aggressive
2310,j,q,check,['check'],"[('p1', 'check'), ('p2', 'check')]",-6.0,-1080.0,12.0,p2,showdown,False,2,114.0,114.0,loose_aggressive
2311,k,j,check,['check'],"[('p1', 'check'), ('p2', 'check')]",6.0,-1074.0,12.0,p1,showdown,False,2,114.0,114.0,loose_aggressive
2312,j,k,check,"['check', 'fold']","[('p1', 'check'), ('p2', 'max_raise'), ('p1', 'fold')]",-6.0,-1080.0,24.0,p2,fold,False,3,114.0,102.0,loose_aggressive
2313,q,j,check,['check'],"[('p1', 'check'), ('p2', 'check')]",6.0,-1074.0,12.0,p1,showdown,False,2,114.0,114.0,loose_aggressive
2314,j,j,check,['check'],"[('p1', 'check'), ('p2', 'check')]",0.0,-1074.0,0.0,tie,showdown,False,2,114.0,114.0,loose_aggressive
2315,q,q,check,['check'],"[('p1', 'check'), ('p2', 'check')]",0.0,-1074.0,0.0,tie,showdown,False,2,114.0,114.0,loose_aggressive
2316,q,j,check,['check'],"[('p1', 'check'), ('p2', 'check')]",6.0,-1068.0,12.0,p1,showdown,False,2,114.0,114.0,loose_aggressive
2317,k,k,check,"['check', 'call']","[('p1', 'check'), ('p2', 'max_raise'), ('p1', 'call')]",0.0,-1068.0,0.0,tie,showdown,False,3,114.0,102.0,loose_aggressive
2318,k,j,check,['check'],"[('p1', 'check'), ('p2', 'check')]",6.0,-1062.0,12.0,p1,showdown,False,2,114.0,114.0,loose_aggressive
2319,j,k,check,"['check', 'fold']","[('p1', 'check'), ('p2', 'max_raise'), ('p1', 'fold')]",-6.0,-1068.0,24.0,p2,fold,False,3,114.0,102.0,loose_aggressive
2320,j,q,check,['check'],"[('p1', 'check'), ('p2', 'check')]",-6.0,-1074.0,12.0,p2,showdown,False,2,114.0,114.0,loose_aggressive
2321,q,j,check,"['check', 'call']","[('p1', 'check'), ('p2', 'min_raise'), ('p1', 'call')]",12.0,-1062.0,24.0,p1,showdown,False,3,114.0,108.0,loose_aggressive
2322,j,k,check,"['check', 'fold']","[('p1', 'check'), ('p2', 'max_raise'), ('p1', 'fold')]",-6.0,-1068.0,24.0,p2,fold,False,3,114.0,102.0,loose_aggressive
2323,k,j,check,"['check', 'call']","[('p1', 'check'), ('p2', 'min_raise'), ('p1', 'call')]",12.0,-1056.0,24.0,p1,showdown,False,3,114.0,108.0,loose_aggressive
2324,q,q,check,['check'],"[('p1', 'check'), ('p2', 'check')]",0.0,-1056.0,0.0,tie,showdown,False,2,114.0,114.0,loose_aggressive
2325,j,k,check,"['check', 'fold']","[('p1', 'check'), ('p2', 'max_raise'), ('p1', 'fold')]",-6.0,-1062.0,24.0,p2,fold,False,3,114.0,102.0,loose_aggressive
2326,k,q,check,['check'],"[('p1', 'check'), ('p2', 'check')]",6.0,-1056.0,12.0,p1,showdown,False,2,114.0,114.0,loose_aggressive
2327,q,k,check,"['check', 'fold']","[('p1', 'check'), ('p2', 'max_raise'), ('p1', 'fold')]",-6.0,-1062.0,24.0,p2,fold,False,3,114.0,102.0,loose_aggressive
2328,j,j,check,['check'],"[('p1', 'check'), ('p2', 'check')]",0.0,-1062.0,0.0,tie,showdown,False,2,114.0,114.0,loose_aggressive
2329,j,k,check,"['check', 'fold']","[('p1', 'check'), ('p2', 'max_raise'), ('p1', 'fold')]",-6.0,-1068.0,24.0,p2,fold,False,3,114.0,102.0,loose_aggressive
2330,q,k,check,"['check', 'fold']","[('p1', 'check'), ('p2', 'max_raise'), ('p1', 'fold')]",-6.0,-1074.0,24.0,p2,fold,False,3,114.0,102.0,loose_aggressive
2331,q,j,check,['check'],"[('p1', 'check'), ('p2', 'check')]",6.0,-1068.0,12.0,p1,showdown,False,2,114.0,114.0,loose_aggressive
2332,q,q,check,['check'],"[('p1', 'check'), ('p2', 'check')]",0.0,-1068.0,0.0,tie,showdown,False,2,114.0,114.0,loose_aggressive
2333,j,j,check,['check'],"[('p1', 'check'), ('p2', 'check')]",0.0,-1068.0,0.0,tie,showdown,False,2,114.0,114.0,loose_aggressive
2334,q,q,check,['check'],"[('p1', 'check'), ('p2', 'check')]",0.0,-1068.0,0.0,tie,showdown,False,2,114.0,114.0,loose_aggressive
2335,q,q,check,['check'],"[('p1', 'check'), ('p2', 'check')]",0.0,-1068.0,0.0,tie,showdown,False,2,114.0,114.0,loose_aggressive
2336,j,j,check,['check'],"[('p1', 'check'), ('p2', 'check')]",0.0,-1068.0,0.0,tie,showdown,False,2,114.0,114.0,loose_aggressive
2337,k,k,check,"['check', 'call']","[('p1', 'check'), ('p2', 'max_raise'), ('p1', 'call')]",0.0,-1068.0,0.0,tie,showdown,False,3,114.0,102.0,loose_aggressive
2338,q,q,check,['check'],"[('p1', 'check'), ('p2', 'check')]",0.0,-1068.0,0.0,tie,showdown,False,2,114.0,114.0,loose_aggressive
2339,k,q,check,['check'],"[('p1', 'check'), ('p2', 'check')]",6.0,-1062.0,12.0,p1,showdown,False,2,114.0,114.0,loose_aggressive
2340,k,q,check,['check'],"[('p1', 'check'), ('p2', 'check')]",6.0,-1056.0,12.0,p1,showdown,False,2,114.0,114.0,loose_aggressive
2341,k,q,check,['check'],"[('p1', 'check'), ('p2', 'check')]",6.0,-1050.0,12.0,p1,showdown,False,2,114.0,114.0,loose_aggressive
2342,k,q,check,['check'],"[('p1', 'check'), ('p2', 'check')]",6.0,-1044.0,12.0,p1,showdown,False,2,114.0,114.0,loose_aggressive
2343,k,j,check,"['check', 'call']","[('p1', 'check'), ('p2', 'min_raise'), ('p1', 'call')]",12.0,-1032.0,24.0,p1,showdown,False,3,114.0,108.0,loose_aggressive
2344,k,k,check,"['check', 'call']","[('p1', 'check'), ('p2', 'max_raise'), ('p1', 'call')]",0.0,-1032.0,0.0,tie,showdown,False,3,114.0,102.0,loose_aggressive
2345,j,q,check,['check'],"[('p1', 'check'), ('p2', 'check')]",-6.0,-1038.0,12.0,p2,showdown,False,2,114.0,114.0,loose_aggressive
2346,k,k,check,"['check', 'call']","[('p1', 'check'), ('p2', 'max_raise'), ('p1', 'call')]",0.0,-1038.0,0.0,tie,showdown,False,3,114.0,102.0,loose_aggressive
2347,j,q,check,['check'],"[('p1', 'check'), ('p2', 'check')]",-6.0,-1044.0,12.0,p2,showdown,False,2,114.0,114.0,loose_aggressive
2348,k,k,check,"['check', 'call']","[('p1', 'check'), ('p2', 'max_raise'), ('p1', 'call')]",0.0,-1044.0,0.0,tie,showdown,False,3,114.0,102.0,loose_aggressive
2349,k,j,check,['check'],"[('p1', 'check'), ('p2', 'check')]",6.0,-1038.0,12.0,p1,showdown,False,2,114.0,114.0,loose_aggressive
2350,j,j,check,['check'],"[('p1', 'check'), ('p2', 'check')]",0.0,-1038.0,0.0,tie,showdown,False,2,114.0,114.0,loose_aggressive
2351,q,j,check,['check'],"[('p1', 'check'), ('p2', 'check')]",6.0,-1032.0,12.0,p1,showdown,False,2,114.0,114.0,loose_aggressive
2352,k,j,check,"['check', 'call']","[('p1', 'check'), ('p2', 'min_raise'), ('p1', 'call')]",12.0,-1020.0,24.0,p1,showdown,False,3,114.0,108.0,loose_aggressive
2353,q,q,check,['check'],"[('p1', 'check'), ('p2', 'check')]",0.0,-1020.0,0.0,tie,showdown,False,2,114.0,114.0,loose_aggressive
2354,q,k,check,"['check', 'fold']","[('p1', 'check'), ('p2', 'max_raise'), ('p1', 'fold')]",-6.0,-1026.0,24.0,p2,fold,False,3,114.0,102.0,loose_aggressive
2355,j,k,check,"['check', 'fold']","[('p1', 'check'), ('p2', 'max_raise'), ('p1', 'fold')]",-6.0,-1032.0,24.0,p2,fold,False,3,114.0,102.0,loose_aggressive
2356,j,q,check,['check'],"[('p1', 'check'), ('p2', 'check')]",-6.0,-1038.0,12.0,p2,showdown,False,2,114.0,114.0,loose_aggressive
2357,k,k,check,"['check', 'call']","[('p1', 'check'), ('p2', 'max_raise'), ('p1', 'call')]",0.0,-1038.0,0.0,tie,showdown,False,3,114.0,102.0,loose_aggressive
2358,j,j,check,['check'],"[('p1', 'check'), ('p2', 'check')]",0.0,-1038.0,0.0,tie,showdown,False,2,114.0,114.0,loose_aggressive
2359,k,j,check,['check'],"[('p1', 'check'), ('p2', 'check')]",6.0,-1032.0,12.0,p1,showdown,False,2,114.0,114.0,loose_aggressive
2360,k,q,check,['check'],"[('p1', 'check'), ('p2', 'check')]",6.0,-1026.0,12.0,p1,showdown,False,2,114.0,114.0,loose_aggressive
2361,j,q,check,['check'],"[('p1', 'check'), ('p2', 'check')]",-6.0,-1032.0,12.0,p2,showdown,False,2,114.0,114.0,loose_aggressive
2362,q,k,check,"['check', 'fold']","[('p1', 'check'), ('p2', 'max_raise'), ('p1', 'fold')]",-6.0,-1038.0,24.0,p2,fold,False,3,114.0,102.0,loose_aggressive
2363,q,q,check,['check'],"[('p1', 'check'), ('p2', 'check')]",0.0,-1038.0,0.0,tie,showdown,False,2,114.0,114.0,loose_aggressive
2364,k,j,check,['check'],"[('p1', 'check'), ('p2', 'check')]",6.0,-1032.0,12.0,p1,showdown,False,2,114.0,114.0,loose_aggressive
2365,k,q,check,['check'],"[('p1', 'check'), ('p2', 'check')]",6.0,-1026.0,12.0,p1,showdown,False,2,114.0,114.0,loose_aggressive
2366,q,q,check,['check'],"[('p1', 'check'), ('p2', 'check')]",0.0,-1026.0,0.0,tie,showdown,False,2,114.0,114.0,loose_aggressive
2367,j,j,check,['check'],"[('p1', 'check'), ('p2', 'check')]",0.0,-1026.0,0.0,tie,showdown,False,2,114.0,114.0,loose_aggressive
2368,j,j,check,['check'],"[('p1', 'check'), ('p2', 'check')]",0.0,-1026.0,0.0,tie,showdown,False,2,114.0,114.0,loose_aggressive
2369,q,k,check,"['check', 'fold']","[('p1', 'check'), ('p2', 'max_raise'), ('p1', 'fold')]",-6.0,-1032.0,24.0,p2,fold,False,3,114.0,102.0,loose_aggressive
2370,k,q,check,['check'],"[('p1', 'check'), ('p2', 'check')]",6.0,-1026.0,12.0,p1,showdown,False,2,114.0,114.0,loose_aggressive
2371,j,j,check,['check'],"[('p1', 'check'), ('p2', 'check')]",0.0,-1026.0,0.0,tie,showdown,False,2,114.0,114.0,loose_aggressive
2372,q,q,check,['check'],"[('p1', 'check'), ('p2', 'check')]",0.0,-1026.0,0.0,tie,showdown,False,2,114.0,114.0,loose_aggressive
2373,q,j,check,"['check', 'call']","[('p1', 'check'), ('p2', 'min_raise'), ('p1', 'call')]",12.0,-1014.0,24.0,p1,showdown,False,3,114.0,108.0,loose_aggressive
2374,q,q,check,['check'],"[('p1', 'check'), ('p2', 'check')]",0.0,-1014.0,0.0,tie,showdown,False,2,114.0,114.0,loose_aggressive
2375,j,k,check,"['check', 'fold']","[('p1', 'check'), ('p2', 'max_raise'), ('p1', 'fold')]",-6.0,-1020.0,24.0,p2,fold,False,3,114.0,102.0,loose_aggressive
2376,k,j,check,['check'],"[('p1', 'check'), ('p2', 'check')]",6.0,-1014.0,12.0,p1,showdown,False,2,114.0,114.0,loose_aggressive
2377,q,q,check,['check'],"[('p1', 'check'), ('p2', 'check')]",0.0,-1014.0,0.0,tie,showdown,False,2,114.0,114.0,loose_aggressive
2378,k,q,check,['check'],"[('p1', 'check'), ('p2', 'check')]",6.0,-1008.0,12.0,p1,showdown,False,2,114.0,114.0,loose_aggressive
2379,k,k,check,"['check', 'call']","[('p1', 'check'), ('p2', 'max_raise'), ('p1', 'call')]",0.0,-1008.0,0.0,tie,showdown,False,3,114.0,102.0,loose_aggressive
2380,k,j,check,['check'],"[('p1', 'check'), ('p2', 'check')]",6.0,-1002.0,12.0,p1,showdown,False,2,114.0,114.0,loose_aggressive
2381,q,q,check,['check'],"[('p1', 'check'), ('p2', 'check')]",0.0,-1002.0,0.0,tie,showdown,False,2,114.0,114.0,loose_aggressive
2382,q,q,check,['check'],"[('p1', 'check'), ('p2', 'check')]",0.0,-1002.0,0.0,tie,showdown,False,2,114.0,114.0,loose_aggressive
2383,k,q,check,['check'],"[('p1', 'check'), ('p2', 'check')]",6.0,-996.0,12.0,p1,showdown,False,2,114.0,114.0,loose_aggressive
2384,j,k,check,"['check', 'fold']","[('p1', 'check'), ('p2', 'max_raise'), ('p1', 'fold')]",-6.0,-1002.0,24.0,p2,fold,False,3,114.0,102.0,loose_aggressive
2385,j,q,check,['check'],"[('p1', 'check'), ('p2', 'check')]",-6.0,-1008.0,12.0,p2,showdown,False,2,114.0,114.0,loose_aggressive
2386,q,q,check,['check'],"[('p1', 'check'), ('p2', 'check')]",0.0,-1008.0,0.0,tie,showdown,False,2,114.0,114.0,loose_aggressive
2387,j,k,check,"['check', 'fold']","[('p1', 'check'), ('p2', 'max_raise'), ('p1', 'fold')]",-6.0,-1014.0,24.0,p2,fold,False,3,114.0,102.0,loose_aggressive
2388,k,q,check,['check'],"[('p1', 'check'), ('p2', 'check')]",6.0,-1008.0,12.0,p1,showdown,False,2,114.0,114.0,loose_aggressive
2389,q,k,check,"['check', 'fold']","[('p1', 'check'), ('p2', 'max_raise'), ('p1', 'fold')]",-6.0,-1014.0,24.0,p2,fold,False,3,114.0,102.0,loose_aggressive
2390,j,k,check,"['check', 'fold']","[('p1', 'check'), ('p2', 'max_raise'), ('p1', 'fold')]",-6.0,-1020.0,24.0,p2,fold,False,3,114.0,102.0,loose_aggressive
2391,q,k,check,"['check', 'fold']","[('p1', 'check'), ('p2', 'max_raise'), ('p1', 'fold')]",-6.0,-1026.0,24.0,p2,fold,False,3,114.0,102.0,loose_aggressive
2392,j,j,check,['check'],"[('p1', 'check'), ('p2', 'check')]",0.0,-1026.0,0.0,tie,showdown,False,2,114.0,114.0,loose_aggressive
2393,j,j,check,['check'],"[('p1', 'check'), ('p2', 'check')]",0.0,-1026.0,0.0,tie,showdown,False,2,114.0,114.0,loose_aggressive
2394,j,k,check,"['check', 'fold']","[('p1', 'check'), ('p2', 'max_raise'), ('p1', 'fold')]",-6.0,-1032.0,24.0,p2,fold,False,3,114.0,102.0,loose_aggressive
2395,q,q,check,['check'],"[('p1', 'check'), ('p2', 'check')]",0.0,-1032.0,0.0,tie,showdown,False,2,114.0,114.0,loose_aggressive
2396,j,k,check,"['check', 'fold']","[('p1', 'check'), ('p2', 'max_raise'), ('p1', 'fold')]",-6.0,-1038.0,24.0,p2,fold,False,3,114.0,102.0,loose_aggressive
2397,k,j,check,['check'],"[('p1', 'check'), ('p2', 'check')]",6.0,-1032.0,12.0,p1,showdown,False,2,114.0,114.0,loose_aggressive
2398,k,k,check,"['check', 'call']","[('p1', 'check'), ('p2', 'max_raise'), ('p1', 'call')]",0.0,-1032.0,0.0,tie,showdown,False,3,114.0,102.0,loose_aggressive
2399,k,k,check,"['check', 'call']","[('p1', 'check'), ('p2', 'max_raise'), ('p1', 'call')]",0.0,-1032.0,0.0,tie,showdown,False,3,114.0,102.0,loose_aggressive
2400,j,k,check,"['check', 'fold']","[('p1', 'check'), ('p2', 'max_raise'), ('p1', 'fold')]",-6.0,-1038.0,24.0,p2,fold,False,3,114.0,102.0,loose_aggressive
2401,k,q,check,['check'],"[('p1', 'check'), ('p2', 'check')]",6.0,-1032.0,12.0,p1,showdown,False,2,114.0,114.0,loose_aggressive
2402,q,j,check,['check'],"[('p1', 'check'), ('p2', 'check')]",6.0,-1026.0,12.0,p1,showdown,False,2,114.0,114.0,loose_aggressive
2403,q,j,check,['check'],"[('p1', 'check'), ('p2', 'check')]",6.0,-1020.0,12.0,p1,showdown,False,2,114.0,114.0,loose_aggressive
2404,k,j,check,['check'],"[('p1', 'check'), ('p2', 'check')]",6.0,-1014.0,12.0,p1,showdown,False,2,114.0,114.0,loose_aggressive
2405,k,q,check,['check'],"[('p1', 'check'), ('p2', 'check')]",6.0,-1008.0,12.0,p1,showdown,False,2,114.0,114.0,loose_aggressive
2406,k,q,check,['check'],"[('p1', 'check'), ('p2', 'check')]",6.0,-1002.0,12.0,p1,showdown,False,2,114.0,114.0,loose_aggressive
2407,q,k,check,"['check', 'fold']","[('p1', 'check'), ('p2', 'max_raise'), ('p1', 'fold')]",-6.0,-1008.0,24.0,p2,fold,False,3,114.0,102.0,loose_aggressive
2408,j,k,check,"['check', 'fold']","[('p1', 'check'), ('p2', 'max_raise'), ('p1', 'fold')]",-6.0,-1014.0,24.0,p2,fold,False,3,114.0,102.0,loose_aggressive
2409,j,k,check,"['check', 'fold']","[('p1', 'check'), ('p2', 'max_raise'), ('p1', 'fold')]",-6.0,-1020.0,24.0,p2,fold,False,3,114.0,102.0,loose_aggressive
2410,j,j,check,['check'],"[('p1', 'check'), ('p2', 'check')]",0.0,-1020.0,0.0,tie,showdown,False,2,114.0,114.0,loose_aggressive
2411,q,q,check,['check'],"[('p1', 'check'), ('p2', 'check')]",0.0,-1020.0,0.0,tie,showdown,False,2,114.0,114.0,loose_aggressive
2412,k,j,check,['check'],"[('p1', 'check'), ('p2', 'check')]",6.0,-1014.0,12.0,p1,showdown,False,2,114.0,114.0,loose_aggressive
2413,k,q,check,['check'],"[('p1', 'check'), ('p2', 'check')]",6.0,-1008.0,12.0,p1,showdown,False,2,114.0,114.0,loose_aggressive
2414,q,j,check,['check'],"[('p1', 'check'), ('p2', 'check')]",6.0,-1002.0,12.0,p1,showdown,False,2,114.0,114.0,loose_aggressive
2415,k,k,check,"['check', 'call']","[('p1', 'check'), ('p2', 'max_raise'), ('p1', 'call')]",0.0,-1002.0,0.0,tie,showdown,False,3,114.0,102.0,loose_aggressive
2416,q,q,check,['check'],"[('p1', 'check'), ('p2', 'check')]",0.0,-1002.0,0.0,tie,showdown,False,2,114.0,114.0,loose_aggressive
2417,k,k,check,"['check', 'call']","[('p1', 'check'), ('p2', 'max_raise'), ('p1', 'call')]",0.0,-1002.0,0.0,tie,showdown,False,3,114.0,102.0,loose_aggressive
2418,j,k,check,"['check', 'fold']","[('p1', 'check'), ('p2', 'max_raise'), ('p1', 'fold')]",-6.0,-1008.0,24.0,p2,fold,False,3,114.0,102.0,loose_aggressive
2419,j,q,check,['check'],"[('p1', 'check'), ('p2', 'check')]",-6.0,-1014.0,12.0,p2,showdown,False,2,114.0,114.0,loose_aggressive
2420,k,q,check,['check'],"[('p1', 'check'), ('p2', 'check')]",6.0,-1008.0,12.0,p1,showdown,False,2,114.0,114.0,loose_aggressive
2421,k,k,check,"['check', 'call']","[('p1', 'check'), ('p2', 'max_raise'), ('p1', 'call')]",0.0,-1008.0,0.0,tie,showdown,False,3,114.0,102.0,loose_aggressive
2422,k,q,check,['check'],"[('p1', 'check'), ('p2', 'check')]",6.0,-1002.0,12.0,p1,showdown,False,2,114.0,114.0,loose_aggressive
2423,j,k,check,"['check', 'fold']","[('p1', 'check'), ('p2', 'max_raise'), ('p1', 'fold')]",-6.0,-1008.0,24.0,p2,fold,False,3,114.0,102.0,loose_aggressive
2424,k,j,check,['check'],"[('p1', 'check'), ('p2', 'check')]",6.0,-1002.0,12.0,p1,showdown,False,2,114.0,114.0,loose_aggressive
2425,q,j,check,['check'],"[('p1', 'check'), ('p2', 'check')]",6.0,-996.0,12.0,p1,showdown,False,2,114.0,114.0,loose_aggressive
2426,k,q,check,['check'],"[('p1', 'check'), ('p2', 'check')]",6.0,-990.0,12.0,p1,showdown,False,2,114.0,114.0,loose_aggressive
2427,k,k,check,"['check', 'call']","[('p1', 'check'), ('p2', 'max_raise'), ('p1', 'call')]",0.0,-990.0,0.0,tie,showdown,False,3,114.0,102.0,loose_aggressive
2428,j,k,check,"['check', 'fold']","[('p1', 'check'), ('p2', 'max_raise'), ('p1', 'fold')]",-6.0,-996.0,24.0,p2,fold,False,3,114.0,102.0,loose_aggressive
2429,q,q,check,['check'],"[('p1', 'check'), ('p2', 'check')]",0.0,-996.0,0.0,tie,showdown,False,2,114.0,114.0,loose_aggressive
2430,k,k,check,"['check', 'call']","[('p1', 'check'), ('p2', 'max_raise'), ('p1', 'call')]",0.0,-996.0,0.0,tie,showdown,False,3,114.0,102.0,loose_aggressive
2431,k,j,check,"['check', 'call']","[('p1', 'check'), ('p2', 'min_raise'), ('p1', 'call')]",12.0,-984.0,24.0,p1,showdown,False,3,114.0,108.0,loose_aggressive
2432,q,q,check,['check'],"[('p1', 'check'), ('p2', 'check')]",0.0,-984.0,0.0,tie,showdown,False,2,114.0,114.0,loose_aggressive
2433,j,q,check,['check'],"[('p1', 'check'), ('p2', 'check')]",-6.0,-990.0,12.0,p2,showdown,False,2,114.0,114.0,loose_aggressive
2434,q,j,check,['check'],"[('p1', 'check'), ('p2', 'check')]",6.0,-984.0,12.0,p1,showdown,False,2,114.0,114.0,loose_aggressive
2435,q,j,check,['check'],"[('p1', 'check'), ('p2', 'check')]",6.0,-978.0,12.0,p1,showdown,False,2,114.0,114.0,loose_aggressive
2436,k,j,check,['check'],"[('p1', 'check'), ('p2', 'check')]",6.0,-972.0,12.0,p1,showdown,False,2,114.0,114.0,loose_aggressive
2437,k,k,check,"['check', 'call']","[('p1', 'check'), ('p2', 'max_raise'), ('p1', 'call')]",0.0,-972.0,0.0,tie,showdown,False,3,114.0,102.0,loose_aggressive
2438,j,k,check,"['check', 'fold']","[('p1', 'check'), ('p2', 'max_raise'), ('p1', 'fold')]",-6.0,-978.0,24.0,p2,fold,False,3,114.0,102.0,loose_aggressive
2439,j,q,check,['check'],"[('p1', 'check'), ('p2', 'check')]",-6.0,-984.0,12.0,p2,showdown,False,2,114.0,114.0,loose_aggressive
2440,j,q,check,['check'],"[('p1', 'check'), ('p2', 'check')]",-6.0,-990.0,12.0,p2,showdown,False,2,114.0,114.0,loose_aggressive
2441,q,q,check,['check'],"[('p1', 'check'), ('p2', 'check')]",0.0,-990.0,0.0,tie,showdown,False,2,114.0,114.0,loose_aggressive
2442,q,k,check,"['check', 'call']","[('p1', 'check'), ('p2', 'max_raise'), ('p1', 'call')]",-18.0,-1008.0,36.0,p2,showdown,False,3,114.0,102.0,loose_aggressive
2443,k,q,check,['check'],"[('p1', 'check'), ('p2', 'check')]",6.0,-1002.0,12.0,p1,showdown,False,2,114.0,114.0,loose_aggressive
2444,k,q,check,['check'],"[('p1', 'check'), ('p2', 'check')]",6.0,-996.0,12.0,p1,showdown,False,2,114.0,114.0,loose_aggressive
2445,j,q,check,['check'],"[('p1', 'check'), ('p2', 'check')]",-6.0,-1002.0,12.0,p2,showdown,False,2,114.0,114.0,loose_aggressive
2446,k,q,check,['check'],"[('p1', 'check'), ('p2', 'check')]",6.0,-996.0,12.0,p1,showdown,False,2,114.0,114.0,loose_aggressive
2447,k,q,check,['check'],"[('p1', 'check'), ('p2', 'check')]",6.0,-990.0,12.0,p1,showdown,False,2,114.0,114.0,loose_aggressive
2448,q,k,check,"['check', 'call']","[('p1', 'check'), ('p2', 'max_raise'), ('p1', 'call')]",-18.0,-1008.0,36.0,p2,showdown,False,3,114.0,102.0,loose_aggressive
2449,j,j,check,['check'],"[('p1', 'check'), ('p2', 'check')]",0.0,-1008.0,0.0,tie,showdown,False,2,114.0,114.0,loose_aggressive
2450,j,q,check,['check'],"[('p1', 'check'), ('p2', 'check')]",-6.0,-1014.0,12.0,p2,showdown,False,2,114.0,114.0,loose_aggressive
2451,q,k,check,"['check', 'fold']","[('p1', 'check'), ('p2', 'max_raise'), ('p1', 'fold')]",-6.0,-1020.0,24.0,p2,fold,False,3,114.0,102.0,loose_aggressive
2452,q,j,check,"['check', 'call']","[('p1', 'check'), ('p2', 'min_raise'), ('p1', 'call')]",12.0,-1008.0,24.0,p1,showdown,False,3,114.0,108.0,loose_aggressive
2453,k,k,check,"['check', 'call']","[('p1', 'check'), ('p2', 'max_raise'), ('p1', 'call')]",0.0,-1008.0,0.0,tie,showdown,False,3,114.0,102.0,loose_aggressive
2454,k,k,check,"['check', 'call']","[('p1', 'check'), ('p2', 'max_raise'), ('p1', 'call')]",0.0,-1008.0,0.0,tie,showdown,False,3,114.0,102.0,loose_aggressive
2455,j,q,check,['check'],"[('p1', 'check'), ('p2', 'check')]",-6.0,-1014.0,12.0,p2,showdown,False,2,114.0,114.0,loose_aggressive
2456,q,j,check,['check'],"[('p1', 'check'), ('p2', 'check')]",6.0,-1008.0,12.0,p1,showdown,False,2,114.0,114.0,loose_aggressive
2457,q,q,check,['check'],"[('p1', 'check'), ('p2', 'check')]",0.0,-1008.0,0.0,tie,showdown,False,2,114.0,114.0,loose_aggressive
2458,k,j,check,['check'],"[('p1', 'check'), ('p2', 'check')]",6.0,-1002.0,12.0,p1,showdown,False,2,114.0,114.0,loose_aggressive
2459,q,q,check,['check'],"[('p1', 'check'), ('p2', 'check')]",0.0,-1002.0,0.0,tie,showdown,False,2,114.0,114.0,loose_aggressive
2460,k,q,check,['check'],"[('p1', 'check'), ('p2', 'check')]",6.0,-996.0,12.0,p1,showdown,False,2,114.0,114.0,loose_aggressive
2461,q,q,check,['check'],"[('p1', 'check'), ('p2', 'check')]",0.0,-996.0,0.0,tie,showdown,False,2,114.0,114.0,loose_aggressive
2462,k,q,check,['check'],"[('p1', 'check'), ('p2', 'check')]",6.0,-990.0,12.0,p1,showdown,False,2,114.0,114.0,loose_aggressive
2463,j,k,check,"['check', 'fold']","[('p1', 'check'), ('p2', 'max_raise'), ('p1', 'fold')]",-6.0,-996.0,24.0,p2,fold,False,3,114.0,102.0,loose_aggressive
2464,q,k,check,"['check', 'fold']","[('p1', 'check'), ('p2', 'max_raise'), ('p1', 'fold')]",-6.0,-1002.0,24.0,p2,fold,False,3,114.0,102.0,loose_aggressive
2465,j,k,check,"['check', 'fold']","[('p1', 'check'), ('p2', 'max_raise'), ('p1', 'fold')]",-6.0,-1008.0,24.0,p2,fold,False,3,114.0,102.0,loose_aggressive
2466,k,q,check,['check'],"[('p1', 'check'), ('p2', 'check')]",6.0,-1002.0,12.0,p1,showdown,False,2,114.0,114.0,loose_aggressive
2467,j,j,check,['check'],"[('p1', 'check'), ('p2', 'check')]",0.0,-1002.0,0.0,tie,showdown,False,2,114.0,114.0,loose_aggressive
2468,k,k,check,"['check', 'call']","[('p1', 'check'), ('p2', 'max_raise'), ('p1', 'call')]",0.0,-1002.0,0.0,tie,showdown,False,3,114.0,102.0,loose_aggressive
2469,j,k,check,"['check', 'fold']","[('p1', 'check'), ('p2', 'max_raise'), ('p1', 'fold')]",-6.0,-1008.0,24.0,p2,fold,False,3,114.0,102.0,loose_aggressive
2470,q,j,check,['check'],"[('p1', 'check'), ('p2', 'check')]",6.0,-1002.0,12.0,p1,showdown,False,2,114.0,114.0,loose_aggressive
2471,q,q,check,['check'],"[('p1', 'check'), ('p2', 'check')]",0.0,-1002.0,0.0,tie,showdown,False,2,114.0,114.0,loose_aggressive
2472,j,j,check,"['check', 'call']","[('p1', 'check'), ('p2', 'min_raise'), ('p1', 'call')]",0.0,-1002.0,0.0,tie,showdown,False,3,114.0,108.0,loose_aggressive
2473,q,k,check,"['check', 'fold']","[('p1', 'check'), ('p2', 'max_raise'), ('p1', 'fold')]",-6.0,-1008.0,24.0,p2,fold,False,3,114.0,102.0,loose_aggressive
2474,j,q,check,['check'],"[('p1', 'check'), ('p2', 'check')]",-6.0,-1014.0,12.0,p2,showdown,False,2,114.0,114.0,loose_aggressive
2475,k,q,check,['check'],"[('p1', 'check'), ('p2', 'check')]",6.0,-1008.0,12.0,p1,showdown,False,2,114.0,114.0,loose_aggressive
2476,q,q,check,['check'],"[('p1', 'check'), ('p2', 'check')]",0.0,-1008.0,0.0,tie,showdown,False,2,114.0,114.0,loose_aggressive
2477,k,j,check,['check'],"[('p1', 'check'), ('p2', 'check')]",6.0,-1002.0,12.0,p1,showdown,False,2,114.0,114.0,loose_aggressive
2478,k,k,check,"['check', 'call']","[('p1', 'check'), ('p2', 'max_raise'), ('p1', 'call')]",0.0,-1002.0,0.0,tie,showdown,False,3,114.0,102.0,loose_aggressive
2479,q,k,check,"['check', 'fold']","[('p1', 'check'), ('p2', 'max_raise'), ('p1', 'fold')]",-6.0,-1008.0,24.0,p2,fold,False,3,114.0,102.0,loose_aggressive
2480,k,j,check,['check'],"[('p1', 'check'), ('p2', 'check')]",6.0,-1002.0,12.0,p1,showdown,False,2,114.0,114.0,loose_aggressive
2481,j,k,check,"['check', 'fold']","[('p1', 'check'), ('p2', 'max_raise'), ('p1', 'fold')]",-6.0,-1008.0,24.0,p2,fold,False,3,114.0,102.0,loose_aggressive
2482,q,k,check,"['check', 'fold']","[('p1', 'check'), ('p2', 'max_raise'), ('p1', 'fold')]",-6.0,-1014.0,24.0,p2,fold,False,3,114.0,102.0,loose_aggressive
2483,j,k,check,"['check', 'fold']","[('p1', 'check'), ('p2', 'max_raise'), ('p1', 'fold')]",-6.0,-1020.0,24.0,p2,fold,False,3,114.0,102.0,loose_aggressive
2484,j,j,check,"['check', 'call']","[('p1', 'check'), ('p2', 'min_raise'), ('p1', 'call')]",0.0,-1020.0,0.0,tie,showdown,False,3,114.0,108.0,loose_aggressive
2485,j,k,check,"['check', 'fold']","[('p1', 'check'), ('p2', 'max_raise'), ('p1', 'fold')]",-6.0,-1026.0,24.0,p2,fold,False,3,114.0,102.0,loose_aggressive
2486,k,j,check,"['check', 'call']","[('p1', 'check'), ('p2', 'min_raise'), ('p1', 'call')]",12.0,-1014.0,24.0,p1,showdown,False,3,114.0,108.0,loose_aggressive
2487,k,k,check,"['check', 'call']","[('p1', 'check'), ('p2', 'max_raise'), ('p1', 'call')]",0.0,-1014.0,0.0,tie,showdown,False,3,114.0,102.0,loose_aggressive
2488,j,k,check,"['check', 'fold']","[('p1', 'check'), ('p2', 'max_raise'), ('p1', 'fold')]",-6.0,-1020.0,24.0,p2,fold,False,3,114.0,102.0,loose_aggressive
2489,k,j,check,['check'],"[('p1', 'check'), ('p2', 'check')]",6.0,-1014.0,12.0,p1,showdown,False,2,114.0,114.0,loose_aggressive
2490,k,q,check,['check'],"[('p1', 'check'), ('p2', 'check')]",6.0,-1008.0,12.0,p1,showdown,False,2,114.0,114.0,loose_aggressive
2491,k,k,check,"['check', 'call']","[('p1', 'check'), ('p2', 'max_raise'), ('p1', 'call')]",0.0,-1008.0,0.0,tie,showdown,False,3,114.0,102.0,loose_aggressive
2492,k,q,check,['check'],"[('p1', 'check'), ('p2', 'check')]",6.0,-1002.0,12.0,p1,showdown,False,2,114.0,114.0,loose_aggressive
2493,k,q,check,['check'],"[('p1', 'check'), ('p2', 'check')]",6.0,-996.0,12.0,p1,showdown,False,2,114.0,114.0,loose_aggressive
2494,q,k,check,"['check', 'fold']","[('p1', 'check'), ('p2', 'max_raise'), ('p1', 'fold')]",-6.0,-1002.0,24.0,p2,fold,False,3,114.0,102.0,loose_aggressive
2495,j,k,check,"['check', 'fold']","[('p1', 'check'), ('p2', 'max_raise'), ('p1', 'fold')]",-6.0,-1008.0,24.0,p2,fold,False,3,114.0,102.0,loose_aggressive
2496,j,k,check,"['check', 'fold']","[('p1', 'check'), ('p2', 'max_raise'), ('p1', 'fold')]",-6.0,-1014.0,24.0,p2,fold,False,3,114.0,102.0,loose_aggressive
2497,k,k,check,"['check', 'call']","[('p1', 'check'), ('p2', 'max_raise'), ('p1', 'call')]",0.0,-1014.0,0.0,tie,showdown,False,3,114.0,102.0,loose_aggressive
2498,j,k,check,"['check', 'fold']","[('p1', 'check'), ('p2', 'max_raise'), ('p1', 'fold')]",-6.0,-1020.0,24.0,p2,fold,False,3,114.0,102.0,loose_aggressive
2499,k,j,check,['check'],"[('p1', 'check'), ('p2', 'check')]",6.0,-1014.0,12.0,p1,showdown,False,2,114.0,114.0,loose_aggressive
2500,q,k,check,"['check', 'fold']","[('p1', 'check'), ('p2', 'max_raise'), ('p1', 'fold')]",-6.0,-1020.0,24.0,p2,fold,False,3,114.0,102.0,loose_aggressive
2501,j,q,check,['check'],"[('p1', 'check'), ('p2', 'check')]",-6.0,-1026.0,12.0,p2,showdown,False,2,114.0,114.0,loose_aggressive
2502,q,q,check,['check'],"[('p1', 'check'), ('p2', 'check')]",0.0,-1026.0,0.0,tie,showdown,False,2,114.0,114.0,loose_aggressive
2503,q,k,check,"['check', 'fold']","[('p1', 'check'), ('p2', 'max_raise'), ('p1', 'fold')]",-6.0,-1032.0,24.0,p2,fold,False,3,114.0,102.0,loose_aggressive
2504,k,q,check,['check'],"[('p1', 'check'), ('p2', 'check')]",6.0,-1026.0,12.0,p1,showdown,False,2,114.0,114.0,loose_aggressive
2505,k,k,check,"['check', 'call']","[('p1', 'check'), ('p2', 'max_raise'), ('p1', 'call')]",0.0,-1026.0,0.0,tie,showdown,False,3,114.0,102.0,loose_aggressive
2506,j,j,check,"['check', 'call']","[('p1', 'check'), ('p2', 'min_raise'), ('p1', 'call')]",0.0,-1026.0,0.0,tie,showdown,False,3,114.0,108.0,loose_aggressive
2507,q,k,check,"['check', 'fold']","[('p1', 'check'), ('p2', 'max_raise'), ('p1', 'fold')]",-6.0,-1032.0,24.0,p2,fold,False,3,114.0,102.0,loose_aggressive
2508,k,q,check,['check'],"[('p1', 'check'), ('p2', 'check')]",6.0,-1026.0,12.0,p1,showdown,False,2,114.0,114.0,loose_aggressive
2509,j,k,check,"['check', 'fold']","[('p1', 'check'), ('p2', 'max_raise'), ('p1', 'fold')]",-6.0,-1032.0,24.0,p2,fold,False,3,114.0,102.0,loose_aggressive
2510,j,k,check,"['check', 'fold']","[('p1', 'check'), ('p2', 'max_raise'), ('p1', 'fold')]",-6.0,-1038.0,24.0,p2,fold,False,3,114.0,102.0,loose_aggressive
2511,q,k,check,"['check', 'fold']","[('p1', 'check'), ('p2', 'max_raise'), ('p1', 'fold')]",-6.0,-1044.0,24.0,p2,fold,False,3,114.0,102.0,loose_aggressive
2512,j,k,check,"['check', 'fold']","[('p1', 'check'), ('p2', 'max_raise'), ('p1', 'fold')]",-6.0,-1050.0,24.0,p2,fold,False,3,114.0,102.0,loose_aggressive
2513,k,k,check,"['check', 'call']","[('p1', 'check'), ('p2', 'max_raise'), ('p1', 'call')]",0.0,-1050.0,0.0,tie,showdown,False,3,114.0,102.0,loose_aggressive
2514,k,j,check,['check'],"[('p1', 'check'), ('p2', 'check')]",6.0,-1044.0,12.0,p1,showdown,False,2,114.0,114.0,loose_aggressive
2515,k,j,check,['check'],"[('p1', 'check'), ('p2', 'check')]",6.0,-1038.0,12.0,p1,showdown,False,2,114.0,114.0,loose_aggressive
2516,k,j,check,['check'],"[('p1', 'check'), ('p2', 'check')]",6.0,-1032.0,12.0,p1,showdown,False,2,114.0,114.0,loose_aggressive
2517,q,k,check,"['check', 'fold']","[('p1', 'check'), ('p2', 'max_raise'), ('p1', 'fold')]",-6.0,-1038.0,24.0,p2,fold,False,3,114.0,102.0,loose_aggressive
2518,k,k,check,"['check', 'call']","[('p1', 'check'), ('p2', 'max_raise'), ('p1', 'call')]",0.0,-1038.0,0.0,tie,showdown,False,3,114.0,102.0,loose_aggressive
2519,q,j,check,"['check', 'call']","[('p1', 'check'), ('p2', 'min_raise'), ('p1', 'call')]",12.0,-1026.0,24.0,p1,showdown,False,3,114.0,108.0,loose_aggressive
2520,q,j,check,['check'],"[('p1', 'check'), ('p2', 'check')]",6.0,-1020.0,12.0,p1,showdown,False,2,114.0,114.0,loose_aggressive
2521,j,k,check,"['check', 'fold']","[('p1', 'check'), ('p2', 'max_raise'), ('p1', 'fold')]",-6.0,-1026.0,24.0,p2,fold,False,3,114.0,102.0,loose_aggressive
2522,q,k,check,"['check', 'fold']","[('p1', 'check'), ('p2', 'max_raise'), ('p1', 'fold')]",-6.0,-1032.0,24.0,p2,fold,False,3,114.0,102.0,loose_aggressive
2523,k,j,check,['check'],"[('p1', 'check'), ('p2', 'check')]",6.0,-1026.0,12.0,p1,showdown,False,2,114.0,114.0,loose_aggressive
2524,q,k,check,"['check', 'fold']","[('p1', 'check'), ('p2', 'max_raise'), ('p1', 'fold')]",-6.0,-1032.0,24.0,p2,fold,False,3,114.0,102.0,loose_aggressive
2525,q,q,check,['check'],"[('p1', 'check'), ('p2', 'check')]",0.0,-1032.0,0.0,tie,showdown,False,2,114.0,114.0,loose_aggressive
2526,q,q,check,['check'],"[('p1', 'check'), ('p2', 'check')]",0.0,-1032.0,0.0,tie,showdown,False,2,114.0,114.0,loose_aggressive
2527,j,k,check,"['check', 'fold']","[('p1', 'check'), ('p2', 'max_raise'), ('p1', 'fold')]",-6.0,-1038.0,24.0,p2,fold,False,3,114.0,102.0,loose_aggressive
2528,q,q,check,['check'],"[('p1', 'check'), ('p2', 'check')]",0.0,-1038.0,0.0,tie,showdown,False,2,114.0,114.0,loose_aggressive
2529,q,q,check,['check'],"[('p1', 'check'), ('p2', 'check')]",0.0,-1038.0,0.0,tie,showdown,False,2,114.0,114.0,loose_aggressive
2530,j,q,check,['check'],"[('p1', 'check'), ('p2', 'check')]",-6.0,-1044.0,12.0,p2,showdown,False,2,114.0,114.0,loose_aggressive
2531,q,j,check,['check'],"[('p1', 'check'), ('p2', 'check')]",6.0,-1038.0,12.0,p1,showdown,False,2,114.0,114.0,loose_aggressive
2532,k,k,check,"['check', 'call']","[('p1', 'check'), ('p2', 'max_raise'), ('p1', 'call')]",0.0,-1038.0,0.0,tie,showdown,False,3,114.0,102.0,loose_aggressive
2533,j,j,check,['check'],"[('p1', 'check'), ('p2', 'check')]",0.0,-1038.0,0.0,tie,showdown,False,2,114.0,114.0,loose_aggressive
2534,q,q,check,['check'],"[('p1', 'check'), ('p2', 'check')]",0.0,-1038.0,0.0,tie,showdown,False,2,114.0,114.0,loose_aggressive
2535,q,j,check,"['check', 'call']","[('p1', 'check'), ('p2', 'min_raise'), ('p1', 'call')]",12.0,-1026.0,24.0,p1,showdown,False,3,114.0,108.0,loose_aggressive
2536,q,j,check,['check'],"[('p1', 'check'), ('p2', 'check')]",6.0,-1020.0,12.0,p1,showdown,False,2,114.0,114.0,loose_aggressive
2537,k,j,check,['check'],"[('p1', 'check'), ('p2', 'check')]",6.0,-1014.0,12.0,p1,showdown,False,2,114.0,114.0,loose_aggressive
2538,j,k,check,"['check', 'fold']","[('p1', 'check'), ('p2', 'max_raise'), ('p1', 'fold')]",-6.0,-1020.0,24.0,p2,fold,False,3,114.0,102.0,loose_aggressive
2539,k,j,check,"['check', 'call']","[('p1', 'check'), ('p2', 'min_raise'), ('p1', 'call')]",12.0,-1008.0,24.0,p1,showdown,False,3,114.0,108.0,loose_aggressive
2540,j,q,check,['check'],"[('p1', 'check'), ('p2', 'check')]",-6.0,-1014.0,12.0,p2,showdown,False,2,114.0,114.0,loose_aggressive
2541,k,k,check,"['check', 'call']","[('p1', 'check'), ('p2', 'max_raise'), ('p1', 'call')]",0.0,-1014.0,0.0,tie,showdown,False,3,114.0,102.0,loose_aggressive
2542,k,j,check,['check'],"[('p1', 'check'), ('p2', 'check')]",6.0,-1008.0,12.0,p1,showdown,False,2,114.0,114.0,loose_aggressive
2543,j,k,check,"['check', 'fold']","[('p1', 'check'), ('p2', 'max_raise'), ('p1', 'fold')]",-6.0,-1014.0,24.0,p2,fold,False,3,114.0,102.0,loose_aggressive
2544,q,j,check,['check'],"[('p1', 'check'), ('p2', 'check')]",6.0,-1008.0,12.0,p1,showdown,False,2,114.0,114.0,loose_aggressive
2545,q,j,check,['check'],"[('p1', 'check'), ('p2', 'check')]",6.0,-1002.0,12.0,p1,showdown,False,2,114.0,114.0,loose_aggressive
2546,j,q,check,['check'],"[('p1', 'check'), ('p2', 'check')]",-6.0,-1008.0,12.0,p2,showdown,False,2,114.0,114.0,loose_aggressive
2547,j,k,check,"['check', 'fold']","[('p1', 'check'), ('p2', 'max_raise'), ('p1', 'fold')]",-6.0,-1014.0,24.0,p2,fold,False,3,114.0,102.0,loose_aggressive
2548,q,j,check,['check'],"[('p1', 'check'), ('p2', 'check')]",6.0,-1008.0,12.0,p1,showdown,False,2,114.0,114.0,loose_aggressive
2549,q,q,check,['check'],"[('p1', 'check'), ('p2', 'check')]",0.0,-1008.0,0.0,tie,showdown,False,2,114.0,114.0,loose_aggressive
2550,j,q,check,['check'],"[('p1', 'check'), ('p2', 'check')]",-6.0,-1014.0,12.0,p2,showdown,False,2,114.0,114.0,loose_aggressive
2551,j,k,check,"['check', 'fold']","[('p1', 'check'), ('p2', 'max_raise'), ('p1', 'fold')]",-6.0,-1020.0,24.0,p2,fold,False,3,114.0,102.0,loose_aggressive
2552,j,j,check,['check'],"[('p1', 'check'), ('p2', 'check')]",0.0,-1020.0,0.0,tie,showdown,False,2,114.0,114.0,loose_aggressive
2553,q,q,check,['check'],"[('p1', 'check'), ('p2', 'check')]",0.0,-1020.0,0.0,tie,showdown,False,2,114.0,114.0,loose_aggressive
2554,j,k,check,"['check', 'fold']","[('p1', 'check'), ('p2', 'max_raise'), ('p1', 'fold')]",-6.0,-1026.0,24.0,p2,fold,False,3,114.0,102.0,loose_aggressive
2555,j,k,check,"['check', 'fold']","[('p1', 'check'), ('p2', 'max_raise'), ('p1', 'fold')]",-6.0,-1032.0,24.0,p2,fold,False,3,114.0,102.0,loose_aggressive
2556,k,k,check,"['check', 'call']","[('p1', 'check'), ('p2', 'max_raise'), ('p1', 'call')]",0.0,-1032.0,0.0,tie,showdown,False,3,114.0,102.0,loose_aggressive
2557,j,k,check,"['check', 'fold']","[('p1', 'check'), ('p2', 'max_raise'), ('p1', 'fold')]",-6.0,-1038.0,24.0,p2,fold,False,3,114.0,102.0,loose_aggressive
2558,q,j,check,['check'],"[('p1', 'check'), ('p2', 'check')]",6.0,-1032.0,12.0,p1,showdown,False,2,114.0,114.0,loose_aggressive
2559,j,k,check,"['check', 'fold']","[('p1', 'check'), ('p2', 'max_raise'), ('p1', 'fold')]",-6.0,-1038.0,24.0,p2,fold,False,3,114.0,102.0,loose_aggressive
2560,j,q,check,['check'],"[('p1', 'check'), ('p2', 'check')]",-6.0,-1044.0,12.0,p2,showdown,False,2,114.0,114.0,loose_aggressive
2561,q,j,check,"['check', 'call']","[('p1', 'check'), ('p2', 'min_raise'), ('p1', 'call')]",12.0,-1032.0,24.0,p1,showdown,False,3,114.0,108.0,loose_aggressive
2562,k,q,check,['check'],"[('p1', 'check'), ('p2', 'check')]",6.0,-1026.0,12.0,p1,showdown,False,2,114.0,114.0,loose_aggressive
2563,j,q,check,['check'],"[('p1', 'check'), ('p2', 'check')]",-6.0,-1032.0,12.0,p2,showdown,False,2,114.0,114.0,loose_aggressive
2564,q,k,check,"['check', 'fold']","[('p1', 'check'), ('p2', 'max_raise'), ('p1', 'fold')]",-6.0,-1038.0,24.0,p2,fold,False,3,114.0,102.0,loose_aggressive
2565,k,q,check,['check'],"[('p1', 'check'), ('p2', 'check')]",6.0,-1032.0,12.0,p1,showdown,False,2,114.0,114.0,loose_aggressive
2566,k,j,check,['check'],"[('p1', 'check'), ('p2', 'check')]",6.0,-1026.0,12.0,p1,showdown,False,2,114.0,114.0,loose_aggressive
2567,j,j,check,['check'],"[('p1', 'check'), ('p2', 'check')]",0.0,-1026.0,0.0,tie,showdown,False,2,114.0,114.0,loose_aggressive
2568,j,k,check,"['check', 'fold']","[('p1', 'check'), ('p2', 'max_raise'), ('p1', 'fold')]",-6.0,-1032.0,24.0,p2,fold,False,3,114.0,102.0,loose_aggressive
2569,q,j,check,['check'],"[('p1', 'check'), ('p2', 'check')]",6.0,-1026.0,12.0,p1,showdown,False,2,114.0,114.0,loose_aggressive
2570,q,j,check,['check'],"[('p1', 'check'), ('p2', 'check')]",6.0,-1020.0,12.0,p1,showdown,False,2,114.0,114.0,loose_aggressive
2571,k,j,check,['check'],"[('p1', 'check'), ('p2', 'check')]",6.0,-1014.0,12.0,p1,showdown,False,2,114.0,114.0,loose_aggressive
2572,k,q,check,['check'],"[('p1', 'check'), ('p2', 'check')]",6.0,-1008.0,12.0,p1,showdown,False,2,114.0,114.0,loose_aggressive
2573,q,j,check,"['check', 'call']","[('p1', 'check'), ('p2', 'min_raise'), ('p1', 'call')]",12.0,-996.0,24.0,p1,showdown,False,3,114.0,108.0,loose_aggressive
2574,k,q,check,['check'],"[('p1', 'check'), ('p2', 'check')]",6.0,-990.0,12.0,p1,showdown,False,2,114.0,114.0,loose_aggressive
2575,j,q,check,['check'],"[('p1', 'check'), ('p2', 'check')]",-6.0,-996.0,12.0,p2,showdown,False,2,114.0,114.0,loose_aggressive
2576,q,j,check,"['check', 'call']","[('p1', 'check'), ('p2', 'min_raise'), ('p1', 'call')]",12.0,-984.0,24.0,p1,showdown,False,3,114.0,108.0,loose_aggressive
2577,j,k,check,"['check', 'fold']","[('p1', 'check'), ('p2', 'max_raise'), ('p1', 'fold')]",-6.0,-990.0,24.0,p2,fold,False,3,114.0,102.0,loose_aggressive
2578,k,q,check,['check'],"[('p1', 'check'), ('p2', 'check')]",6.0,-984.0,12.0,p1,showdown,False,2,114.0,114.0,loose_aggressive
2579,j,k,check,"['check', 'fold']","[('p1', 'check'), ('p2', 'max_raise'), ('p1', 'fold')]",-6.0,-990.0,24.0,p2,fold,False,3,114.0,102.0,loose_aggressive
2580,k,q,check,['check'],"[('p1', 'check'), ('p2', 'check')]",6.0,-984.0,12.0,p1,showdown,False,2,114.0,114.0,loose_aggressive
2581,j,j,check,['check'],"[('p1', 'check'), ('p2', 'check')]",0.0,-984.0,0.0,tie,showdown,False,2,114.0,114.0,loose_aggressive
2582,q,j,check,['check'],"[('p1', 'check'), ('p2', 'check')]",6.0,-978.0,12.0,p1,showdown,False,2,114.0,114.0,loose_aggressive
2583,j,k,check,"['check', 'fold']","[('p1', 'check'), ('p2', 'max_raise'), ('p1', 'fold')]",-6.0,-984.0,24.0,p2,fold,False,3,114.0,102.0,loose_aggressive
2584,j,k,check,"['check', 'fold']","[('p1', 'check'), ('p2', 'max_raise'), ('p1', 'fold')]",-6.0,-990.0,24.0,p2,fold,False,3,114.0,102.0,loose_aggressive
2585,q,j,check,['check'],"[('p1', 'check'), ('p2', 'check')]",6.0,-984.0,12.0,p1,showdown,False,2,114.0,114.0,loose_aggressive
2586,q,k,check,"['check', 'fold']","[('p1', 'check'), ('p2', 'max_raise'), ('p1', 'fold')]",-6.0,-990.0,24.0,p2,fold,False,3,114.0,102.0,loose_aggressive
2587,j,q,check,['check'],"[('p1', 'check'), ('p2', 'check')]",-6.0,-996.0,12.0,p2,showdown,False,2,114.0,114.0,loose_aggressive
2588,k,j,check,"['check', 'call']","[('p1', 'check'), ('p2', 'min_raise'), ('p1', 'call')]",12.0,-984.0,24.0,p1,showdown,False,3,114.0,108.0,loose_aggressive
2589,j,j,check,['check'],"[('p1', 'check'), ('p2', 'check')]",0.0,-984.0,0.0,tie,showdown,False,2,114.0,114.0,loose_aggressive
2590,k,j,check,['check'],"[('p1', 'check'), ('p2', 'check')]",6.0,-978.0,12.0,p1,showdown,False,2,114.0,114.0,loose_aggressive
2591,k,j,check,['check'],"[('p1', 'check'), ('p2', 'check')]",6.0,-972.0,12.0,p1,showdown,False,2,114.0,114.0,loose_aggressive
2592,q,j,check,['check'],"[('p1', 'check'), ('p2', 'check')]",6.0,-966.0,12.0,p1,showdown,False,2,114.0,114.0,loose_aggressive
2593,k,j,check,['check'],"[('p1', 'check'), ('p2', 'check')]",6.0,-960.0,12.0,p1,showdown,False,2,114.0,114.0,loose_aggressive
2594,k,q,check,['check'],"[('p1', 'check'), ('p2', 'check')]",6.0,-954.0,12.0,p1,showdown,False,2,114.0,114.0,loose_aggressive
2595,k,j,check,['check'],"[('p1', 'check'), ('p2', 'check')]",6.0,-948.0,12.0,p1,showdown,False,2,114.0,114.0,loose_aggressive
2596,k,q,check,['check'],"[('p1', 'check'), ('p2', 'check')]",6.0,-942.0,12.0,p1,showdown,False,2,114.0,114.0,loose_aggressive
2597,q,j,check,"['check', 'call']","[('p1', 'check'), ('p2', 'min_raise'), ('p1', 'call')]",12.0,-930.0,24.0,p1,showdown,False,3,114.0,108.0,loose_aggressive
2598,q,q,check,['check'],"[('p1', 'check'), ('p2', 'check')]",0.0,-930.0,0.0,tie,showdown,False,2,114.0,114.0,loose_aggressive
2599,q,j,check,['check'],"[('p1', 'check'), ('p2', 'check')]",6.0,-924.0,12.0,p1,showdown,False,2,114.0,114.0,loose_aggressive
2600,k,j,check,['check'],"[('p1', 'check'), ('p2', 'check')]",6.0,-918.0,12.0,p1,showdown,False,2,114.0,114.0,loose_aggressive
2601,q,j,check,"['check', 'call']","[('p1', 'check'), ('p2', 'min_raise'), ('p1', 'call')]",12.0,-906.0,24.0,p1,showdown,False,3,114.0,108.0,loose_aggressive
2602,j,j,check,['check'],"[('p1', 'check'), ('p2', 'check')]",0.0,-906.0,0.0,tie,showdown,False,2,114.0,114.0,loose_aggressive
2603,k,j,check,"['check', 'call']","[('p1', 'check'), ('p2', 'min_raise'), ('p1', 'call')]",12.0,-894.0,24.0,p1,showdown,False,3,114.0,108.0,loose_aggressive
2604,k,k,check,"['check', 'call']","[('p1', 'check'), ('p2', 'max_raise'), ('p1', 'call')]",0.0,-894.0,0.0,tie,showdown,False,3,114.0,102.0,loose_aggressive
2605,j,k,check,"['check', 'fold']","[('p1', 'check'), ('p2', 'max_raise'), ('p1', 'fold')]",-6.0,-900.0,24.0,p2,fold,False,3,114.0,102.0,loose_aggressive
2606,j,k,check,"['check', 'fold']","[('p1', 'check'), ('p2', 'max_raise'), ('p1', 'fold')]",-6.0,-906.0,24.0,p2,fold,False,3,114.0,102.0,loose_aggressive
2607,q,q,check,['check'],"[('p1', 'check'), ('p2', 'check')]",0.0,-906.0,0.0,tie,showdown,False,2,114.0,114.0,loose_aggressive
2608,j,k,check,"['check', 'fold']","[('p1', 'check'), ('p2', 'max_raise'), ('p1', 'fold')]",-6.0,-912.0,24.0,p2,fold,False,3,114.0,102.0,loose_aggressive
2609,j,j,check,['check'],"[('p1', 'check'), ('p2', 'check')]",0.0,-912.0,0.0,tie,showdown,False,2,114.0,114.0,loose_aggressive
2610,q,k,check,"['check', 'fold']","[('p1', 'check'), ('p2', 'max_raise'), ('p1', 'fold')]",-6.0,-918.0,24.0,p2,fold,False,3,114.0,102.0,loose_aggressive
2611,k,j,check,['check'],"[('p1', 'check'), ('p2', 'check')]",6.0,-912.0,12.0,p1,showdown,False,2,114.0,114.0,loose_aggressive
2612,j,k,check,"['check', 'fold']","[('p1', 'check'), ('p2', 'max_raise'), ('p1', 'fold')]",-6.0,-918.0,24.0,p2,fold,False,3,114.0,102.0,loose_aggressive
2613,k,q,check,['check'],"[('p1', 'check'), ('p2', 'check')]",6.0,-912.0,12.0,p1,showdown,False,2,114.0,114.0,loose_aggressive
2614,j,k,check,"['check', 'fold']","[('p1', 'check'), ('p2', 'max_raise'), ('p1', 'fold')]",-6.0,-918.0,24.0,p2,fold,False,3,114.0,102.0,loose_aggressive
2615,q,j,check,['check'],"[('p1', 'check'), ('p2', 'check')]",6.0,-912.0,12.0,p1,showdown,False,2,114.0,114.0,loose_aggressive
2616,k,j,check,['check'],"[('p1', 'check'), ('p2', 'check')]",6.0,-906.0,12.0,p1,showdown,False,2,114.0,114.0,loose_aggressive
2617,q,k,check,"['check', 'fold']","[('p1', 'check'), ('p2', 'max_raise'), ('p1', 'fold')]",-6.0,-912.0,24.0,p2,fold,False,3,114.0,102.0,loose_aggressive
2618,j,j,check,['check'],"[('p1', 'check'), ('p2', 'check')]",0.0,-912.0,0.0,tie,showdown,False,2,114.0,114.0,loose_aggressive
2619,k,k,check,"['check', 'call']","[('p1', 'check'), ('p2', 'max_raise'), ('p1', 'call')]",0.0,-912.0,0.0,tie,showdown,False,3,114.0,102.0,loose_aggressive
2620,j,k,check,"['check', 'fold']","[('p1', 'check'), ('p2', 'max_raise'), ('p1', 'fold')]",-6.0,-918.0,24.0,p2,fold,False,3,114.0,102.0,loose_aggressive
2621,k,k,check,"['check', 'call']","[('p1', 'check'), ('p2', 'max_raise'), ('p1', 'call')]",0.0,-918.0,0.0,tie,showdown,False,3,114.0,102.0,loose_aggressive
2622,q,j,check,['check'],"[('p1', 'check'), ('p2', 'check')]",6.0,-912.0,12.0,p1,showdown,False,2,114.0,114.0,loose_aggressive
2623,k,q,check,['check'],"[('p1', 'check'), ('p2', 'check')]",6.0,-906.0,12.0,p1,showdown,False,2,114.0,114.0,loose_aggressive
2624,j,k,check,"['check', 'fold']","[('p1', 'check'), ('p2', 'max_raise'), ('p1', 'fold')]",-6.0,-912.0,24.0,p2,fold,False,3,114.0,102.0,loose_aggressive
2625,j,k,check,"['check', 'fold']","[('p1', 'check'), ('p2', 'max_raise'), ('p1', 'fold')]",-6.0,-918.0,24.0,p2,fold,False,3,114.0,102.0,loose_aggressive
2626,j,j,check,['check'],"[('p1', 'check'), ('p2', 'check')]",0.0,-918.0,0.0,tie,showdown,False,2,114.0,114.0,loose_aggressive
2627,q,j,check,['check'],"[('p1', 'check'), ('p2', 'check')]",6.0,-912.0,12.0,p1,showdown,False,2,114.0,114.0,loose_aggressive
2628,q,q,check,['check'],"[('p1', 'check'), ('p2', 'check')]",0.0,-912.0,0.0,tie,showdown,False,2,114.0,114.0,loose_aggressive
2629,j,q,check,['check'],"[('p1', 'check'), ('p2', 'check')]",-6.0,-918.0,12.0,p2,showdown,False,2,114.0,114.0,loose_aggressive
2630,q,q,check,['check'],"[('p1', 'check'), ('p2', 'check')]",0.0,-918.0,0.0,tie,showdown,False,2,114.0,114.0,loose_aggressive
2631,k,j,check,"['check', 'call']","[('p1', 'check'), ('p2', 'min_raise'), ('p1', 'call')]",12.0,-906.0,24.0,p1,showdown,False,3,114.0,108.0,loose_aggressive
2632,q,j,check,['check'],"[('p1', 'check'), ('p2', 'check')]",6.0,-900.0,12.0,p1,showdown,False,2,114.0,114.0,loose_aggressive
2633,k,q,check,['check'],"[('p1', 'check'), ('p2', 'check')]",6.0,-894.0,12.0,p1,showdown,False,2,114.0,114.0,loose_aggressive
2634,q,j,check,['check'],"[('p1', 'check'), ('p2', 'check')]",6.0,-888.0,12.0,p1,showdown,False,2,114.0,114.0,loose_aggressive
2635,q,k,check,"['check', 'fold']","[('p1', 'check'), ('p2', 'max_raise'), ('p1', 'fold')]",-6.0,-894.0,24.0,p2,fold,False,3,114.0,102.0,loose_aggressive
2636,j,k,check,"['check', 'fold']","[('p1', 'check'), ('p2', 'max_raise'), ('p1', 'fold')]",-6.0,-900.0,24.0,p2,fold,False,3,114.0,102.0,loose_aggressive
2637,q,k,check,"['check', 'fold']","[('p1', 'check'), ('p2', 'max_raise'), ('p1', 'fold')]",-6.0,-906.0,24.0,p2,fold,False,3,114.0,102.0,loose_aggressive
2638,j,q,check,['check'],"[('p1', 'check'), ('p2', 'check')]",-6.0,-912.0,12.0,p2,showdown,False,2,114.0,114.0,loose_aggressive
2639,k,k,check,"['check', 'call']","[('p1', 'check'), ('p2', 'max_raise'), ('p1', 'call')]",0.0,-912.0,0.0,tie,showdown,False,3,114.0,102.0,loose_aggressive
2640,j,q,check,['check'],"[('p1', 'check'), ('p2', 'check')]",-6.0,-918.0,12.0,p2,showdown,False,2,114.0,114.0,loose_aggressive
2641,q,k,check,"['check', 'call']","[('p1', 'check'), ('p2', 'max_raise'), ('p1', 'call')]",-18.0,-936.0,36.0,p2,showdown,False,3,114.0,102.0,loose_aggressive
2642,k,k,check,"['check', 'call']","[('p1', 'check'), ('p2', 'max_raise'), ('p1', 'call')]",0.0,-936.0,0.0,tie,showdown,False,3,114.0,102.0,loose_aggressive
2643,q,k,check,"['check', 'call']","[('p1', 'check'), ('p2', 'max_raise'), ('p1', 'call')]",-18.0,-954.0,36.0,p2,showdown,False,3,114.0,102.0,loose_aggressive
2644,q,j,check,['check'],"[('p1', 'check'), ('p2', 'check')]",6.0,-948.0,12.0,p1,showdown,False,2,114.0,114.0,loose_aggressive
2645,k,j,check,['check'],"[('p1', 'check'), ('p2', 'check')]",6.0,-942.0,12.0,p1,showdown,False,2,114.0,114.0,loose_aggressive
2646,j,j,check,['check'],"[('p1', 'check'), ('p2', 'check')]",0.0,-942.0,0.0,tie,showdown,False,2,114.0,114.0,loose_aggressive
2647,q,k,check,"['check', 'fold']","[('p1', 'check'), ('p2', 'max_raise'), ('p1', 'fold')]",-6.0,-948.0,24.0,p2,fold,False,3,114.0,102.0,loose_aggressive
2648,q,q,check,['check'],"[('p1', 'check'), ('p2', 'check')]",0.0,-948.0,0.0,tie,showdown,False,2,114.0,114.0,loose_aggressive
2649,q,j,check,['check'],"[('p1', 'check'), ('p2', 'check')]",6.0,-942.0,12.0,p1,showdown,False,2,114.0,114.0,loose_aggressive
2650,j,j,check,['check'],"[('p1', 'check'), ('p2', 'check')]",0.0,-942.0,0.0,tie,showdown,False,2,114.0,114.0,loose_aggressive
2651,j,j,check,['check'],"[('p1', 'check'), ('p2', 'check')]",0.0,-942.0,0.0,tie,showdown,False,2,114.0,114.0,loose_aggressive
2652,q,j,check,['check'],"[('p1', 'check'), ('p2', 'check')]",6.0,-936.0,12.0,p1,showdown,False,2,114.0,114.0,loose_aggressive
2653,k,j,check,['check'],"[('p1', 'check'), ('p2', 'check')]",6.0,-930.0,12.0,p1,showdown,False,2,114.0,114.0,loose_aggressive
2654,j,q,check,['check'],"[('p1', 'check'), ('p2', 'check')]",-6.0,-936.0,12.0,p2,showdown,False,2,114.0,114.0,loose_aggressive
2655,q,q,check,['check'],"[('p1', 'check'), ('p2', 'check')]",0.0,-936.0,0.0,tie,showdown,False,2,114.0,114.0,loose_aggressive
2656,j,k,check,"['check', 'fold']","[('p1', 'check'), ('p2', 'max_raise'), ('p1', 'fold')]",-6.0,-942.0,24.0,p2,fold,False,3,114.0,102.0,loose_aggressive
2657,q,j,check,"['check', 'call']","[('p1', 'check'), ('p2', 'min_raise'), ('p1', 'call')]",12.0,-930.0,24.0,p1,showdown,False,3,114.0,108.0,loose_aggressive
2658,k,k,check,"['check', 'call']","[('p1', 'check'), ('p2', 'max_raise'), ('p1', 'call')]",0.0,-930.0,0.0,tie,showdown,False,3,114.0,102.0,loose_aggressive
2659,j,k,check,"['check', 'fold']","[('p1', 'check'), ('p2', 'max_raise'), ('p1', 'fold')]",-6.0,-936.0,24.0,p2,fold,False,3,114.0,102.0,loose_aggressive
2660,j,k,check,"['check', 'fold']","[('p1', 'check'), ('p2', 'max_raise'), ('p1', 'fold')]",-6.0,-942.0,24.0,p2,fold,False,3,114.0,102.0,loose_aggressive
2661,k,k,check,"['check', 'call']","[('p1', 'check'), ('p2', 'max_raise'), ('p1', 'call')]",0.0,-942.0,0.0,tie,showdown,False,3,114.0,102.0,loose_aggressive
2662,j,q,check,['check'],"[('p1', 'check'), ('p2', 'check')]",-6.0,-948.0,12.0,p2,showdown,False,2,114.0,114.0,loose_aggressive
2663,k,k,check,"['check', 'call']","[('p1', 'check'), ('p2', 'max_raise'), ('p1', 'call')]",0.0,-948.0,0.0,tie,showdown,False,3,114.0,102.0,loose_aggressive
2664,j,q,check,['check'],"[('p1', 'check'), ('p2', 'check')]",-6.0,-954.0,12.0,p2,showdown,False,2,114.0,114.0,loose_aggressive
2665,q,k,check,"['check', 'fold']","[('p1', 'check'), ('p2', 'max_raise'), ('p1', 'fold')]",-6.0,-960.0,24.0,p2,fold,False,3,114.0,102.0,loose_aggressive
2666,k,q,check,['check'],"[('p1', 'check'), ('p2', 'check')]",6.0,-954.0,12.0,p1,showdown,False,2,114.0,114.0,loose_aggressive
2667,q,j,check,['check'],"[('p1', 'check'), ('p2', 'check')]",6.0,-948.0,12.0,p1,showdown,False,2,114.0,114.0,loose_aggressive
2668,k,k,check,"['check', 'call']","[('p1', 'check'), ('p2', 'max_raise'), ('p1', 'call')]",0.0,-948.0,0.0,tie,showdown,False,3,114.0,102.0,loose_aggressive
2669,j,q,check,['check'],"[('p1', 'check'), ('p2', 'check')]",-6.0,-954.0,12.0,p2,showdown,False,2,114.0,114.0,loose_aggressive
2670,k,q,check,['check'],"[('p1', 'check'), ('p2', 'check')]",6.0,-948.0,12.0,p1,showdown,False,2,114.0,114.0,loose_aggressive
2671,k,q,check,['check'],"[('p1', 'check'), ('p2', 'check')]",6.0,-942.0,12.0,p1,showdown,False,2,114.0,114.0,loose_aggressive
2672,q,j,check,['check'],"[('p1', 'check'), ('p2', 'check')]",6.0,-936.0,12.0,p1,showdown,False,2,114.0,114.0,loose_aggressive
2673,k,j,check,['check'],"[('p1', 'check'), ('p2', 'check')]",6.0,-930.0,12.0,p1,showdown,False,2,114.0,114.0,loose_aggressive
2674,q,j,check,['check'],"[('p1', 'check'), ('p2', 'check')]",6.0,-924.0,12.0,p1,showdown,False,2,114.0,114.0,loose_aggressive
2675,k,q,check,['check'],"[('p1', 'check'), ('p2', 'check')]",6.0,-918.0,12.0,p1,showdown,False,2,114.0,114.0,loose_aggressive
2676,q,k,check,"['check', 'fold']","[('p1', 'check'), ('p2', 'max_raise'), ('p1', 'fold')]",-6.0,-924.0,24.0,p2,fold,False,3,114.0,102.0,loose_aggressive
2677,j,j,check,['check'],"[('p1', 'check'), ('p2', 'check')]",0.0,-924.0,0.0,tie,showdown,False,2,114.0,114.0,loose_aggressive
2678,k,k,check,"['check', 'call']","[('p1', 'check'), ('p2', 'max_raise'), ('p1', 'call')]",0.0,-924.0,0.0,tie,showdown,False,3,114.0,102.0,loose_aggressive
2679,k,q,check,['check'],"[('p1', 'check'), ('p2', 'check')]",6.0,-918.0,12.0,p1,showdown,False,2,114.0,114.0,loose_aggressive
2680,q,k,check,"['check', 'fold']","[('p1', 'check'), ('p2', 'max_raise'), ('p1', 'fold')]",-6.0,-924.0,24.0,p2,fold,False,3,114.0,102.0,loose_aggressive
2681,q,k,check,"['check', 'fold']","[('p1', 'check'), ('p2', 'max_raise'), ('p1', 'fold')]",-6.0,-930.0,24.0,p2,fold,False,3,114.0,102.0,loose_aggressive
2682,k,j,check,['check'],"[('p1', 'check'), ('p2', 'check')]",6.0,-924.0,12.0,p1,showdown,False,2,114.0,114.0,loose_aggressive
2683,j,k,check,"['check', 'fold']","[('p1', 'check'), ('p2', 'max_raise'), ('p1', 'fold')]",-6.0,-930.0,24.0,p2,fold,False,3,114.0,102.0,loose_aggressive
2684,j,q,check,['check'],"[('p1', 'check'), ('p2', 'check')]",-6.0,-936.0,12.0,p2,showdown,False,2,114.0,114.0,loose_aggressive
2685,k,k,check,"['check', 'call']","[('p1', 'check'), ('p2', 'max_raise'), ('p1', 'call')]",0.0,-936.0,0.0,tie,showdown,False,3,114.0,102.0,loose_aggressive
2686,k,j,check,['check'],"[('p1', 'check'), ('p2', 'check')]",6.0,-930.0,12.0,p1,showdown,False,2,114.0,114.0,loose_aggressive
2687,q,j,check,['check'],"[('p1', 'check'), ('p2', 'check')]",6.0,-924.0,12.0,p1,showdown,False,2,114.0,114.0,loose_aggressive
2688,j,j,check,['check'],"[('p1', 'check'), ('p2', 'check')]",0.0,-924.0,0.0,tie,showdown,False,2,114.0,114.0,loose_aggressive
2689,k,q,check,['check'],"[('p1', 'check'), ('p2', 'check')]",6.0,-918.0,12.0,p1,showdown,False,2,114.0,114.0,loose_aggressive
2690,q,k,check,"['check', 'fold']","[('p1', 'check'), ('p2', 'max_raise'), ('p1', 'fold')]",-6.0,-924.0,24.0,p2,fold,False,3,114.0,102.0,loose_aggressive
2691,k,k,check,"['check', 'call']","[('p1', 'check'), ('p2', 'max_raise'), ('p1', 'call')]",0.0,-924.0,0.0,tie,showdown,False,3,114.0,102.0,loose_aggressive
2692,k,k,check,"['check', 'call']","[('p1', 'check'), ('p2', 'max_raise'), ('p1', 'call')]",0.0,-924.0,0.0,tie,showdown,False,3,114.0,102.0,loose_aggressive
2693,k,k,check,"['check', 'call']","[('p1', 'check'), ('p2', 'max_raise'), ('p1', 'call')]",0.0,-924.0,0.0,tie,showdown,False,3,114.0,102.0,loose_aggressive
2694,q,j,check,['check'],"[('p1', 'check'), ('p2', 'check')]",6.0,-918.0,12.0,p1,showdown,False,2,114.0,114.0,loose_aggressive
2695,k,j,check,['check'],"[('p1', 'check'), ('p2', 'check')]",6.0,-912.0,12.0,p1,showdown,False,2,114.0,114.0,loose_aggressive
2696,j,k,check,"['check', 'fold']","[('p1', 'check'), ('p2', 'max_raise'), ('p1', 'fold')]",-6.0,-918.0,24.0,p2,fold,False,3,114.0,102.0,loose_aggressive
2697,j,q,check,['check'],"[('p1', 'check'), ('p2', 'check')]",-6.0,-924.0,12.0,p2,showdown,False,2,114.0,114.0,loose_aggressive
2698,k,j,check,['check'],"[('p1', 'check'), ('p2', 'check')]",6.0,-918.0,12.0,p1,showdown,False,2,114.0,114.0,loose_aggressive
2699,q,j,check,['check'],"[('p1', 'check'), ('p2', 'check')]",6.0,-912.0,12.0,p1,showdown,False,2,114.0,114.0,loose_aggressive
2700,q,j,check,"['check', 'call']","[('p1', 'check'), ('p2', 'min_raise'), ('p1', 'call')]",12.0,-900.0,24.0,p1,showdown,False,3,114.0,108.0,loose_aggressive
2701,k,j,check,"['check', 'call']","[('p1', 'check'), ('p2', 'min_raise'), ('p1', 'call')]",12.0,-888.0,24.0,p1,showdown,False,3,114.0,108.0,loose_aggressive
2702,k,k,check,"['check', 'call']","[('p1', 'check'), ('p2', 'max_raise'), ('p1', 'call')]",0.0,-888.0,0.0,tie,showdown,False,3,114.0,102.0,loose_aggressive
2703,k,j,check,['check'],"[('p1', 'check'), ('p2', 'check')]",6.0,-882.0,12.0,p1,showdown,False,2,114.0,114.0,loose_aggressive
2704,j,q,check,['check'],"[('p1', 'check'), ('p2', 'check')]",-6.0,-888.0,12.0,p2,showdown,False,2,114.0,114.0,loose_aggressive
2705,q,q,check,['check'],"[('p1', 'check'), ('p2', 'check')]",0.0,-888.0,0.0,tie,showdown,False,2,114.0,114.0,loose_aggressive
2706,q,j,check,['check'],"[('p1', 'check'), ('p2', 'check')]",6.0,-882.0,12.0,p1,showdown,False,2,114.0,114.0,loose_aggressive
2707,k,q,check,['check'],"[('p1', 'check'), ('p2', 'check')]",6.0,-876.0,12.0,p1,showdown,False,2,114.0,114.0,loose_aggressive
2708,j,k,check,"['check', 'fold']","[('p1', 'check'), ('p2', 'max_raise'), ('p1', 'fold')]",-6.0,-882.0,24.0,p2,fold,False,3,114.0,102.0,loose_aggressive
2709,q,j,check,['check'],"[('p1', 'check'), ('p2', 'check')]",6.0,-876.0,12.0,p1,showdown,False,2,114.0,114.0,loose_aggressive
2710,k,q,check,['check'],"[('p1', 'check'), ('p2', 'check')]",6.0,-870.0,12.0,p1,showdown,False,2,114.0,114.0,loose_aggressive
2711,q,j,check,['check'],"[('p1', 'check'), ('p2', 'check')]",6.0,-864.0,12.0,p1,showdown,False,2,114.0,114.0,loose_aggressive
2712,j,k,check,"['check', 'fold']","[('p1', 'check'), ('p2', 'max_raise'), ('p1', 'fold')]",-6.0,-870.0,24.0,p2,fold,False,3,114.0,102.0,loose_aggressive
2713,q,k,check,"['check', 'fold']","[('p1', 'check'), ('p2', 'max_raise'), ('p1', 'fold')]",-6.0,-876.0,24.0,p2,fold,False,3,114.0,102.0,loose_aggressive
2714,q,q,check,['check'],"[('p1', 'check'), ('p2', 'check')]",0.0,-876.0,0.0,tie,showdown,False,2,114.0,114.0,loose_aggressive
2715,j,k,check,"['check', 'fold']","[('p1', 'check'), ('p2', 'max_raise'), ('p1', 'fold')]",-6.0,-882.0,24.0,p2,fold,False,3,114.0,102.0,loose_aggressive
2716,j,q,check,['check'],"[('p1', 'check'), ('p2', 'check')]",-6.0,-888.0,12.0,p2,showdown,False,2,114.0,114.0,loose_aggressive
2717,j,k,check,"['check', 'fold']","[('p1', 'check'), ('p2', 'max_raise'), ('p1', 'fold')]",-6.0,-894.0,24.0,p2,fold,False,3,114.0,102.0,loose_aggressive
2718,k,k,check,"['check', 'call']","[('p1', 'check'), ('p2', 'max_raise'), ('p1', 'call')]",0.0,-894.0,0.0,tie,showdown,False,3,114.0,102.0,loose_aggressive
2719,q,k,check,"['check', 'fold']","[('p1', 'check'), ('p2', 'max_raise'), ('p1', 'fold')]",-6.0,-900.0,24.0,p2,fold,False,3,114.0,102.0,loose_aggressive
2720,k,q,check,['check'],"[('p1', 'check'), ('p2', 'check')]",6.0,-894.0,12.0,p1,showdown,False,2,114.0,114.0,loose_aggressive
2721,q,k,check,"['check', 'fold']","[('p1', 'check'), ('p2', 'max_raise'), ('p1', 'fold')]",-6.0,-900.0,24.0,p2,fold,False,3,114.0,102.0,loose_aggressive
2722,j,k,check,"['check', 'fold']","[('p1', 'check'), ('p2', 'max_raise'), ('p1', 'fold')]",-6.0,-906.0,24.0,p2,fold,False,3,114.0,102.0,loose_aggressive
2723,j,j,check,['check'],"[('p1', 'check'), ('p2', 'check')]",0.0,-906.0,0.0,tie,showdown,False,2,114.0,114.0,loose_aggressive
2724,j,q,check,['check'],"[('p1', 'check'), ('p2', 'check')]",-6.0,-912.0,12.0,p2,showdown,False,2,114.0,114.0,loose_aggressive
2725,k,k,check,"['check', 'call']","[('p1', 'check'), ('p2', 'max_raise'), ('p1', 'call')]",0.0,-912.0,0.0,tie,showdown,False,3,114.0,102.0,loose_aggressive
2726,q,k,check,"['check', 'fold']","[('p1', 'check'), ('p2', 'max_raise'), ('p1', 'fold')]",-6.0,-918.0,24.0,p2,fold,False,3,114.0,102.0,loose_aggressive
2727,q,q,check,['check'],"[('p1', 'check'), ('p2', 'check')]",0.0,-918.0,0.0,tie,showdown,False,2,114.0,114.0,loose_aggressive
2728,j,j,check,"['check', 'call']","[('p1', 'check'), ('p2', 'min_raise'), ('p1', 'call')]",0.0,-918.0,0.0,tie,showdown,False,3,114.0,108.0,loose_aggressive
2729,k,k,check,"['check', 'call']","[('p1', 'check'), ('p2', 'max_raise'), ('p1', 'call')]",0.0,-918.0,0.0,tie,showdown,False,3,114.0,102.0,loose_aggressive
2730,q,q,check,['check'],"[('p1', 'check'), ('p2', 'check')]",0.0,-918.0,0.0,tie,showdown,False,2,114.0,114.0,loose_aggressive
2731,q,k,check,"['check', 'fold']","[('p1', 'check'), ('p2', 'max_raise'), ('p1', 'fold')]",-6.0,-924.0,24.0,p2,fold,False,3,114.0,102.0,loose_aggressive
2732,k,k,check,"['check', 'call']","[('p1', 'check'), ('p2', 'max_raise'), ('p1', 'call')]",0.0,-924.0,0.0,tie,showdown,False,3,114.0,102.0,loose_aggressive
2733,k,k,check,"['check', 'call']","[('p1', 'check'), ('p2', 'max_raise'), ('p1', 'call')]",0.0,-924.0,0.0,tie,showdown,False,3,114.0,102.0,loose_aggressive
2734,q,j,check,['check'],"[('p1', 'check'), ('p2', 'check')]",6.0,-918.0,12.0,p1,showdown,False,2,114.0,114.0,loose_aggressive
2735,j,k,check,"['check', 'fold']","[('p1', 'check'), ('p2', 'max_raise'), ('p1', 'fold')]",-6.0,-924.0,24.0,p2,fold,False,3,114.0,102.0,loose_aggressive
2736,q,q,check,['check'],"[('p1', 'check'), ('p2', 'check')]",0.0,-924.0,0.0,tie,showdown,False,2,114.0,114.0,loose_aggressive
2737,q,k,check,"['check', 'fold']","[('p1', 'check'), ('p2', 'max_raise'), ('p1', 'fold')]",-6.0,-930.0,24.0,p2,fold,False,3,114.0,102.0,loose_aggressive
2738,k,q,check,['check'],"[('p1', 'check'), ('p2', 'check')]",6.0,-924.0,12.0,p1,showdown,False,2,114.0,114.0,loose_aggressive
2739,q,k,check,"['check', 'fold']","[('p1', 'check'), ('p2', 'max_raise'), ('p1', 'fold')]",-6.0,-930.0,24.0,p2,fold,False,3,114.0,102.0,loose_aggressive
2740,j,k,check,"['check', 'fold']","[('p1', 'check'), ('p2', 'max_raise'), ('p1', 'fold')]",-6.0,-936.0,24.0,p2,fold,False,3,114.0,102.0,loose_aggressive
2741,k,j,check,['check'],"[('p1', 'check'), ('p2', 'check')]",6.0,-930.0,12.0,p1,showdown,False,2,114.0,114.0,loose_aggressive
2742,j,j,check,['check'],"[('p1', 'check'), ('p2', 'check')]",0.0,-930.0,0.0,tie,showdown,False,2,114.0,114.0,loose_aggressive
2743,q,q,check,['check'],"[('p1', 'check'), ('p2', 'check')]",0.0,-930.0,0.0,tie,showdown,False,2,114.0,114.0,loose_aggressive
2744,j,q,check,['check'],"[('p1', 'check'), ('p2', 'check')]",-6.0,-936.0,12.0,p2,showdown,False,2,114.0,114.0,loose_aggressive
2745,j,j,check,['check'],"[('p1', 'check'), ('p2', 'check')]",0.0,-936.0,0.0,tie,showdown,False,2,114.0,114.0,loose_aggressive
2746,q,j,check,['check'],"[('p1', 'check'), ('p2', 'check')]",6.0,-930.0,12.0,p1,showdown,False,2,114.0,114.0,loose_aggressive
2747,j,k,check,"['check', 'fold']","[('p1', 'check'), ('p2', 'max_raise'), ('p1', 'fold')]",-6.0,-936.0,24.0,p2,fold,False,3,114.0,102.0,loose_aggressive
2748,k,q,check,['check'],"[('p1', 'check'), ('p2', 'check')]",6.0,-930.0,12.0,p1,showdown,False,2,114.0,114.0,loose_aggressive
2749,q,k,check,"['check', 'fold']","[('p1', 'check'), ('p2', 'max_raise'), ('p1', 'fold')]",-6.0,-936.0,24.0,p2,fold,False,3,114.0,102.0,loose_aggressive
2750,k,q,check,['check'],"[('p1', 'check'), ('p2', 'check')]",6.0,-930.0,12.0,p1,showdown,False,2,114.0,114.0,loose_aggressive
2751,k,k,check,"['check', 'call']","[('p1', 'check'), ('p2', 'max_raise'), ('p1', 'call')]",0.0,-930.0,0.0,tie,showdown,False,3,114.0,102.0,loose_aggressive
2752,k,j,check,"['check', 'call']","[('p1', 'check'), ('p2', 'min_raise'), ('p1', 'call')]",12.0,-918.0,24.0,p1,showdown,False,3,114.0,108.0,loose_aggressive
2753,k,k,check,"['check', 'call']","[('p1', 'check'), ('p2', 'max_raise'), ('p1', 'call')]",0.0,-918.0,0.0,tie,showdown,False,3,114.0,102.0,loose_aggressive
2754,q,k,check,"['check', 'fold']","[('p1', 'check'), ('p2', 'max_raise'), ('p1', 'fold')]",-6.0,-924.0,24.0,p2,fold,False,3,114.0,102.0,loose_aggressive
2755,q,j,check,['check'],"[('p1', 'check'), ('p2', 'check')]",6.0,-918.0,12.0,p1,showdown,False,2,114.0,114.0,loose_aggressive
2756,q,q,check,['check'],"[('p1', 'check'), ('p2', 'check')]",0.0,-918.0,0.0,tie,showdown,False,2,114.0,114.0,loose_aggressive
2757,k,j,check,"['check', 'call']","[('p1', 'check'), ('p2', 'min_raise'), ('p1', 'call')]",12.0,-906.0,24.0,p1,showdown,False,3,114.0,108.0,loose_aggressive
2758,q,q,check,['check'],"[('p1', 'check'), ('p2', 'check')]",0.0,-906.0,0.0,tie,showdown,False,2,114.0,114.0,loose_aggressive
2759,k,k,check,"['check', 'call']","[('p1', 'check'), ('p2', 'max_raise'), ('p1', 'call')]",0.0,-906.0,0.0,tie,showdown,False,3,114.0,102.0,loose_aggressive
2760,q,k,check,"['check', 'fold']","[('p1', 'check'), ('p2', 'max_raise'), ('p1', 'fold')]",-6.0,-912.0,24.0,p2,fold,False,3,114.0,102.0,loose_aggressive
2761,k,j,check,['check'],"[('p1', 'check'), ('p2', 'check')]",6.0,-906.0,12.0,p1,showdown,False,2,114.0,114.0,loose_aggressive
2762,q,q,check,['check'],"[('p1', 'check'), ('p2', 'check')]",0.0,-906.0,0.0,tie,showdown,False,2,114.0,114.0,loose_aggressive
2763,j,j,check,"['check', 'call']","[('p1', 'check'), ('p2', 'min_raise'), ('p1', 'call')]",0.0,-906.0,0.0,tie,showdown,False,3,114.0,108.0,loose_aggressive
2764,q,k,check,"['check', 'fold']","[('p1', 'check'), ('p2', 'max_raise'), ('p1', 'fold')]",-6.0,-912.0,24.0,p2,fold,False,3,114.0,102.0,loose_aggressive
2765,j,k,check,"['check', 'fold']","[('p1', 'check'), ('p2', 'max_raise'), ('p1', 'fold')]",-6.0,-918.0,24.0,p2,fold,False,3,114.0,102.0,loose_aggressive
2766,j,q,check,['check'],"[('p1', 'check'), ('p2', 'check')]",-6.0,-924.0,12.0,p2,showdown,False,2,114.0,114.0,loose_aggressive
2767,k,j,check,['check'],"[('p1', 'check'), ('p2', 'check')]",6.0,-918.0,12.0,p1,showdown,False,2,114.0,114.0,loose_aggressive
2768,k,k,check,"['check', 'call']","[('p1', 'check'), ('p2', 'max_raise'), ('p1', 'call')]",0.0,-918.0,0.0,tie,showdown,False,3,114.0,102.0,loose_aggressive
2769,j,k,check,"['check', 'fold']","[('p1', 'check'), ('p2', 'max_raise'), ('p1', 'fold')]",-6.0,-924.0,24.0,p2,fold,False,3,114.0,102.0,loose_aggressive
2770,k,j,check,['check'],"[('p1', 'check'), ('p2', 'check')]",6.0,-918.0,12.0,p1,showdown,False,2,114.0,114.0,loose_aggressive
2771,q,k,check,"['check', 'fold']","[('p1', 'check'), ('p2', 'max_raise'), ('p1', 'fold')]",-6.0,-924.0,24.0,p2,fold,False,3,114.0,102.0,loose_aggressive
2772,j,k,check,"['check', 'fold']","[('p1', 'check'), ('p2', 'max_raise'), ('p1', 'fold')]",-6.0,-930.0,24.0,p2,fold,False,3,114.0,102.0,loose_aggressive
2773,q,q,check,['check'],"[('p1', 'check'), ('p2', 'check')]",0.0,-930.0,0.0,tie,showdown,False,2,114.0,114.0,loose_aggressive
2774,q,j,check,['check'],"[('p1', 'check'), ('p2', 'check')]",6.0,-924.0,12.0,p1,showdown,False,2,114.0,114.0,loose_aggressive
2775,q,k,check,"['check', 'fold']","[('p1', 'check'), ('p2', 'max_raise'), ('p1', 'fold')]",-6.0,-930.0,24.0,p2,fold,False,3,114.0,102.0,loose_aggressive
2776,q,q,check,['check'],"[('p1', 'check'), ('p2', 'check')]",0.0,-930.0,0.0,tie,showdown,False,2,114.0,114.0,loose_aggressive
2777,j,j,check,"['check', 'call']","[('p1', 'check'), ('p2', 'min_raise'), ('p1', 'call')]",0.0,-930.0,0.0,tie,showdown,False,3,114.0,108.0,loose_aggressive
2778,k,k,check,"['check', 'call']","[('p1', 'check'), ('p2', 'max_raise'), ('p1', 'call')]",0.0,-930.0,0.0,tie,showdown,False,3,114.0,102.0,loose_aggressive
2779,k,q,check,['check'],"[('p1', 'check'), ('p2', 'check')]",6.0,-924.0,12.0,p1,showdown,False,2,114.0,114.0,loose_aggressive
2780,k,k,check,"['check', 'call']","[('p1', 'check'), ('p2', 'max_raise'), ('p1', 'call')]",0.0,-924.0,0.0,tie,showdown,False,3,114.0,102.0,loose_aggressive
2781,k,q,check,['check'],"[('p1', 'check'), ('p2', 'check')]",6.0,-918.0,12.0,p1,showdown,False,2,114.0,114.0,loose_aggressive
2782,k,k,check,"['check', 'call']","[('p1', 'check'), ('p2', 'max_raise'), ('p1', 'call')]",0.0,-918.0,0.0,tie,showdown,False,3,114.0,102.0,loose_aggressive
2783,q,j,check,"['check', 'call']","[('p1', 'check'), ('p2', 'min_raise'), ('p1', 'call')]",12.0,-906.0,24.0,p1,showdown,False,3,114.0,108.0,loose_aggressive
2784,q,j,check,['check'],"[('p1', 'check'), ('p2', 'check')]",6.0,-900.0,12.0,p1,showdown,False,2,114.0,114.0,loose_aggressive
2785,q,j,check,['check'],"[('p1', 'check'), ('p2', 'check')]",6.0,-894.0,12.0,p1,showdown,False,2,114.0,114.0,loose_aggressive
2786,j,j,check,"['check', 'call']","[('p1', 'check'), ('p2', 'min_raise'), ('p1', 'call')]",0.0,-894.0,0.0,tie,showdown,False,3,114.0,108.0,loose_aggressive
2787,j,k,check,"['check', 'fold']","[('p1', 'check'), ('p2', 'max_raise'), ('p1', 'fold')]",-6.0,-900.0,24.0,p2,fold,False,3,114.0,102.0,loose_aggressive
2788,q,k,check,"['check', 'fold']","[('p1', 'check'), ('p2', 'max_raise'), ('p1', 'fold')]",-6.0,-906.0,24.0,p2,fold,False,3,114.0,102.0,loose_aggressive
2789,j,k,check,"['check', 'fold']","[('p1', 'check'), ('p2', 'max_raise'), ('p1', 'fold')]",-6.0,-912.0,24.0,p2,fold,False,3,114.0,102.0,loose_aggressive
2790,k,k,check,"['check', 'call']","[('p1', 'check'), ('p2', 'max_raise'), ('p1', 'call')]",0.0,-912.0,0.0,tie,showdown,False,3,114.0,102.0,loose_aggressive
2791,k,q,check,['check'],"[('p1', 'check'), ('p2', 'check')]",6.0,-906.0,12.0,p1,showdown,False,2,114.0,114.0,loose_aggressive
2792,k,q,check,['check'],"[('p1', 'check'), ('p2', 'check')]",6.0,-900.0,12.0,p1,showdown,False,2,114.0,114.0,loose_aggressive
2793,k,q,check,['check'],"[('p1', 'check'), ('p2', 'check')]",6.0,-894.0,12.0,p1,showdown,False,2,114.0,114.0,loose_aggressive
2794,q,q,check,['check'],"[('p1', 'check'), ('p2', 'check')]",0.0,-894.0,0.0,tie,showdown,False,2,114.0,114.0,loose_aggressive
2795,k,j,check,['check'],"[('p1', 'check'), ('p2', 'check')]",6.0,-888.0,12.0,p1,showdown,False,2,114.0,114.0,loose_aggressive
2796,j,q,check,['check'],"[('p1', 'check'), ('p2', 'check')]",-6.0,-894.0,12.0,p2,showdown,False,2,114.0,114.0,loose_aggressive
2797,j,q,check,['check'],"[('p1', 'check'), ('p2', 'check')]",-6.0,-900.0,12.0,p2,showdown,False,2,114.0,114.0,loose_aggressive
2798,q,j,check,"['check', 'call']","[('p1', 'check'), ('p2', 'min_raise'), ('p1', 'call')]",12.0,-888.0,24.0,p1,showdown,False,3,114.0,108.0,loose_aggressive
2799,j,q,check,['check'],"[('p1', 'check'), ('p2', 'check')]",-6.0,-894.0,12.0,p2,showdown,False,2,114.0,114.0,loose_aggressive
2800,j,j,check,['check'],"[('p1', 'check'), ('p2', 'check')]",0.0,-894.0,0.0,tie,showdown,False,2,114.0,114.0,loose_aggressive
2801,k,j,check,"['check', 'call']","[('p1', 'check'), ('p2', 'min_raise'), ('p1', 'call')]",12.0,-882.0,24.0,p1,showdown,False,3,114.0,108.0,loose_aggressive
2802,q,q,check,['check'],"[('p1', 'check'), ('p2', 'check')]",0.0,-882.0,0.0,tie,showdown,False,2,114.0,114.0,loose_aggressive
2803,j,q,check,['check'],"[('p1', 'check'), ('p2', 'check')]",-6.0,-888.0,12.0,p2,showdown,False,2,114.0,114.0,loose_aggressive
2804,q,j,check,"['check', 'call']","[('p1', 'check'), ('p2', 'min_raise'), ('p1', 'call')]",12.0,-876.0,24.0,p1,showdown,False,3,114.0,108.0,loose_aggressive
2805,j,q,check,['check'],"[('p1', 'check'), ('p2', 'check')]",-6.0,-882.0,12.0,p2,showdown,False,2,114.0,114.0,loose_aggressive
2806,q,q,check,['check'],"[('p1', 'check'), ('p2', 'check')]",0.0,-882.0,0.0,tie,showdown,False,2,114.0,114.0,loose_aggressive
2807,j,k,check,"['check', 'fold']","[('p1', 'check'), ('p2', 'max_raise'), ('p1', 'fold')]",-6.0,-888.0,24.0,p2,fold,False,3,114.0,102.0,loose_aggressive
2808,j,q,check,['check'],"[('p1', 'check'), ('p2', 'check')]",-6.0,-894.0,12.0,p2,showdown,False,2,114.0,114.0,loose_aggressive
2809,k,k,check,"['check', 'call']","[('p1', 'check'), ('p2', 'max_raise'), ('p1', 'call')]",0.0,-894.0,0.0,tie,showdown,False,3,114.0,102.0,loose_aggressive
2810,q,k,check,"['check', 'call']","[('p1', 'check'), ('p2', 'max_raise'), ('p1', 'call')]",-18.0,-912.0,36.0,p2,showdown,False,3,114.0,102.0,loose_aggressive
2811,k,k,check,"['check', 'call']","[('p1', 'check'), ('p2', 'max_raise'), ('p1', 'call')]",0.0,-912.0,0.0,tie,showdown,False,3,114.0,102.0,loose_aggressive
2812,j,q,check,['check'],"[('p1', 'check'), ('p2', 'check')]",-6.0,-918.0,12.0,p2,showdown,False,2,114.0,114.0,loose_aggressive
2813,k,k,check,"['check', 'call']","[('p1', 'check'), ('p2', 'max_raise'), ('p1', 'call')]",0.0,-918.0,0.0,tie,showdown,False,3,114.0,102.0,loose_aggressive
2814,k,j,check,"['check', 'call']","[('p1', 'check'), ('p2', 'min_raise'), ('p1', 'call')]",12.0,-906.0,24.0,p1,showdown,False,3,114.0,108.0,loose_aggressive
2815,j,j,check,['check'],"[('p1', 'check'), ('p2', 'check')]",0.0,-906.0,0.0,tie,showdown,False,2,114.0,114.0,loose_aggressive
2816,k,q,check,['check'],"[('p1', 'check'), ('p2', 'check')]",6.0,-900.0,12.0,p1,showdown,False,2,114.0,114.0,loose_aggressive
2817,j,k,check,"['check', 'fold']","[('p1', 'check'), ('p2', 'max_raise'), ('p1', 'fold')]",-6.0,-906.0,24.0,p2,fold,False,3,114.0,102.0,loose_aggressive
2818,k,k,check,"['check', 'call']","[('p1', 'check'), ('p2', 'max_raise'), ('p1', 'call')]",0.0,-906.0,0.0,tie,showdown,False,3,114.0,102.0,loose_aggressive
2819,q,j,check,['check'],"[('p1', 'check'), ('p2', 'check')]",6.0,-900.0,12.0,p1,showdown,False,2,114.0,114.0,loose_aggressive
2820,k,q,check,['check'],"[('p1', 'check'), ('p2', 'check')]",6.0,-894.0,12.0,p1,showdown,False,2,114.0,114.0,loose_aggressive
2821,k,j,check,['check'],"[('p1', 'check'), ('p2', 'check')]",6.0,-888.0,12.0,p1,showdown,False,2,114.0,114.0,loose_aggressive
2822,j,q,check,['check'],"[('p1', 'check'), ('p2', 'check')]",-6.0,-894.0,12.0,p2,showdown,False,2,114.0,114.0,loose_aggressive
2823,j,j,check,"['check', 'call']","[('p1', 'check'), ('p2', 'min_raise'), ('p1', 'call')]",0.0,-894.0,0.0,tie,showdown,False,3,114.0,108.0,loose_aggressive
2824,j,j,check,['check'],"[('p1', 'check'), ('p2', 'check')]",0.0,-894.0,0.0,tie,showdown,False,2,114.0,114.0,loose_aggressive
2825,q,q,check,['check'],"[('p1', 'check'), ('p2', 'check')]",0.0,-894.0,0.0,tie,showdown,False,2,114.0,114.0,loose_aggressive
2826,q,k,check,"['check', 'fold']","[('p1', 'check'), ('p2', 'max_raise'), ('p1', 'fold')]",-6.0,-900.0,24.0,p2,fold,False,3,114.0,102.0,loose_aggressive
2827,k,q,check,['check'],"[('p1', 'check'), ('p2', 'check')]",6.0,-894.0,12.0,p1,showdown,False,2,114.0,114.0,loose_aggressive
2828,k,j,check,['check'],"[('p1', 'check'), ('p2', 'check')]",6.0,-888.0,12.0,p1,showdown,False,2,114.0,114.0,loose_aggressive
2829,q,q,check,['check'],"[('p1', 'check'), ('p2', 'check')]",0.0,-888.0,0.0,tie,showdown,False,2,114.0,114.0,loose_aggressive
2830,j,k,check,"['check', 'fold']","[('p1', 'check'), ('p2', 'max_raise'), ('p1', 'fold')]",-6.0,-894.0,24.0,p2,fold,False,3,114.0,102.0,loose_aggressive
2831,q,q,check,['check'],"[('p1', 'check'), ('p2', 'check')]",0.0,-894.0,0.0,tie,showdown,False,2,114.0,114.0,loose_aggressive
2832,q,j,check,['check'],"[('p1', 'check'), ('p2', 'check')]",6.0,-888.0,12.0,p1,showdown,False,2,114.0,114.0,loose_aggressive
2833,k,q,check,['check'],"[('p1', 'check'), ('p2', 'check')]",6.0,-882.0,12.0,p1,showdown,False,2,114.0,114.0,loose_aggressive
2834,j,j,check,['check'],"[('p1', 'check'), ('p2', 'check')]",0.0,-882.0,0.0,tie,showdown,False,2,114.0,114.0,loose_aggressive
2835,k,j,check,['check'],"[('p1', 'check'), ('p2', 'check')]",6.0,-876.0,12.0,p1,showdown,False,2,114.0,114.0,loose_aggressive
2836,j,j,check,"['check', 'call']","[('p1', 'check'), ('p2', 'min_raise'), ('p1', 'call')]",0.0,-876.0,0.0,tie,showdown,False,3,114.0,108.0,loose_aggressive
2837,j,q,check,['check'],"[('p1', 'check'), ('p2', 'check')]",-6.0,-882.0,12.0,p2,showdown,False,2,114.0,114.0,loose_aggressive
2838,j,k,check,"['check', 'fold']","[('p1', 'check'), ('p2', 'max_raise'), ('p1', 'fold')]",-6.0,-888.0,24.0,p2,fold,False,3,114.0,102.0,loose_aggressive
2839,q,k,check,"['check', 'fold']","[('p1', 'check'), ('p2', 'max_raise'), ('p1', 'fold')]",-6.0,-894.0,24.0,p2,fold,False,3,114.0,102.0,loose_aggressive
2840,k,q,check,['check'],"[('p1', 'check'), ('p2', 'check')]",6.0,-888.0,12.0,p1,showdown,False,2,114.0,114.0,loose_aggressive
2841,k,q,check,['check'],"[('p1', 'check'), ('p2', 'check')]",6.0,-882.0,12.0,p1,showdown,False,2,114.0,114.0,loose_aggressive
2842,k,q,check,['check'],"[('p1', 'check'), ('p2', 'check')]",6.0,-876.0,12.0,p1,showdown,False,2,114.0,114.0,loose_aggressive
2843,q,j,check,['check'],"[('p1', 'check'), ('p2', 'check')]",6.0,-870.0,12.0,p1,showdown,False,2,114.0,114.0,loose_aggressive
2844,k,j,check,"['check', 'call']","[('p1', 'check'), ('p2', 'min_raise'), ('p1', 'call')]",12.0,-858.0,24.0,p1,showdown,False,3,114.0,108.0,loose_aggressive
2845,k,j,check,['check'],"[('p1', 'check'), ('p2', 'check')]",6.0,-852.0,12.0,p1,showdown,False,2,114.0,114.0,loose_aggressive
2846,q,j,check,['check'],"[('p1', 'check'), ('p2', 'check')]",6.0,-846.0,12.0,p1,showdown,False,2,114.0,114.0,loose_aggressive
2847,q,j,check,"['check', 'call']","[('p1', 'check'), ('p2', 'min_raise'), ('p1', 'call')]",12.0,-834.0,24.0,p1,showdown,False,3,114.0,108.0,loose_aggressive
2848,j,q,check,['check'],"[('p1', 'check'), ('p2', 'check')]",-6.0,-840.0,12.0,p2,showdown,False,2,114.0,114.0,loose_aggressive
2849,k,k,check,"['check', 'call']","[('p1', 'check'), ('p2', 'max_raise'), ('p1', 'call')]",0.0,-840.0,0.0,tie,showdown,False,3,114.0,102.0,loose_aggressive
2850,q,k,check,"['check', 'fold']","[('p1', 'check'), ('p2', 'max_raise'), ('p1', 'fold')]",-6.0,-846.0,24.0,p2,fold,False,3,114.0,102.0,loose_aggressive
2851,j,q,check,['check'],"[('p1', 'check'), ('p2', 'check')]",-6.0,-852.0,12.0,p2,showdown,False,2,114.0,114.0,loose_aggressive
2852,k,j,check,['check'],"[('p1', 'check'), ('p2', 'check')]",6.0,-846.0,12.0,p1,showdown,False,2,114.0,114.0,loose_aggressive
2853,j,j,check,['check'],"[('p1', 'check'), ('p2', 'check')]",0.0,-846.0,0.0,tie,showdown,False,2,114.0,114.0,loose_aggressive
2854,k,q,check,['check'],"[('p1', 'check'), ('p2', 'check')]",6.0,-840.0,12.0,p1,showdown,False,2,114.0,114.0,loose_aggressive
2855,q,k,check,"['check', 'fold']","[('p1', 'check'), ('p2', 'max_raise'), ('p1', 'fold')]",-6.0,-846.0,24.0,p2,fold,False,3,114.0,102.0,loose_aggressive
2856,j,j,check,['check'],"[('p1', 'check'), ('p2', 'check')]",0.0,-846.0,0.0,tie,showdown,False,2,114.0,114.0,loose_aggressive
2857,q,k,check,"['check', 'fold']","[('p1', 'check'), ('p2', 'max_raise'), ('p1', 'fold')]",-6.0,-852.0,24.0,p2,fold,False,3,114.0,102.0,loose_aggressive
2858,k,q,check,['check'],"[('p1', 'check'), ('p2', 'check')]",6.0,-846.0,12.0,p1,showdown,False,2,114.0,114.0,loose_aggressive
2859,q,q,check,['check'],"[('p1', 'check'), ('p2', 'check')]",0.0,-846.0,0.0,tie,showdown,False,2,114.0,114.0,loose_aggressive
2860,j,q,check,['check'],"[('p1', 'check'), ('p2', 'check')]",-6.0,-852.0,12.0,p2,showdown,False,2,114.0,114.0,loose_aggressive
2861,k,k,check,"['check', 'call']","[('p1', 'check'), ('p2', 'max_raise'), ('p1', 'call')]",0.0,-852.0,0.0,tie,showdown,False,3,114.0,102.0,loose_aggressive
2862,q,k,check,"['check', 'fold']","[('p1', 'check'), ('p2', 'max_raise'), ('p1', 'fold')]",-6.0,-858.0,24.0,p2,fold,False,3,114.0,102.0,loose_aggressive
2863,j,k,check,"['check', 'fold']","[('p1', 'check'), ('p2', 'max_raise'), ('p1', 'fold')]",-6.0,-864.0,24.0,p2,fold,False,3,114.0,102.0,loose_aggressive
2864,q,q,check,['check'],"[('p1', 'check'), ('p2', 'check')]",0.0,-864.0,0.0,tie,showdown,False,2,114.0,114.0,loose_aggressive
2865,q,q,check,['check'],"[('p1', 'check'), ('p2', 'check')]",0.0,-864.0,0.0,tie,showdown,False,2,114.0,114.0,loose_aggressive
2866,q,j,check,"['check', 'call']","[('p1', 'check'), ('p2', 'min_raise'), ('p1', 'call')]",12.0,-852.0,24.0,p1,showdown,False,3,114.0,108.0,loose_aggressive
2867,j,k,check,"['check', 'fold']","[('p1', 'check'), ('p2', 'max_raise'), ('p1', 'fold')]",-6.0,-858.0,24.0,p2,fold,False,3,114.0,102.0,loose_aggressive
2868,q,k,check,"['check', 'fold']","[('p1', 'check'), ('p2', 'max_raise'), ('p1', 'fold')]",-6.0,-864.0,24.0,p2,fold,False,3,114.0,102.0,loose_aggressive
2869,k,k,check,"['check', 'call']","[('p1', 'check'), ('p2', 'max_raise'), ('p1', 'call')]",0.0,-864.0,0.0,tie,showdown,False,3,114.0,102.0,loose_aggressive
2870,j,q,check,['check'],"[('p1', 'check'), ('p2', 'check')]",-6.0,-870.0,12.0,p2,showdown,False,2,114.0,114.0,loose_aggressive
2871,k,j,check,['check'],"[('p1', 'check'), ('p2', 'check')]",6.0,-864.0,12.0,p1,showdown,False,2,114.0,114.0,loose_aggressive
2872,q,k,check,"['check', 'fold']","[('p1', 'check'), ('p2', 'max_raise'), ('p1', 'fold')]",-6.0,-870.0,24.0,p2,fold,False,3,114.0,102.0,loose_aggressive
2873,j,q,check,['check'],"[('p1', 'check'), ('p2', 'check')]",-6.0,-876.0,12.0,p2,showdown,False,2,114.0,114.0,loose_aggressive
2874,q,q,check,['check'],"[('p1', 'check'), ('p2', 'check')]",0.0,-876.0,0.0,tie,showdown,False,2,114.0,114.0,loose_aggressive
2875,q,k,check,"['check', 'fold']","[('p1', 'check'), ('p2', 'max_raise'), ('p1', 'fold')]",-6.0,-882.0,24.0,p2,fold,False,3,114.0,102.0,loose_aggressive
2876,q,j,check,['check'],"[('p1', 'check'), ('p2', 'check')]",6.0,-876.0,12.0,p1,showdown,False,2,114.0,114.0,loose_aggressive
2877,j,k,check,"['check', 'fold']","[('p1', 'check'), ('p2', 'max_raise'), ('p1', 'fold')]",-6.0,-882.0,24.0,p2,fold,False,3,114.0,102.0,loose_aggressive
2878,q,q,check,['check'],"[('p1', 'check'), ('p2', 'check')]",0.0,-882.0,0.0,tie,showdown,False,2,114.0,114.0,loose_aggressive
2879,q,q,check,['check'],"[('p1', 'check'), ('p2', 'check')]",0.0,-882.0,0.0,tie,showdown,False,2,114.0,114.0,loose_aggressive
2880,k,q,check,['check'],"[('p1', 'check'), ('p2', 'check')]",6.0,-876.0,12.0,p1,showdown,False,2,114.0,114.0,loose_aggressive
2881,k,j,check,"['check', 'call']","[('p1', 'check'), ('p2', 'min_raise'), ('p1', 'call')]",12.0,-864.0,24.0,p1,showdown,False,3,114.0,108.0,loose_aggressive
2882,j,q,check,['check'],"[('p1', 'check'), ('p2', 'check')]",-6.0,-870.0,12.0,p2,showdown,False,2,114.0,114.0,loose_aggressive
2883,k,q,check,['check'],"[('p1', 'check'), ('p2', 'check')]",6.0,-864.0,12.0,p1,showdown,False,2,114.0,114.0,loose_aggressive
2884,q,j,check,['check'],"[('p1', 'check'), ('p2', 'check')]",6.0,-858.0,12.0,p1,showdown,False,2,114.0,114.0,loose_aggressive
2885,k,q,check,['check'],"[('p1', 'check'), ('p2', 'check')]",6.0,-852.0,12.0,p1,showdown,False,2,114.0,114.0,loose_aggressive
2886,q,k,check,"['check', 'fold']","[('p1', 'check'), ('p2', 'max_raise'), ('p1', 'fold')]",-6.0,-858.0,24.0,p2,fold,False,3,114.0,102.0,loose_aggressive
2887,q,j,check,['check'],"[('p1', 'check'), ('p2', 'check')]",6.0,-852.0,12.0,p1,showdown,False,2,114.0,114.0,loose_aggressive
2888,k,q,check,['check'],"[('p1', 'check'), ('p2', 'check')]",6.0,-846.0,12.0,p1,showdown,False,2,114.0,114.0,loose_aggressive
2889,j,q,check,['check'],"[('p1', 'check'), ('p2', 'check')]",-6.0,-852.0,12.0,p2,showdown,False,2,114.0,114.0,loose_aggressive
2890,k,k,check,"['check', 'call']","[('p1', 'check'), ('p2', 'max_raise'), ('p1', 'call')]",0.0,-852.0,0.0,tie,showdown,False,3,114.0,102.0,loose_aggressive
2891,q,q,check,['check'],"[('p1', 'check'), ('p2', 'check')]",0.0,-852.0,0.0,tie,showdown,False,2,114.0,114.0,loose_aggressive
2892,k,q,check,['check'],"[('p1', 'check'), ('p2', 'check')]",6.0,-846.0,12.0,p1,showdown,False,2,114.0,114.0,loose_aggressive
2893,j,j,check,['check'],"[('p1', 'check'), ('p2', 'check')]",0.0,-846.0,0.0,tie,showdown,False,2,114.0,114.0,loose_aggressive
2894,k,j,check,"['check', 'call']","[('p1', 'check'), ('p2', 'min_raise'), ('p1', 'call')]",12.0,-834.0,24.0,p1,showdown,False,3,114.0,108.0,loose_aggressive
2895,k,j,check,['check'],"[('p1', 'check'), ('p2', 'check')]",6.0,-828.0,12.0,p1,showdown,False,2,114.0,114.0,loose_aggressive
2896,k,j,check,['check'],"[('p1', 'check'), ('p2', 'check')]",6.0,-822.0,12.0,p1,showdown,False,2,114.0,114.0,loose_aggressive
2897,q,q,check,['check'],"[('p1', 'check'), ('p2', 'check')]",0.0,-822.0,0.0,tie,showdown,False,2,114.0,114.0,loose_aggressive
2898,k,q,check,['check'],"[('p1', 'check'), ('p2', 'check')]",6.0,-816.0,12.0,p1,showdown,False,2,114.0,114.0,loose_aggressive
2899,k,j,check,['check'],"[('p1', 'check'), ('p2', 'check')]",6.0,-810.0,12.0,p1,showdown,False,2,114.0,114.0,loose_aggressive
2900,q,k,check,"['check', 'fold']","[('p1', 'check'), ('p2', 'max_raise'), ('p1', 'fold')]",-6.0,-816.0,24.0,p2,fold,False,3,114.0,102.0,loose_aggressive
2901,k,k,check,"['check', 'call']","[('p1', 'check'), ('p2', 'max_raise'), ('p1', 'call')]",0.0,-816.0,0.0,tie,showdown,False,3,114.0,102.0,loose_aggressive
2902,k,j,check,"['check', 'call']","[('p1', 'check'), ('p2', 'min_raise'), ('p1', 'call')]",12.0,-804.0,24.0,p1,showdown,False,3,114.0,108.0,loose_aggressive
2903,j,k,check,"['check', 'fold']","[('p1', 'check'), ('p2', 'max_raise'), ('p1', 'fold')]",-6.0,-810.0,24.0,p2,fold,False,3,114.0,102.0,loose_aggressive
2904,k,j,check,['check'],"[('p1', 'check'), ('p2', 'check')]",6.0,-804.0,12.0,p1,showdown,False,2,114.0,114.0,loose_aggressive
2905,j,j,check,['check'],"[('p1', 'check'), ('p2', 'check')]",0.0,-804.0,0.0,tie,showdown,False,2,114.0,114.0,loose_aggressive
2906,q,q,check,['check'],"[('p1', 'check'), ('p2', 'check')]",0.0,-804.0,0.0,tie,showdown,False,2,114.0,114.0,loose_aggressive
2907,k,k,check,"['check', 'call']","[('p1', 'check'), ('p2', 'max_raise'), ('p1', 'call')]",0.0,-804.0,0.0,tie,showdown,False,3,114.0,102.0,loose_aggressive
2908,k,q,check,['check'],"[('p1', 'check'), ('p2', 'check')]",6.0,-798.0,12.0,p1,showdown,False,2,114.0,114.0,loose_aggressive
2909,j,q,check,['check'],"[('p1', 'check'), ('p2', 'check')]",-6.0,-804.0,12.0,p2,showdown,False,2,114.0,114.0,loose_aggressive
2910,k,j,check,['check'],"[('p1', 'check'), ('p2', 'check')]",6.0,-798.0,12.0,p1,showdown,False,2,114.0,114.0,loose_aggressive
2911,j,j,check,['check'],"[('p1', 'check'), ('p2', 'check')]",0.0,-798.0,0.0,tie,showdown,False,2,114.0,114.0,loose_aggressive
2912,q,k,check,"['check', 'fold']","[('p1', 'check'), ('p2', 'max_raise'), ('p1', 'fold')]",-6.0,-804.0,24.0,p2,fold,False,3,114.0,102.0,loose_aggressive
2913,q,j,check,['check'],"[('p1', 'check'), ('p2', 'check')]",6.0,-798.0,12.0,p1,showdown,False,2,114.0,114.0,loose_aggressive
2914,k,j,check,['check'],"[('p1', 'check'), ('p2', 'check')]",6.0,-792.0,12.0,p1,showdown,False,2,114.0,114.0,loose_aggressive
2915,k,q,check,['check'],"[('p1', 'check'), ('p2', 'check')]",6.0,-786.0,12.0,p1,showdown,False,2,114.0,114.0,loose_aggressive
2916,q,j,check,['check'],"[('p1', 'check'), ('p2', 'check')]",6.0,-780.0,12.0,p1,showdown,False,2,114.0,114.0,loose_aggressive
2917,k,q,check,['check'],"[('p1', 'check'), ('p2', 'check')]",6.0,-774.0,12.0,p1,showdown,False,2,114.0,114.0,loose_aggressive
2918,k,j,check,['check'],"[('p1', 'check'), ('p2', 'check')]",6.0,-768.0,12.0,p1,showdown,False,2,114.0,114.0,loose_aggressive
2919,q,j,check,['check'],"[('p1', 'check'), ('p2', 'check')]",6.0,-762.0,12.0,p1,showdown,False,2,114.0,114.0,loose_aggressive
2920,q,j,check,['check'],"[('p1', 'check'), ('p2', 'check')]",6.0,-756.0,12.0,p1,showdown,False,2,114.0,114.0,loose_aggressive
2921,k,j,check,['check'],"[('p1', 'check'), ('p2', 'check')]",6.0,-750.0,12.0,p1,showdown,False,2,114.0,114.0,loose_aggressive
2922,j,k,check,"['check', 'fold']","[('p1', 'check'), ('p2', 'max_raise'), ('p1', 'fold')]",-6.0,-756.0,24.0,p2,fold,False,3,114.0,102.0,loose_aggressive
2923,q,j,check,['check'],"[('p1', 'check'), ('p2', 'check')]",6.0,-750.0,12.0,p1,showdown,False,2,114.0,114.0,loose_aggressive
2924,j,k,check,"['check', 'fold']","[('p1', 'check'), ('p2', 'max_raise'), ('p1', 'fold')]",-6.0,-756.0,24.0,p2,fold,False,3,114.0,102.0,loose_aggressive
2925,q,q,check,['check'],"[('p1', 'check'), ('p2', 'check')]",0.0,-756.0,0.0,tie,showdown,False,2,114.0,114.0,loose_aggressive
2926,k,k,check,"['check', 'call']","[('p1', 'check'), ('p2', 'max_raise'), ('p1', 'call')]",0.0,-756.0,0.0,tie,showdown,False,3,114.0,102.0,loose_aggressive
2927,j,q,check,['check'],"[('p1', 'check'), ('p2', 'check')]",-6.0,-762.0,12.0,p2,showdown,False,2,114.0,114.0,loose_aggressive
2928,q,k,check,"['check', 'fold']","[('p1', 'check'), ('p2', 'max_raise'), ('p1', 'fold')]",-6.0,-768.0,24.0,p2,fold,False,3,114.0,102.0,loose_aggressive
2929,j,q,check,['check'],"[('p1', 'check'), ('p2', 'check')]",-6.0,-774.0,12.0,p2,showdown,False,2,114.0,114.0,loose_aggressive
2930,j,q,check,['check'],"[('p1', 'check'), ('p2', 'check')]",-6.0,-780.0,12.0,p2,showdown,False,2,114.0,114.0,loose_aggressive
2931,q,j,check,['check'],"[('p1', 'check'), ('p2', 'check')]",6.0,-774.0,12.0,p1,showdown,False,2,114.0,114.0,loose_aggressive
2932,q,k,check,"['check', 'fold']","[('p1', 'check'), ('p2', 'max_raise'), ('p1', 'fold')]",-6.0,-780.0,24.0,p2,fold,False,3,114.0,102.0,loose_aggressive
2933,j,q,check,['check'],"[('p1', 'check'), ('p2', 'check')]",-6.0,-786.0,12.0,p2,showdown,False,2,114.0,114.0,loose_aggressive
2934,j,q,check,['check'],"[('p1', 'check'), ('p2', 'check')]",-6.0,-792.0,12.0,p2,showdown,False,2,114.0,114.0,loose_aggressive
2935,q,k,check,"['check', 'fold']","[('p1', 'check'), ('p2', 'max_raise'), ('p1', 'fold')]",-6.0,-798.0,24.0,p2,fold,False,3,114.0,102.0,loose_aggressive
2936,q,k,check,"['check', 'fold']","[('p1', 'check'), ('p2', 'max_raise'), ('p1', 'fold')]",-6.0,-804.0,24.0,p2,fold,False,3,114.0,102.0,loose_aggressive
2937,j,k,check,"['check', 'fold']","[('p1', 'check'), ('p2', 'max_raise'), ('p1', 'fold')]",-6.0,-810.0,24.0,p2,fold,False,3,114.0,102.0,loose_aggressive
2938,k,j,check,['check'],"[('p1', 'check'), ('p2', 'check')]",6.0,-804.0,12.0,p1,showdown,False,2,114.0,114.0,loose_aggressive
2939,q,j,check,['check'],"[('p1', 'check'), ('p2', 'check')]",6.0,-798.0,12.0,p1,showdown,False,2,114.0,114.0,loose_aggressive
2940,k,q,check,['check'],"[('p1', 'check'), ('p2', 'check')]",6.0,-792.0,12.0,p1,showdown,False,2,114.0,114.0,loose_aggressive
2941,j,k,check,"['check', 'fold']","[('p1', 'check'), ('p2', 'max_raise'), ('p1', 'fold')]",-6.0,-798.0,24.0,p2,fold,False,3,114.0,102.0,loose_aggressive
2942,k,j,check,['check'],"[('p1', 'check'), ('p2', 'check')]",6.0,-792.0,12.0,p1,showdown,False,2,114.0,114.0,loose_aggressive
2943,q,k,check,"['check', 'fold']","[('p1', 'check'), ('p2', 'max_raise'), ('p1', 'fold')]",-6.0,-798.0,24.0,p2,fold,False,3,114.0,102.0,loose_aggressive
2944,q,k,check,"['check', 'fold']","[('p1', 'check'), ('p2', 'max_raise'), ('p1', 'fold')]",-6.0,-804.0,24.0,p2,fold,False,3,114.0,102.0,loose_aggressive
2945,q,k,check,"['check', 'fold']","[('p1', 'check'), ('p2', 'max_raise'), ('p1', 'fold')]",-6.0,-810.0,24.0,p2,fold,False,3,114.0,102.0,loose_aggressive
2946,k,j,check,"['check', 'call']","[('p1', 'check'), ('p2', 'min_raise'), ('p1', 'call')]",12.0,-798.0,24.0,p1,showdown,False,3,114.0,108.0,loose_aggressive
2947,j,j,check,"['check', 'call']","[('p1', 'check'), ('p2', 'min_raise'), ('p1', 'call')]",0.0,-798.0,0.0,tie,showdown,False,3,114.0,108.0,loose_aggressive
2948,j,q,check,['check'],"[('p1', 'check'), ('p2', 'check')]",-6.0,-804.0,12.0,p2,showdown,False,2,114.0,114.0,loose_aggressive
2949,j,j,check,['check'],"[('p1', 'check'), ('p2', 'check')]",0.0,-804.0,0.0,tie,showdown,False,2,114.0,114.0,loose_aggressive
2950,k,j,check,"['check', 'call']","[('p1', 'check'), ('p2', 'min_raise'), ('p1', 'call')]",12.0,-792.0,24.0,p1,showdown,False,3,114.0,108.0,loose_aggressive
2951,k,j,check,"['check', 'call']","[('p1', 'check'), ('p2', 'min_raise'), ('p1', 'call')]",12.0,-780.0,24.0,p1,showdown,False,3,114.0,108.0,loose_aggressive
2952,j,k,check,"['check', 'fold']","[('p1', 'check'), ('p2', 'max_raise'), ('p1', 'fold')]",-6.0,-786.0,24.0,p2,fold,False,3,114.0,102.0,loose_aggressive
2953,k,j,check,['check'],"[('p1', 'check'), ('p2', 'check')]",6.0,-780.0,12.0,p1,showdown,False,2,114.0,114.0,loose_aggressive
2954,j,k,check,"['check', 'fold']","[('p1', 'check'), ('p2', 'max_raise'), ('p1', 'fold')]",-6.0,-786.0,24.0,p2,fold,False,3,114.0,102.0,loose_aggressive
2955,q,j,check,['check'],"[('p1', 'check'), ('p2', 'check')]",6.0,-780.0,12.0,p1,showdown,False,2,114.0,114.0,loose_aggressive
2956,q,k,check,"['check', 'fold']","[('p1', 'check'), ('p2', 'max_raise'), ('p1', 'fold')]",-6.0,-786.0,24.0,p2,fold,False,3,114.0,102.0,loose_aggressive
2957,q,q,check,['check'],"[('p1', 'check'), ('p2', 'check')]",0.0,-786.0,0.0,tie,showdown,False,2,114.0,114.0,loose_aggressive
2958,j,j,check,['check'],"[('p1', 'check'), ('p2', 'check')]",0.0,-786.0,0.0,tie,showdown,False,2,114.0,114.0,loose_aggressive
2959,j,k,check,"['check', 'fold']","[('p1', 'check'), ('p2', 'max_raise'), ('p1', 'fold')]",-6.0,-792.0,24.0,p2,fold,False,3,114.0,102.0,loose_aggressive
2960,q,j,check,['check'],"[('p1', 'check'), ('p2', 'check')]",6.0,-786.0,12.0,p1,showdown,False,2,114.0,114.0,loose_aggressive
2961,k,q,check,['check'],"[('p1', 'check'), ('p2', 'check')]",6.0,-780.0,12.0,p1,showdown,False,2,114.0,114.0,loose_aggressive
2962,q,q,check,['check'],"[('p1', 'check'), ('p2', 'check')]",0.0,-780.0,0.0,tie,showdown,False,2,114.0,114.0,loose_aggressive
2963,k,j,check,['check'],"[('p1', 'check'), ('p2', 'check')]",6.0,-774.0,12.0,p1,showdown,False,2,114.0,114.0,loose_aggressive
2964,k,k,check,"['check', 'call']","[('p1', 'check'), ('p2', 'max_raise'), ('p1', 'call')]",0.0,-774.0,0.0,tie,showdown,False,3,114.0,102.0,loose_aggressive
2965,j,k,check,"['check', 'fold']","[('p1', 'check'), ('p2', 'max_raise'), ('p1', 'fold')]",-6.0,-780.0,24.0,p2,fold,False,3,114.0,102.0,loose_aggressive
2966,j,j,check,"['check', 'call']","[('p1', 'check'), ('p2', 'min_raise'), ('p1', 'call')]",0.0,-780.0,0.0,tie,showdown,False,3,114.0,108.0,loose_aggressive
2967,k,q,check,['check'],"[('p1', 'check'), ('p2', 'check')]",6.0,-774.0,12.0,p1,showdown,False,2,114.0,114.0,loose_aggressive
2968,j,q,check,['check'],"[('p1', 'check'), ('p2', 'check')]",-6.0,-780.0,12.0,p2,showdown,False,2,114.0,114.0,loose_aggressive
2969,j,j,check,['check'],"[('p1', 'check'), ('p2', 'check')]",0.0,-780.0,0.0,tie,showdown,False,2,114.0,114.0,loose_aggressive
2970,k,q,check,['check'],"[('p1', 'check'), ('p2', 'check')]",6.0,-774.0,12.0,p1,showdown,False,2,114.0,114.0,loose_aggressive
2971,j,q,check,['check'],"[('p1', 'check'), ('p2', 'check')]",-6.0,-780.0,12.0,p2,showdown,False,2,114.0,114.0,loose_aggressive
2972,q,j,check,['check'],"[('p1', 'check'), ('p2', 'check')]",6.0,-774.0,12.0,p1,showdown,False,2,114.0,114.0,loose_aggressive
2973,q,j,check,['check'],"[('p1', 'check'), ('p2', 'check')]",6.0,-768.0,12.0,p1,showdown,False,2,114.0,114.0,loose_aggressive
2974,q,k,check,"['check', 'fold']","[('p1', 'check'), ('p2', 'max_raise'), ('p1', 'fold')]",-6.0,-774.0,24.0,p2,fold,False,3,114.0,102.0,loose_aggressive
2975,k,q,check,['check'],"[('p1', 'check'), ('p2', 'check')]",6.0,-768.0,12.0,p1,showdown,False,2,114.0,114.0,loose_aggressive
2976,k,j,check,['check'],"[('p1', 'check'), ('p2', 'check')]",6.0,-762.0,12.0,p1,showdown,False,2,114.0,114.0,loose_aggressive
2977,j,q,check,['check'],"[('p1', 'check'), ('p2', 'check')]",-6.0,-768.0,12.0,p2,showdown,False,2,114.0,114.0,loose_aggressive
2978,q,j,check,['check'],"[('p1', 'check'), ('p2', 'check')]",6.0,-762.0,12.0,p1,showdown,False,2,114.0,114.0,loose_aggressive
2979,q,q,check,['check'],"[('p1', 'check'), ('p2', 'check')]",0.0,-762.0,0.0,tie,showdown,False,2,114.0,114.0,loose_aggressive
2980,j,j,check,"['check', 'call']","[('p1', 'check'), ('p2', 'min_raise'), ('p1', 'call')]",0.0,-762.0,0.0,tie,showdown,False,3,114.0,108.0,loose_aggressive
2981,q,q,check,['check'],"[('p1', 'check'), ('p2', 'check')]",0.0,-762.0,0.0,tie,showdown,False,2,114.0,114.0,loose_aggressive
2982,k,j,check,['check'],"[('p1', 'check'), ('p2', 'check')]",6.0,-756.0,12.0,p1,showdown,False,2,114.0,114.0,loose_aggressive
2983,k,j,check,"['check', 'call']","[('p1', 'check'), ('p2', 'min_raise'), ('p1', 'call')]",12.0,-744.0,24.0,p1,showdown,False,3,114.0,108.0,loose_aggressive
2984,k,j,check,['check'],"[('p1', 'check'), ('p2', 'check')]",6.0,-738.0,12.0,p1,showdown,False,2,114.0,114.0,loose_aggressive
2985,k,j,check,['check'],"[('p1', 'check'), ('p2', 'check')]",6.0,-732.0,12.0,p1,showdown,False,2,114.0,114.0,loose_aggressive
2986,j,j,check,['check'],"[('p1', 'check'), ('p2', 'check')]",0.0,-732.0,0.0,tie,showdown,False,2,114.0,114.0,loose_aggressive
2987,k,q,check,['check'],"[('p1', 'check'), ('p2', 'check')]",6.0,-726.0,12.0,p1,showdown,False,2,114.0,114.0,loose_aggressive
2988,q,j,check,['check'],"[('p1', 'check'), ('p2', 'check')]",6.0,-720.0,12.0,p1,showdown,False,2,114.0,114.0,loose_aggressive
2989,k,q,check,['check'],"[('p1', 'check'), ('p2', 'check')]",6.0,-714.0,12.0,p1,showdown,False,2,114.0,114.0,loose_aggressive
2990,k,k,check,"['check', 'call']","[('p1', 'check'), ('p2', 'max_raise'), ('p1', 'call')]",0.0,-714.0,0.0,tie,showdown,False,3,114.0,102.0,loose_aggressive
2991,j,k,check,"['check', 'fold']","[('p1', 'check'), ('p2', 'max_raise'), ('p1', 'fold')]",-6.0,-720.0,24.0,p2,fold,False,3,114.0,102.0,loose_aggressive
2992,q,j,check,['check'],"[('p1', 'check'), ('p2', 'check')]",6.0,-714.0,12.0,p1,showdown,False,2,114.0,114.0,loose_aggressive
2993,k,j,check,['check'],"[('p1', 'check'), ('p2', 'check')]",6.0,-708.0,12.0,p1,showdown,False,2,114.0,114.0,loose_aggressive
2994,k,k,check,"['check', 'call']","[('p1', 'check'), ('p2', 'max_raise'), ('p1', 'call')]",0.0,-708.0,0.0,tie,showdown,False,3,114.0,102.0,loose_aggressive
2995,j,k,check,"['check', 'fold']","[('p1', 'check'), ('p2', 'max_raise'), ('p1', 'fold')]",-6.0,-714.0,24.0,p2,fold,False,3,114.0,102.0,loose_aggressive
2996,q,k,check,"['check', 'fold']","[('p1', 'check'), ('p2', 'max_raise'), ('p1', 'fold')]",-6.0,-720.0,24.0,p2,fold,False,3,114.0,102.0,loose_aggressive
2997,k,k,check,"['check', 'call']","[('p1', 'check'), ('p2', 'max_raise'), ('p1', 'call')]",0.0,-720.0,0.0,tie,showdown,False,3,114.0,102.0,loose_aggressive
2998,j,k,check,"['check', 'fold']","[('p1', 'check'), ('p2', 'max_raise'), ('p1', 'fold')]",-6.0,-726.0,24.0,p2,fold,False,3,114.0,102.0,loose_aggressive
2999,k,j,check,['check'],"[('p1', 'check'), ('p2', 'check')]",6.0,-720.0,12.0,p1,showdown,False,2,114.0,114.0,loose_aggressive
3000,k,j,check,['check'],"[('p1', 'check'), ('p2', 'check')]",6.0,-714.0,12.0,p1,showdown,False,2,114.0,114.0,loose_aggressive
3001,k,j,check,"['check', 'call']","[('p1', 'check'), ('p2', 'min_raise'), ('p1', 'call')]",12.0,-702.0,24.0,p1,showdown,False,3,114.0,108.0,loose_aggressive
3002,k,j,check,['check'],"[('p1', 'check'), ('p2', 'check')]",6.0,-696.0,12.0,p1,showdown,False,2,114.0,114.0,loose_aggressive
3003,q,k,check,"['check', 'fold']","[('p1', 'check'), ('p2', 'max_raise'), ('p1', 'fold')]",-6.0,-702.0,24.0,p2,fold,False,3,114.0,102.0,loose_aggressive
3004,j,q,check,['check'],"[('p1', 'check'), ('p2', 'check')]",-6.0,-708.0,12.0,p2,showdown,False,2,114.0,114.0,loose_aggressive
3005,k,j,check,['check'],"[('p1', 'check'), ('p2', 'check')]",6.0,-702.0,12.0,p1,showdown,False,2,114.0,114.0,loose_aggressive
3006,q,j,check,['check'],"[('p1', 'check'), ('p2', 'check')]",6.0,-696.0,12.0,p1,showdown,False,2,114.0,114.0,loose_aggressive
3007,q,q,check,['check'],"[('p1', 'check'), ('p2', 'check')]",0.0,-696.0,0.0,tie,showdown,False,2,114.0,114.0,loose_aggressive
3008,q,k,check,"['check', 'fold']","[('p1', 'check'), ('p2', 'max_raise'), ('p1', 'fold')]",-6.0,-702.0,24.0,p2,fold,False,3,114.0,102.0,loose_aggressive
3009,j,j,check,['check'],"[('p1', 'check'), ('p2', 'check')]",0.0,-702.0,0.0,tie,showdown,False,2,114.0,114.0,loose_aggressive
3010,k,q,check,['check'],"[('p1', 'check'), ('p2', 'check')]",6.0,-696.0,12.0,p1,showdown,False,2,114.0,114.0,loose_aggressive
3011,k,q,check,['check'],"[('p1', 'check'), ('p2', 'check')]",6.0,-690.0,12.0,p1,showdown,False,2,114.0,114.0,loose_aggressive
3012,j,k,check,"['check', 'fold']","[('p1', 'check'), ('p2', 'max_raise'), ('p1', 'fold')]",-6.0,-696.0,24.0,p2,fold,False,3,114.0,102.0,loose_aggressive
3013,j,k,check,"['check', 'fold']","[('p1', 'check'), ('p2', 'max_raise'), ('p1', 'fold')]",-6.0,-702.0,24.0,p2,fold,False,3,114.0,102.0,loose_aggressive
3014,q,q,check,['check'],"[('p1', 'check'), ('p2', 'check')]",0.0,-702.0,0.0,tie,showdown,False,2,114.0,114.0,loose_aggressive
3015,q,q,check,['check'],"[('p1', 'check'), ('p2', 'check')]",0.0,-702.0,0.0,tie,showdown,False,2,114.0,114.0,loose_aggressive
3016,q,q,check,['check'],"[('p1', 'check'), ('p2', 'check')]",0.0,-702.0,0.0,tie,showdown,False,2,114.0,114.0,loose_aggressive
3017,q,j,check,['check'],"[('p1', 'check'), ('p2', 'check')]",6.0,-696.0,12.0,p1,showdown,False,2,114.0,114.0,loose_aggressive
3018,k,q,check,['check'],"[('p1', 'check'), ('p2', 'check')]",6.0,-690.0,12.0,p1,showdown,False,2,114.0,114.0,loose_aggressive
3019,j,q,check,['check'],"[('p1', 'check'), ('p2', 'check')]",-6.0,-696.0,12.0,p2,showdown,False,2,114.0,114.0,loose_aggressive
3020,j,k,check,"['check', 'fold']","[('p1', 'check'), ('p2', 'max_raise'), ('p1', 'fold')]",-6.0,-702.0,24.0,p2,fold,False,3,114.0,102.0,loose_aggressive
3021,q,j,check,['check'],"[('p1', 'check'), ('p2', 'check')]",6.0,-696.0,12.0,p1,showdown,False,2,114.0,114.0,loose_aggressive
3022,k,k,check,"['check', 'call']","[('p1', 'check'), ('p2', 'max_raise'), ('p1', 'call')]",0.0,-696.0,0.0,tie,showdown,False,3,114.0,102.0,loose_aggressive
3023,q,j,check,['check'],"[('p1', 'check'), ('p2', 'check')]",6.0,-690.0,12.0,p1,showdown,False,2,114.0,114.0,loose_aggressive
3024,q,k,check,"['check', 'fold']","[('p1', 'check'), ('p2', 'max_raise'), ('p1', 'fold')]",-6.0,-696.0,24.0,p2,fold,False,3,114.0,102.0,loose_aggressive
3025,k,q,check,['check'],"[('p1', 'check'), ('p2', 'check')]",6.0,-690.0,12.0,p1,showdown,False,2,114.0,114.0,loose_aggressive
3026,j,k,check,"['check', 'fold']","[('p1', 'check'), ('p2', 'max_raise'), ('p1', 'fold')]",-6.0,-696.0,24.0,p2,fold,False,3,114.0,102.0,loose_aggressive
3027,j,k,check,"['check', 'fold']","[('p1', 'check'), ('p2', 'max_raise'), ('p1', 'fold')]",-6.0,-702.0,24.0,p2,fold,False,3,114.0,102.0,loose_aggressive
3028,j,j,check,"['check', 'call']","[('p1', 'check'), ('p2', 'min_raise'), ('p1', 'call')]",0.0,-702.0,0.0,tie,showdown,False,3,114.0,108.0,loose_aggressive
3029,q,j,check,"['check', 'call']","[('p1', 'check'), ('p2', 'min_raise'), ('p1', 'call')]",12.0,-690.0,24.0,p1,showdown,False,3,114.0,108.0,loose_aggressive
3030,q,j,check,"['check', 'call']","[('p1', 'check'), ('p2', 'min_raise'), ('p1', 'call')]",12.0,-678.0,24.0,p1,showdown,False,3,114.0,108.0,loose_aggressive
3031,k,j,check,['check'],"[('p1', 'check'), ('p2', 'check')]",6.0,-672.0,12.0,p1,showdown,False,2,114.0,114.0,loose_aggressive
3032,j,q,check,['check'],"[('p1', 'check'), ('p2', 'check')]",-6.0,-678.0,12.0,p2,showdown,False,2,114.0,114.0,loose_aggressive
3033,q,j,check,['check'],"[('p1', 'check'), ('p2', 'check')]",6.0,-672.0,12.0,p1,showdown,False,2,114.0,114.0,loose_aggressive
3034,q,j,check,['check'],"[('p1', 'check'), ('p2', 'check')]",6.0,-666.0,12.0,p1,showdown,False,2,114.0,114.0,loose_aggressive
3035,j,q,check,['check'],"[('p1', 'check'), ('p2', 'check')]",-6.0,-672.0,12.0,p2,showdown,False,2,114.0,114.0,loose_aggressive
3036,k,q,check,['check'],"[('p1', 'check'), ('p2', 'check')]",6.0,-666.0,12.0,p1,showdown,False,2,114.0,114.0,loose_aggressive
3037,k,k,check,"['check', 'call']","[('p1', 'check'), ('p2', 'max_raise'), ('p1', 'call')]",0.0,-666.0,0.0,tie,showdown,False,3,114.0,102.0,loose_aggressive
3038,k,k,check,"['check', 'call']","[('p1', 'check'), ('p2', 'max_raise'), ('p1', 'call')]",0.0,-666.0,0.0,tie,showdown,False,3,114.0,102.0,loose_aggressive
3039,j,q,check,['check'],"[('p1', 'check'), ('p2', 'check')]",-6.0,-672.0,12.0,p2,showdown,False,2,114.0,114.0,loose_aggressive
3040,j,j,check,"['check', 'call']","[('p1', 'check'), ('p2', 'min_raise'), ('p1', 'call')]",0.0,-672.0,0.0,tie,showdown,False,3,114.0,108.0,loose_aggressive
3041,j,q,check,['check'],"[('p1', 'check'), ('p2', 'check')]",-6.0,-678.0,12.0,p2,showdown,False,2,114.0,114.0,loose_aggressive
3042,j,q,check,['check'],"[('p1', 'check'), ('p2', 'check')]",-6.0,-684.0,12.0,p2,showdown,False,2,114.0,114.0,loose_aggressive
3043,k,j,check,"['check', 'call']","[('p1', 'check'), ('p2', 'min_raise'), ('p1', 'call')]",12.0,-672.0,24.0,p1,showdown,False,3,114.0,108.0,loose_aggressive
3044,k,k,check,"['check', 'call']","[('p1', 'check'), ('p2', 'max_raise'), ('p1', 'call')]",0.0,-672.0,0.0,tie,showdown,False,3,114.0,102.0,loose_aggressive
3045,k,j,check,['check'],"[('p1', 'check'), ('p2', 'check')]",6.0,-666.0,12.0,p1,showdown,False,2,114.0,114.0,loose_aggressive
3046,q,k,check,"['check', 'fold']","[('p1', 'check'), ('p2', 'max_raise'), ('p1', 'fold')]",-6.0,-672.0,24.0,p2,fold,False,3,114.0,102.0,loose_aggressive
3047,q,j,check,['check'],"[('p1', 'check'), ('p2', 'check')]",6.0,-666.0,12.0,p1,showdown,False,2,114.0,114.0,loose_aggressive
3048,k,k,check,"['check', 'call']","[('p1', 'check'), ('p2', 'max_raise'), ('p1', 'call')]",0.0,-666.0,0.0,tie,showdown,False,3,114.0,102.0,loose_aggressive
3049,k,q,check,['check'],"[('p1', 'check'), ('p2', 'check')]",6.0,-660.0,12.0,p1,showdown,False,2,114.0,114.0,loose_aggressive
3050,k,j,check,['check'],"[('p1', 'check'), ('p2', 'check')]",6.0,-654.0,12.0,p1,showdown,False,2,114.0,114.0,loose_aggressive
3051,k,k,check,"['check', 'call']","[('p1', 'check'), ('p2', 'max_raise'), ('p1', 'call')]",0.0,-654.0,0.0,tie,showdown,False,3,114.0,102.0,loose_aggressive
3052,j,j,check,['check'],"[('p1', 'check'), ('p2', 'check')]",0.0,-654.0,0.0,tie,showdown,False,2,114.0,114.0,loose_aggressive
3053,k,j,check,"['check', 'call']","[('p1', 'check'), ('p2', 'min_raise'), ('p1', 'call')]",12.0,-642.0,24.0,p1,showdown,False,3,114.0,108.0,loose_aggressive
3054,j,k,check,"['check', 'fold']","[('p1', 'check'), ('p2', 'max_raise'), ('p1', 'fold')]",-6.0,-648.0,24.0,p2,fold,False,3,114.0,102.0,loose_aggressive
3055,q,j,check,['check'],"[('p1', 'check'), ('p2', 'check')]",6.0,-642.0,12.0,p1,showdown,False,2,114.0,114.0,loose_aggressive
3056,q,k,check,"['check', 'fold']","[('p1', 'check'), ('p2', 'max_raise'), ('p1', 'fold')]",-6.0,-648.0,24.0,p2,fold,False,3,114.0,102.0,loose_aggressive
3057,k,q,check,['check'],"[('p1', 'check'), ('p2', 'check')]",6.0,-642.0,12.0,p1,showdown,False,2,114.0,114.0,loose_aggressive
3058,j,k,check,"['check', 'fold']","[('p1', 'check'), ('p2', 'max_raise'), ('p1', 'fold')]",-6.0,-648.0,24.0,p2,fold,False,3,114.0,102.0,loose_aggressive
3059,q,q,check,['check'],"[('p1', 'check'), ('p2', 'check')]",0.0,-648.0,0.0,tie,showdown,False,2,114.0,114.0,loose_aggressive
3060,q,j,check,['check'],"[('p1', 'check'), ('p2', 'check')]",6.0,-642.0,12.0,p1,showdown,False,2,114.0,114.0,loose_aggressive
3061,k,j,check,['check'],"[('p1', 'check'), ('p2', 'check')]",6.0,-636.0,12.0,p1,showdown,False,2,114.0,114.0,loose_aggressive
3062,j,j,check,"['check', 'call']","[('p1', 'check'), ('p2', 'min_raise'), ('p1', 'call')]",0.0,-636.0,0.0,tie,showdown,False,3,114.0,108.0,loose_aggressive
3063,q,k,check,"['check', 'fold']","[('p1', 'check'), ('p2', 'max_raise'), ('p1', 'fold')]",-6.0,-642.0,24.0,p2,fold,False,3,114.0,102.0,loose_aggressive
3064,j,q,check,['check'],"[('p1', 'check'), ('p2', 'check')]",-6.0,-648.0,12.0,p2,showdown,False,2,114.0,114.0,loose_aggressive
3065,k,j,check,['check'],"[('p1', 'check'), ('p2', 'check')]",6.0,-642.0,12.0,p1,showdown,False,2,114.0,114.0,loose_aggressive
3066,q,q,check,['check'],"[('p1', 'check'), ('p2', 'check')]",0.0,-642.0,0.0,tie,showdown,False,2,114.0,114.0,loose_aggressive
3067,j,k,check,"['check', 'fold']","[('p1', 'check'), ('p2', 'max_raise'), ('p1', 'fold')]",-6.0,-648.0,24.0,p2,fold,False,3,114.0,102.0,loose_aggressive
3068,j,j,check,"['check', 'call']","[('p1', 'check'), ('p2', 'min_raise'), ('p1', 'call')]",0.0,-648.0,0.0,tie,showdown,False,3,114.0,108.0,loose_aggressive
3069,q,j,check,['check'],"[('p1', 'check'), ('p2', 'check')]",6.0,-642.0,12.0,p1,showdown,False,2,114.0,114.0,loose_aggressive
3070,q,q,check,['check'],"[('p1', 'check'), ('p2', 'check')]",0.0,-642.0,0.0,tie,showdown,False,2,114.0,114.0,loose_aggressive
3071,j,q,check,['check'],"[('p1', 'check'), ('p2', 'check')]",-6.0,-648.0,12.0,p2,showdown,False,2,114.0,114.0,loose_aggressive
3072,j,q,check,['check'],"[('p1', 'check'), ('p2', 'check')]",-6.0,-654.0,12.0,p2,showdown,False,2,114.0,114.0,loose_aggressive
3073,q,k,check,"['check', 'fold']","[('p1', 'check'), ('p2', 'max_raise'), ('p1', 'fold')]",-6.0,-660.0,24.0,p2,fold,False,3,114.0,102.0,loose_aggressive
3074,k,q,check,['check'],"[('p1', 'check'), ('p2', 'check')]",6.0,-654.0,12.0,p1,showdown,False,2,114.0,114.0,loose_aggressive
3075,j,k,check,"['check', 'fold']","[('p1', 'check'), ('p2', 'max_raise'), ('p1', 'fold')]",-6.0,-660.0,24.0,p2,fold,False,3,114.0,102.0,loose_aggressive
3076,j,k,check,"['check', 'fold']","[('p1', 'check'), ('p2', 'max_raise'), ('p1', 'fold')]",-6.0,-666.0,24.0,p2,fold,False,3,114.0,102.0,loose_aggressive
3077,q,j,check,['check'],"[('p1', 'check'), ('p2', 'check')]",6.0,-660.0,12.0,p1,showdown,False,2,114.0,114.0,loose_aggressive
3078,k,j,check,['check'],"[('p1', 'check'), ('p2', 'check')]",6.0,-654.0,12.0,p1,showdown,False,2,114.0,114.0,loose_aggressive
3079,q,k,check,"['check', 'fold']","[('p1', 'check'), ('p2', 'max_raise'), ('p1', 'fold')]",-6.0,-660.0,24.0,p2,fold,False,3,114.0,102.0,loose_aggressive
3080,k,j,check,['check'],"[('p1', 'check'), ('p2', 'check')]",6.0,-654.0,12.0,p1,showdown,False,2,114.0,114.0,loose_aggressive
3081,k,j,check,['check'],"[('p1', 'check'), ('p2', 'check')]",6.0,-648.0,12.0,p1,showdown,False,2,114.0,114.0,loose_aggressive
3082,q,k,check,"['check', 'fold']","[('p1', 'check'), ('p2', 'max_raise'), ('p1', 'fold')]",-6.0,-654.0,24.0,p2,fold,False,3,114.0,102.0,loose_aggressive
3083,j,j,check,['check'],"[('p1', 'check'), ('p2', 'check')]",0.0,-654.0,0.0,tie,showdown,False,2,114.0,114.0,loose_aggressive
3084,q,k,check,"['check', 'fold']","[('p1', 'check'), ('p2', 'max_raise'), ('p1', 'fold')]",-6.0,-660.0,24.0,p2,fold,False,3,114.0,102.0,loose_aggressive
3085,k,q,check,['check'],"[('p1', 'check'), ('p2', 'check')]",6.0,-654.0,12.0,p1,showdown,False,2,114.0,114.0,loose_aggressive
3086,k,k,check,"['check', 'call']","[('p1', 'check'), ('p2', 'max_raise'), ('p1', 'call')]",0.0,-654.0,0.0,tie,showdown,False,3,114.0,102.0,loose_aggressive
3087,q,k,check,"['check', 'fold']","[('p1', 'check'), ('p2', 'max_raise'), ('p1', 'fold')]",-6.0,-660.0,24.0,p2,fold,False,3,114.0,102.0,loose_aggressive
3088,j,q,check,['check'],"[('p1', 'check'), ('p2', 'check')]",-6.0,-666.0,12.0,p2,showdown,False,2,114.0,114.0,loose_aggressive
3089,q,j,check,"['check', 'call']","[('p1', 'check'), ('p2', 'min_raise'), ('p1', 'call')]",12.0,-654.0,24.0,p1,showdown,False,3,114.0,108.0,loose_aggressive
3090,j,k,check,"['check', 'fold']","[('p1', 'check'), ('p2', 'max_raise'), ('p1', 'fold')]",-6.0,-660.0,24.0,p2,fold,False,3,114.0,102.0,loose_aggressive
3091,k,k,check,"['check', 'call']","[('p1', 'check'), ('p2', 'max_raise'), ('p1', 'call')]",0.0,-660.0,0.0,tie,showdown,False,3,114.0,102.0,loose_aggressive
3092,j,j,check,['check'],"[('p1', 'check'), ('p2', 'check')]",0.0,-660.0,0.0,tie,showdown,False,2,114.0,114.0,loose_aggressive
3093,j,k,check,"['check', 'fold']","[('p1', 'check'), ('p2', 'max_raise'), ('p1', 'fold')]",-6.0,-666.0,24.0,p2,fold,False,3,114.0,102.0,loose_aggressive
3094,k,j,check,"['check', 'call']","[('p1', 'check'), ('p2', 'min_raise'), ('p1', 'call')]",12.0,-654.0,24.0,p1,showdown,False,3,114.0,108.0,loose_aggressive
3095,q,j,check,['check'],"[('p1', 'check'), ('p2', 'check')]",6.0,-648.0,12.0,p1,showdown,False,2,114.0,114.0,loose_aggressive
3096,q,q,check,['check'],"[('p1', 'check'), ('p2', 'check')]",0.0,-648.0,0.0,tie,showdown,False,2,114.0,114.0,loose_aggressive
3097,j,q,check,['check'],"[('p1', 'check'), ('p2', 'check')]",-6.0,-654.0,12.0,p2,showdown,False,2,114.0,114.0,loose_aggressive
3098,q,q,check,['check'],"[('p1', 'check'), ('p2', 'check')]",0.0,-654.0,0.0,tie,showdown,False,2,114.0,114.0,loose_aggressive
3099,j,q,check,['check'],"[('p1', 'check'), ('p2', 'check')]",-6.0,-660.0,12.0,p2,showdown,False,2,114.0,114.0,loose_aggressive
3100,q,k,check,"['check', 'fold']","[('p1', 'check'), ('p2', 'max_raise'), ('p1', 'fold')]",-6.0,-666.0,24.0,p2,fold,False,3,114.0,102.0,loose_aggressive
3101,k,k,check,"['check', 'call']","[('p1', 'check'), ('p2', 'max_raise'), ('p1', 'call')]",0.0,-666.0,0.0,tie,showdown,False,3,114.0,102.0,loose_aggressive
3102,q,j,check,['check'],"[('p1', 'check'), ('p2', 'check')]",6.0,-660.0,12.0,p1,showdown,False,2,114.0,114.0,loose_aggressive
3103,j,q,check,['check'],"[('p1', 'check'), ('p2', 'check')]",-6.0,-666.0,12.0,p2,showdown,False,2,114.0,114.0,loose_aggressive
3104,j,q,check,['check'],"[('p1', 'check'), ('p2', 'check')]",-6.0,-672.0,12.0,p2,showdown,False,2,114.0,114.0,loose_aggressive
3105,q,k,check,"['check', 'fold']","[('p1', 'check'), ('p2', 'max_raise'), ('p1', 'fold')]",-6.0,-678.0,24.0,p2,fold,False,3,114.0,102.0,loose_aggressive
3106,k,j,check,['check'],"[('p1', 'check'), ('p2', 'check')]",6.0,-672.0,12.0,p1,showdown,False,2,114.0,114.0,loose_aggressive
3107,k,k,check,"['check', 'call']","[('p1', 'check'), ('p2', 'max_raise'), ('p1', 'call')]",0.0,-672.0,0.0,tie,showdown,False,3,114.0,102.0,loose_aggressive
3108,k,j,check,"['check', 'call']","[('p1', 'check'), ('p2', 'min_raise'), ('p1', 'call')]",12.0,-660.0,24.0,p1,showdown,False,3,114.0,108.0,loose_aggressive
3109,k,j,check,['check'],"[('p1', 'check'), ('p2', 'check')]",6.0,-654.0,12.0,p1,showdown,False,2,114.0,114.0,loose_aggressive
3110,q,j,check,['check'],"[('p1', 'check'), ('p2', 'check')]",6.0,-648.0,12.0,p1,showdown,False,2,114.0,114.0,loose_aggressive
3111,j,k,check,"['check', 'fold']","[('p1', 'check'), ('p2', 'max_raise'), ('p1', 'fold')]",-6.0,-654.0,24.0,p2,fold,False,3,114.0,102.0,loose_aggressive
3112,q,j,check,['check'],"[('p1', 'check'), ('p2', 'check')]",6.0,-648.0,12.0,p1,showdown,False,2,114.0,114.0,loose_aggressive
3113,k,j,check,['check'],"[('p1', 'check'), ('p2', 'check')]",6.0,-642.0,12.0,p1,showdown,False,2,114.0,114.0,loose_aggressive
3114,j,j,check,"['check', 'call']","[('p1', 'check'), ('p2', 'min_raise'), ('p1', 'call')]",0.0,-642.0,0.0,tie,showdown,False,3,114.0,108.0,loose_aggressive
3115,j,k,check,"['check', 'fold']","[('p1', 'check'), ('p2', 'max_raise'), ('p1', 'fold')]",-6.0,-648.0,24.0,p2,fold,False,3,114.0,102.0,loose_aggressive
3116,q,k,check,"['check', 'fold']","[('p1', 'check'), ('p2', 'max_raise'), ('p1', 'fold')]",-6.0,-654.0,24.0,p2,fold,False,3,114.0,102.0,loose_aggressive
3117,k,j,check,['check'],"[('p1', 'check'), ('p2', 'check')]",6.0,-648.0,12.0,p1,showdown,False,2,114.0,114.0,loose_aggressive
3118,j,j,check,['check'],"[('p1', 'check'), ('p2', 'check')]",0.0,-648.0,0.0,tie,showdown,False,2,114.0,114.0,loose_aggressive
3119,q,q,check,['check'],"[('p1', 'check'), ('p2', 'check')]",0.0,-648.0,0.0,tie,showdown,False,2,114.0,114.0,loose_aggressive
3120,q,k,check,"['check', 'fold']","[('p1', 'check'), ('p2', 'max_raise'), ('p1', 'fold')]",-6.0,-654.0,24.0,p2,fold,False,3,114.0,102.0,loose_aggressive
3121,j,q,check,['check'],"[('p1', 'check'), ('p2', 'check')]",-6.0,-660.0,12.0,p2,showdown,False,2,114.0,114.0,loose_aggressive
3122,q,q,check,['check'],"[('p1', 'check'), ('p2', 'check')]",0.0,-660.0,0.0,tie,showdown,False,2,114.0,114.0,loose_aggressive
3123,j,k,check,"['check', 'fold']","[('p1', 'check'), ('p2', 'max_raise'), ('p1', 'fold')]",-6.0,-666.0,24.0,p2,fold,False,3,114.0,102.0,loose_aggressive
3124,k,j,check,['check'],"[('p1', 'check'), ('p2', 'check')]",6.0,-660.0,12.0,p1,showdown,False,2,114.0,114.0,loose_aggressive
3125,k,k,check,"['check', 'call']","[('p1', 'check'), ('p2', 'max_raise'), ('p1', 'call')]",0.0,-660.0,0.0,tie,showdown,False,3,114.0,102.0,loose_aggressive
3126,j,j,check,['check'],"[('p1', 'check'), ('p2', 'check')]",0.0,-660.0,0.0,tie,showdown,False,2,114.0,114.0,loose_aggressive
3127,j,k,check,"['check', 'fold']","[('p1', 'check'), ('p2', 'max_raise'), ('p1', 'fold')]",-6.0,-666.0,24.0,p2,fold,False,3,114.0,102.0,loose_aggressive
3128,j,j,check,['check'],"[('p1', 'check'), ('p2', 'check')]",0.0,-666.0,0.0,tie,showdown,False,2,114.0,114.0,loose_aggressive
3129,k,q,check,['check'],"[('p1', 'check'), ('p2', 'check')]",6.0,-660.0,12.0,p1,showdown,False,2,114.0,114.0,loose_aggressive
3130,k,q,check,['check'],"[('p1', 'check'), ('p2', 'check')]",6.0,-654.0,12.0,p1,showdown,False,2,114.0,114.0,loose_aggressive
3131,j,k,check,"['check', 'fold']","[('p1', 'check'), ('p2', 'max_raise'), ('p1', 'fold')]",-6.0,-660.0,24.0,p2,fold,False,3,114.0,102.0,loose_aggressive
3132,q,j,check,"['check', 'call']","[('p1', 'check'), ('p2', 'min_raise'), ('p1', 'call')]",12.0,-648.0,24.0,p1,showdown,False,3,114.0,108.0,loose_aggressive
3133,j,k,check,"['check', 'fold']","[('p1', 'check'), ('p2', 'max_raise'), ('p1', 'fold')]",-6.0,-654.0,24.0,p2,fold,False,3,114.0,102.0,loose_aggressive
3134,k,k,check,"['check', 'call']","[('p1', 'check'), ('p2', 'max_raise'), ('p1', 'call')]",0.0,-654.0,0.0,tie,showdown,False,3,114.0,102.0,loose_aggressive
3135,j,q,check,['check'],"[('p1', 'check'), ('p2', 'check')]",-6.0,-660.0,12.0,p2,showdown,False,2,114.0,114.0,loose_aggressive
3136,j,j,check,"['check', 'call']","[('p1', 'check'), ('p2', 'min_raise'), ('p1', 'call')]",0.0,-660.0,0.0,tie,showdown,False,3,114.0,108.0,loose_aggressive
3137,j,k,check,"['check', 'fold']","[('p1', 'check'), ('p2', 'max_raise'), ('p1', 'fold')]",-6.0,-666.0,24.0,p2,fold,False,3,114.0,102.0,loose_aggressive
3138,j,q,check,['check'],"[('p1', 'check'), ('p2', 'check')]",-6.0,-672.0,12.0,p2,showdown,False,2,114.0,114.0,loose_aggressive
3139,q,j,check,['check'],"[('p1', 'check'), ('p2', 'check')]",6.0,-666.0,12.0,p1,showdown,False,2,114.0,114.0,loose_aggressive
3140,q,k,check,"['check', 'fold']","[('p1', 'check'), ('p2', 'max_raise'), ('p1', 'fold')]",-6.0,-672.0,24.0,p2,fold,False,3,114.0,102.0,loose_aggressive
3141,j,k,check,"['check', 'fold']","[('p1', 'check'), ('p2', 'max_raise'), ('p1', 'fold')]",-6.0,-678.0,24.0,p2,fold,False,3,114.0,102.0,loose_aggressive
3142,j,q,check,['check'],"[('p1', 'check'), ('p2', 'check')]",-6.0,-684.0,12.0,p2,showdown,False,2,114.0,114.0,loose_aggressive
3143,k,j,check,['check'],"[('p1', 'check'), ('p2', 'check')]",6.0,-678.0,12.0,p1,showdown,False,2,114.0,114.0,loose_aggressive
3144,j,j,check,['check'],"[('p1', 'check'), ('p2', 'check')]",0.0,-678.0,0.0,tie,showdown,False,2,114.0,114.0,loose_aggressive
3145,q,q,check,['check'],"[('p1', 'check'), ('p2', 'check')]",0.0,-678.0,0.0,tie,showdown,False,2,114.0,114.0,loose_aggressive
3146,j,q,check,['check'],"[('p1', 'check'), ('p2', 'check')]",-6.0,-684.0,12.0,p2,showdown,False,2,114.0,114.0,loose_aggressive
3147,j,j,check,['check'],"[('p1', 'check'), ('p2', 'check')]",0.0,-684.0,0.0,tie,showdown,False,2,114.0,114.0,loose_aggressive
3148,q,k,check,"['check', 'fold']","[('p1', 'check'), ('p2', 'max_raise'), ('p1', 'fold')]",-6.0,-690.0,24.0,p2,fold,False,3,114.0,102.0,loose_aggressive
3149,k,j,check,['check'],"[('p1', 'check'), ('p2', 'check')]",6.0,-684.0,12.0,p1,showdown,False,2,114.0,114.0,loose_aggressive
3150,k,q,check,['check'],"[('p1', 'check'), ('p2', 'check')]",6.0,-678.0,12.0,p1,showdown,False,2,114.0,114.0,loose_aggressive
3151,k,k,check,"['check', 'call']","[('p1', 'check'), ('p2', 'max_raise'), ('p1', 'call')]",0.0,-678.0,0.0,tie,showdown,False,3,114.0,102.0,loose_aggressive
3152,q,j,check,"['check', 'call']","[('p1', 'check'), ('p2', 'min_raise'), ('p1', 'call')]",12.0,-666.0,24.0,p1,showdown,False,3,114.0,108.0,loose_aggressive
3153,k,q,check,['check'],"[('p1', 'check'), ('p2', 'check')]",6.0,-660.0,12.0,p1,showdown,False,2,114.0,114.0,loose_aggressive
3154,q,j,check,['check'],"[('p1', 'check'), ('p2', 'check')]",6.0,-654.0,12.0,p1,showdown,False,2,114.0,114.0,loose_aggressive
3155,j,k,check,"['check', 'fold']","[('p1', 'check'), ('p2', 'max_raise'), ('p1', 'fold')]",-6.0,-660.0,24.0,p2,fold,False,3,114.0,102.0,loose_aggressive
3156,k,j,check,"['check', 'call']","[('p1', 'check'), ('p2', 'min_raise'), ('p1', 'call')]",12.0,-648.0,24.0,p1,showdown,False,3,114.0,108.0,loose_aggressive
3157,q,j,check,"['check', 'call']","[('p1', 'check'), ('p2', 'min_raise'), ('p1', 'call')]",12.0,-636.0,24.0,p1,showdown,False,3,114.0,108.0,loose_aggressive
3158,j,k,check,"['check', 'fold']","[('p1', 'check'), ('p2', 'max_raise'), ('p1', 'fold')]",-6.0,-642.0,24.0,p2,fold,False,3,114.0,102.0,loose_aggressive
3159,k,k,check,"['check', 'call']","[('p1', 'check'), ('p2', 'max_raise'), ('p1', 'call')]",0.0,-642.0,0.0,tie,showdown,False,3,114.0,102.0,loose_aggressive
3160,j,j,check,['check'],"[('p1', 'check'), ('p2', 'check')]",0.0,-642.0,0.0,tie,showdown,False,2,114.0,114.0,loose_aggressive
3161,k,q,check,['check'],"[('p1', 'check'), ('p2', 'check')]",6.0,-636.0,12.0,p1,showdown,False,2,114.0,114.0,loose_aggressive
3162,k,j,check,"['check', 'call']","[('p1', 'check'), ('p2', 'min_raise'), ('p1', 'call')]",12.0,-624.0,24.0,p1,showdown,False,3,114.0,108.0,loose_aggressive
3163,j,j,check,['check'],"[('p1', 'check'), ('p2', 'check')]",0.0,-624.0,0.0,tie,showdown,False,2,114.0,114.0,loose_aggressive
3164,k,k,check,"['check', 'call']","[('p1', 'check'), ('p2', 'max_raise'), ('p1', 'call')]",0.0,-624.0,0.0,tie,showdown,False,3,114.0,102.0,loose_aggressive
3165,k,k,check,"['check', 'call']","[('p1', 'check'), ('p2', 'max_raise'), ('p1', 'call')]",0.0,-624.0,0.0,tie,showdown,False,3,114.0,102.0,loose_aggressive
3166,q,k,check,"['check', 'fold']","[('p1', 'check'), ('p2', 'max_raise'), ('p1', 'fold')]",-6.0,-630.0,24.0,p2,fold,False,3,114.0,102.0,loose_aggressive
3167,k,k,check,"['check', 'call']","[('p1', 'check'), ('p2', 'max_raise'), ('p1', 'call')]",0.0,-630.0,0.0,tie,showdown,False,3,114.0,102.0,loose_aggressive
3168,j,k,check,"['check', 'fold']","[('p1', 'check'), ('p2', 'max_raise'), ('p1', 'fold')]",-6.0,-636.0,24.0,p2,fold,False,3,114.0,102.0,loose_aggressive
3169,k,j,check,"['check', 'call']","[('p1', 'check'), ('p2', 'min_raise'), ('p1', 'call')]",12.0,-624.0,24.0,p1,showdown,False,3,114.0,108.0,loose_aggressive
3170,j,q,check,['check'],"[('p1', 'check'), ('p2', 'check')]",-6.0,-630.0,12.0,p2,showdown,False,2,114.0,114.0,loose_aggressive
3171,j,k,check,"['check', 'fold']","[('p1', 'check'), ('p2', 'max_raise'), ('p1', 'fold')]",-6.0,-636.0,24.0,p2,fold,False,3,114.0,102.0,loose_aggressive
3172,j,j,check,"['check', 'call']","[('p1', 'check'), ('p2', 'min_raise'), ('p1', 'call')]",0.0,-636.0,0.0,tie,showdown,False,3,114.0,108.0,loose_aggressive
3173,k,j,check,['check'],"[('p1', 'check'), ('p2', 'check')]",6.0,-630.0,12.0,p1,showdown,False,2,114.0,114.0,loose_aggressive
3174,k,j,check,['check'],"[('p1', 'check'), ('p2', 'check')]",6.0,-624.0,12.0,p1,showdown,False,2,114.0,114.0,loose_aggressive
3175,k,j,check,"['check', 'call']","[('p1', 'check'), ('p2', 'min_raise'), ('p1', 'call')]",12.0,-612.0,24.0,p1,showdown,False,3,114.0,108.0,loose_aggressive
3176,q,q,check,['check'],"[('p1', 'check'), ('p2', 'check')]",0.0,-612.0,0.0,tie,showdown,False,2,114.0,114.0,loose_aggressive
3177,j,j,check,['check'],"[('p1', 'check'), ('p2', 'check')]",0.0,-612.0,0.0,tie,showdown,False,2,114.0,114.0,loose_aggressive
3178,q,k,check,"['check', 'fold']","[('p1', 'check'), ('p2', 'max_raise'), ('p1', 'fold')]",-6.0,-618.0,24.0,p2,fold,False,3,114.0,102.0,loose_aggressive
3179,j,q,check,['check'],"[('p1', 'check'), ('p2', 'check')]",-6.0,-624.0,12.0,p2,showdown,False,2,114.0,114.0,loose_aggressive
3180,j,k,check,"['check', 'fold']","[('p1', 'check'), ('p2', 'max_raise'), ('p1', 'fold')]",-6.0,-630.0,24.0,p2,fold,False,3,114.0,102.0,loose_aggressive
3181,q,k,check,"['check', 'fold']","[('p1', 'check'), ('p2', 'max_raise'), ('p1', 'fold')]",-6.0,-636.0,24.0,p2,fold,False,3,114.0,102.0,loose_aggressive
3182,j,k,check,"['check', 'fold']","[('p1', 'check'), ('p2', 'max_raise'), ('p1', 'fold')]",-6.0,-642.0,24.0,p2,fold,False,3,114.0,102.0,loose_aggressive
3183,q,j,check,"['check', 'call']","[('p1', 'check'), ('p2', 'min_raise'), ('p1', 'call')]",12.0,-630.0,24.0,p1,showdown,False,3,114.0,108.0,loose_aggressive
3184,j,j,check,['check'],"[('p1', 'check'), ('p2', 'check')]",0.0,-630.0,0.0,tie,showdown,False,2,114.0,114.0,loose_aggressive
3185,j,j,check,"['check', 'call']","[('p1', 'check'), ('p2', 'min_raise'), ('p1', 'call')]",0.0,-630.0,0.0,tie,showdown,False,3,114.0,108.0,loose_aggressive
3186,q,q,check,['check'],"[('p1', 'check'), ('p2', 'check')]",0.0,-630.0,0.0,tie,showdown,False,2,114.0,114.0,loose_aggressive
3187,j,q,check,['check'],"[('p1', 'check'), ('p2', 'check')]",-6.0,-636.0,12.0,p2,showdown,False,2,114.0,114.0,loose_aggressive
3188,j,q,check,['check'],"[('p1', 'check'), ('p2', 'check')]",-6.0,-642.0,12.0,p2,showdown,False,2,114.0,114.0,loose_aggressive
3189,q,q,check,['check'],"[('p1', 'check'), ('p2', 'check')]",0.0,-642.0,0.0,tie,showdown,False,2,114.0,114.0,loose_aggressive
3190,q,k,check,"['check', 'fold']","[('p1', 'check'), ('p2', 'max_raise'), ('p1', 'fold')]",-6.0,-648.0,24.0,p2,fold,False,3,114.0,102.0,loose_aggressive
3191,j,j,check,"['check', 'call']","[('p1', 'check'), ('p2', 'min_raise'), ('p1', 'call')]",0.0,-648.0,0.0,tie,showdown,False,3,114.0,108.0,loose_aggressive
3192,q,k,check,"['check', 'fold']","[('p1', 'check'), ('p2', 'max_raise'), ('p1', 'fold')]",-6.0,-654.0,24.0,p2,fold,False,3,114.0,102.0,loose_aggressive
3193,j,j,check,"['check', 'call']","[('p1', 'check'), ('p2', 'min_raise'), ('p1', 'call')]",0.0,-654.0,0.0,tie,showdown,False,3,114.0,108.0,loose_aggressive
3194,j,k,check,"['check', 'fold']","[('p1', 'check'), ('p2', 'max_raise'), ('p1', 'fold')]",-6.0,-660.0,24.0,p2,fold,False,3,114.0,102.0,loose_aggressive
3195,q,q,check,['check'],"[('p1', 'check'), ('p2', 'check')]",0.0,-660.0,0.0,tie,showdown,False,2,114.0,114.0,loose_aggressive
3196,j,k,check,"['check', 'fold']","[('p1', 'check'), ('p2', 'max_raise'), ('p1', 'fold')]",-6.0,-666.0,24.0,p2,fold,False,3,114.0,102.0,loose_aggressive
3197,q,k,check,"['check', 'fold']","[('p1', 'check'), ('p2', 'max_raise'), ('p1', 'fold')]",-6.0,-672.0,24.0,p2,fold,False,3,114.0,102.0,loose_aggressive
3198,j,k,check,"['check', 'fold']","[('p1', 'check'), ('p2', 'max_raise'), ('p1', 'fold')]",-6.0,-678.0,24.0,p2,fold,False,3,114.0,102.0,loose_aggressive
3199,q,j,check,"['check', 'call']","[('p1', 'check'), ('p2', 'min_raise'), ('p1', 'call')]",12.0,-666.0,24.0,p1,showdown,False,3,114.0,108.0,loose_aggressive
3200,j,k,check,"['check', 'fold']","[('p1', 'check'), ('p2', 'max_raise'), ('p1', 'fold')]",-6.0,-672.0,24.0,p2,fold,False,3,114.0,102.0,loose_aggressive
3201,q,q,check,['check'],"[('p1', 'check'), ('p2', 'check')]",0.0,-672.0,0.0,tie,showdown,False,2,114.0,114.0,loose_aggressive
3202,q,k,check,"['check', 'fold']","[('p1', 'check'), ('p2', 'max_raise'), ('p1', 'fold')]",-6.0,-678.0,24.0,p2,fold,False,3,114.0,102.0,loose_aggressive
3203,j,q,check,['check'],"[('p1', 'check'), ('p2', 'check')]",-6.0,-684.0,12.0,p2,showdown,False,2,114.0,114.0,loose_aggressive
3204,k,j,check,['check'],"[('p1', 'check'), ('p2', 'check')]",6.0,-678.0,12.0,p1,showdown,False,2,114.0,114.0,loose_aggressive
3205,k,q,check,['check'],"[('p1', 'check'), ('p2', 'check')]",6.0,-672.0,12.0,p1,showdown,False,2,114.0,114.0,loose_aggressive
3206,q,k,check,"['check', 'fold']","[('p1', 'check'), ('p2', 'max_raise'), ('p1', 'fold')]",-6.0,-678.0,24.0,p2,fold,False,3,114.0,102.0,loose_aggressive
3207,j,k,check,"['check', 'fold']","[('p1', 'check'), ('p2', 'max_raise'), ('p1', 'fold')]",-6.0,-684.0,24.0,p2,fold,False,3,114.0,102.0,loose_aggressive
3208,j,q,check,['check'],"[('p1', 'check'), ('p2', 'check')]",-6.0,-690.0,12.0,p2,showdown,False,2,114.0,114.0,loose_aggressive
3209,j,j,check,"['check', 'call']","[('p1', 'check'), ('p2', 'min_raise'), ('p1', 'call')]",0.0,-690.0,0.0,tie,showdown,False,3,114.0,108.0,loose_aggressive
3210,q,k,check,"['check', 'fold']","[('p1', 'check'), ('p2', 'max_raise'), ('p1', 'fold')]",-6.0,-696.0,24.0,p2,fold,False,3,114.0,102.0,loose_aggressive
3211,k,k,check,"['check', 'call']","[('p1', 'check'), ('p2', 'max_raise'), ('p1', 'call')]",0.0,-696.0,0.0,tie,showdown,False,3,114.0,102.0,loose_aggressive
3212,k,j,check,"['check', 'call']","[('p1', 'check'), ('p2', 'min_raise'), ('p1', 'call')]",12.0,-684.0,24.0,p1,showdown,False,3,114.0,108.0,loose_aggressive
3213,j,q,check,['check'],"[('p1', 'check'), ('p2', 'check')]",-6.0,-690.0,12.0,p2,showdown,False,2,114.0,114.0,loose_aggressive
3214,k,k,check,"['check', 'call']","[('p1', 'check'), ('p2', 'max_raise'), ('p1', 'call')]",0.0,-690.0,0.0,tie,showdown,False,3,114.0,102.0,loose_aggressive
3215,j,j,check,['check'],"[('p1', 'check'), ('p2', 'check')]",0.0,-690.0,0.0,tie,showdown,False,2,114.0,114.0,loose_aggressive
3216,q,k,check,"['check', 'call']","[('p1', 'check'), ('p2', 'max_raise'), ('p1', 'call')]",-18.0,-708.0,36.0,p2,showdown,False,3,114.0,102.0,loose_aggressive
3217,k,k,check,"['check', 'call']","[('p1', 'check'), ('p2', 'max_raise'), ('p1', 'call')]",0.0,-708.0,0.0,tie,showdown,False,3,114.0,102.0,loose_aggressive
3218,k,k,check,"['check', 'call']","[('p1', 'check'), ('p2', 'max_raise'), ('p1', 'call')]",0.0,-708.0,0.0,tie,showdown,False,3,114.0,102.0,loose_aggressive
3219,j,j,check,"['check', 'call']","[('p1', 'check'), ('p2', 'min_raise'), ('p1', 'call')]",0.0,-708.0,0.0,tie,showdown,False,3,114.0,108.0,loose_aggressive
3220,k,j,check,['check'],"[('p1', 'check'), ('p2', 'check')]",6.0,-702.0,12.0,p1,showdown,False,2,114.0,114.0,loose_aggressive
3221,k,q,check,['check'],"[('p1', 'check'), ('p2', 'check')]",6.0,-696.0,12.0,p1,showdown,False,2,114.0,114.0,loose_aggressive
3222,j,k,check,"['check', 'fold']","[('p1', 'check'), ('p2', 'max_raise'), ('p1', 'fold')]",-6.0,-702.0,24.0,p2,fold,False,3,114.0,102.0,loose_aggressive
3223,j,j,check,"['check', 'call']","[('p1', 'check'), ('p2', 'min_raise'), ('p1', 'call')]",0.0,-702.0,0.0,tie,showdown,False,3,114.0,108.0,loose_aggressive
3224,k,k,check,"['check', 'call']","[('p1', 'check'), ('p2', 'max_raise'), ('p1', 'call')]",0.0,-702.0,0.0,tie,showdown,False,3,114.0,102.0,loose_aggressive
3225,q,k,check,"['check', 'fold']","[('p1', 'check'), ('p2', 'max_raise'), ('p1', 'fold')]",-6.0,-708.0,24.0,p2,fold,False,3,114.0,102.0,loose_aggressive
3226,j,k,check,"['check', 'fold']","[('p1', 'check'), ('p2', 'max_raise'), ('p1', 'fold')]",-6.0,-714.0,24.0,p2,fold,False,3,114.0,102.0,loose_aggressive
3227,j,k,check,"['check', 'fold']","[('p1', 'check'), ('p2', 'max_raise'), ('p1', 'fold')]",-6.0,-720.0,24.0,p2,fold,False,3,114.0,102.0,loose_aggressive
3228,k,j,check,"['check', 'call']","[('p1', 'check'), ('p2', 'min_raise'), ('p1', 'call')]",12.0,-708.0,24.0,p1,showdown,False,3,114.0,108.0,loose_aggressive
3229,j,k,check,"['check', 'fold']","[('p1', 'check'), ('p2', 'max_raise'), ('p1', 'fold')]",-6.0,-714.0,24.0,p2,fold,False,3,114.0,102.0,loose_aggressive
3230,k,j,check,['check'],"[('p1', 'check'), ('p2', 'check')]",6.0,-708.0,12.0,p1,showdown,False,2,114.0,114.0,loose_aggressive
3231,j,q,check,['check'],"[('p1', 'check'), ('p2', 'check')]",-6.0,-714.0,12.0,p2,showdown,False,2,114.0,114.0,loose_aggressive
3232,k,q,check,['check'],"[('p1', 'check'), ('p2', 'check')]",6.0,-708.0,12.0,p1,showdown,False,2,114.0,114.0,loose_aggressive
3233,q,q,check,['check'],"[('p1', 'check'), ('p2', 'check')]",0.0,-708.0,0.0,tie,showdown,False,2,114.0,114.0,loose_aggressive
3234,k,q,check,['check'],"[('p1', 'check'), ('p2', 'check')]",6.0,-702.0,12.0,p1,showdown,False,2,114.0,114.0,loose_aggressive
3235,j,k,check,"['check', 'fold']","[('p1', 'check'), ('p2', 'max_raise'), ('p1', 'fold')]",-6.0,-708.0,24.0,p2,fold,False,3,114.0,102.0,loose_aggressive
3236,j,q,check,['check'],"[('p1', 'check'), ('p2', 'check')]",-6.0,-714.0,12.0,p2,showdown,False,2,114.0,114.0,loose_aggressive
3237,k,q,check,['check'],"[('p1', 'check'), ('p2', 'check')]",6.0,-708.0,12.0,p1,showdown,False,2,114.0,114.0,loose_aggressive
3238,j,q,check,['check'],"[('p1', 'check'), ('p2', 'check')]",-6.0,-714.0,12.0,p2,showdown,False,2,114.0,114.0,loose_aggressive
3239,q,q,check,['check'],"[('p1', 'check'), ('p2', 'check')]",0.0,-714.0,0.0,tie,showdown,False,2,114.0,114.0,loose_aggressive
3240,q,j,check,['check'],"[('p1', 'check'), ('p2', 'check')]",6.0,-708.0,12.0,p1,showdown,False,2,114.0,114.0,loose_aggressive
3241,j,k,check,"['check', 'fold']","[('p1', 'check'), ('p2', 'max_raise'), ('p1', 'fold')]",-6.0,-714.0,24.0,p2,fold,False,3,114.0,102.0,loose_aggressive
3242,q,j,check,['check'],"[('p1', 'check'), ('p2', 'check')]",6.0,-708.0,12.0,p1,showdown,False,2,114.0,114.0,loose_aggressive
3243,k,j,check,['check'],"[('p1', 'check'), ('p2', 'check')]",6.0,-702.0,12.0,p1,showdown,False,2,114.0,114.0,loose_aggressive
3244,k,k,check,"['check', 'call']","[('p1', 'check'), ('p2', 'max_raise'), ('p1', 'call')]",0.0,-702.0,0.0,tie,showdown,False,3,114.0,102.0,loose_aggressive
3245,q,q,check,['check'],"[('p1', 'check'), ('p2', 'check')]",0.0,-702.0,0.0,tie,showdown,False,2,114.0,114.0,loose_aggressive
3246,q,j,check,['check'],"[('p1', 'check'), ('p2', 'check')]",6.0,-696.0,12.0,p1,showdown,False,2,114.0,114.0,loose_aggressive
3247,k,j,check,['check'],"[('p1', 'check'), ('p2', 'check')]",6.0,-690.0,12.0,p1,showdown,False,2,114.0,114.0,loose_aggressive
3248,j,q,check,['check'],"[('p1', 'check'), ('p2', 'check')]",-6.0,-696.0,12.0,p2,showdown,False,2,114.0,114.0,loose_aggressive
3249,j,j,check,"['check', 'call']","[('p1', 'check'), ('p2', 'min_raise'), ('p1', 'call')]",0.0,-696.0,0.0,tie,showdown,False,3,114.0,108.0,loose_aggressive
3250,k,k,check,"['check', 'call']","[('p1', 'check'), ('p2', 'max_raise'), ('p1', 'call')]",0.0,-696.0,0.0,tie,showdown,False,3,114.0,102.0,loose_aggressive
3251,j,q,check,['check'],"[('p1', 'check'), ('p2', 'check')]",-6.0,-702.0,12.0,p2,showdown,False,2,114.0,114.0,loose_aggressive
3252,q,q,check,['check'],"[('p1', 'check'), ('p2', 'check')]",0.0,-702.0,0.0,tie,showdown,False,2,114.0,114.0,loose_aggressive
3253,k,j,check,['check'],"[('p1', 'check'), ('p2', 'check')]",6.0,-696.0,12.0,p1,showdown,False,2,114.0,114.0,loose_aggressive
3254,k,k,check,"['check', 'call']","[('p1', 'check'), ('p2', 'max_raise'), ('p1', 'call')]",0.0,-696.0,0.0,tie,showdown,False,3,114.0,102.0,loose_aggressive
3255,k,q,check,['check'],"[('p1', 'check'), ('p2', 'check')]",6.0,-690.0,12.0,p1,showdown,False,2,114.0,114.0,loose_aggressive
3256,j,k,check,"['check', 'fold']","[('p1', 'check'), ('p2', 'max_raise'), ('p1', 'fold')]",-6.0,-696.0,24.0,p2,fold,False,3,114.0,102.0,loose_aggressive
3257,j,q,check,['check'],"[('p1', 'check'), ('p2', 'check')]",-6.0,-702.0,12.0,p2,showdown,False,2,114.0,114.0,loose_aggressive
3258,q,q,check,['check'],"[('p1', 'check'), ('p2', 'check')]",0.0,-702.0,0.0,tie,showdown,False,2,114.0,114.0,loose_aggressive
3259,j,k,check,"['check', 'fold']","[('p1', 'check'), ('p2', 'max_raise'), ('p1', 'fold')]",-6.0,-708.0,24.0,p2,fold,False,3,114.0,102.0,loose_aggressive
3260,k,q,check,['check'],"[('p1', 'check'), ('p2', 'check')]",6.0,-702.0,12.0,p1,showdown,False,2,114.0,114.0,loose_aggressive
3261,k,j,check,['check'],"[('p1', 'check'), ('p2', 'check')]",6.0,-696.0,12.0,p1,showdown,False,2,114.0,114.0,loose_aggressive
3262,j,k,check,"['check', 'fold']","[('p1', 'check'), ('p2', 'max_raise'), ('p1', 'fold')]",-6.0,-702.0,24.0,p2,fold,False,3,114.0,102.0,loose_aggressive
3263,k,q,check,['check'],"[('p1', 'check'), ('p2', 'check')]",6.0,-696.0,12.0,p1,showdown,False,2,114.0,114.0,loose_aggressive
3264,k,q,check,['check'],"[('p1', 'check'), ('p2', 'check')]",6.0,-690.0,12.0,p1,showdown,False,2,114.0,114.0,loose_aggressive
3265,q,k,check,"['check', 'call']","[('p1', 'check'), ('p2', 'max_raise'), ('p1', 'call')]",-18.0,-708.0,36.0,p2,showdown,False,3,114.0,102.0,loose_aggressive
3266,k,j,check,"['check', 'call']","[('p1', 'check'), ('p2', 'min_raise'), ('p1', 'call')]",12.0,-696.0,24.0,p1,showdown,False,3,114.0,108.0,loose_aggressive
3267,q,q,check,['check'],"[('p1', 'check'), ('p2', 'check')]",0.0,-696.0,0.0,tie,showdown,False,2,114.0,114.0,loose_aggressive
3268,q,k,check,"['check', 'fold']","[('p1', 'check'), ('p2', 'max_raise'), ('p1', 'fold')]",-6.0,-702.0,24.0,p2,fold,False,3,114.0,102.0,loose_aggressive
3269,k,j,check,['check'],"[('p1', 'check'), ('p2', 'check')]",6.0,-696.0,12.0,p1,showdown,False,2,114.0,114.0,loose_aggressive
3270,q,j,check,['check'],"[('p1', 'check'), ('p2', 'check')]",6.0,-690.0,12.0,p1,showdown,False,2,114.0,114.0,loose_aggressive
3271,q,k,check,"['check', 'fold']","[('p1', 'check'), ('p2', 'max_raise'), ('p1', 'fold')]",-6.0,-696.0,24.0,p2,fold,False,3,114.0,102.0,loose_aggressive
3272,j,q,check,['check'],"[('p1', 'check'), ('p2', 'check')]",-6.0,-702.0,12.0,p2,showdown,False,2,114.0,114.0,loose_aggressive
3273,j,k,check,"['check', 'fold']","[('p1', 'check'), ('p2', 'max_raise'), ('p1', 'fold')]",-6.0,-708.0,24.0,p2,fold,False,3,114.0,102.0,loose_aggressive
3274,k,q,check,['check'],"[('p1', 'check'), ('p2', 'check')]",6.0,-702.0,12.0,p1,showdown,False,2,114.0,114.0,loose_aggressive
3275,q,q,check,['check'],"[('p1', 'check'), ('p2', 'check')]",0.0,-702.0,0.0,tie,showdown,False,2,114.0,114.0,loose_aggressive
3276,j,k,check,"['check', 'fold']","[('p1', 'check'), ('p2', 'max_raise'), ('p1', 'fold')]",-6.0,-708.0,24.0,p2,fold,False,3,114.0,102.0,loose_aggressive
3277,k,q,check,['check'],"[('p1', 'check'), ('p2', 'check')]",6.0,-702.0,12.0,p1,showdown,False,2,114.0,114.0,loose_aggressive
3278,j,k,check,"['check', 'fold']","[('p1', 'check'), ('p2', 'max_raise'), ('p1', 'fold')]",-6.0,-708.0,24.0,p2,fold,False,3,114.0,102.0,loose_aggressive
3279,q,q,check,['check'],"[('p1', 'check'), ('p2', 'check')]",0.0,-708.0,0.0,tie,showdown,False,2,114.0,114.0,loose_aggressive
3280,j,j,check,['check'],"[('p1', 'check'), ('p2', 'check')]",0.0,-708.0,0.0,tie,showdown,False,2,114.0,114.0,loose_aggressive
3281,q,j,check,['check'],"[('p1', 'check'), ('p2', 'check')]",6.0,-702.0,12.0,p1,showdown,False,2,114.0,114.0,loose_aggressive
3282,q,k,check,"['check', 'fold']","[('p1', 'check'), ('p2', 'max_raise'), ('p1', 'fold')]",-6.0,-708.0,24.0,p2,fold,False,3,114.0,102.0,loose_aggressive
3283,q,k,check,"['check', 'fold']","[('p1', 'check'), ('p2', 'max_raise'), ('p1', 'fold')]",-6.0,-714.0,24.0,p2,fold,False,3,114.0,102.0,loose_aggressive
3284,k,q,check,['check'],"[('p1', 'check'), ('p2', 'check')]",6.0,-708.0,12.0,p1,showdown,False,2,114.0,114.0,loose_aggressive
3285,k,j,check,['check'],"[('p1', 'check'), ('p2', 'check')]",6.0,-702.0,12.0,p1,showdown,False,2,114.0,114.0,loose_aggressive
3286,k,q,check,['check'],"[('p1', 'check'), ('p2', 'check')]",6.0,-696.0,12.0,p1,showdown,False,2,114.0,114.0,loose_aggressive
3287,j,j,check,"['check', 'call']","[('p1', 'check'), ('p2', 'min_raise'), ('p1', 'call')]",0.0,-696.0,0.0,tie,showdown,False,3,114.0,108.0,loose_aggressive
3288,j,k,check,"['check', 'fold']","[('p1', 'check'), ('p2', 'max_raise'), ('p1', 'fold')]",-6.0,-702.0,24.0,p2,fold,False,3,114.0,102.0,loose_aggressive
3289,q,j,check,['check'],"[('p1', 'check'), ('p2', 'check')]",6.0,-696.0,12.0,p1,showdown,False,2,114.0,114.0,loose_aggressive
3290,q,j,check,['check'],"[('p1', 'check'), ('p2', 'check')]",6.0,-690.0,12.0,p1,showdown,False,2,114.0,114.0,loose_aggressive
3291,k,k,check,"['check', 'call']","[('p1', 'check'), ('p2', 'max_raise'), ('p1', 'call')]",0.0,-690.0,0.0,tie,showdown,False,3,114.0,102.0,loose_aggressive
3292,k,q,check,['check'],"[('p1', 'check'), ('p2', 'check')]",6.0,-684.0,12.0,p1,showdown,False,2,114.0,114.0,loose_aggressive
3293,q,j,check,['check'],"[('p1', 'check'), ('p2', 'check')]",6.0,-678.0,12.0,p1,showdown,False,2,114.0,114.0,loose_aggressive
3294,j,k,check,"['check', 'fold']","[('p1', 'check'), ('p2', 'max_raise'), ('p1', 'fold')]",-6.0,-684.0,24.0,p2,fold,False,3,114.0,102.0,loose_aggressive
3295,q,j,check,['check'],"[('p1', 'check'), ('p2', 'check')]",6.0,-678.0,12.0,p1,showdown,False,2,114.0,114.0,loose_aggressive
3296,k,j,check,['check'],"[('p1', 'check'), ('p2', 'check')]",6.0,-672.0,12.0,p1,showdown,False,2,114.0,114.0,loose_aggressive
3297,j,j,check,"['check', 'call']","[('p1', 'check'), ('p2', 'min_raise'), ('p1', 'call')]",0.0,-672.0,0.0,tie,showdown,False,3,114.0,108.0,loose_aggressive
3298,j,k,check,"['check', 'fold']","[('p1', 'check'), ('p2', 'max_raise'), ('p1', 'fold')]",-6.0,-678.0,24.0,p2,fold,False,3,114.0,102.0,loose_aggressive
3299,q,j,check,"['check', 'call']","[('p1', 'check'), ('p2', 'min_raise'), ('p1', 'call')]",12.0,-666.0,24.0,p1,showdown,False,3,114.0,108.0,loose_aggressive
3300,q,q,check,['check'],"[('p1', 'check'), ('p2', 'check')]",0.0,-666.0,0.0,tie,showdown,False,2,114.0,114.0,loose_aggressive
3301,j,j,check,['check'],"[('p1', 'check'), ('p2', 'check')]",0.0,-666.0,0.0,tie,showdown,False,2,114.0,114.0,loose_aggressive
3302,k,j,check,"['check', 'call']","[('p1', 'check'), ('p2', 'min_raise'), ('p1', 'call')]",12.0,-654.0,24.0,p1,showdown,False,3,114.0,108.0,loose_aggressive
3303,k,j,check,"['check', 'call']","[('p1', 'check'), ('p2', 'min_raise'), ('p1', 'call')]",12.0,-642.0,24.0,p1,showdown,False,3,114.0,108.0,loose_aggressive
3304,k,j,check,['check'],"[('p1', 'check'), ('p2', 'check')]",6.0,-636.0,12.0,p1,showdown,False,2,114.0,114.0,loose_aggressive
3305,q,k,check,"['check', 'fold']","[('p1', 'check'), ('p2', 'max_raise'), ('p1', 'fold')]",-6.0,-642.0,24.0,p2,fold,False,3,114.0,102.0,loose_aggressive
3306,j,q,check,['check'],"[('p1', 'check'), ('p2', 'check')]",-6.0,-648.0,12.0,p2,showdown,False,2,114.0,114.0,loose_aggressive
3307,j,j,check,['check'],"[('p1', 'check'), ('p2', 'check')]",0.0,-648.0,0.0,tie,showdown,False,2,114.0,114.0,loose_aggressive
3308,k,j,check,['check'],"[('p1', 'check'), ('p2', 'check')]",6.0,-642.0,12.0,p1,showdown,False,2,114.0,114.0,loose_aggressive
3309,q,k,check,"['check', 'fold']","[('p1', 'check'), ('p2', 'max_raise'), ('p1', 'fold')]",-6.0,-648.0,24.0,p2,fold,False,3,114.0,102.0,loose_aggressive
3310,k,j,check,['check'],"[('p1', 'check'), ('p2', 'check')]",6.0,-642.0,12.0,p1,showdown,False,2,114.0,114.0,loose_aggressive
3311,k,q,check,['check'],"[('p1', 'check'), ('p2', 'check')]",6.0,-636.0,12.0,p1,showdown,False,2,114.0,114.0,loose_aggressive
3312,q,k,check,"['check', 'fold']","[('p1', 'check'), ('p2', 'max_raise'), ('p1', 'fold')]",-6.0,-642.0,24.0,p2,fold,False,3,114.0,102.0,loose_aggressive
3313,j,j,check,['check'],"[('p1', 'check'), ('p2', 'check')]",0.0,-642.0,0.0,tie,showdown,False,2,114.0,114.0,loose_aggressive
3314,q,q,check,['check'],"[('p1', 'check'), ('p2', 'check')]",0.0,-642.0,0.0,tie,showdown,False,2,114.0,114.0,loose_aggressive
3315,k,k,check,"['check', 'call']","[('p1', 'check'), ('p2', 'max_raise'), ('p1', 'call')]",0.0,-642.0,0.0,tie,showdown,False,3,114.0,102.0,loose_aggressive
3316,k,k,check,"['check', 'call']","[('p1', 'check'), ('p2', 'max_raise'), ('p1', 'call')]",0.0,-642.0,0.0,tie,showdown,False,3,114.0,102.0,loose_aggressive
3317,k,j,check,['check'],"[('p1', 'check'), ('p2', 'check')]",6.0,-636.0,12.0,p1,showdown,False,2,114.0,114.0,loose_aggressive
3318,k,q,check,['check'],"[('p1', 'check'), ('p2', 'check')]",6.0,-630.0,12.0,p1,showdown,False,2,114.0,114.0,loose_aggressive
3319,k,j,check,['check'],"[('p1', 'check'), ('p2', 'check')]",6.0,-624.0,12.0,p1,showdown,False,2,114.0,114.0,loose_aggressive
3320,j,q,check,['check'],"[('p1', 'check'), ('p2', 'check')]",-6.0,-630.0,12.0,p2,showdown,False,2,114.0,114.0,loose_aggressive
3321,j,k,check,"['check', 'fold']","[('p1', 'check'), ('p2', 'max_raise'), ('p1', 'fold')]",-6.0,-636.0,24.0,p2,fold,False,3,114.0,102.0,loose_aggressive
3322,j,q,check,['check'],"[('p1', 'check'), ('p2', 'check')]",-6.0,-642.0,12.0,p2,showdown,False,2,114.0,114.0,loose_aggressive
3323,j,j,check,"['check', 'call']","[('p1', 'check'), ('p2', 'min_raise'), ('p1', 'call')]",0.0,-642.0,0.0,tie,showdown,False,3,114.0,108.0,loose_aggressive
3324,q,q,check,['check'],"[('p1', 'check'), ('p2', 'check')]",0.0,-642.0,0.0,tie,showdown,False,2,114.0,114.0,loose_aggressive
3325,k,q,check,['check'],"[('p1', 'check'), ('p2', 'check')]",6.0,-636.0,12.0,p1,showdown,False,2,114.0,114.0,loose_aggressive
3326,k,j,check,['check'],"[('p1', 'check'), ('p2', 'check')]",6.0,-630.0,12.0,p1,showdown,False,2,114.0,114.0,loose_aggressive
3327,k,k,check,"['check', 'call']","[('p1', 'check'), ('p2', 'max_raise'), ('p1', 'call')]",0.0,-630.0,0.0,tie,showdown,False,3,114.0,102.0,loose_aggressive
3328,j,q,check,['check'],"[('p1', 'check'), ('p2', 'check')]",-6.0,-636.0,12.0,p2,showdown,False,2,114.0,114.0,loose_aggressive
3329,j,j,check,['check'],"[('p1', 'check'), ('p2', 'check')]",0.0,-636.0,0.0,tie,showdown,False,2,114.0,114.0,loose_aggressive
3330,j,k,check,"['check', 'fold']","[('p1', 'check'), ('p2', 'max_raise'), ('p1', 'fold')]",-6.0,-642.0,24.0,p2,fold,False,3,114.0,102.0,loose_aggressive
3331,q,j,check,['check'],"[('p1', 'check'), ('p2', 'check')]",6.0,-636.0,12.0,p1,showdown,False,2,114.0,114.0,loose_aggressive
3332,q,j,check,['check'],"[('p1', 'check'), ('p2', 'check')]",6.0,-630.0,12.0,p1,showdown,False,2,114.0,114.0,loose_aggressive
3333,j,q,check,['check'],"[('p1', 'check'), ('p2', 'check')]",-6.0,-636.0,12.0,p2,showdown,False,2,114.0,114.0,loose_aggressive
3334,j,q,check,['check'],"[('p1', 'check'), ('p2', 'check')]",-6.0,-642.0,12.0,p2,showdown,False,2,114.0,114.0,loose_aggressive
3335,q,j,check,['check'],"[('p1', 'check'), ('p2', 'check')]",6.0,-636.0,12.0,p1,showdown,False,2,114.0,114.0,loose_aggressive
3336,j,k,check,"['check', 'fold']","[('p1', 'check'), ('p2', 'max_raise'), ('p1', 'fold')]",-6.0,-642.0,24.0,p2,fold,False,3,114.0,102.0,loose_aggressive
3337,j,j,check,"['check', 'call']","[('p1', 'check'), ('p2', 'min_raise'), ('p1', 'call')]",0.0,-642.0,0.0,tie,showdown,False,3,114.0,108.0,loose_aggressive
3338,q,k,check,"['check', 'fold']","[('p1', 'check'), ('p2', 'max_raise'), ('p1', 'fold')]",-6.0,-648.0,24.0,p2,fold,False,3,114.0,102.0,loose_aggressive
3339,q,j,check,['check'],"[('p1', 'check'), ('p2', 'check')]",6.0,-642.0,12.0,p1,showdown,False,2,114.0,114.0,loose_aggressive
3340,k,j,check,"['check', 'call']","[('p1', 'check'), ('p2', 'min_raise'), ('p1', 'call')]",12.0,-630.0,24.0,p1,showdown,False,3,114.0,108.0,loose_aggressive
3341,k,k,check,"['check', 'call']","[('p1', 'check'), ('p2', 'max_raise'), ('p1', 'call')]",0.0,-630.0,0.0,tie,showdown,False,3,114.0,102.0,loose_aggressive
3342,k,q,check,['check'],"[('p1', 'check'), ('p2', 'check')]",6.0,-624.0,12.0,p1,showdown,False,2,114.0,114.0,loose_aggressive
3343,j,q,check,['check'],"[('p1', 'check'), ('p2', 'check')]",-6.0,-630.0,12.0,p2,showdown,False,2,114.0,114.0,loose_aggressive
3344,k,q,check,['check'],"[('p1', 'check'), ('p2', 'check')]",6.0,-624.0,12.0,p1,showdown,False,2,114.0,114.0,loose_aggressive
3345,k,j,check,['check'],"[('p1', 'check'), ('p2', 'check')]",6.0,-618.0,12.0,p1,showdown,False,2,114.0,114.0,loose_aggressive
3346,k,j,check,['check'],"[('p1', 'check'), ('p2', 'check')]",6.0,-612.0,12.0,p1,showdown,False,2,114.0,114.0,loose_aggressive
3347,k,q,check,['check'],"[('p1', 'check'), ('p2', 'check')]",6.0,-606.0,12.0,p1,showdown,False,2,114.0,114.0,loose_aggressive
3348,j,k,check,"['check', 'fold']","[('p1', 'check'), ('p2', 'max_raise'), ('p1', 'fold')]",-6.0,-612.0,24.0,p2,fold,False,3,114.0,102.0,loose_aggressive
3349,q,j,check,['check'],"[('p1', 'check'), ('p2', 'check')]",6.0,-606.0,12.0,p1,showdown,False,2,114.0,114.0,loose_aggressive
3350,k,q,check,['check'],"[('p1', 'check'), ('p2', 'check')]",6.0,-600.0,12.0,p1,showdown,False,2,114.0,114.0,loose_aggressive
3351,q,j,check,"['check', 'call']","[('p1', 'check'), ('p2', 'min_raise'), ('p1', 'call')]",12.0,-588.0,24.0,p1,showdown,False,3,114.0,108.0,loose_aggressive
3352,q,q,check,['check'],"[('p1', 'check'), ('p2', 'check')]",0.0,-588.0,0.0,tie,showdown,False,2,114.0,114.0,loose_aggressive
3353,k,j,check,['check'],"[('p1', 'check'), ('p2', 'check')]",6.0,-582.0,12.0,p1,showdown,False,2,114.0,114.0,loose_aggressive
3354,k,k,check,"['check', 'call']","[('p1', 'check'), ('p2', 'max_raise'), ('p1', 'call')]",0.0,-582.0,0.0,tie,showdown,False,3,114.0,102.0,loose_aggressive
3355,k,q,check,['check'],"[('p1', 'check'), ('p2', 'check')]",6.0,-576.0,12.0,p1,showdown,False,2,114.0,114.0,loose_aggressive
3356,j,k,check,"['check', 'fold']","[('p1', 'check'), ('p2', 'max_raise'), ('p1', 'fold')]",-6.0,-582.0,24.0,p2,fold,False,3,114.0,102.0,loose_aggressive
3357,k,q,check,['check'],"[('p1', 'check'), ('p2', 'check')]",6.0,-576.0,12.0,p1,showdown,False,2,114.0,114.0,loose_aggressive
3358,q,q,check,['check'],"[('p1', 'check'), ('p2', 'check')]",0.0,-576.0,0.0,tie,showdown,False,2,114.0,114.0,loose_aggressive
3359,j,q,check,['check'],"[('p1', 'check'), ('p2', 'check')]",-6.0,-582.0,12.0,p2,showdown,False,2,114.0,114.0,loose_aggressive
3360,k,j,check,['check'],"[('p1', 'check'), ('p2', 'check')]",6.0,-576.0,12.0,p1,showdown,False,2,114.0,114.0,loose_aggressive
3361,q,j,check,['check'],"[('p1', 'check'), ('p2', 'check')]",6.0,-570.0,12.0,p1,showdown,False,2,114.0,114.0,loose_aggressive
3362,j,q,check,['check'],"[('p1', 'check'), ('p2', 'check')]",-6.0,-576.0,12.0,p2,showdown,False,2,114.0,114.0,loose_aggressive
3363,j,q,check,['check'],"[('p1', 'check'), ('p2', 'check')]",-6.0,-582.0,12.0,p2,showdown,False,2,114.0,114.0,loose_aggressive
3364,j,j,check,"['check', 'call']","[('p1', 'check'), ('p2', 'min_raise'), ('p1', 'call')]",0.0,-582.0,0.0,tie,showdown,False,3,114.0,108.0,loose_aggressive
3365,q,q,check,['check'],"[('p1', 'check'), ('p2', 'check')]",0.0,-582.0,0.0,tie,showdown,False,2,114.0,114.0,loose_aggressive
3366,j,q,check,['check'],"[('p1', 'check'), ('p2', 'check')]",-6.0,-588.0,12.0,p2,showdown,False,2,114.0,114.0,loose_aggressive
3367,j,j,check,['check'],"[('p1', 'check'), ('p2', 'check')]",0.0,-588.0,0.0,tie,showdown,False,2,114.0,114.0,loose_aggressive
3368,q,k,check,"['check', 'call']","[('p1', 'check'), ('p2', 'max_raise'), ('p1', 'call')]",-18.0,-606.0,36.0,p2,showdown,False,3,114.0,102.0,loose_aggressive
3369,k,k,check,"['check', 'call']","[('p1', 'check'), ('p2', 'max_raise'), ('p1', 'call')]",0.0,-606.0,0.0,tie,showdown,False,3,114.0,102.0,loose_aggressive
3370,q,k,check,"['check', 'call']","[('p1', 'check'), ('p2', 'max_raise'), ('p1', 'call')]",-18.0,-624.0,36.0,p2,showdown,False,3,114.0,102.0,loose_aggressive
3371,j,q,check,['check'],"[('p1', 'check'), ('p2', 'check')]",-6.0,-630.0,12.0,p2,showdown,False,2,114.0,114.0,loose_aggressive
3372,q,k,check,"['check', 'call']","[('p1', 'check'), ('p2', 'max_raise'), ('p1', 'call')]",-18.0,-648.0,36.0,p2,showdown,False,3,114.0,102.0,loose_aggressive
3373,k,j,check,"['check', 'call']","[('p1', 'check'), ('p2', 'min_raise'), ('p1', 'call')]",12.0,-636.0,24.0,p1,showdown,False,3,114.0,108.0,loose_aggressive
3374,k,q,check,['check'],"[('p1', 'check'), ('p2', 'check')]",6.0,-630.0,12.0,p1,showdown,False,2,114.0,114.0,loose_aggressive
3375,k,j,check,['check'],"[('p1', 'check'), ('p2', 'check')]",6.0,-624.0,12.0,p1,showdown,False,2,114.0,114.0,loose_aggressive
3376,k,k,check,"['check', 'call']","[('p1', 'check'), ('p2', 'max_raise'), ('p1', 'call')]",0.0,-624.0,0.0,tie,showdown,False,3,114.0,102.0,loose_aggressive
3377,j,j,check,"['check', 'call']","[('p1', 'check'), ('p2', 'min_raise'), ('p1', 'call')]",0.0,-624.0,0.0,tie,showdown,False,3,114.0,108.0,loose_aggressive
3378,k,j,check,"['check', 'call']","[('p1', 'check'), ('p2', 'min_raise'), ('p1', 'call')]",12.0,-612.0,24.0,p1,showdown,False,3,114.0,108.0,loose_aggressive
3379,k,q,check,['check'],"[('p1', 'check'), ('p2', 'check')]",6.0,-606.0,12.0,p1,showdown,False,2,114.0,114.0,loose_aggressive
3380,q,q,check,['check'],"[('p1', 'check'), ('p2', 'check')]",0.0,-606.0,0.0,tie,showdown,False,2,114.0,114.0,loose_aggressive
3381,k,j,check,['check'],"[('p1', 'check'), ('p2', 'check')]",6.0,-600.0,12.0,p1,showdown,False,2,114.0,114.0,loose_aggressive
3382,j,k,check,"['check', 'fold']","[('p1', 'check'), ('p2', 'max_raise'), ('p1', 'fold')]",-6.0,-606.0,24.0,p2,fold,False,3,114.0,102.0,loose_aggressive
3383,j,k,check,"['check', 'fold']","[('p1', 'check'), ('p2', 'max_raise'), ('p1', 'fold')]",-6.0,-612.0,24.0,p2,fold,False,3,114.0,102.0,loose_aggressive
3384,k,q,check,['check'],"[('p1', 'check'), ('p2', 'check')]",6.0,-606.0,12.0,p1,showdown,False,2,114.0,114.0,loose_aggressive
3385,j,q,check,['check'],"[('p1', 'check'), ('p2', 'check')]",-6.0,-612.0,12.0,p2,showdown,False,2,114.0,114.0,loose_aggressive
3386,q,j,check,['check'],"[('p1', 'check'), ('p2', 'check')]",6.0,-606.0,12.0,p1,showdown,False,2,114.0,114.0,loose_aggressive
3387,k,j,check,['check'],"[('p1', 'check'), ('p2', 'check')]",6.0,-600.0,12.0,p1,showdown,False,2,114.0,114.0,loose_aggressive
3388,k,j,check,['check'],"[('p1', 'check'), ('p2', 'check')]",6.0,-594.0,12.0,p1,showdown,False,2,114.0,114.0,loose_aggressive
3389,k,q,check,['check'],"[('p1', 'check'), ('p2', 'check')]",6.0,-588.0,12.0,p1,showdown,False,2,114.0,114.0,loose_aggressive
3390,j,k,check,"['check', 'fold']","[('p1', 'check'), ('p2', 'max_raise'), ('p1', 'fold')]",-6.0,-594.0,24.0,p2,fold,False,3,114.0,102.0,loose_aggressive
3391,k,k,check,"['check', 'call']","[('p1', 'check'), ('p2', 'max_raise'), ('p1', 'call')]",0.0,-594.0,0.0,tie,showdown,False,3,114.0,102.0,loose_aggressive
3392,j,k,check,"['check', 'fold']","[('p1', 'check'), ('p2', 'max_raise'), ('p1', 'fold')]",-6.0,-600.0,24.0,p2,fold,False,3,114.0,102.0,loose_aggressive
3393,q,q,check,['check'],"[('p1', 'check'), ('p2', 'check')]",0.0,-600.0,0.0,tie,showdown,False,2,114.0,114.0,loose_aggressive
3394,q,k,check,"['check', 'fold']","[('p1', 'check'), ('p2', 'max_raise'), ('p1', 'fold')]",-6.0,-606.0,24.0,p2,fold,False,3,114.0,102.0,loose_aggressive
3395,k,k,check,"['check', 'call']","[('p1', 'check'), ('p2', 'max_raise'), ('p1', 'call')]",0.0,-606.0,0.0,tie,showdown,False,3,114.0,102.0,loose_aggressive
3396,k,q,check,['check'],"[('p1', 'check'), ('p2', 'check')]",6.0,-600.0,12.0,p1,showdown,False,2,114.0,114.0,loose_aggressive
3397,k,j,check,['check'],"[('p1', 'check'), ('p2', 'check')]",6.0,-594.0,12.0,p1,showdown,False,2,114.0,114.0,loose_aggressive
3398,j,j,check,['check'],"[('p1', 'check'), ('p2', 'check')]",0.0,-594.0,0.0,tie,showdown,False,2,114.0,114.0,loose_aggressive
3399,k,j,check,"['check', 'call']","[('p1', 'check'), ('p2', 'min_raise'), ('p1', 'call')]",12.0,-582.0,24.0,p1,showdown,False,3,114.0,108.0,loose_aggressive
3400,k,q,check,['check'],"[('p1', 'check'), ('p2', 'check')]",6.0,-576.0,12.0,p1,showdown,False,2,114.0,114.0,loose_aggressive
3401,k,k,check,"['check', 'call']","[('p1', 'check'), ('p2', 'max_raise'), ('p1', 'call')]",0.0,-576.0,0.0,tie,showdown,False,3,114.0,102.0,loose_aggressive
3402,k,j,check,['check'],"[('p1', 'check'), ('p2', 'check')]",6.0,-570.0,12.0,p1,showdown,False,2,114.0,114.0,loose_aggressive
3403,q,k,check,"['check', 'fold']","[('p1', 'check'), ('p2', 'max_raise'), ('p1', 'fold')]",-6.0,-576.0,24.0,p2,fold,False,3,114.0,102.0,loose_aggressive
3404,k,j,check,['check'],"[('p1', 'check'), ('p2', 'check')]",6.0,-570.0,12.0,p1,showdown,False,2,114.0,114.0,loose_aggressive
3405,j,k,check,"['check', 'fold']","[('p1', 'check'), ('p2', 'max_raise'), ('p1', 'fold')]",-6.0,-576.0,24.0,p2,fold,False,3,114.0,102.0,loose_aggressive
3406,q,j,check,['check'],"[('p1', 'check'), ('p2', 'check')]",6.0,-570.0,12.0,p1,showdown,False,2,114.0,114.0,loose_aggressive
3407,j,q,check,['check'],"[('p1', 'check'), ('p2', 'check')]",-6.0,-576.0,12.0,p2,showdown,False,2,114.0,114.0,loose_aggressive
3408,k,j,check,['check'],"[('p1', 'check'), ('p2', 'check')]",6.0,-570.0,12.0,p1,showdown,False,2,114.0,114.0,loose_aggressive
3409,q,q,check,['check'],"[('p1', 'check'), ('p2', 'check')]",0.0,-570.0,0.0,tie,showdown,False,2,114.0,114.0,loose_aggressive
3410,q,q,check,['check'],"[('p1', 'check'), ('p2', 'check')]",0.0,-570.0,0.0,tie,showdown,False,2,114.0,114.0,loose_aggressive
3411,j,k,check,"['check', 'fold']","[('p1', 'check'), ('p2', 'max_raise'), ('p1', 'fold')]",-6.0,-576.0,24.0,p2,fold,False,3,114.0,102.0,loose_aggressive
3412,q,j,check,['check'],"[('p1', 'check'), ('p2', 'check')]",6.0,-570.0,12.0,p1,showdown,False,2,114.0,114.0,loose_aggressive
3413,k,k,check,"['check', 'call']","[('p1', 'check'), ('p2', 'max_raise'), ('p1', 'call')]",0.0,-570.0,0.0,tie,showdown,False,3,114.0,102.0,loose_aggressive
3414,j,k,check,"['check', 'fold']","[('p1', 'check'), ('p2', 'max_raise'), ('p1', 'fold')]",-6.0,-576.0,24.0,p2,fold,False,3,114.0,102.0,loose_aggressive
3415,q,j,check,['check'],"[('p1', 'check'), ('p2', 'check')]",6.0,-570.0,12.0,p1,showdown,False,2,114.0,114.0,loose_aggressive
3416,q,k,check,"['check', 'fold']","[('p1', 'check'), ('p2', 'max_raise'), ('p1', 'fold')]",-6.0,-576.0,24.0,p2,fold,False,3,114.0,102.0,loose_aggressive
3417,k,q,check,['check'],"[('p1', 'check'), ('p2', 'check')]",6.0,-570.0,12.0,p1,showdown,False,2,114.0,114.0,loose_aggressive
3418,q,k,check,"['check', 'fold']","[('p1', 'check'), ('p2', 'max_raise'), ('p1', 'fold')]",-6.0,-576.0,24.0,p2,fold,False,3,114.0,102.0,loose_aggressive
3419,q,j,check,['check'],"[('p1', 'check'), ('p2', 'check')]",6.0,-570.0,12.0,p1,showdown,False,2,114.0,114.0,loose_aggressive
3420,j,j,check,['check'],"[('p1', 'check'), ('p2', 'check')]",0.0,-570.0,0.0,tie,showdown,False,2,114.0,114.0,loose_aggressive
3421,q,q,check,['check'],"[('p1', 'check'), ('p2', 'check')]",0.0,-570.0,0.0,tie,showdown,False,2,114.0,114.0,loose_aggressive
3422,k,q,check,['check'],"[('p1', 'check'), ('p2', 'check')]",6.0,-564.0,12.0,p1,showdown,False,2,114.0,114.0,loose_aggressive
3423,q,k,check,"['check', 'fold']","[('p1', 'check'), ('p2', 'max_raise'), ('p1', 'fold')]",-6.0,-570.0,24.0,p2,fold,False,3,114.0,102.0,loose_aggressive
3424,k,q,check,['check'],"[('p1', 'check'), ('p2', 'check')]",6.0,-564.0,12.0,p1,showdown,False,2,114.0,114.0,loose_aggressive
3425,k,q,check,['check'],"[('p1', 'check'), ('p2', 'check')]",6.0,-558.0,12.0,p1,showdown,False,2,114.0,114.0,loose_aggressive
3426,k,k,check,"['check', 'call']","[('p1', 'check'), ('p2', 'max_raise'), ('p1', 'call')]",0.0,-558.0,0.0,tie,showdown,False,3,114.0,102.0,loose_aggressive
3427,k,k,check,"['check', 'call']","[('p1', 'check'), ('p2', 'max_raise'), ('p1', 'call')]",0.0,-558.0,0.0,tie,showdown,False,3,114.0,102.0,loose_aggressive
3428,k,j,check,['check'],"[('p1', 'check'), ('p2', 'check')]",6.0,-552.0,12.0,p1,showdown,False,2,114.0,114.0,loose_aggressive
3429,q,q,check,['check'],"[('p1', 'check'), ('p2', 'check')]",0.0,-552.0,0.0,tie,showdown,False,2,114.0,114.0,loose_aggressive
3430,k,k,check,"['check', 'call']","[('p1', 'check'), ('p2', 'max_raise'), ('p1', 'call')]",0.0,-552.0,0.0,tie,showdown,False,3,114.0,102.0,loose_aggressive
3431,q,q,check,['check'],"[('p1', 'check'), ('p2', 'check')]",0.0,-552.0,0.0,tie,showdown,False,2,114.0,114.0,loose_aggressive
3432,q,j,check,"['check', 'call']","[('p1', 'check'), ('p2', 'min_raise'), ('p1', 'call')]",12.0,-540.0,24.0,p1,showdown,False,3,114.0,108.0,loose_aggressive
3433,q,k,check,"['check', 'fold']","[('p1', 'check'), ('p2', 'max_raise'), ('p1', 'fold')]",-6.0,-546.0,24.0,p2,fold,False,3,114.0,102.0,loose_aggressive
3434,j,q,check,['check'],"[('p1', 'check'), ('p2', 'check')]",-6.0,-552.0,12.0,p2,showdown,False,2,114.0,114.0,loose_aggressive
3435,q,j,check,['check'],"[('p1', 'check'), ('p2', 'check')]",6.0,-546.0,12.0,p1,showdown,False,2,114.0,114.0,loose_aggressive
3436,q,j,check,"['check', 'call']","[('p1', 'check'), ('p2', 'min_raise'), ('p1', 'call')]",12.0,-534.0,24.0,p1,showdown,False,3,114.0,108.0,loose_aggressive
3437,k,k,check,"['check', 'call']","[('p1', 'check'), ('p2', 'max_raise'), ('p1', 'call')]",0.0,-534.0,0.0,tie,showdown,False,3,114.0,102.0,loose_aggressive
3438,j,q,check,['check'],"[('p1', 'check'), ('p2', 'check')]",-6.0,-540.0,12.0,p2,showdown,False,2,114.0,114.0,loose_aggressive
3439,k,j,check,"['check', 'call']","[('p1', 'check'), ('p2', 'min_raise'), ('p1', 'call')]",12.0,-528.0,24.0,p1,showdown,False,3,114.0,108.0,loose_aggressive
3440,j,q,check,['check'],"[('p1', 'check'), ('p2', 'check')]",-6.0,-534.0,12.0,p2,showdown,False,2,114.0,114.0,loose_aggressive
3441,j,q,check,['check'],"[('p1', 'check'), ('p2', 'check')]",-6.0,-540.0,12.0,p2,showdown,False,2,114.0,114.0,loose_aggressive
3442,j,j,check,['check'],"[('p1', 'check'), ('p2', 'check')]",0.0,-540.0,0.0,tie,showdown,False,2,114.0,114.0,loose_aggressive
3443,k,k,check,"['check', 'call']","[('p1', 'check'), ('p2', 'max_raise'), ('p1', 'call')]",0.0,-540.0,0.0,tie,showdown,False,3,114.0,102.0,loose_aggressive
3444,j,k,check,"['check', 'fold']","[('p1', 'check'), ('p2', 'max_raise'), ('p1', 'fold')]",-6.0,-546.0,24.0,p2,fold,False,3,114.0,102.0,loose_aggressive
3445,k,q,check,['check'],"[('p1', 'check'), ('p2', 'check')]",6.0,-540.0,12.0,p1,showdown,False,2,114.0,114.0,loose_aggressive
3446,k,q,check,['check'],"[('p1', 'check'), ('p2', 'check')]",6.0,-534.0,12.0,p1,showdown,False,2,114.0,114.0,loose_aggressive
3447,j,j,check,['check'],"[('p1', 'check'), ('p2', 'check')]",0.0,-534.0,0.0,tie,showdown,False,2,114.0,114.0,loose_aggressive
3448,q,q,check,['check'],"[('p1', 'check'), ('p2', 'check')]",0.0,-534.0,0.0,tie,showdown,False,2,114.0,114.0,loose_aggressive
3449,q,q,check,['check'],"[('p1', 'check'), ('p2', 'check')]",0.0,-534.0,0.0,tie,showdown,False,2,114.0,114.0,loose_aggressive
3450,k,k,check,"['check', 'call']","[('p1', 'check'), ('p2', 'max_raise'), ('p1', 'call')]",0.0,-534.0,0.0,tie,showdown,False,3,114.0,102.0,loose_aggressive
3451,q,k,check,"['check', 'fold']","[('p1', 'check'), ('p2', 'max_raise'), ('p1', 'fold')]",-6.0,-540.0,24.0,p2,fold,False,3,114.0,102.0,loose_aggressive
3452,q,k,check,"['check', 'fold']","[('p1', 'check'), ('p2', 'max_raise'), ('p1', 'fold')]",-6.0,-546.0,24.0,p2,fold,False,3,114.0,102.0,loose_aggressive
3453,q,j,check,['check'],"[('p1', 'check'), ('p2', 'check')]",6.0,-540.0,12.0,p1,showdown,False,2,114.0,114.0,loose_aggressive
3454,q,k,check,"['check', 'fold']","[('p1', 'check'), ('p2', 'max_raise'), ('p1', 'fold')]",-6.0,-546.0,24.0,p2,fold,False,3,114.0,102.0,loose_aggressive
3455,j,k,check,"['check', 'fold']","[('p1', 'check'), ('p2', 'max_raise'), ('p1', 'fold')]",-6.0,-552.0,24.0,p2,fold,False,3,114.0,102.0,loose_aggressive
3456,q,q,check,['check'],"[('p1', 'check'), ('p2', 'check')]",0.0,-552.0,0.0,tie,showdown,False,2,114.0,114.0,loose_aggressive
3457,j,q,check,['check'],"[('p1', 'check'), ('p2', 'check')]",-6.0,-558.0,12.0,p2,showdown,False,2,114.0,114.0,loose_aggressive
3458,j,k,check,"['check', 'fold']","[('p1', 'check'), ('p2', 'max_raise'), ('p1', 'fold')]",-6.0,-564.0,24.0,p2,fold,False,3,114.0,102.0,loose_aggressive
3459,q,j,check,['check'],"[('p1', 'check'), ('p2', 'check')]",6.0,-558.0,12.0,p1,showdown,False,2,114.0,114.0,loose_aggressive
3460,q,k,check,"['check', 'fold']","[('p1', 'check'), ('p2', 'max_raise'), ('p1', 'fold')]",-6.0,-564.0,24.0,p2,fold,False,3,114.0,102.0,loose_aggressive
3461,j,k,check,"['check', 'fold']","[('p1', 'check'), ('p2', 'max_raise'), ('p1', 'fold')]",-6.0,-570.0,24.0,p2,fold,False,3,114.0,102.0,loose_aggressive
3462,q,k,check,"['check', 'fold']","[('p1', 'check'), ('p2', 'max_raise'), ('p1', 'fold')]",-6.0,-576.0,24.0,p2,fold,False,3,114.0,102.0,loose_aggressive
3463,k,j,check,['check'],"[('p1', 'check'), ('p2', 'check')]",6.0,-570.0,12.0,p1,showdown,False,2,114.0,114.0,loose_aggressive
3464,q,k,check,"['check', 'fold']","[('p1', 'check'), ('p2', 'max_raise'), ('p1', 'fold')]",-6.0,-576.0,24.0,p2,fold,False,3,114.0,102.0,loose_aggressive
3465,k,k,check,"['check', 'call']","[('p1', 'check'), ('p2', 'max_raise'), ('p1', 'call')]",0.0,-576.0,0.0,tie,showdown,False,3,114.0,102.0,loose_aggressive
3466,q,k,check,"['check', 'fold']","[('p1', 'check'), ('p2', 'max_raise'), ('p1', 'fold')]",-6.0,-582.0,24.0,p2,fold,False,3,114.0,102.0,loose_aggressive
3467,j,k,check,"['check', 'fold']","[('p1', 'check'), ('p2', 'max_raise'), ('p1', 'fold')]",-6.0,-588.0,24.0,p2,fold,False,3,114.0,102.0,loose_aggressive
3468,q,j,check,['check'],"[('p1', 'check'), ('p2', 'check')]",6.0,-582.0,12.0,p1,showdown,False,2,114.0,114.0,loose_aggressive
3469,q,j,check,['check'],"[('p1', 'check'), ('p2', 'check')]",6.0,-576.0,12.0,p1,showdown,False,2,114.0,114.0,loose_aggressive
3470,j,q,check,['check'],"[('p1', 'check'), ('p2', 'check')]",-6.0,-582.0,12.0,p2,showdown,False,2,114.0,114.0,loose_aggressive
3471,k,q,check,['check'],"[('p1', 'check'), ('p2', 'check')]",6.0,-576.0,12.0,p1,showdown,False,2,114.0,114.0,loose_aggressive
3472,k,j,check,['check'],"[('p1', 'check'), ('p2', 'check')]",6.0,-570.0,12.0,p1,showdown,False,2,114.0,114.0,loose_aggressive
3473,j,k,check,"['check', 'fold']","[('p1', 'check'), ('p2', 'max_raise'), ('p1', 'fold')]",-6.0,-576.0,24.0,p2,fold,False,3,114.0,102.0,loose_aggressive
3474,j,j,check,['check'],"[('p1', 'check'), ('p2', 'check')]",0.0,-576.0,0.0,tie,showdown,False,2,114.0,114.0,loose_aggressive
3475,j,j,check,['check'],"[('p1', 'check'), ('p2', 'check')]",0.0,-576.0,0.0,tie,showdown,False,2,114.0,114.0,loose_aggressive
3476,k,j,check,"['check', 'call']","[('p1', 'check'), ('p2', 'min_raise'), ('p1', 'call')]",12.0,-564.0,24.0,p1,showdown,False,3,114.0,108.0,loose_aggressive
3477,q,q,check,['check'],"[('p1', 'check'), ('p2', 'check')]",0.0,-564.0,0.0,tie,showdown,False,2,114.0,114.0,loose_aggressive
3478,q,j,check,['check'],"[('p1', 'check'), ('p2', 'check')]",6.0,-558.0,12.0,p1,showdown,False,2,114.0,114.0,loose_aggressive
3479,j,q,check,['check'],"[('p1', 'check'), ('p2', 'check')]",-6.0,-564.0,12.0,p2,showdown,False,2,114.0,114.0,loose_aggressive
3480,k,j,check,['check'],"[('p1', 'check'), ('p2', 'check')]",6.0,-558.0,12.0,p1,showdown,False,2,114.0,114.0,loose_aggressive
3481,q,q,check,['check'],"[('p1', 'check'), ('p2', 'check')]",0.0,-558.0,0.0,tie,showdown,False,2,114.0,114.0,loose_aggressive
3482,j,q,check,['check'],"[('p1', 'check'), ('p2', 'check')]",-6.0,-564.0,12.0,p2,showdown,False,2,114.0,114.0,loose_aggressive
3483,j,q,check,['check'],"[('p1', 'check'), ('p2', 'check')]",-6.0,-570.0,12.0,p2,showdown,False,2,114.0,114.0,loose_aggressive
3484,k,q,check,['check'],"[('p1', 'check'), ('p2', 'check')]",6.0,-564.0,12.0,p1,showdown,False,2,114.0,114.0,loose_aggressive
3485,k,j,check,"['check', 'call']","[('p1', 'check'), ('p2', 'min_raise'), ('p1', 'call')]",12.0,-552.0,24.0,p1,showdown,False,3,114.0,108.0,loose_aggressive
3486,j,q,check,['check'],"[('p1', 'check'), ('p2', 'check')]",-6.0,-558.0,12.0,p2,showdown,False,2,114.0,114.0,loose_aggressive
3487,k,q,check,['check'],"[('p1', 'check'), ('p2', 'check')]",6.0,-552.0,12.0,p1,showdown,False,2,114.0,114.0,loose_aggressive
3488,k,j,check,"['check', 'call']","[('p1', 'check'), ('p2', 'min_raise'), ('p1', 'call')]",12.0,-540.0,24.0,p1,showdown,False,3,114.0,108.0,loose_aggressive
3489,q,j,check,['check'],"[('p1', 'check'), ('p2', 'check')]",6.0,-534.0,12.0,p1,showdown,False,2,114.0,114.0,loose_aggressive
3490,q,k,check,"['check', 'fold']","[('p1', 'check'), ('p2', 'max_raise'), ('p1', 'fold')]",-6.0,-540.0,24.0,p2,fold,False,3,114.0,102.0,loose_aggressive
3491,q,k,check,"['check', 'fold']","[('p1', 'check'), ('p2', 'max_raise'), ('p1', 'fold')]",-6.0,-546.0,24.0,p2,fold,False,3,114.0,102.0,loose_aggressive
3492,j,q,check,['check'],"[('p1', 'check'), ('p2', 'check')]",-6.0,-552.0,12.0,p2,showdown,False,2,114.0,114.0,loose_aggressive
3493,k,k,check,"['check', 'call']","[('p1', 'check'), ('p2', 'max_raise'), ('p1', 'call')]",0.0,-552.0,0.0,tie,showdown,False,3,114.0,102.0,loose_aggressive
3494,q,k,check,"['check', 'fold']","[('p1', 'check'), ('p2', 'max_raise'), ('p1', 'fold')]",-6.0,-558.0,24.0,p2,fold,False,3,114.0,102.0,loose_aggressive
3495,j,q,check,['check'],"[('p1', 'check'), ('p2', 'check')]",-6.0,-564.0,12.0,p2,showdown,False,2,114.0,114.0,loose_aggressive
3496,k,k,check,"['check', 'call']","[('p1', 'check'), ('p2', 'max_raise'), ('p1', 'call')]",0.0,-564.0,0.0,tie,showdown,False,3,114.0,102.0,loose_aggressive
3497,k,j,check,['check'],"[('p1', 'check'), ('p2', 'check')]",6.0,-558.0,12.0,p1,showdown,False,2,114.0,114.0,loose_aggressive
3498,k,q,check,['check'],"[('p1', 'check'), ('p2', 'check')]",6.0,-552.0,12.0,p1,showdown,False,2,114.0,114.0,loose_aggressive
3499,j,k,check,"['check', 'fold']","[('p1', 'check'), ('p2', 'max_raise'), ('p1', 'fold')]",-6.0,-558.0,24.0,p2,fold,False,3,114.0,102.0,loose_aggressive
3500,q,j,check,['check'],"[('p1', 'check'), ('p2', 'check')]",6.0,-552.0,12.0,p1,showdown,False,2,114.0,114.0,loose_aggressive
3501,q,k,check,"['check', 'fold']","[('p1', 'check'), ('p2', 'max_raise'), ('p1', 'fold')]",-6.0,-558.0,24.0,p2,fold,False,3,114.0,102.0,loose_aggressive
3502,q,k,check,"['check', 'fold']","[('p1', 'check'), ('p2', 'max_raise'), ('p1', 'fold')]",-6.0,-564.0,24.0,p2,fold,False,3,114.0,102.0,loose_aggressive
3503,k,j,check,"['check', 'call']","[('p1', 'check'), ('p2', 'min_raise'), ('p1', 'call')]",12.0,-552.0,24.0,p1,showdown,False,3,114.0,108.0,loose_aggressive
3504,k,j,check,['check'],"[('p1', 'check'), ('p2', 'check')]",6.0,-546.0,12.0,p1,showdown,False,2,114.0,114.0,loose_aggressive
3505,j,k,check,"['check', 'fold']","[('p1', 'check'), ('p2', 'max_raise'), ('p1', 'fold')]",-6.0,-552.0,24.0,p2,fold,False,3,114.0,102.0,loose_aggressive
3506,q,k,check,"['check', 'fold']","[('p1', 'check'), ('p2', 'max_raise'), ('p1', 'fold')]",-6.0,-558.0,24.0,p2,fold,False,3,114.0,102.0,loose_aggressive
3507,j,q,check,['check'],"[('p1', 'check'), ('p2', 'check')]",-6.0,-564.0,12.0,p2,showdown,False,2,114.0,114.0,loose_aggressive
3508,k,j,check,['check'],"[('p1', 'check'), ('p2', 'check')]",6.0,-558.0,12.0,p1,showdown,False,2,114.0,114.0,loose_aggressive
3509,j,k,check,"['check', 'fold']","[('p1', 'check'), ('p2', 'max_raise'), ('p1', 'fold')]",-6.0,-564.0,24.0,p2,fold,False,3,114.0,102.0,loose_aggressive
3510,j,k,check,"['check', 'fold']","[('p1', 'check'), ('p2', 'max_raise'), ('p1', 'fold')]",-6.0,-570.0,24.0,p2,fold,False,3,114.0,102.0,loose_aggressive
3511,j,k,check,"['check', 'fold']","[('p1', 'check'), ('p2', 'max_raise'), ('p1', 'fold')]",-6.0,-576.0,24.0,p2,fold,False,3,114.0,102.0,loose_aggressive
3512,k,q,check,['check'],"[('p1', 'check'), ('p2', 'check')]",6.0,-570.0,12.0,p1,showdown,False,2,114.0,114.0,loose_aggressive
3513,j,k,check,"['check', 'fold']","[('p1', 'check'), ('p2', 'max_raise'), ('p1', 'fold')]",-6.0,-576.0,24.0,p2,fold,False,3,114.0,102.0,loose_aggressive
3514,k,q,check,['check'],"[('p1', 'check'), ('p2', 'check')]",6.0,-570.0,12.0,p1,showdown,False,2,114.0,114.0,loose_aggressive
3515,j,k,check,"['check', 'fold']","[('p1', 'check'), ('p2', 'max_raise'), ('p1', 'fold')]",-6.0,-576.0,24.0,p2,fold,False,3,114.0,102.0,loose_aggressive
3516,k,q,check,['check'],"[('p1', 'check'), ('p2', 'check')]",6.0,-570.0,12.0,p1,showdown,False,2,114.0,114.0,loose_aggressive
3517,k,q,check,['check'],"[('p1', 'check'), ('p2', 'check')]",6.0,-564.0,12.0,p1,showdown,False,2,114.0,114.0,loose_aggressive
3518,j,q,check,['check'],"[('p1', 'check'), ('p2', 'check')]",-6.0,-570.0,12.0,p2,showdown,False,2,114.0,114.0,loose_aggressive
3519,q,k,check,"['check', 'fold']","[('p1', 'check'), ('p2', 'max_raise'), ('p1', 'fold')]",-6.0,-576.0,24.0,p2,fold,False,3,114.0,102.0,loose_aggressive
3520,k,j,check,['check'],"[('p1', 'check'), ('p2', 'check')]",6.0,-570.0,12.0,p1,showdown,False,2,114.0,114.0,loose_aggressive
3521,q,j,check,"['check', 'call']","[('p1', 'check'), ('p2', 'min_raise'), ('p1', 'call')]",12.0,-558.0,24.0,p1,showdown,False,3,114.0,108.0,loose_aggressive
3522,j,j,check,['check'],"[('p1', 'check'), ('p2', 'check')]",0.0,-558.0,0.0,tie,showdown,False,2,114.0,114.0,loose_aggressive
3523,k,q,check,['check'],"[('p1', 'check'), ('p2', 'check')]",6.0,-552.0,12.0,p1,showdown,False,2,114.0,114.0,loose_aggressive
3524,j,j,check,"['check', 'call']","[('p1', 'check'), ('p2', 'min_raise'), ('p1', 'call')]",0.0,-552.0,0.0,tie,showdown,False,3,114.0,108.0,loose_aggressive
3525,q,q,check,['check'],"[('p1', 'check'), ('p2', 'check')]",0.0,-552.0,0.0,tie,showdown,False,2,114.0,114.0,loose_aggressive
3526,q,k,check,"['check', 'fold']","[('p1', 'check'), ('p2', 'max_raise'), ('p1', 'fold')]",-6.0,-558.0,24.0,p2,fold,False,3,114.0,102.0,loose_aggressive
3527,j,q,check,['check'],"[('p1', 'check'), ('p2', 'check')]",-6.0,-564.0,12.0,p2,showdown,False,2,114.0,114.0,loose_aggressive
3528,j,j,check,['check'],"[('p1', 'check'), ('p2', 'check')]",0.0,-564.0,0.0,tie,showdown,False,2,114.0,114.0,loose_aggressive
3529,k,j,check,"['check', 'call']","[('p1', 'check'), ('p2', 'min_raise'), ('p1', 'call')]",12.0,-552.0,24.0,p1,showdown,False,3,114.0,108.0,loose_aggressive
3530,k,j,check,['check'],"[('p1', 'check'), ('p2', 'check')]",6.0,-546.0,12.0,p1,showdown,False,2,114.0,114.0,loose_aggressive
3531,k,k,check,"['check', 'call']","[('p1', 'check'), ('p2', 'max_raise'), ('p1', 'call')]",0.0,-546.0,0.0,tie,showdown,False,3,114.0,102.0,loose_aggressive
3532,j,k,check,"['check', 'fold']","[('p1', 'check'), ('p2', 'max_raise'), ('p1', 'fold')]",-6.0,-552.0,24.0,p2,fold,False,3,114.0,102.0,loose_aggressive
3533,j,k,check,"['check', 'fold']","[('p1', 'check'), ('p2', 'max_raise'), ('p1', 'fold')]",-6.0,-558.0,24.0,p2,fold,False,3,114.0,102.0,loose_aggressive
3534,k,q,check,['check'],"[('p1', 'check'), ('p2', 'check')]",6.0,-552.0,12.0,p1,showdown,False,2,114.0,114.0,loose_aggressive
3535,q,k,check,"['check', 'fold']","[('p1', 'check'), ('p2', 'max_raise'), ('p1', 'fold')]",-6.0,-558.0,24.0,p2,fold,False,3,114.0,102.0,loose_aggressive
3536,j,j,check,['check'],"[('p1', 'check'), ('p2', 'check')]",0.0,-558.0,0.0,tie,showdown,False,2,114.0,114.0,loose_aggressive
3537,k,k,check,"['check', 'call']","[('p1', 'check'), ('p2', 'max_raise'), ('p1', 'call')]",0.0,-558.0,0.0,tie,showdown,False,3,114.0,102.0,loose_aggressive
3538,k,q,check,['check'],"[('p1', 'check'), ('p2', 'check')]",6.0,-552.0,12.0,p1,showdown,False,2,114.0,114.0,loose_aggressive
3539,j,k,check,"['check', 'fold']","[('p1', 'check'), ('p2', 'max_raise'), ('p1', 'fold')]",-6.0,-558.0,24.0,p2,fold,False,3,114.0,102.0,loose_aggressive
3540,q,j,check,['check'],"[('p1', 'check'), ('p2', 'check')]",6.0,-552.0,12.0,p1,showdown,False,2,114.0,114.0,loose_aggressive
3541,q,j,check,['check'],"[('p1', 'check'), ('p2', 'check')]",6.0,-546.0,12.0,p1,showdown,False,2,114.0,114.0,loose_aggressive
3542,q,k,check,"['check', 'fold']","[('p1', 'check'), ('p2', 'max_raise'), ('p1', 'fold')]",-6.0,-552.0,24.0,p2,fold,False,3,114.0,102.0,loose_aggressive
3543,k,q,check,['check'],"[('p1', 'check'), ('p2', 'check')]",6.0,-546.0,12.0,p1,showdown,False,2,114.0,114.0,loose_aggressive
3544,j,q,check,['check'],"[('p1', 'check'), ('p2', 'check')]",-6.0,-552.0,12.0,p2,showdown,False,2,114.0,114.0,loose_aggressive
3545,k,k,check,"['check', 'call']","[('p1', 'check'), ('p2', 'max_raise'), ('p1', 'call')]",0.0,-552.0,0.0,tie,showdown,False,3,114.0,102.0,loose_aggressive
3546,j,j,check,['check'],"[('p1', 'check'), ('p2', 'check')]",0.0,-552.0,0.0,tie,showdown,False,2,114.0,114.0,loose_aggressive
3547,k,j,check,['check'],"[('p1', 'check'), ('p2', 'check')]",6.0,-546.0,12.0,p1,showdown,False,2,114.0,114.0,loose_aggressive
3548,k,j,check,"['check', 'call']","[('p1', 'check'), ('p2', 'min_raise'), ('p1', 'call')]",12.0,-534.0,24.0,p1,showdown,False,3,114.0,108.0,loose_aggressive
3549,k,k,check,"['check', 'call']","[('p1', 'check'), ('p2', 'max_raise'), ('p1', 'call')]",0.0,-534.0,0.0,tie,showdown,False,3,114.0,102.0,loose_aggressive
3550,q,j,check,"['check', 'call']","[('p1', 'check'), ('p2', 'min_raise'), ('p1', 'call')]",12.0,-522.0,24.0,p1,showdown,False,3,114.0,108.0,loose_aggressive
3551,q,j,check,"['check', 'call']","[('p1', 'check'), ('p2', 'min_raise'), ('p1', 'call')]",12.0,-510.0,24.0,p1,showdown,False,3,114.0,108.0,loose_aggressive
3552,j,q,check,['check'],"[('p1', 'check'), ('p2', 'check')]",-6.0,-516.0,12.0,p2,showdown,False,2,114.0,114.0,loose_aggressive
3553,q,k,check,"['check', 'fold']","[('p1', 'check'), ('p2', 'max_raise'), ('p1', 'fold')]",-6.0,-522.0,24.0,p2,fold,False,3,114.0,102.0,loose_aggressive
3554,q,q,check,['check'],"[('p1', 'check'), ('p2', 'check')]",0.0,-522.0,0.0,tie,showdown,False,2,114.0,114.0,loose_aggressive
3555,k,j,check,['check'],"[('p1', 'check'), ('p2', 'check')]",6.0,-516.0,12.0,p1,showdown,False,2,114.0,114.0,loose_aggressive
3556,j,q,check,['check'],"[('p1', 'check'), ('p2', 'check')]",-6.0,-522.0,12.0,p2,showdown,False,2,114.0,114.0,loose_aggressive
3557,k,q,check,['check'],"[('p1', 'check'), ('p2', 'check')]",6.0,-516.0,12.0,p1,showdown,False,2,114.0,114.0,loose_aggressive
3558,k,k,check,"['check', 'call']","[('p1', 'check'), ('p2', 'max_raise'), ('p1', 'call')]",0.0,-516.0,0.0,tie,showdown,False,3,114.0,102.0,loose_aggressive
3559,k,k,check,"['check', 'call']","[('p1', 'check'), ('p2', 'max_raise'), ('p1', 'call')]",0.0,-516.0,0.0,tie,showdown,False,3,114.0,102.0,loose_aggressive
3560,k,j,check,['check'],"[('p1', 'check'), ('p2', 'check')]",6.0,-510.0,12.0,p1,showdown,False,2,114.0,114.0,loose_aggressive
3561,k,q,check,['check'],"[('p1', 'check'), ('p2', 'check')]",6.0,-504.0,12.0,p1,showdown,False,2,114.0,114.0,loose_aggressive
3562,q,q,check,['check'],"[('p1', 'check'), ('p2', 'check')]",0.0,-504.0,0.0,tie,showdown,False,2,114.0,114.0,loose_aggressive
3563,j,k,check,"['check', 'fold']","[('p1', 'check'), ('p2', 'max_raise'), ('p1', 'fold')]",-6.0,-510.0,24.0,p2,fold,False,3,114.0,102.0,loose_aggressive
3564,q,q,check,['check'],"[('p1', 'check'), ('p2', 'check')]",0.0,-510.0,0.0,tie,showdown,False,2,114.0,114.0,loose_aggressive
3565,k,k,check,"['check', 'call']","[('p1', 'check'), ('p2', 'max_raise'), ('p1', 'call')]",0.0,-510.0,0.0,tie,showdown,False,3,114.0,102.0,loose_aggressive
3566,j,q,check,['check'],"[('p1', 'check'), ('p2', 'check')]",-6.0,-516.0,12.0,p2,showdown,False,2,114.0,114.0,loose_aggressive
3567,j,k,check,"['check', 'fold']","[('p1', 'check'), ('p2', 'max_raise'), ('p1', 'fold')]",-6.0,-522.0,24.0,p2,fold,False,3,114.0,102.0,loose_aggressive
3568,k,k,check,"['check', 'call']","[('p1', 'check'), ('p2', 'max_raise'), ('p1', 'call')]",0.0,-522.0,0.0,tie,showdown,False,3,114.0,102.0,loose_aggressive
3569,k,j,check,"['check', 'call']","[('p1', 'check'), ('p2', 'min_raise'), ('p1', 'call')]",12.0,-510.0,24.0,p1,showdown,False,3,114.0,108.0,loose_aggressive
3570,q,j,check,['check'],"[('p1', 'check'), ('p2', 'check')]",6.0,-504.0,12.0,p1,showdown,False,2,114.0,114.0,loose_aggressive
3571,j,q,check,['check'],"[('p1', 'check'), ('p2', 'check')]",-6.0,-510.0,12.0,p2,showdown,False,2,114.0,114.0,loose_aggressive
3572,j,q,check,['check'],"[('p1', 'check'), ('p2', 'check')]",-6.0,-516.0,12.0,p2,showdown,False,2,114.0,114.0,loose_aggressive
3573,j,q,check,['check'],"[('p1', 'check'), ('p2', 'check')]",-6.0,-522.0,12.0,p2,showdown,False,2,114.0,114.0,loose_aggressive
3574,k,j,check,['check'],"[('p1', 'check'), ('p2', 'check')]",6.0,-516.0,12.0,p1,showdown,False,2,114.0,114.0,loose_aggressive
3575,q,j,check,['check'],"[('p1', 'check'), ('p2', 'check')]",6.0,-510.0,12.0,p1,showdown,False,2,114.0,114.0,loose_aggressive
3576,k,k,check,"['check', 'call']","[('p1', 'check'), ('p2', 'max_raise'), ('p1', 'call')]",0.0,-510.0,0.0,tie,showdown,False,3,114.0,102.0,loose_aggressive
3577,k,k,check,"['check', 'call']","[('p1', 'check'), ('p2', 'max_raise'), ('p1', 'call')]",0.0,-510.0,0.0,tie,showdown,False,3,114.0,102.0,loose_aggressive
3578,j,k,check,"['check', 'fold']","[('p1', 'check'), ('p2', 'max_raise'), ('p1', 'fold')]",-6.0,-516.0,24.0,p2,fold,False,3,114.0,102.0,loose_aggressive
3579,j,k,check,"['check', 'fold']","[('p1', 'check'), ('p2', 'max_raise'), ('p1', 'fold')]",-6.0,-522.0,24.0,p2,fold,False,3,114.0,102.0,loose_aggressive
3580,q,k,check,"['check', 'fold']","[('p1', 'check'), ('p2', 'max_raise'), ('p1', 'fold')]",-6.0,-528.0,24.0,p2,fold,False,3,114.0,102.0,loose_aggressive
3581,q,q,check,['check'],"[('p1', 'check'), ('p2', 'check')]",0.0,-528.0,0.0,tie,showdown,False,2,114.0,114.0,loose_aggressive
3582,k,k,check,"['check', 'call']","[('p1', 'check'), ('p2', 'max_raise'), ('p1', 'call')]",0.0,-528.0,0.0,tie,showdown,False,3,114.0,102.0,loose_aggressive
3583,q,k,check,"['check', 'fold']","[('p1', 'check'), ('p2', 'max_raise'), ('p1', 'fold')]",-6.0,-534.0,24.0,p2,fold,False,3,114.0,102.0,loose_aggressive
3584,j,k,check,"['check', 'fold']","[('p1', 'check'), ('p2', 'max_raise'), ('p1', 'fold')]",-6.0,-540.0,24.0,p2,fold,False,3,114.0,102.0,loose_aggressive
3585,k,j,check,"['check', 'call']","[('p1', 'check'), ('p2', 'min_raise'), ('p1', 'call')]",12.0,-528.0,24.0,p1,showdown,False,3,114.0,108.0,loose_aggressive
3586,j,k,check,"['check', 'fold']","[('p1', 'check'), ('p2', 'max_raise'), ('p1', 'fold')]",-6.0,-534.0,24.0,p2,fold,False,3,114.0,102.0,loose_aggressive
3587,q,k,check,"['check', 'fold']","[('p1', 'check'), ('p2', 'max_raise'), ('p1', 'fold')]",-6.0,-540.0,24.0,p2,fold,False,3,114.0,102.0,loose_aggressive
3588,q,k,check,"['check', 'fold']","[('p1', 'check'), ('p2', 'max_raise'), ('p1', 'fold')]",-6.0,-546.0,24.0,p2,fold,False,3,114.0,102.0,loose_aggressive
3589,q,j,check,['check'],"[('p1', 'check'), ('p2', 'check')]",6.0,-540.0,12.0,p1,showdown,False,2,114.0,114.0,loose_aggressive
3590,q,q,check,['check'],"[('p1', 'check'), ('p2', 'check')]",0.0,-540.0,0.0,tie,showdown,False,2,114.0,114.0,loose_aggressive
3591,q,k,check,"['check', 'fold']","[('p1', 'check'), ('p2', 'max_raise'), ('p1', 'fold')]",-6.0,-546.0,24.0,p2,fold,False,3,114.0,102.0,loose_aggressive
3592,j,k,check,"['check', 'fold']","[('p1', 'check'), ('p2', 'max_raise'), ('p1', 'fold')]",-6.0,-552.0,24.0,p2,fold,False,3,114.0,102.0,loose_aggressive
3593,j,j,check,"['check', 'call']","[('p1', 'check'), ('p2', 'min_raise'), ('p1', 'call')]",0.0,-552.0,0.0,tie,showdown,False,3,114.0,108.0,loose_aggressive
3594,q,j,check,['check'],"[('p1', 'check'), ('p2', 'check')]",6.0,-546.0,12.0,p1,showdown,False,2,114.0,114.0,loose_aggressive
3595,j,k,check,"['check', 'fold']","[('p1', 'check'), ('p2', 'max_raise'), ('p1', 'fold')]",-6.0,-552.0,24.0,p2,fold,False,3,114.0,102.0,loose_aggressive
3596,q,k,check,"['check', 'call']","[('p1', 'check'), ('p2', 'max_raise'), ('p1', 'call')]",-18.0,-570.0,36.0,p2,showdown,False,3,114.0,102.0,loose_aggressive
3597,j,k,check,"['check', 'fold']","[('p1', 'check'), ('p2', 'max_raise'), ('p1', 'fold')]",-6.0,-576.0,24.0,p2,fold,False,3,114.0,102.0,loose_aggressive
3598,q,j,check,"['check', 'call']","[('p1', 'check'), ('p2', 'min_raise'), ('p1', 'call')]",12.0,-564.0,24.0,p1,showdown,False,3,114.0,108.0,loose_aggressive
3599,q,j,check,['check'],"[('p1', 'check'), ('p2', 'check')]",6.0,-558.0,12.0,p1,showdown,False,2,114.0,114.0,loose_aggressive
3600,q,j,check,['check'],"[('p1', 'check'), ('p2', 'check')]",6.0,-552.0,12.0,p1,showdown,False,2,114.0,114.0,loose_aggressive
3601,q,j,check,['check'],"[('p1', 'check'), ('p2', 'check')]",6.0,-546.0,12.0,p1,showdown,False,2,114.0,114.0,loose_aggressive
3602,j,q,check,['check'],"[('p1', 'check'), ('p2', 'check')]",-6.0,-552.0,12.0,p2,showdown,False,2,114.0,114.0,loose_aggressive
3603,q,j,check,"['check', 'call']","[('p1', 'check'), ('p2', 'min_raise'), ('p1', 'call')]",12.0,-540.0,24.0,p1,showdown,False,3,114.0,108.0,loose_aggressive
3604,j,j,check,['check'],"[('p1', 'check'), ('p2', 'check')]",0.0,-540.0,0.0,tie,showdown,False,2,114.0,114.0,loose_aggressive
3605,k,j,check,['check'],"[('p1', 'check'), ('p2', 'check')]",6.0,-534.0,12.0,p1,showdown,False,2,114.0,114.0,loose_aggressive
3606,k,j,check,"['check', 'call']","[('p1', 'check'), ('p2', 'min_raise'), ('p1', 'call')]",12.0,-522.0,24.0,p1,showdown,False,3,114.0,108.0,loose_aggressive
3607,k,j,check,['check'],"[('p1', 'check'), ('p2', 'check')]",6.0,-516.0,12.0,p1,showdown,False,2,114.0,114.0,loose_aggressive
3608,q,k,check,"['check', 'fold']","[('p1', 'check'), ('p2', 'max_raise'), ('p1', 'fold')]",-6.0,-522.0,24.0,p2,fold,False,3,114.0,102.0,loose_aggressive
3609,k,j,check,"['check', 'call']","[('p1', 'check'), ('p2', 'min_raise'), ('p1', 'call')]",12.0,-510.0,24.0,p1,showdown,False,3,114.0,108.0,loose_aggressive
3610,j,k,check,"['check', 'fold']","[('p1', 'check'), ('p2', 'max_raise'), ('p1', 'fold')]",-6.0,-516.0,24.0,p2,fold,False,3,114.0,102.0,loose_aggressive
3611,k,q,check,['check'],"[('p1', 'check'), ('p2', 'check')]",6.0,-510.0,12.0,p1,showdown,False,2,114.0,114.0,loose_aggressive
3612,j,k,check,"['check', 'fold']","[('p1', 'check'), ('p2', 'max_raise'), ('p1', 'fold')]",-6.0,-516.0,24.0,p2,fold,False,3,114.0,102.0,loose_aggressive
3613,k,q,check,['check'],"[('p1', 'check'), ('p2', 'check')]",6.0,-510.0,12.0,p1,showdown,False,2,114.0,114.0,loose_aggressive
3614,j,q,check,['check'],"[('p1', 'check'), ('p2', 'check')]",-6.0,-516.0,12.0,p2,showdown,False,2,114.0,114.0,loose_aggressive
3615,q,k,check,"['check', 'fold']","[('p1', 'check'), ('p2', 'max_raise'), ('p1', 'fold')]",-6.0,-522.0,24.0,p2,fold,False,3,114.0,102.0,loose_aggressive
3616,j,k,check,"['check', 'fold']","[('p1', 'check'), ('p2', 'max_raise'), ('p1', 'fold')]",-6.0,-528.0,24.0,p2,fold,False,3,114.0,102.0,loose_aggressive
3617,k,k,check,"['check', 'call']","[('p1', 'check'), ('p2', 'max_raise'), ('p1', 'call')]",0.0,-528.0,0.0,tie,showdown,False,3,114.0,102.0,loose_aggressive
3618,j,q,check,['check'],"[('p1', 'check'), ('p2', 'check')]",-6.0,-534.0,12.0,p2,showdown,False,2,114.0,114.0,loose_aggressive
3619,q,k,check,"['check', 'fold']","[('p1', 'check'), ('p2', 'max_raise'), ('p1', 'fold')]",-6.0,-540.0,24.0,p2,fold,False,3,114.0,102.0,loose_aggressive
3620,j,q,check,['check'],"[('p1', 'check'), ('p2', 'check')]",-6.0,-546.0,12.0,p2,showdown,False,2,114.0,114.0,loose_aggressive
3621,q,j,check,"['check', 'call']","[('p1', 'check'), ('p2', 'min_raise'), ('p1', 'call')]",12.0,-534.0,24.0,p1,showdown,False,3,114.0,108.0,loose_aggressive
3622,q,k,check,"['check', 'fold']","[('p1', 'check'), ('p2', 'max_raise'), ('p1', 'fold')]",-6.0,-540.0,24.0,p2,fold,False,3,114.0,102.0,loose_aggressive
3623,k,k,check,"['check', 'call']","[('p1', 'check'), ('p2', 'max_raise'), ('p1', 'call')]",0.0,-540.0,0.0,tie,showdown,False,3,114.0,102.0,loose_aggressive
3624,k,j,check,"['check', 'call']","[('p1', 'check'), ('p2', 'min_raise'), ('p1', 'call')]",12.0,-528.0,24.0,p1,showdown,False,3,114.0,108.0,loose_aggressive
3625,q,q,check,['check'],"[('p1', 'check'), ('p2', 'check')]",0.0,-528.0,0.0,tie,showdown,False,2,114.0,114.0,loose_aggressive
3626,q,j,check,['check'],"[('p1', 'check'), ('p2', 'check')]",6.0,-522.0,12.0,p1,showdown,False,2,114.0,114.0,loose_aggressive
3627,j,k,check,"['check', 'fold']","[('p1', 'check'), ('p2', 'max_raise'), ('p1', 'fold')]",-6.0,-528.0,24.0,p2,fold,False,3,114.0,102.0,loose_aggressive
3628,k,q,check,['check'],"[('p1', 'check'), ('p2', 'check')]",6.0,-522.0,12.0,p1,showdown,False,2,114.0,114.0,loose_aggressive
3629,k,j,check,"['check', 'call']","[('p1', 'check'), ('p2', 'min_raise'), ('p1', 'call')]",12.0,-510.0,24.0,p1,showdown,False,3,114.0,108.0,loose_aggressive
3630,q,j,check,['check'],"[('p1', 'check'), ('p2', 'check')]",6.0,-504.0,12.0,p1,showdown,False,2,114.0,114.0,loose_aggressive
3631,q,j,check,"['check', 'call']","[('p1', 'check'), ('p2', 'min_raise'), ('p1', 'call')]",12.0,-492.0,24.0,p1,showdown,False,3,114.0,108.0,loose_aggressive
3632,q,k,check,"['check', 'fold']","[('p1', 'check'), ('p2', 'max_raise'), ('p1', 'fold')]",-6.0,-498.0,24.0,p2,fold,False,3,114.0,102.0,loose_aggressive
3633,j,j,check,['check'],"[('p1', 'check'), ('p2', 'check')]",0.0,-498.0,0.0,tie,showdown,False,2,114.0,114.0,loose_aggressive
3634,j,j,check,['check'],"[('p1', 'check'), ('p2', 'check')]",0.0,-498.0,0.0,tie,showdown,False,2,114.0,114.0,loose_aggressive
3635,j,k,check,"['check', 'fold']","[('p1', 'check'), ('p2', 'max_raise'), ('p1', 'fold')]",-6.0,-504.0,24.0,p2,fold,False,3,114.0,102.0,loose_aggressive
3636,j,j,check,['check'],"[('p1', 'check'), ('p2', 'check')]",0.0,-504.0,0.0,tie,showdown,False,2,114.0,114.0,loose_aggressive
3637,q,j,check,['check'],"[('p1', 'check'), ('p2', 'check')]",6.0,-498.0,12.0,p1,showdown,False,2,114.0,114.0,loose_aggressive
3638,k,j,check,['check'],"[('p1', 'check'), ('p2', 'check')]",6.0,-492.0,12.0,p1,showdown,False,2,114.0,114.0,loose_aggressive
3639,j,k,check,"['check', 'fold']","[('p1', 'check'), ('p2', 'max_raise'), ('p1', 'fold')]",-6.0,-498.0,24.0,p2,fold,False,3,114.0,102.0,loose_aggressive
3640,k,j,check,"['check', 'call']","[('p1', 'check'), ('p2', 'min_raise'), ('p1', 'call')]",12.0,-486.0,24.0,p1,showdown,False,3,114.0,108.0,loose_aggressive
3641,k,k,check,"['check', 'call']","[('p1', 'check'), ('p2', 'max_raise'), ('p1', 'call')]",0.0,-486.0,0.0,tie,showdown,False,3,114.0,102.0,loose_aggressive
3642,j,q,check,['check'],"[('p1', 'check'), ('p2', 'check')]",-6.0,-492.0,12.0,p2,showdown,False,2,114.0,114.0,loose_aggressive
3643,k,q,check,['check'],"[('p1', 'check'), ('p2', 'check')]",6.0,-486.0,12.0,p1,showdown,False,2,114.0,114.0,loose_aggressive
3644,q,k,check,"['check', 'fold']","[('p1', 'check'), ('p2', 'max_raise'), ('p1', 'fold')]",-6.0,-492.0,24.0,p2,fold,False,3,114.0,102.0,loose_aggressive
3645,k,j,check,['check'],"[('p1', 'check'), ('p2', 'check')]",6.0,-486.0,12.0,p1,showdown,False,2,114.0,114.0,loose_aggressive
3646,j,j,check,"['check', 'call']","[('p1', 'check'), ('p2', 'min_raise'), ('p1', 'call')]",0.0,-486.0,0.0,tie,showdown,False,3,114.0,108.0,loose_aggressive
3647,q,q,check,['check'],"[('p1', 'check'), ('p2', 'check')]",0.0,-486.0,0.0,tie,showdown,False,2,114.0,114.0,loose_aggressive
3648,k,q,check,['check'],"[('p1', 'check'), ('p2', 'check')]",6.0,-480.0,12.0,p1,showdown,False,2,114.0,114.0,loose_aggressive
3649,k,j,check,"['check', 'call']","[('p1', 'check'), ('p2', 'min_raise'), ('p1', 'call')]",12.0,-468.0,24.0,p1,showdown,False,3,114.0,108.0,loose_aggressive
3650,j,q,check,['check'],"[('p1', 'check'), ('p2', 'check')]",-6.0,-474.0,12.0,p2,showdown,False,2,114.0,114.0,loose_aggressive
3651,k,q,check,['check'],"[('p1', 'check'), ('p2', 'check')]",6.0,-468.0,12.0,p1,showdown,False,2,114.0,114.0,loose_aggressive
3652,q,j,check,['check'],"[('p1', 'check'), ('p2', 'check')]",6.0,-462.0,12.0,p1,showdown,False,2,114.0,114.0,loose_aggressive
3653,j,k,check,"['check', 'fold']","[('p1', 'check'), ('p2', 'max_raise'), ('p1', 'fold')]",-6.0,-468.0,24.0,p2,fold,False,3,114.0,102.0,loose_aggressive
3654,j,q,check,['check'],"[('p1', 'check'), ('p2', 'check')]",-6.0,-474.0,12.0,p2,showdown,False,2,114.0,114.0,loose_aggressive
3655,q,k,check,"['check', 'fold']","[('p1', 'check'), ('p2', 'max_raise'), ('p1', 'fold')]",-6.0,-480.0,24.0,p2,fold,False,3,114.0,102.0,loose_aggressive
3656,k,q,check,['check'],"[('p1', 'check'), ('p2', 'check')]",6.0,-474.0,12.0,p1,showdown,False,2,114.0,114.0,loose_aggressive
3657,j,j,check,['check'],"[('p1', 'check'), ('p2', 'check')]",0.0,-474.0,0.0,tie,showdown,False,2,114.0,114.0,loose_aggressive
3658,q,k,check,"['check', 'fold']","[('p1', 'check'), ('p2', 'max_raise'), ('p1', 'fold')]",-6.0,-480.0,24.0,p2,fold,False,3,114.0,102.0,loose_aggressive
3659,k,j,check,['check'],"[('p1', 'check'), ('p2', 'check')]",6.0,-474.0,12.0,p1,showdown,False,2,114.0,114.0,loose_aggressive
3660,q,j,check,['check'],"[('p1', 'check'), ('p2', 'check')]",6.0,-468.0,12.0,p1,showdown,False,2,114.0,114.0,loose_aggressive
3661,k,q,check,['check'],"[('p1', 'check'), ('p2', 'check')]",6.0,-462.0,12.0,p1,showdown,False,2,114.0,114.0,loose_aggressive
3662,j,k,check,"['check', 'fold']","[('p1', 'check'), ('p2', 'max_raise'), ('p1', 'fold')]",-6.0,-468.0,24.0,p2,fold,False,3,114.0,102.0,loose_aggressive
3663,j,k,check,"['check', 'fold']","[('p1', 'check'), ('p2', 'max_raise'), ('p1', 'fold')]",-6.0,-474.0,24.0,p2,fold,False,3,114.0,102.0,loose_aggressive
3664,q,k,check,"['check', 'fold']","[('p1', 'check'), ('p2', 'max_raise'), ('p1', 'fold')]",-6.0,-480.0,24.0,p2,fold,False,3,114.0,102.0,loose_aggressive
3665,q,j,check,['check'],"[('p1', 'check'), ('p2', 'check')]",6.0,-474.0,12.0,p1,showdown,False,2,114.0,114.0,loose_aggressive
3666,k,q,check,['check'],"[('p1', 'check'), ('p2', 'check')]",6.0,-468.0,12.0,p1,showdown,False,2,114.0,114.0,loose_aggressive
3667,k,k,check,"['check', 'call']","[('p1', 'check'), ('p2', 'max_raise'), ('p1', 'call')]",0.0,-468.0,0.0,tie,showdown,False,3,114.0,102.0,loose_aggressive
3668,q,j,check,['check'],"[('p1', 'check'), ('p2', 'check')]",6.0,-462.0,12.0,p1,showdown,False,2,114.0,114.0,loose_aggressive
3669,q,k,check,"['check', 'fold']","[('p1', 'check'), ('p2', 'max_raise'), ('p1', 'fold')]",-6.0,-468.0,24.0,p2,fold,False,3,114.0,102.0,loose_aggressive
3670,q,k,check,"['check', 'fold']","[('p1', 'check'), ('p2', 'max_raise'), ('p1', 'fold')]",-6.0,-474.0,24.0,p2,fold,False,3,114.0,102.0,loose_aggressive
3671,j,q,check,['check'],"[('p1', 'check'), ('p2', 'check')]",-6.0,-480.0,12.0,p2,showdown,False,2,114.0,114.0,loose_aggressive
3672,j,q,check,['check'],"[('p1', 'check'), ('p2', 'check')]",-6.0,-486.0,12.0,p2,showdown,False,2,114.0,114.0,loose_aggressive
3673,j,k,check,"['check', 'fold']","[('p1', 'check'), ('p2', 'max_raise'), ('p1', 'fold')]",-6.0,-492.0,24.0,p2,fold,False,3,114.0,102.0,loose_aggressive
3674,q,k,check,"['check', 'fold']","[('p1', 'check'), ('p2', 'max_raise'), ('p1', 'fold')]",-6.0,-498.0,24.0,p2,fold,False,3,114.0,102.0,loose_aggressive
3675,k,q,check,['check'],"[('p1', 'check'), ('p2', 'check')]",6.0,-492.0,12.0,p1,showdown,False,2,114.0,114.0,loose_aggressive
3676,j,q,check,['check'],"[('p1', 'check'), ('p2', 'check')]",-6.0,-498.0,12.0,p2,showdown,False,2,114.0,114.0,loose_aggressive
3677,q,j,check,"['check', 'call']","[('p1', 'check'), ('p2', 'min_raise'), ('p1', 'call')]",12.0,-486.0,24.0,p1,showdown,False,3,114.0,108.0,loose_aggressive
3678,q,k,check,"['check', 'fold']","[('p1', 'check'), ('p2', 'max_raise'), ('p1', 'fold')]",-6.0,-492.0,24.0,p2,fold,False,3,114.0,102.0,loose_aggressive
3679,k,k,check,"['check', 'call']","[('p1', 'check'), ('p2', 'max_raise'), ('p1', 'call')]",0.0,-492.0,0.0,tie,showdown,False,3,114.0,102.0,loose_aggressive
3680,k,j,check,"['check', 'call']","[('p1', 'check'), ('p2', 'min_raise'), ('p1', 'call')]",12.0,-480.0,24.0,p1,showdown,False,3,114.0,108.0,loose_aggressive
3681,q,q,check,['check'],"[('p1', 'check'), ('p2', 'check')]",0.0,-480.0,0.0,tie,showdown,False,2,114.0,114.0,loose_aggressive
3682,q,j,check,['check'],"[('p1', 'check'), ('p2', 'check')]",6.0,-474.0,12.0,p1,showdown,False,2,114.0,114.0,loose_aggressive
3683,q,k,check,"['check', 'fold']","[('p1', 'check'), ('p2', 'max_raise'), ('p1', 'fold')]",-6.0,-480.0,24.0,p2,fold,False,3,114.0,102.0,loose_aggressive
3684,k,q,check,['check'],"[('p1', 'check'), ('p2', 'check')]",6.0,-474.0,12.0,p1,showdown,False,2,114.0,114.0,loose_aggressive
3685,k,k,check,"['check', 'call']","[('p1', 'check'), ('p2', 'max_raise'), ('p1', 'call')]",0.0,-474.0,0.0,tie,showdown,False,3,114.0,102.0,loose_aggressive
3686,q,k,check,"['check', 'fold']","[('p1', 'check'), ('p2', 'max_raise'), ('p1', 'fold')]",-6.0,-480.0,24.0,p2,fold,False,3,114.0,102.0,loose_aggressive
3687,k,j,check,['check'],"[('p1', 'check'), ('p2', 'check')]",6.0,-474.0,12.0,p1,showdown,False,2,114.0,114.0,loose_aggressive
3688,k,q,check,['check'],"[('p1', 'check'), ('p2', 'check')]",6.0,-468.0,12.0,p1,showdown,False,2,114.0,114.0,loose_aggressive
3689,k,k,check,"['check', 'call']","[('p1', 'check'), ('p2', 'max_raise'), ('p1', 'call')]",0.0,-468.0,0.0,tie,showdown,False,3,114.0,102.0,loose_aggressive
3690,j,j,check,['check'],"[('p1', 'check'), ('p2', 'check')]",0.0,-468.0,0.0,tie,showdown,False,2,114.0,114.0,loose_aggressive
3691,j,q,check,['check'],"[('p1', 'check'), ('p2', 'check')]",-6.0,-474.0,12.0,p2,showdown,False,2,114.0,114.0,loose_aggressive
3692,j,q,check,['check'],"[('p1', 'check'), ('p2', 'check')]",-6.0,-480.0,12.0,p2,showdown,False,2,114.0,114.0,loose_aggressive
3693,j,q,check,['check'],"[('p1', 'check'), ('p2', 'check')]",-6.0,-486.0,12.0,p2,showdown,False,2,114.0,114.0,loose_aggressive
3694,q,k,check,"['check', 'fold']","[('p1', 'check'), ('p2', 'max_raise'), ('p1', 'fold')]",-6.0,-492.0,24.0,p2,fold,False,3,114.0,102.0,loose_aggressive
3695,q,k,check,"['check', 'fold']","[('p1', 'check'), ('p2', 'max_raise'), ('p1', 'fold')]",-6.0,-498.0,24.0,p2,fold,False,3,114.0,102.0,loose_aggressive
3696,j,q,check,['check'],"[('p1', 'check'), ('p2', 'check')]",-6.0,-504.0,12.0,p2,showdown,False,2,114.0,114.0,loose_aggressive
3697,q,j,check,['check'],"[('p1', 'check'), ('p2', 'check')]",6.0,-498.0,12.0,p1,showdown,False,2,114.0,114.0,loose_aggressive
3698,k,j,check,['check'],"[('p1', 'check'), ('p2', 'check')]",6.0,-492.0,12.0,p1,showdown,False,2,114.0,114.0,loose_aggressive
3699,q,q,check,['check'],"[('p1', 'check'), ('p2', 'check')]",0.0,-492.0,0.0,tie,showdown,False,2,114.0,114.0,loose_aggressive
3700,q,j,check,"['check', 'call']","[('p1', 'check'), ('p2', 'min_raise'), ('p1', 'call')]",12.0,-480.0,24.0,p1,showdown,False,3,114.0,108.0,loose_aggressive
3701,k,k,check,"['check', 'call']","[('p1', 'check'), ('p2', 'max_raise'), ('p1', 'call')]",0.0,-480.0,0.0,tie,showdown,False,3,114.0,102.0,loose_aggressive
3702,q,k,check,"['check', 'fold']","[('p1', 'check'), ('p2', 'max_raise'), ('p1', 'fold')]",-6.0,-486.0,24.0,p2,fold,False,3,114.0,102.0,loose_aggressive
3703,k,q,check,['check'],"[('p1', 'check'), ('p2', 'check')]",6.0,-480.0,12.0,p1,showdown,False,2,114.0,114.0,loose_aggressive
3704,q,q,check,['check'],"[('p1', 'check'), ('p2', 'check')]",0.0,-480.0,0.0,tie,showdown,False,2,114.0,114.0,loose_aggressive
3705,k,q,check,['check'],"[('p1', 'check'), ('p2', 'check')]",6.0,-474.0,12.0,p1,showdown,False,2,114.0,114.0,loose_aggressive
3706,j,q,check,['check'],"[('p1', 'check'), ('p2', 'check')]",-6.0,-480.0,12.0,p2,showdown,False,2,114.0,114.0,loose_aggressive
3707,j,q,check,['check'],"[('p1', 'check'), ('p2', 'check')]",-6.0,-486.0,12.0,p2,showdown,False,2,114.0,114.0,loose_aggressive
3708,k,q,check,['check'],"[('p1', 'check'), ('p2', 'check')]",6.0,-480.0,12.0,p1,showdown,False,2,114.0,114.0,loose_aggressive
3709,q,j,check,['check'],"[('p1', 'check'), ('p2', 'check')]",6.0,-474.0,12.0,p1,showdown,False,2,114.0,114.0,loose_aggressive
3710,j,q,check,['check'],"[('p1', 'check'), ('p2', 'check')]",-6.0,-480.0,12.0,p2,showdown,False,2,114.0,114.0,loose_aggressive
3711,k,k,check,"['check', 'call']","[('p1', 'check'), ('p2', 'max_raise'), ('p1', 'call')]",0.0,-480.0,0.0,tie,showdown,False,3,114.0,102.0,loose_aggressive
3712,k,k,check,"['check', 'call']","[('p1', 'check'), ('p2', 'max_raise'), ('p1', 'call')]",0.0,-480.0,0.0,tie,showdown,False,3,114.0,102.0,loose_aggressive
3713,j,k,check,"['check', 'fold']","[('p1', 'check'), ('p2', 'max_raise'), ('p1', 'fold')]",-6.0,-486.0,24.0,p2,fold,False,3,114.0,102.0,loose_aggressive
3714,k,k,check,"['check', 'call']","[('p1', 'check'), ('p2', 'max_raise'), ('p1', 'call')]",0.0,-486.0,0.0,tie,showdown,False,3,114.0,102.0,loose_aggressive
3715,k,k,check,"['check', 'call']","[('p1', 'check'), ('p2', 'max_raise'), ('p1', 'call')]",0.0,-486.0,0.0,tie,showdown,False,3,114.0,102.0,loose_aggressive
3716,q,q,check,['check'],"[('p1', 'check'), ('p2', 'check')]",0.0,-486.0,0.0,tie,showdown,False,2,114.0,114.0,loose_aggressive
3717,j,j,check,"['check', 'call']","[('p1', 'check'), ('p2', 'min_raise'), ('p1', 'call')]",0.0,-486.0,0.0,tie,showdown,False,3,114.0,108.0,loose_aggressive
3718,k,j,check,['check'],"[('p1', 'check'), ('p2', 'check')]",6.0,-480.0,12.0,p1,showdown,False,2,114.0,114.0,loose_aggressive
3719,q,q,check,['check'],"[('p1', 'check'), ('p2', 'check')]",0.0,-480.0,0.0,tie,showdown,False,2,114.0,114.0,loose_aggressive
3720,j,k,check,"['check', 'fold']","[('p1', 'check'), ('p2', 'max_raise'), ('p1', 'fold')]",-6.0,-486.0,24.0,p2,fold,False,3,114.0,102.0,loose_aggressive
3721,q,j,check,['check'],"[('p1', 'check'), ('p2', 'check')]",6.0,-480.0,12.0,p1,showdown,False,2,114.0,114.0,loose_aggressive
3722,k,j,check,['check'],"[('p1', 'check'), ('p2', 'check')]",6.0,-474.0,12.0,p1,showdown,False,2,114.0,114.0,loose_aggressive
3723,q,k,check,"['check', 'fold']","[('p1', 'check'), ('p2', 'max_raise'), ('p1', 'fold')]",-6.0,-480.0,24.0,p2,fold,False,3,114.0,102.0,loose_aggressive
3724,k,q,check,['check'],"[('p1', 'check'), ('p2', 'check')]",6.0,-474.0,12.0,p1,showdown,False,2,114.0,114.0,loose_aggressive
3725,q,k,check,"['check', 'fold']","[('p1', 'check'), ('p2', 'max_raise'), ('p1', 'fold')]",-6.0,-480.0,24.0,p2,fold,False,3,114.0,102.0,loose_aggressive
3726,k,k,check,"['check', 'call']","[('p1', 'check'), ('p2', 'max_raise'), ('p1', 'call')]",0.0,-480.0,0.0,tie,showdown,False,3,114.0,102.0,loose_aggressive
3727,j,j,check,['check'],"[('p1', 'check'), ('p2', 'check')]",0.0,-480.0,0.0,tie,showdown,False,2,114.0,114.0,loose_aggressive
3728,q,k,check,"['check', 'fold']","[('p1', 'check'), ('p2', 'max_raise'), ('p1', 'fold')]",-6.0,-486.0,24.0,p2,fold,False,3,114.0,102.0,loose_aggressive
3729,q,k,check,"['check', 'fold']","[('p1', 'check'), ('p2', 'max_raise'), ('p1', 'fold')]",-6.0,-492.0,24.0,p2,fold,False,3,114.0,102.0,loose_aggressive
3730,j,j,check,['check'],"[('p1', 'check'), ('p2', 'check')]",0.0,-492.0,0.0,tie,showdown,False,2,114.0,114.0,loose_aggressive
3731,q,q,check,['check'],"[('p1', 'check'), ('p2', 'check')]",0.0,-492.0,0.0,tie,showdown,False,2,114.0,114.0,loose_aggressive
3732,k,j,check,['check'],"[('p1', 'check'), ('p2', 'check')]",6.0,-486.0,12.0,p1,showdown,False,2,114.0,114.0,loose_aggressive
3733,j,k,check,"['check', 'fold']","[('p1', 'check'), ('p2', 'max_raise'), ('p1', 'fold')]",-6.0,-492.0,24.0,p2,fold,False,3,114.0,102.0,loose_aggressive
3734,q,j,check,"['check', 'call']","[('p1', 'check'), ('p2', 'min_raise'), ('p1', 'call')]",12.0,-480.0,24.0,p1,showdown,False,3,114.0,108.0,loose_aggressive
3735,j,k,check,"['check', 'fold']","[('p1', 'check'), ('p2', 'max_raise'), ('p1', 'fold')]",-6.0,-486.0,24.0,p2,fold,False,3,114.0,102.0,loose_aggressive
3736,j,k,check,"['check', 'fold']","[('p1', 'check'), ('p2', 'max_raise'), ('p1', 'fold')]",-6.0,-492.0,24.0,p2,fold,False,3,114.0,102.0,loose_aggressive
3737,j,k,check,"['check', 'fold']","[('p1', 'check'), ('p2', 'max_raise'), ('p1', 'fold')]",-6.0,-498.0,24.0,p2,fold,False,3,114.0,102.0,loose_aggressive
3738,j,q,check,['check'],"[('p1', 'check'), ('p2', 'check')]",-6.0,-504.0,12.0,p2,showdown,False,2,114.0,114.0,loose_aggressive
3739,j,j,check,['check'],"[('p1', 'check'), ('p2', 'check')]",0.0,-504.0,0.0,tie,showdown,False,2,114.0,114.0,loose_aggressive
3740,k,q,check,['check'],"[('p1', 'check'), ('p2', 'check')]",6.0,-498.0,12.0,p1,showdown,False,2,114.0,114.0,loose_aggressive
3741,q,k,check,"['check', 'fold']","[('p1', 'check'), ('p2', 'max_raise'), ('p1', 'fold')]",-6.0,-504.0,24.0,p2,fold,False,3,114.0,102.0,loose_aggressive
3742,k,k,check,"['check', 'call']","[('p1', 'check'), ('p2', 'max_raise'), ('p1', 'call')]",0.0,-504.0,0.0,tie,showdown,False,3,114.0,102.0,loose_aggressive
3743,q,k,check,"['check', 'fold']","[('p1', 'check'), ('p2', 'max_raise'), ('p1', 'fold')]",-6.0,-510.0,24.0,p2,fold,False,3,114.0,102.0,loose_aggressive
3744,k,k,check,"['check', 'call']","[('p1', 'check'), ('p2', 'max_raise'), ('p1', 'call')]",0.0,-510.0,0.0,tie,showdown,False,3,114.0,102.0,loose_aggressive
3745,j,q,check,['check'],"[('p1', 'check'), ('p2', 'check')]",-6.0,-516.0,12.0,p2,showdown,False,2,114.0,114.0,loose_aggressive
3746,k,q,check,['check'],"[('p1', 'check'), ('p2', 'check')]",6.0,-510.0,12.0,p1,showdown,False,2,114.0,114.0,loose_aggressive
3747,q,k,check,"['check', 'fold']","[('p1', 'check'), ('p2', 'max_raise'), ('p1', 'fold')]",-6.0,-516.0,24.0,p2,fold,False,3,114.0,102.0,loose_aggressive
3748,k,j,check,"['check', 'call']","[('p1', 'check'), ('p2', 'min_raise'), ('p1', 'call')]",12.0,-504.0,24.0,p1,showdown,False,3,114.0,108.0,loose_aggressive
3749,q,j,check,['check'],"[('p1', 'check'), ('p2', 'check')]",6.0,-498.0,12.0,p1,showdown,False,2,114.0,114.0,loose_aggressive
3750,k,k,check,"['check', 'call']","[('p1', 'check'), ('p2', 'max_raise'), ('p1', 'call')]",0.0,-498.0,0.0,tie,showdown,False,3,114.0,102.0,loose_aggressive
3751,q,j,check,['check'],"[('p1', 'check'), ('p2', 'check')]",6.0,-492.0,12.0,p1,showdown,False,2,114.0,114.0,loose_aggressive
3752,j,q,check,['check'],"[('p1', 'check'), ('p2', 'check')]",-6.0,-498.0,12.0,p2,showdown,False,2,114.0,114.0,loose_aggressive
3753,k,k,check,"['check', 'call']","[('p1', 'check'), ('p2', 'max_raise'), ('p1', 'call')]",0.0,-498.0,0.0,tie,showdown,False,3,114.0,102.0,loose_aggressive
3754,q,k,check,"['check', 'fold']","[('p1', 'check'), ('p2', 'max_raise'), ('p1', 'fold')]",-6.0,-504.0,24.0,p2,fold,False,3,114.0,102.0,loose_aggressive
3755,k,k,check,"['check', 'call']","[('p1', 'check'), ('p2', 'max_raise'), ('p1', 'call')]",0.0,-504.0,0.0,tie,showdown,False,3,114.0,102.0,loose_aggressive
3756,j,k,check,"['check', 'fold']","[('p1', 'check'), ('p2', 'max_raise'), ('p1', 'fold')]",-6.0,-510.0,24.0,p2,fold,False,3,114.0,102.0,loose_aggressive
3757,k,q,check,['check'],"[('p1', 'check'), ('p2', 'check')]",6.0,-504.0,12.0,p1,showdown,False,2,114.0,114.0,loose_aggressive
3758,j,j,check,['check'],"[('p1', 'check'), ('p2', 'check')]",0.0,-504.0,0.0,tie,showdown,False,2,114.0,114.0,loose_aggressive
3759,j,j,check,['check'],"[('p1', 'check'), ('p2', 'check')]",0.0,-504.0,0.0,tie,showdown,False,2,114.0,114.0,loose_aggressive
3760,k,q,check,['check'],"[('p1', 'check'), ('p2', 'check')]",6.0,-498.0,12.0,p1,showdown,False,2,114.0,114.0,loose_aggressive
3761,k,j,check,['check'],"[('p1', 'check'), ('p2', 'check')]",6.0,-492.0,12.0,p1,showdown,False,2,114.0,114.0,loose_aggressive
3762,j,q,check,['check'],"[('p1', 'check'), ('p2', 'check')]",-6.0,-498.0,12.0,p2,showdown,False,2,114.0,114.0,loose_aggressive
3763,j,j,check,['check'],"[('p1', 'check'), ('p2', 'check')]",0.0,-498.0,0.0,tie,showdown,False,2,114.0,114.0,loose_aggressive
3764,k,q,check,['check'],"[('p1', 'check'), ('p2', 'check')]",6.0,-492.0,12.0,p1,showdown,False,2,114.0,114.0,loose_aggressive
3765,j,q,check,['check'],"[('p1', 'check'), ('p2', 'check')]",-6.0,-498.0,12.0,p2,showdown,False,2,114.0,114.0,loose_aggressive
3766,k,j,check,"['check', 'call']","[('p1', 'check'), ('p2', 'min_raise'), ('p1', 'call')]",12.0,-486.0,24.0,p1,showdown,False,3,114.0,108.0,loose_aggressive
3767,q,k,check,"['check', 'fold']","[('p1', 'check'), ('p2', 'max_raise'), ('p1', 'fold')]",-6.0,-492.0,24.0,p2,fold,False,3,114.0,102.0,loose_aggressive
3768,q,j,check,"['check', 'call']","[('p1', 'check'), ('p2', 'min_raise'), ('p1', 'call')]",12.0,-480.0,24.0,p1,showdown,False,3,114.0,108.0,loose_aggressive
3769,k,q,check,['check'],"[('p1', 'check'), ('p2', 'check')]",6.0,-474.0,12.0,p1,showdown,False,2,114.0,114.0,loose_aggressive
3770,q,k,check,"['check', 'fold']","[('p1', 'check'), ('p2', 'max_raise'), ('p1', 'fold')]",-6.0,-480.0,24.0,p2,fold,False,3,114.0,102.0,loose_aggressive
3771,q,k,check,"['check', 'fold']","[('p1', 'check'), ('p2', 'max_raise'), ('p1', 'fold')]",-6.0,-486.0,24.0,p2,fold,False,3,114.0,102.0,loose_aggressive
3772,k,j,check,"['check', 'call']","[('p1', 'check'), ('p2', 'min_raise'), ('p1', 'call')]",12.0,-474.0,24.0,p1,showdown,False,3,114.0,108.0,loose_aggressive
3773,j,q,check,['check'],"[('p1', 'check'), ('p2', 'check')]",-6.0,-480.0,12.0,p2,showdown,False,2,114.0,114.0,loose_aggressive
3774,j,j,check,['check'],"[('p1', 'check'), ('p2', 'check')]",0.0,-480.0,0.0,tie,showdown,False,2,114.0,114.0,loose_aggressive
3775,k,k,check,"['check', 'call']","[('p1', 'check'), ('p2', 'max_raise'), ('p1', 'call')]",0.0,-480.0,0.0,tie,showdown,False,3,114.0,102.0,loose_aggressive
3776,q,k,check,"['check', 'fold']","[('p1', 'check'), ('p2', 'max_raise'), ('p1', 'fold')]",-6.0,-486.0,24.0,p2,fold,False,3,114.0,102.0,loose_aggressive
3777,k,j,check,['check'],"[('p1', 'check'), ('p2', 'check')]",6.0,-480.0,12.0,p1,showdown,False,2,114.0,114.0,loose_aggressive
3778,j,k,check,"['check', 'fold']","[('p1', 'check'), ('p2', 'max_raise'), ('p1', 'fold')]",-6.0,-486.0,24.0,p2,fold,False,3,114.0,102.0,loose_aggressive
3779,j,j,check,['check'],"[('p1', 'check'), ('p2', 'check')]",0.0,-486.0,0.0,tie,showdown,False,2,114.0,114.0,loose_aggressive
3780,j,q,check,['check'],"[('p1', 'check'), ('p2', 'check')]",-6.0,-492.0,12.0,p2,showdown,False,2,114.0,114.0,loose_aggressive
3781,j,j,check,"['check', 'call']","[('p1', 'check'), ('p2', 'min_raise'), ('p1', 'call')]",0.0,-492.0,0.0,tie,showdown,False,3,114.0,108.0,loose_aggressive
3782,q,j,check,['check'],"[('p1', 'check'), ('p2', 'check')]",6.0,-486.0,12.0,p1,showdown,False,2,114.0,114.0,loose_aggressive
3783,k,k,check,"['check', 'call']","[('p1', 'check'), ('p2', 'max_raise'), ('p1', 'call')]",0.0,-486.0,0.0,tie,showdown,False,3,114.0,102.0,loose_aggressive
3784,j,j,check,['check'],"[('p1', 'check'), ('p2', 'check')]",0.0,-486.0,0.0,tie,showdown,False,2,114.0,114.0,loose_aggressive
3785,j,j,check,['check'],"[('p1', 'check'), ('p2', 'check')]",0.0,-486.0,0.0,tie,showdown,False,2,114.0,114.0,loose_aggressive
3786,q,q,check,['check'],"[('p1', 'check'), ('p2', 'check')]",0.0,-486.0,0.0,tie,showdown,False,2,114.0,114.0,loose_aggressive
3787,q,j,check,['check'],"[('p1', 'check'), ('p2', 'check')]",6.0,-480.0,12.0,p1,showdown,False,2,114.0,114.0,loose_aggressive
3788,q,j,check,['check'],"[('p1', 'check'), ('p2', 'check')]",6.0,-474.0,12.0,p1,showdown,False,2,114.0,114.0,loose_aggressive
3789,j,q,check,['check'],"[('p1', 'check'), ('p2', 'check')]",-6.0,-480.0,12.0,p2,showdown,False,2,114.0,114.0,loose_aggressive
3790,j,k,check,"['check', 'fold']","[('p1', 'check'), ('p2', 'max_raise'), ('p1', 'fold')]",-6.0,-486.0,24.0,p2,fold,False,3,114.0,102.0,loose_aggressive
3791,k,q,check,['check'],"[('p1', 'check'), ('p2', 'check')]",6.0,-480.0,12.0,p1,showdown,False,2,114.0,114.0,loose_aggressive
3792,k,j,check,['check'],"[('p1', 'check'), ('p2', 'check')]",6.0,-474.0,12.0,p1,showdown,False,2,114.0,114.0,loose_aggressive
3793,k,q,check,['check'],"[('p1', 'check'), ('p2', 'check')]",6.0,-468.0,12.0,p1,showdown,False,2,114.0,114.0,loose_aggressive
3794,j,k,check,"['check', 'fold']","[('p1', 'check'), ('p2', 'max_raise'), ('p1', 'fold')]",-6.0,-474.0,24.0,p2,fold,False,3,114.0,102.0,loose_aggressive
3795,j,q,check,['check'],"[('p1', 'check'), ('p2', 'check')]",-6.0,-480.0,12.0,p2,showdown,False,2,114.0,114.0,loose_aggressive
3796,k,j,check,['check'],"[('p1', 'check'), ('p2', 'check')]",6.0,-474.0,12.0,p1,showdown,False,2,114.0,114.0,loose_aggressive
3797,k,k,check,"['check', 'call']","[('p1', 'check'), ('p2', 'max_raise'), ('p1', 'call')]",0.0,-474.0,0.0,tie,showdown,False,3,114.0,102.0,loose_aggressive
3798,j,k,check,"['check', 'fold']","[('p1', 'check'), ('p2', 'max_raise'), ('p1', 'fold')]",-6.0,-480.0,24.0,p2,fold,False,3,114.0,102.0,loose_aggressive
3799,q,j,check,['check'],"[('p1', 'check'), ('p2', 'check')]",6.0,-474.0,12.0,p1,showdown,False,2,114.0,114.0,loose_aggressive
3800,j,k,check,"['check', 'fold']","[('p1', 'check'), ('p2', 'max_raise'), ('p1', 'fold')]",-6.0,-480.0,24.0,p2,fold,False,3,114.0,102.0,loose_aggressive
3801,k,q,check,['check'],"[('p1', 'check'), ('p2', 'check')]",6.0,-474.0,12.0,p1,showdown,False,2,114.0,114.0,loose_aggressive
3802,k,q,check,['check'],"[('p1', 'check'), ('p2', 'check')]",6.0,-468.0,12.0,p1,showdown,False,2,114.0,114.0,loose_aggressive
3803,k,q,check,['check'],"[('p1', 'check'), ('p2', 'check')]",6.0,-462.0,12.0,p1,showdown,False,2,114.0,114.0,loose_aggressive
3804,k,q,check,['check'],"[('p1', 'check'), ('p2', 'check')]",6.0,-456.0,12.0,p1,showdown,False,2,114.0,114.0,loose_aggressive
3805,q,j,check,['check'],"[('p1', 'check'), ('p2', 'check')]",6.0,-450.0,12.0,p1,showdown,False,2,114.0,114.0,loose_aggressive
3806,k,j,check,['check'],"[('p1', 'check'), ('p2', 'check')]",6.0,-444.0,12.0,p1,showdown,False,2,114.0,114.0,loose_aggressive
3807,j,j,check,['check'],"[('p1', 'check'), ('p2', 'check')]",0.0,-444.0,0.0,tie,showdown,False,2,114.0,114.0,loose_aggressive
3808,q,q,check,['check'],"[('p1', 'check'), ('p2', 'check')]",0.0,-444.0,0.0,tie,showdown,False,2,114.0,114.0,loose_aggressive
3809,k,q,check,['check'],"[('p1', 'check'), ('p2', 'check')]",6.0,-438.0,12.0,p1,showdown,False,2,114.0,114.0,loose_aggressive
3810,j,j,check,"['check', 'call']","[('p1', 'check'), ('p2', 'min_raise'), ('p1', 'call')]",0.0,-438.0,0.0,tie,showdown,False,3,114.0,108.0,loose_aggressive
3811,k,k,check,"['check', 'call']","[('p1', 'check'), ('p2', 'max_raise'), ('p1', 'call')]",0.0,-438.0,0.0,tie,showdown,False,3,114.0,102.0,loose_aggressive
3812,k,q,check,['check'],"[('p1', 'check'), ('p2', 'check')]",6.0,-432.0,12.0,p1,showdown,False,2,114.0,114.0,loose_aggressive
3813,j,k,check,"['check', 'fold']","[('p1', 'check'), ('p2', 'max_raise'), ('p1', 'fold')]",-6.0,-438.0,24.0,p2,fold,False,3,114.0,102.0,loose_aggressive
3814,j,k,check,"['check', 'fold']","[('p1', 'check'), ('p2', 'max_raise'), ('p1', 'fold')]",-6.0,-444.0,24.0,p2,fold,False,3,114.0,102.0,loose_aggressive
3815,k,k,check,"['check', 'call']","[('p1', 'check'), ('p2', 'max_raise'), ('p1', 'call')]",0.0,-444.0,0.0,tie,showdown,False,3,114.0,102.0,loose_aggressive
3816,q,q,check,['check'],"[('p1', 'check'), ('p2', 'check')]",0.0,-444.0,0.0,tie,showdown,False,2,114.0,114.0,loose_aggressive
3817,j,j,check,"['check', 'call']","[('p1', 'check'), ('p2', 'min_raise'), ('p1', 'call')]",0.0,-444.0,0.0,tie,showdown,False,3,114.0,108.0,loose_aggressive
3818,k,q,check,['check'],"[('p1', 'check'), ('p2', 'check')]",6.0,-438.0,12.0,p1,showdown,False,2,114.0,114.0,loose_aggressive
3819,j,q,check,['check'],"[('p1', 'check'), ('p2', 'check')]",-6.0,-444.0,12.0,p2,showdown,False,2,114.0,114.0,loose_aggressive
3820,j,q,check,['check'],"[('p1', 'check'), ('p2', 'check')]",-6.0,-450.0,12.0,p2,showdown,False,2,114.0,114.0,loose_aggressive
3821,j,k,check,"['check', 'fold']","[('p1', 'check'), ('p2', 'max_raise'), ('p1', 'fold')]",-6.0,-456.0,24.0,p2,fold,False,3,114.0,102.0,loose_aggressive
3822,q,k,check,"['check', 'fold']","[('p1', 'check'), ('p2', 'max_raise'), ('p1', 'fold')]",-6.0,-462.0,24.0,p2,fold,False,3,114.0,102.0,loose_aggressive
3823,q,q,check,['check'],"[('p1', 'check'), ('p2', 'check')]",0.0,-462.0,0.0,tie,showdown,False,2,114.0,114.0,loose_aggressive
3824,j,q,check,['check'],"[('p1', 'check'), ('p2', 'check')]",-6.0,-468.0,12.0,p2,showdown,False,2,114.0,114.0,loose_aggressive
3825,k,j,check,['check'],"[('p1', 'check'), ('p2', 'check')]",6.0,-462.0,12.0,p1,showdown,False,2,114.0,114.0,loose_aggressive
3826,q,q,check,['check'],"[('p1', 'check'), ('p2', 'check')]",0.0,-462.0,0.0,tie,showdown,False,2,114.0,114.0,loose_aggressive
3827,q,k,check,"['check', 'fold']","[('p1', 'check'), ('p2', 'max_raise'), ('p1', 'fold')]",-6.0,-468.0,24.0,p2,fold,False,3,114.0,102.0,loose_aggressive
3828,j,j,check,['check'],"[('p1', 'check'), ('p2', 'check')]",0.0,-468.0,0.0,tie,showdown,False,2,114.0,114.0,loose_aggressive
3829,j,q,check,['check'],"[('p1', 'check'), ('p2', 'check')]",-6.0,-474.0,12.0,p2,showdown,False,2,114.0,114.0,loose_aggressive
3830,j,j,check,"['check', 'call']","[('p1', 'check'), ('p2', 'min_raise'), ('p1', 'call')]",0.0,-474.0,0.0,tie,showdown,False,3,114.0,108.0,loose_aggressive
3831,k,q,check,['check'],"[('p1', 'check'), ('p2', 'check')]",6.0,-468.0,12.0,p1,showdown,False,2,114.0,114.0,loose_aggressive
3832,k,q,check,['check'],"[('p1', 'check'), ('p2', 'check')]",6.0,-462.0,12.0,p1,showdown,False,2,114.0,114.0,loose_aggressive
3833,k,q,check,['check'],"[('p1', 'check'), ('p2', 'check')]",6.0,-456.0,12.0,p1,showdown,False,2,114.0,114.0,loose_aggressive
3834,q,q,check,['check'],"[('p1', 'check'), ('p2', 'check')]",0.0,-456.0,0.0,tie,showdown,False,2,114.0,114.0,loose_aggressive
3835,q,k,check,"['check', 'fold']","[('p1', 'check'), ('p2', 'max_raise'), ('p1', 'fold')]",-6.0,-462.0,24.0,p2,fold,False,3,114.0,102.0,loose_aggressive
3836,k,k,check,"['check', 'call']","[('p1', 'check'), ('p2', 'max_raise'), ('p1', 'call')]",0.0,-462.0,0.0,tie,showdown,False,3,114.0,102.0,loose_aggressive
3837,j,q,check,['check'],"[('p1', 'check'), ('p2', 'check')]",-6.0,-468.0,12.0,p2,showdown,False,2,114.0,114.0,loose_aggressive
3838,j,q,check,['check'],"[('p1', 'check'), ('p2', 'check')]",-6.0,-474.0,12.0,p2,showdown,False,2,114.0,114.0,loose_aggressive
3839,k,q,check,['check'],"[('p1', 'check'), ('p2', 'check')]",6.0,-468.0,12.0,p1,showdown,False,2,114.0,114.0,loose_aggressive
3840,j,k,check,"['check', 'fold']","[('p1', 'check'), ('p2', 'max_raise'), ('p1', 'fold')]",-6.0,-474.0,24.0,p2,fold,False,3,114.0,102.0,loose_aggressive
3841,k,j,check,"['check', 'call']","[('p1', 'check'), ('p2', 'min_raise'), ('p1', 'call')]",12.0,-462.0,24.0,p1,showdown,False,3,114.0,108.0,loose_aggressive
3842,q,k,check,"['check', 'fold']","[('p1', 'check'), ('p2', 'max_raise'), ('p1', 'fold')]",-6.0,-468.0,24.0,p2,fold,False,3,114.0,102.0,loose_aggressive
3843,k,q,check,['check'],"[('p1', 'check'), ('p2', 'check')]",6.0,-462.0,12.0,p1,showdown,False,2,114.0,114.0,loose_aggressive
3844,k,j,check,['check'],"[('p1', 'check'), ('p2', 'check')]",6.0,-456.0,12.0,p1,showdown,False,2,114.0,114.0,loose_aggressive
3845,j,j,check,['check'],"[('p1', 'check'), ('p2', 'check')]",0.0,-456.0,0.0,tie,showdown,False,2,114.0,114.0,loose_aggressive
3846,k,q,check,['check'],"[('p1', 'check'), ('p2', 'check')]",6.0,-450.0,12.0,p1,showdown,False,2,114.0,114.0,loose_aggressive
3847,k,k,check,"['check', 'call']","[('p1', 'check'), ('p2', 'max_raise'), ('p1', 'call')]",0.0,-450.0,0.0,tie,showdown,False,3,114.0,102.0,loose_aggressive
3848,q,j,check,['check'],"[('p1', 'check'), ('p2', 'check')]",6.0,-444.0,12.0,p1,showdown,False,2,114.0,114.0,loose_aggressive
3849,k,j,check,"['check', 'call']","[('p1', 'check'), ('p2', 'min_raise'), ('p1', 'call')]",12.0,-432.0,24.0,p1,showdown,False,3,114.0,108.0,loose_aggressive
3850,k,q,check,['check'],"[('p1', 'check'), ('p2', 'check')]",6.0,-426.0,12.0,p1,showdown,False,2,114.0,114.0,loose_aggressive
3851,j,k,check,"['check', 'fold']","[('p1', 'check'), ('p2', 'max_raise'), ('p1', 'fold')]",-6.0,-432.0,24.0,p2,fold,False,3,114.0,102.0,loose_aggressive
3852,q,q,check,['check'],"[('p1', 'check'), ('p2', 'check')]",0.0,-432.0,0.0,tie,showdown,False,2,114.0,114.0,loose_aggressive
3853,k,k,check,"['check', 'call']","[('p1', 'check'), ('p2', 'max_raise'), ('p1', 'call')]",0.0,-432.0,0.0,tie,showdown,False,3,114.0,102.0,loose_aggressive
3854,q,k,check,"['check', 'fold']","[('p1', 'check'), ('p2', 'max_raise'), ('p1', 'fold')]",-6.0,-438.0,24.0,p2,fold,False,3,114.0,102.0,loose_aggressive
3855,k,q,check,['check'],"[('p1', 'check'), ('p2', 'check')]",6.0,-432.0,12.0,p1,showdown,False,2,114.0,114.0,loose_aggressive
3856,q,j,check,['check'],"[('p1', 'check'), ('p2', 'check')]",6.0,-426.0,12.0,p1,showdown,False,2,114.0,114.0,loose_aggressive
3857,q,j,check,"['check', 'call']","[('p1', 'check'), ('p2', 'min_raise'), ('p1', 'call')]",12.0,-414.0,24.0,p1,showdown,False,3,114.0,108.0,loose_aggressive
3858,j,q,check,['check'],"[('p1', 'check'), ('p2', 'check')]",-6.0,-420.0,12.0,p2,showdown,False,2,114.0,114.0,loose_aggressive
3859,k,j,check,['check'],"[('p1', 'check'), ('p2', 'check')]",6.0,-414.0,12.0,p1,showdown,False,2,114.0,114.0,loose_aggressive
3860,q,j,check,['check'],"[('p1', 'check'), ('p2', 'check')]",6.0,-408.0,12.0,p1,showdown,False,2,114.0,114.0,loose_aggressive
3861,q,k,check,"['check', 'fold']","[('p1', 'check'), ('p2', 'max_raise'), ('p1', 'fold')]",-6.0,-414.0,24.0,p2,fold,False,3,114.0,102.0,loose_aggressive
3862,j,q,check,['check'],"[('p1', 'check'), ('p2', 'check')]",-6.0,-420.0,12.0,p2,showdown,False,2,114.0,114.0,loose_aggressive
3863,k,j,check,['check'],"[('p1', 'check'), ('p2', 'check')]",6.0,-414.0,12.0,p1,showdown,False,2,114.0,114.0,loose_aggressive
3864,j,q,check,['check'],"[('p1', 'check'), ('p2', 'check')]",-6.0,-420.0,12.0,p2,showdown,False,2,114.0,114.0,loose_aggressive
3865,j,q,check,['check'],"[('p1', 'check'), ('p2', 'check')]",-6.0,-426.0,12.0,p2,showdown,False,2,114.0,114.0,loose_aggressive
3866,q,j,check,['check'],"[('p1', 'check'), ('p2', 'check')]",6.0,-420.0,12.0,p1,showdown,False,2,114.0,114.0,loose_aggressive
3867,j,k,check,"['check', 'fold']","[('p1', 'check'), ('p2', 'max_raise'), ('p1', 'fold')]",-6.0,-426.0,24.0,p2,fold,False,3,114.0,102.0,loose_aggressive
3868,q,k,check,"['check', 'fold']","[('p1', 'check'), ('p2', 'max_raise'), ('p1', 'fold')]",-6.0,-432.0,24.0,p2,fold,False,3,114.0,102.0,loose_aggressive
3869,k,q,check,['check'],"[('p1', 'check'), ('p2', 'check')]",6.0,-426.0,12.0,p1,showdown,False,2,114.0,114.0,loose_aggressive
3870,j,j,check,['check'],"[('p1', 'check'), ('p2', 'check')]",0.0,-426.0,0.0,tie,showdown,False,2,114.0,114.0,loose_aggressive
3871,j,q,check,['check'],"[('p1', 'check'), ('p2', 'check')]",-6.0,-432.0,12.0,p2,showdown,False,2,114.0,114.0,loose_aggressive
3872,q,q,check,['check'],"[('p1', 'check'), ('p2', 'check')]",0.0,-432.0,0.0,tie,showdown,False,2,114.0,114.0,loose_aggressive
3873,k,q,check,['check'],"[('p1', 'check'), ('p2', 'check')]",6.0,-426.0,12.0,p1,showdown,False,2,114.0,114.0,loose_aggressive
3874,q,q,check,['check'],"[('p1', 'check'), ('p2', 'check')]",0.0,-426.0,0.0,tie,showdown,False,2,114.0,114.0,loose_aggressive
3875,j,j,check,['check'],"[('p1', 'check'), ('p2', 'check')]",0.0,-426.0,0.0,tie,showdown,False,2,114.0,114.0,loose_aggressive
3876,q,q,check,['check'],"[('p1', 'check'), ('p2', 'check')]",0.0,-426.0,0.0,tie,showdown,False,2,114.0,114.0,loose_aggressive
3877,j,q,check,['check'],"[('p1', 'check'), ('p2', 'check')]",-6.0,-432.0,12.0,p2,showdown,False,2,114.0,114.0,loose_aggressive
3878,k,j,check,['check'],"[('p1', 'check'), ('p2', 'check')]",6.0,-426.0,12.0,p1,showdown,False,2,114.0,114.0,loose_aggressive
3879,q,q,check,['check'],"[('p1', 'check'), ('p2', 'check')]",0.0,-426.0,0.0,tie,showdown,False,2,114.0,114.0,loose_aggressive
3880,j,q,check,['check'],"[('p1', 'check'), ('p2', 'check')]",-6.0,-432.0,12.0,p2,showdown,False,2,114.0,114.0,loose_aggressive
3881,k,q,check,['check'],"[('p1', 'check'), ('p2', 'check')]",6.0,-426.0,12.0,p1,showdown,False,2,114.0,114.0,loose_aggressive
3882,q,k,check,"['check', 'fold']","[('p1', 'check'), ('p2', 'max_raise'), ('p1', 'fold')]",-6.0,-432.0,24.0,p2,fold,False,3,114.0,102.0,loose_aggressive
3883,k,k,check,"['check', 'call']","[('p1', 'check'), ('p2', 'max_raise'), ('p1', 'call')]",0.0,-432.0,0.0,tie,showdown,False,3,114.0,102.0,loose_aggressive
3884,j,k,check,"['check', 'fold']","[('p1', 'check'), ('p2', 'max_raise'), ('p1', 'fold')]",-6.0,-438.0,24.0,p2,fold,False,3,114.0,102.0,loose_aggressive
3885,j,q,check,['check'],"[('p1', 'check'), ('p2', 'check')]",-6.0,-444.0,12.0,p2,showdown,False,2,114.0,114.0,loose_aggressive
3886,j,k,check,"['check', 'fold']","[('p1', 'check'), ('p2', 'max_raise'), ('p1', 'fold')]",-6.0,-450.0,24.0,p2,fold,False,3,114.0,102.0,loose_aggressive
3887,j,q,check,['check'],"[('p1', 'check'), ('p2', 'check')]",-6.0,-456.0,12.0,p2,showdown,False,2,114.0,114.0,loose_aggressive
3888,j,j,check,['check'],"[('p1', 'check'), ('p2', 'check')]",0.0,-456.0,0.0,tie,showdown,False,2,114.0,114.0,loose_aggressive
3889,j,k,check,"['check', 'fold']","[('p1', 'check'), ('p2', 'max_raise'), ('p1', 'fold')]",-6.0,-462.0,24.0,p2,fold,False,3,114.0,102.0,loose_aggressive
3890,j,j,check,['check'],"[('p1', 'check'), ('p2', 'check')]",0.0,-462.0,0.0,tie,showdown,False,2,114.0,114.0,loose_aggressive
3891,k,q,check,['check'],"[('p1', 'check'), ('p2', 'check')]",6.0,-456.0,12.0,p1,showdown,False,2,114.0,114.0,loose_aggressive
3892,j,k,check,"['check', 'fold']","[('p1', 'check'), ('p2', 'max_raise'), ('p1', 'fold')]",-6.0,-462.0,24.0,p2,fold,False,3,114.0,102.0,loose_aggressive
3893,j,j,check,['check'],"[('p1', 'check'), ('p2', 'check')]",0.0,-462.0,0.0,tie,showdown,False,2,114.0,114.0,loose_aggressive
3894,q,k,check,"['check', 'fold']","[('p1', 'check'), ('p2', 'max_raise'), ('p1', 'fold')]",-6.0,-468.0,24.0,p2,fold,False,3,114.0,102.0,loose_aggressive
3895,q,j,check,['check'],"[('p1', 'check'), ('p2', 'check')]",6.0,-462.0,12.0,p1,showdown,False,2,114.0,114.0,loose_aggressive
3896,j,k,check,"['check', 'fold']","[('p1', 'check'), ('p2', 'max_raise'), ('p1', 'fold')]",-6.0,-468.0,24.0,p2,fold,False,3,114.0,102.0,loose_aggressive
3897,k,q,check,['check'],"[('p1', 'check'), ('p2', 'check')]",6.0,-462.0,12.0,p1,showdown,False,2,114.0,114.0,loose_aggressive
3898,q,j,check,['check'],"[('p1', 'check'), ('p2', 'check')]",6.0,-456.0,12.0,p1,showdown,False,2,114.0,114.0,loose_aggressive
3899,j,q,check,['check'],"[('p1', 'check'), ('p2', 'check')]",-6.0,-462.0,12.0,p2,showdown,False,2,114.0,114.0,loose_aggressive
3900,q,q,check,['check'],"[('p1', 'check'), ('p2', 'check')]",0.0,-462.0,0.0,tie,showdown,False,2,114.0,114.0,loose_aggressive
3901,q,q,check,['check'],"[('p1', 'check'), ('p2', 'check')]",0.0,-462.0,0.0,tie,showdown,False,2,114.0,114.0,loose_aggressive
3902,k,q,check,['check'],"[('p1', 'check'), ('p2', 'check')]",6.0,-456.0,12.0,p1,showdown,False,2,114.0,114.0,loose_aggressive
3903,j,j,check,['check'],"[('p1', 'check'), ('p2', 'check')]",0.0,-456.0,0.0,tie,showdown,False,2,114.0,114.0,loose_aggressive
3904,j,k,check,"['check', 'fold']","[('p1', 'check'), ('p2', 'max_raise'), ('p1', 'fold')]",-6.0,-462.0,24.0,p2,fold,False,3,114.0,102.0,loose_aggressive
3905,k,j,check,"['check', 'call']","[('p1', 'check'), ('p2', 'min_raise'), ('p1', 'call')]",12.0,-450.0,24.0,p1,showdown,False,3,114.0,108.0,loose_aggressive
3906,k,j,check,"['check', 'call']","[('p1', 'check'), ('p2', 'min_raise'), ('p1', 'call')]",12.0,-438.0,24.0,p1,showdown,False,3,114.0,108.0,loose_aggressive
3907,j,q,check,['check'],"[('p1', 'check'), ('p2', 'check')]",-6.0,-444.0,12.0,p2,showdown,False,2,114.0,114.0,loose_aggressive
3908,k,q,check,['check'],"[('p1', 'check'), ('p2', 'check')]",6.0,-438.0,12.0,p1,showdown,False,2,114.0,114.0,loose_aggressive
3909,j,j,check,"['check', 'call']","[('p1', 'check'), ('p2', 'min_raise'), ('p1', 'call')]",0.0,-438.0,0.0,tie,showdown,False,3,114.0,108.0,loose_aggressive
3910,k,k,check,"['check', 'call']","[('p1', 'check'), ('p2', 'max_raise'), ('p1', 'call')]",0.0,-438.0,0.0,tie,showdown,False,3,114.0,102.0,loose_aggressive
3911,k,j,check,['check'],"[('p1', 'check'), ('p2', 'check')]",6.0,-432.0,12.0,p1,showdown,False,2,114.0,114.0,loose_aggressive
3912,k,q,check,['check'],"[('p1', 'check'), ('p2', 'check')]",6.0,-426.0,12.0,p1,showdown,False,2,114.0,114.0,loose_aggressive
3913,q,j,check,['check'],"[('p1', 'check'), ('p2', 'check')]",6.0,-420.0,12.0,p1,showdown,False,2,114.0,114.0,loose_aggressive
3914,k,k,check,"['check', 'call']","[('p1', 'check'), ('p2', 'max_raise'), ('p1', 'call')]",0.0,-420.0,0.0,tie,showdown,False,3,114.0,102.0,loose_aggressive
3915,j,k,check,"['check', 'fold']","[('p1', 'check'), ('p2', 'max_raise'), ('p1', 'fold')]",-6.0,-426.0,24.0,p2,fold,False,3,114.0,102.0,loose_aggressive
3916,j,k,check,"['check', 'fold']","[('p1', 'check'), ('p2', 'max_raise'), ('p1', 'fold')]",-6.0,-432.0,24.0,p2,fold,False,3,114.0,102.0,loose_aggressive
3917,q,q,check,['check'],"[('p1', 'check'), ('p2', 'check')]",0.0,-432.0,0.0,tie,showdown,False,2,114.0,114.0,loose_aggressive
3918,j,q,check,['check'],"[('p1', 'check'), ('p2', 'check')]",-6.0,-438.0,12.0,p2,showdown,False,2,114.0,114.0,loose_aggressive
3919,j,k,check,"['check', 'fold']","[('p1', 'check'), ('p2', 'max_raise'), ('p1', 'fold')]",-6.0,-444.0,24.0,p2,fold,False,3,114.0,102.0,loose_aggressive
3920,j,j,check,['check'],"[('p1', 'check'), ('p2', 'check')]",0.0,-444.0,0.0,tie,showdown,False,2,114.0,114.0,loose_aggressive
3921,j,k,check,"['check', 'fold']","[('p1', 'check'), ('p2', 'max_raise'), ('p1', 'fold')]",-6.0,-450.0,24.0,p2,fold,False,3,114.0,102.0,loose_aggressive
3922,j,j,check,['check'],"[('p1', 'check'), ('p2', 'check')]",0.0,-450.0,0.0,tie,showdown,False,2,114.0,114.0,loose_aggressive
3923,j,j,check,"['check', 'call']","[('p1', 'check'), ('p2', 'min_raise'), ('p1', 'call')]",0.0,-450.0,0.0,tie,showdown,False,3,114.0,108.0,loose_aggressive
3924,j,q,check,['check'],"[('p1', 'check'), ('p2', 'check')]",-6.0,-456.0,12.0,p2,showdown,False,2,114.0,114.0,loose_aggressive
3925,q,k,check,"['check', 'fold']","[('p1', 'check'), ('p2', 'max_raise'), ('p1', 'fold')]",-6.0,-462.0,24.0,p2,fold,False,3,114.0,102.0,loose_aggressive
3926,j,k,check,"['check', 'fold']","[('p1', 'check'), ('p2', 'max_raise'), ('p1', 'fold')]",-6.0,-468.0,24.0,p2,fold,False,3,114.0,102.0,loose_aggressive
3927,k,q,check,['check'],"[('p1', 'check'), ('p2', 'check')]",6.0,-462.0,12.0,p1,showdown,False,2,114.0,114.0,loose_aggressive
3928,j,q,check,['check'],"[('p1', 'check'), ('p2', 'check')]",-6.0,-468.0,12.0,p2,showdown,False,2,114.0,114.0,loose_aggressive
3929,k,j,check,"['check', 'call']","[('p1', 'check'), ('p2', 'min_raise'), ('p1', 'call')]",12.0,-456.0,24.0,p1,showdown,False,3,114.0,108.0,loose_aggressive
3930,k,j,check,['check'],"[('p1', 'check'), ('p2', 'check')]",6.0,-450.0,12.0,p1,showdown,False,2,114.0,114.0,loose_aggressive
3931,j,j,check,['check'],"[('p1', 'check'), ('p2', 'check')]",0.0,-450.0,0.0,tie,showdown,False,2,114.0,114.0,loose_aggressive
3932,k,j,check,['check'],"[('p1', 'check'), ('p2', 'check')]",6.0,-444.0,12.0,p1,showdown,False,2,114.0,114.0,loose_aggressive
3933,j,q,check,['check'],"[('p1', 'check'), ('p2', 'check')]",-6.0,-450.0,12.0,p2,showdown,False,2,114.0,114.0,loose_aggressive
3934,k,q,check,['check'],"[('p1', 'check'), ('p2', 'check')]",6.0,-444.0,12.0,p1,showdown,False,2,114.0,114.0,loose_aggressive
3935,j,q,check,['check'],"[('p1', 'check'), ('p2', 'check')]",-6.0,-450.0,12.0,p2,showdown,False,2,114.0,114.0,loose_aggressive
3936,j,k,check,"['check', 'fold']","[('p1', 'check'), ('p2', 'max_raise'), ('p1', 'fold')]",-6.0,-456.0,24.0,p2,fold,False,3,114.0,102.0,loose_aggressive
3937,k,q,check,['check'],"[('p1', 'check'), ('p2', 'check')]",6.0,-450.0,12.0,p1,showdown,False,2,114.0,114.0,loose_aggressive
3938,q,k,check,"['check', 'fold']","[('p1', 'check'), ('p2', 'max_raise'), ('p1', 'fold')]",-6.0,-456.0,24.0,p2,fold,False,3,114.0,102.0,loose_aggressive
3939,k,j,check,"['check', 'call']","[('p1', 'check'), ('p2', 'min_raise'), ('p1', 'call')]",12.0,-444.0,24.0,p1,showdown,False,3,114.0,108.0,loose_aggressive
3940,k,j,check,['check'],"[('p1', 'check'), ('p2', 'check')]",6.0,-438.0,12.0,p1,showdown,False,2,114.0,114.0,loose_aggressive
3941,q,j,check,"['check', 'call']","[('p1', 'check'), ('p2', 'min_raise'), ('p1', 'call')]",12.0,-426.0,24.0,p1,showdown,False,3,114.0,108.0,loose_aggressive
3942,k,j,check,['check'],"[('p1', 'check'), ('p2', 'check')]",6.0,-420.0,12.0,p1,showdown,False,2,114.0,114.0,loose_aggressive
3943,q,q,check,['check'],"[('p1', 'check'), ('p2', 'check')]",0.0,-420.0,0.0,tie,showdown,False,2,114.0,114.0,loose_aggressive
3944,k,q,check,['check'],"[('p1', 'check'), ('p2', 'check')]",6.0,-414.0,12.0,p1,showdown,False,2,114.0,114.0,loose_aggressive
3945,k,j,check,['check'],"[('p1', 'check'), ('p2', 'check')]",6.0,-408.0,12.0,p1,showdown,False,2,114.0,114.0,loose_aggressive
3946,q,q,check,['check'],"[('p1', 'check'), ('p2', 'check')]",0.0,-408.0,0.0,tie,showdown,False,2,114.0,114.0,loose_aggressive
3947,k,j,check,['check'],"[('p1', 'check'), ('p2', 'check')]",6.0,-402.0,12.0,p1,showdown,False,2,114.0,114.0,loose_aggressive
3948,q,q,check,['check'],"[('p1', 'check'), ('p2', 'check')]",0.0,-402.0,0.0,tie,showdown,False,2,114.0,114.0,loose_aggressive
3949,k,k,check,"['check', 'call']","[('p1', 'check'), ('p2', 'max_raise'), ('p1', 'call')]",0.0,-402.0,0.0,tie,showdown,False,3,114.0,102.0,loose_aggressive
3950,j,q,check,['check'],"[('p1', 'check'), ('p2', 'check')]",-6.0,-408.0,12.0,p2,showdown,False,2,114.0,114.0,loose_aggressive
3951,j,k,check,"['check', 'fold']","[('p1', 'check'), ('p2', 'max_raise'), ('p1', 'fold')]",-6.0,-414.0,24.0,p2,fold,False,3,114.0,102.0,loose_aggressive
3952,j,q,check,['check'],"[('p1', 'check'), ('p2', 'check')]",-6.0,-420.0,12.0,p2,showdown,False,2,114.0,114.0,loose_aggressive
3953,k,j,check,['check'],"[('p1', 'check'), ('p2', 'check')]",6.0,-414.0,12.0,p1,showdown,False,2,114.0,114.0,loose_aggressive
3954,k,q,check,['check'],"[('p1', 'check'), ('p2', 'check')]",6.0,-408.0,12.0,p1,showdown,False,2,114.0,114.0,loose_aggressive
3955,j,k,check,"['check', 'fold']","[('p1', 'check'), ('p2', 'max_raise'), ('p1', 'fold')]",-6.0,-414.0,24.0,p2,fold,False,3,114.0,102.0,loose_aggressive
3956,k,q,check,['check'],"[('p1', 'check'), ('p2', 'check')]",6.0,-408.0,12.0,p1,showdown,False,2,114.0,114.0,loose_aggressive
3957,k,k,check,"['check', 'call']","[('p1', 'check'), ('p2', 'max_raise'), ('p1', 'call')]",0.0,-408.0,0.0,tie,showdown,False,3,114.0,102.0,loose_aggressive
3958,j,q,check,['check'],"[('p1', 'check'), ('p2', 'check')]",-6.0,-414.0,12.0,p2,showdown,False,2,114.0,114.0,loose_aggressive
3959,j,j,check,['check'],"[('p1', 'check'), ('p2', 'check')]",0.0,-414.0,0.0,tie,showdown,False,2,114.0,114.0,loose_aggressive
3960,q,q,check,['check'],"[('p1', 'check'), ('p2', 'check')]",0.0,-414.0,0.0,tie,showdown,False,2,114.0,114.0,loose_aggressive
3961,k,k,check,"['check', 'call']","[('p1', 'check'), ('p2', 'max_raise'), ('p1', 'call')]",0.0,-414.0,0.0,tie,showdown,False,3,114.0,102.0,loose_aggressive
3962,k,k,check,"['check', 'call']","[('p1', 'check'), ('p2', 'max_raise'), ('p1', 'call')]",0.0,-414.0,0.0,tie,showdown,False,3,114.0,102.0,loose_aggressive
3963,k,k,check,"['check', 'call']","[('p1', 'check'), ('p2', 'max_raise'), ('p1', 'call')]",0.0,-414.0,0.0,tie,showdown,False,3,114.0,102.0,loose_aggressive
3964,q,q,check,['check'],"[('p1', 'check'), ('p2', 'check')]",0.0,-414.0,0.0,tie,showdown,False,2,114.0,114.0,loose_aggressive
3965,q,k,check,"['check', 'fold']","[('p1', 'check'), ('p2', 'max_raise'), ('p1', 'fold')]",-6.0,-420.0,24.0,p2,fold,False,3,114.0,102.0,loose_aggressive
3966,j,k,check,"['check', 'fold']","[('p1', 'check'), ('p2', 'max_raise'), ('p1', 'fold')]",-6.0,-426.0,24.0,p2,fold,False,3,114.0,102.0,loose_aggressive
3967,j,k,check,"['check', 'fold']","[('p1', 'check'), ('p2', 'max_raise'), ('p1', 'fold')]",-6.0,-432.0,24.0,p2,fold,False,3,114.0,102.0,loose_aggressive
3968,k,q,check,['check'],"[('p1', 'check'), ('p2', 'check')]",6.0,-426.0,12.0,p1,showdown,False,2,114.0,114.0,loose_aggressive
3969,k,q,check,['check'],"[('p1', 'check'), ('p2', 'check')]",6.0,-420.0,12.0,p1,showdown,False,2,114.0,114.0,loose_aggressive
3970,j,k,check,"['check', 'fold']","[('p1', 'check'), ('p2', 'max_raise'), ('p1', 'fold')]",-6.0,-426.0,24.0,p2,fold,False,3,114.0,102.0,loose_aggressive
3971,k,j,check,"['check', 'call']","[('p1', 'check'), ('p2', 'min_raise'), ('p1', 'call')]",12.0,-414.0,24.0,p1,showdown,False,3,114.0,108.0,loose_aggressive
3972,k,j,check,"['check', 'call']","[('p1', 'check'), ('p2', 'min_raise'), ('p1', 'call')]",12.0,-402.0,24.0,p1,showdown,False,3,114.0,108.0,loose_aggressive
3973,q,k,check,"['check', 'fold']","[('p1', 'check'), ('p2', 'max_raise'), ('p1', 'fold')]",-6.0,-408.0,24.0,p2,fold,False,3,114.0,102.0,loose_aggressive
3974,q,k,check,"['check', 'fold']","[('p1', 'check'), ('p2', 'max_raise'), ('p1', 'fold')]",-6.0,-414.0,24.0,p2,fold,False,3,114.0,102.0,loose_aggressive
3975,q,k,check,"['check', 'fold']","[('p1', 'check'), ('p2', 'max_raise'), ('p1', 'fold')]",-6.0,-420.0,24.0,p2,fold,False,3,114.0,102.0,loose_aggressive
3976,k,k,check,"['check', 'call']","[('p1', 'check'), ('p2', 'max_raise'), ('p1', 'call')]",0.0,-420.0,0.0,tie,showdown,False,3,114.0,102.0,loose_aggressive
3977,q,j,check,['check'],"[('p1', 'check'), ('p2', 'check')]",6.0,-414.0,12.0,p1,showdown,False,2,114.0,114.0,loose_aggressive
3978,q,j,check,"['check', 'call']","[('p1', 'check'), ('p2', 'min_raise'), ('p1', 'call')]",12.0,-402.0,24.0,p1,showdown,False,3,114.0,108.0,loose_aggressive
3979,k,q,check,['check'],"[('p1', 'check'), ('p2', 'check')]",6.0,-396.0,12.0,p1,showdown,False,2,114.0,114.0,loose_aggressive
3980,k,k,check,"['check', 'call']","[('p1', 'check'), ('p2', 'max_raise'), ('p1', 'call')]",0.0,-396.0,0.0,tie,showdown,False,3,114.0,102.0,loose_aggressive
3981,q,k,check,"['check', 'fold']","[('p1', 'check'), ('p2', 'max_raise'), ('p1', 'fold')]",-6.0,-402.0,24.0,p2,fold,False,3,114.0,102.0,loose_aggressive
3982,j,k,check,"['check', 'fold']","[('p1', 'check'), ('p2', 'max_raise'), ('p1', 'fold')]",-6.0,-408.0,24.0,p2,fold,False,3,114.0,102.0,loose_aggressive
3983,j,j,check,['check'],"[('p1', 'check'), ('p2', 'check')]",0.0,-408.0,0.0,tie,showdown,False,2,114.0,114.0,loose_aggressive
3984,k,k,check,"['check', 'call']","[('p1', 'check'), ('p2', 'max_raise'), ('p1', 'call')]",0.0,-408.0,0.0,tie,showdown,False,3,114.0,102.0,loose_aggressive
3985,q,k,check,"['check', 'fold']","[('p1', 'check'), ('p2', 'max_raise'), ('p1', 'fold')]",-6.0,-414.0,24.0,p2,fold,False,3,114.0,102.0,loose_aggressive
3986,k,q,check,['check'],"[('p1', 'check'), ('p2', 'check')]",6.0,-408.0,12.0,p1,showdown,False,2,114.0,114.0,loose_aggressive
3987,k,q,check,['check'],"[('p1', 'check'), ('p2', 'check')]",6.0,-402.0,12.0,p1,showdown,False,2,114.0,114.0,loose_aggressive
3988,j,k,check,"['check', 'fold']","[('p1', 'check'), ('p2', 'max_raise'), ('p1', 'fold')]",-6.0,-408.0,24.0,p2,fold,False,3,114.0,102.0,loose_aggressive
3989,q,k,check,"['check', 'fold']","[('p1', 'check'), ('p2', 'max_raise'), ('p1', 'fold')]",-6.0,-414.0,24.0,p2,fold,False,3,114.0,102.0,loose_aggressive
3990,q,q,check,['check'],"[('p1', 'check'), ('p2', 'check')]",0.0,-414.0,0.0,tie,showdown,False,2,114.0,114.0,loose_aggressive
3991,j,j,check,['check'],"[('p1', 'check'), ('p2', 'check')]",0.0,-414.0,0.0,tie,showdown,False,2,114.0,114.0,loose_aggressive
3992,k,k,check,"['check', 'call']","[('p1', 'check'), ('p2', 'max_raise'), ('p1', 'call')]",0.0,-414.0,0.0,tie,showdown,False,3,114.0,102.0,loose_aggressive
3993,k,j,check,['check'],"[('p1', 'check'), ('p2', 'check')]",6.0,-408.0,12.0,p1,showdown,False,2,114.0,114.0,loose_aggressive
3994,j,k,check,"['check', 'fold']","[('p1', 'check'), ('p2', 'max_raise'), ('p1', 'fold')]",-6.0,-414.0,24.0,p2,fold,False,3,114.0,102.0,loose_aggressive
3995,j,k,check,"['check', 'fold']","[('p1', 'check'), ('p2', 'max_raise'), ('p1', 'fold')]",-6.0,-420.0,24.0,p2,fold,False,3,114.0,102.0,loose_aggressive
3996,k,j,check,['check'],"[('p1', 'check'), ('p2', 'check')]",6.0,-414.0,12.0,p1,showdown,False,2,114.0,114.0,loose_aggressive
3997,j,k,check,"['check', 'fold']","[('p1', 'check'), ('p2', 'max_raise'), ('p1', 'fold')]",-6.0,-420.0,24.0,p2,fold,False,3,114.0,102.0,loose_aggressive
3998,k,q,check,['check'],"[('p1', 'check'), ('p2', 'check')]",6.0,-414.0,12.0,p1,showdown,False,2,114.0,114.0,loose_aggressive
3999,q,k,check,"['check', 'fold']","[('p1', 'check'), ('p2', 'max_raise'), ('p1', 'fold')]",-6.0,-420.0,24.0,p2,fold,False,3,114.0,102.0,loose_aggressive
4000,j,k,check,"['check', 'fold']","[('p1', 'check'), ('p2', 'max_raise'), ('p1', 'fold')]",-6.0,-426.0,24.0,p2,fold,False,3,114.0,102.0,loose_aggressive
4001,q,q,check,['check'],"[('p1', 'check'), ('p2', 'check')]",0.0,-426.0,0.0,tie,showdown,False,2,114.0,114.0,loose_aggressive
4002,q,j,check,['check'],"[('p1', 'check'), ('p2', 'check')]",6.0,-420.0,12.0,p1,showdown,False,2,114.0,114.0,loose_aggressive
4003,q,j,check,['check'],"[('p1', 'check'), ('p2', 'check')]",6.0,-414.0,12.0,p1,showdown,False,2,114.0,114.0,loose_aggressive
4004,k,q,check,['check'],"[('p1', 'check'), ('p2', 'check')]",6.0,-408.0,12.0,p1,showdown,False,2,114.0,114.0,loose_aggressive
4005,q,k,check,"['check', 'fold']","[('p1', 'check'), ('p2', 'max_raise'), ('p1', 'fold')]",-6.0,-414.0,24.0,p2,fold,False,3,114.0,102.0,loose_aggressive
4006,j,k,check,"['check', 'fold']","[('p1', 'check'), ('p2', 'max_raise'), ('p1', 'fold')]",-6.0,-420.0,24.0,p2,fold,False,3,114.0,102.0,loose_aggressive
4007,k,j,check,"['check', 'call']","[('p1', 'check'), ('p2', 'min_raise'), ('p1', 'call')]",12.0,-408.0,24.0,p1,showdown,False,3,114.0,108.0,loose_aggressive
4008,k,j,check,['check'],"[('p1', 'check'), ('p2', 'check')]",6.0,-402.0,12.0,p1,showdown,False,2,114.0,114.0,loose_aggressive
4009,k,k,check,"['check', 'call']","[('p1', 'check'), ('p2', 'max_raise'), ('p1', 'call')]",0.0,-402.0,0.0,tie,showdown,False,3,114.0,102.0,loose_aggressive
4010,q,k,check,"['check', 'fold']","[('p1', 'check'), ('p2', 'max_raise'), ('p1', 'fold')]",-6.0,-408.0,24.0,p2,fold,False,3,114.0,102.0,loose_aggressive
4011,j,k,check,"['check', 'fold']","[('p1', 'check'), ('p2', 'max_raise'), ('p1', 'fold')]",-6.0,-414.0,24.0,p2,fold,False,3,114.0,102.0,loose_aggressive
4012,k,k,check,"['check', 'call']","[('p1', 'check'), ('p2', 'max_raise'), ('p1', 'call')]",0.0,-414.0,0.0,tie,showdown,False,3,114.0,102.0,loose_aggressive
4013,k,j,check,['check'],"[('p1', 'check'), ('p2', 'check')]",6.0,-408.0,12.0,p1,showdown,False,2,114.0,114.0,loose_aggressive
4014,j,j,check,['check'],"[('p1', 'check'), ('p2', 'check')]",0.0,-408.0,0.0,tie,showdown,False,2,114.0,114.0,loose_aggressive
4015,k,k,check,"['check', 'call']","[('p1', 'check'), ('p2', 'max_raise'), ('p1', 'call')]",0.0,-408.0,0.0,tie,showdown,False,3,114.0,102.0,loose_aggressive
4016,j,q,check,['check'],"[('p1', 'check'), ('p2', 'check')]",-6.0,-414.0,12.0,p2,showdown,False,2,114.0,114.0,loose_aggressive
4017,j,j,check,['check'],"[('p1', 'check'), ('p2', 'check')]",0.0,-414.0,0.0,tie,showdown,False,2,114.0,114.0,loose_aggressive
4018,j,k,check,"['check', 'fold']","[('p1', 'check'), ('p2', 'max_raise'), ('p1', 'fold')]",-6.0,-420.0,24.0,p2,fold,False,3,114.0,102.0,loose_aggressive
4019,k,j,check,['check'],"[('p1', 'check'), ('p2', 'check')]",6.0,-414.0,12.0,p1,showdown,False,2,114.0,114.0,loose_aggressive
4020,j,q,check,['check'],"[('p1', 'check'), ('p2', 'check')]",-6.0,-420.0,12.0,p2,showdown,False,2,114.0,114.0,loose_aggressive
4021,q,k,check,"['check', 'call']","[('p1', 'check'), ('p2', 'max_raise'), ('p1', 'call')]",-18.0,-438.0,36.0,p2,showdown,False,3,114.0,102.0,loose_aggressive
4022,k,k,check,"['check', 'call']","[('p1', 'check'), ('p2', 'max_raise'), ('p1', 'call')]",0.0,-438.0,0.0,tie,showdown,False,3,114.0,102.0,loose_aggressive
4023,k,k,check,"['check', 'call']","[('p1', 'check'), ('p2', 'max_raise'), ('p1', 'call')]",0.0,-438.0,0.0,tie,showdown,False,3,114.0,102.0,loose_aggressive
4024,j,q,check,['check'],"[('p1', 'check'), ('p2', 'check')]",-6.0,-444.0,12.0,p2,showdown,False,2,114.0,114.0,loose_aggressive
4025,k,j,check,['check'],"[('p1', 'check'), ('p2', 'check')]",6.0,-438.0,12.0,p1,showdown,False,2,114.0,114.0,loose_aggressive
4026,j,k,check,"['check', 'fold']","[('p1', 'check'), ('p2', 'max_raise'), ('p1', 'fold')]",-6.0,-444.0,24.0,p2,fold,False,3,114.0,102.0,loose_aggressive
4027,q,j,check,['check'],"[('p1', 'check'), ('p2', 'check')]",6.0,-438.0,12.0,p1,showdown,False,2,114.0,114.0,loose_aggressive
4028,k,q,check,['check'],"[('p1', 'check'), ('p2', 'check')]",6.0,-432.0,12.0,p1,showdown,False,2,114.0,114.0,loose_aggressive
4029,q,q,check,['check'],"[('p1', 'check'), ('p2', 'check')]",0.0,-432.0,0.0,tie,showdown,False,2,114.0,114.0,loose_aggressive
4030,j,k,check,"['check', 'fold']","[('p1', 'check'), ('p2', 'max_raise'), ('p1', 'fold')]",-6.0,-438.0,24.0,p2,fold,False,3,114.0,102.0,loose_aggressive
4031,q,k,check,"['check', 'fold']","[('p1', 'check'), ('p2', 'max_raise'), ('p1', 'fold')]",-6.0,-444.0,24.0,p2,fold,False,3,114.0,102.0,loose_aggressive
4032,j,q,check,['check'],"[('p1', 'check'), ('p2', 'check')]",-6.0,-450.0,12.0,p2,showdown,False,2,114.0,114.0,loose_aggressive
4033,k,q,check,['check'],"[('p1', 'check'), ('p2', 'check')]",6.0,-444.0,12.0,p1,showdown,False,2,114.0,114.0,loose_aggressive
4034,j,j,check,['check'],"[('p1', 'check'), ('p2', 'check')]",0.0,-444.0,0.0,tie,showdown,False,2,114.0,114.0,loose_aggressive
4035,j,k,check,"['check', 'fold']","[('p1', 'check'), ('p2', 'max_raise'), ('p1', 'fold')]",-6.0,-450.0,24.0,p2,fold,False,3,114.0,102.0,loose_aggressive
4036,j,q,check,['check'],"[('p1', 'check'), ('p2', 'check')]",-6.0,-456.0,12.0,p2,showdown,False,2,114.0,114.0,loose_aggressive
4037,j,k,check,"['check', 'fold']","[('p1', 'check'), ('p2', 'max_raise'), ('p1', 'fold')]",-6.0,-462.0,24.0,p2,fold,False,3,114.0,102.0,loose_aggressive
4038,k,q,check,['check'],"[('p1', 'check'), ('p2', 'check')]",6.0,-456.0,12.0,p1,showdown,False,2,114.0,114.0,loose_aggressive
4039,j,k,check,"['check', 'fold']","[('p1', 'check'), ('p2', 'max_raise'), ('p1', 'fold')]",-6.0,-462.0,24.0,p2,fold,False,3,114.0,102.0,loose_aggressive
4040,q,k,check,"['check', 'fold']","[('p1', 'check'), ('p2', 'max_raise'), ('p1', 'fold')]",-6.0,-468.0,24.0,p2,fold,False,3,114.0,102.0,loose_aggressive
4041,j,q,check,['check'],"[('p1', 'check'), ('p2', 'check')]",-6.0,-474.0,12.0,p2,showdown,False,2,114.0,114.0,loose_aggressive
4042,j,k,check,"['check', 'fold']","[('p1', 'check'), ('p2', 'max_raise'), ('p1', 'fold')]",-6.0,-480.0,24.0,p2,fold,False,3,114.0,102.0,loose_aggressive
4043,k,q,check,['check'],"[('p1', 'check'), ('p2', 'check')]",6.0,-474.0,12.0,p1,showdown,False,2,114.0,114.0,loose_aggressive
4044,q,j,check,['check'],"[('p1', 'check'), ('p2', 'check')]",6.0,-468.0,12.0,p1,showdown,False,2,114.0,114.0,loose_aggressive
4045,q,q,check,['check'],"[('p1', 'check'), ('p2', 'check')]",0.0,-468.0,0.0,tie,showdown,False,2,114.0,114.0,loose_aggressive
4046,j,k,check,"['check', 'fold']","[('p1', 'check'), ('p2', 'max_raise'), ('p1', 'fold')]",-6.0,-474.0,24.0,p2,fold,False,3,114.0,102.0,loose_aggressive
4047,k,k,check,"['check', 'call']","[('p1', 'check'), ('p2', 'max_raise'), ('p1', 'call')]",0.0,-474.0,0.0,tie,showdown,False,3,114.0,102.0,loose_aggressive
4048,k,q,check,['check'],"[('p1', 'check'), ('p2', 'check')]",6.0,-468.0,12.0,p1,showdown,False,2,114.0,114.0,loose_aggressive
4049,q,j,check,['check'],"[('p1', 'check'), ('p2', 'check')]",6.0,-462.0,12.0,p1,showdown,False,2,114.0,114.0,loose_aggressive
4050,q,j,check,['check'],"[('p1', 'check'), ('p2', 'check')]",6.0,-456.0,12.0,p1,showdown,False,2,114.0,114.0,loose_aggressive
4051,j,k,check,"['check', 'fold']","[('p1', 'check'), ('p2', 'max_raise'), ('p1', 'fold')]",-6.0,-462.0,24.0,p2,fold,False,3,114.0,102.0,loose_aggressive
4052,k,j,check,['check'],"[('p1', 'check'), ('p2', 'check')]",6.0,-456.0,12.0,p1,showdown,False,2,114.0,114.0,loose_aggressive
4053,j,q,check,['check'],"[('p1', 'check'), ('p2', 'check')]",-6.0,-462.0,12.0,p2,showdown,False,2,114.0,114.0,loose_aggressive
4054,j,k,check,"['check', 'fold']","[('p1', 'check'), ('p2', 'max_raise'), ('p1', 'fold')]",-6.0,-468.0,24.0,p2,fold,False,3,114.0,102.0,loose_aggressive
4055,k,j,check,['check'],"[('p1', 'check'), ('p2', 'check')]",6.0,-462.0,12.0,p1,showdown,False,2,114.0,114.0,loose_aggressive
4056,q,k,check,"['check', 'fold']","[('p1', 'check'), ('p2', 'max_raise'), ('p1', 'fold')]",-6.0,-468.0,24.0,p2,fold,False,3,114.0,102.0,loose_aggressive
4057,q,j,check,['check'],"[('p1', 'check'), ('p2', 'check')]",6.0,-462.0,12.0,p1,showdown,False,2,114.0,114.0,loose_aggressive
4058,q,k,check,"['check', 'fold']","[('p1', 'check'), ('p2', 'max_raise'), ('p1', 'fold')]",-6.0,-468.0,24.0,p2,fold,False,3,114.0,102.0,loose_aggressive
4059,k,k,check,"['check', 'call']","[('p1', 'check'), ('p2', 'max_raise'), ('p1', 'call')]",0.0,-468.0,0.0,tie,showdown,False,3,114.0,102.0,loose_aggressive
4060,j,k,check,"['check', 'fold']","[('p1', 'check'), ('p2', 'max_raise'), ('p1', 'fold')]",-6.0,-474.0,24.0,p2,fold,False,3,114.0,102.0,loose_aggressive
4061,k,j,check,['check'],"[('p1', 'check'), ('p2', 'check')]",6.0,-468.0,12.0,p1,showdown,False,2,114.0,114.0,loose_aggressive
4062,j,q,check,['check'],"[('p1', 'check'), ('p2', 'check')]",-6.0,-474.0,12.0,p2,showdown,False,2,114.0,114.0,loose_aggressive
4063,k,j,check,['check'],"[('p1', 'check'), ('p2', 'check')]",6.0,-468.0,12.0,p1,showdown,False,2,114.0,114.0,loose_aggressive
4064,q,k,check,"['check', 'fold']","[('p1', 'check'), ('p2', 'max_raise'), ('p1', 'fold')]",-6.0,-474.0,24.0,p2,fold,False,3,114.0,102.0,loose_aggressive
4065,k,j,check,['check'],"[('p1', 'check'), ('p2', 'check')]",6.0,-468.0,12.0,p1,showdown,False,2,114.0,114.0,loose_aggressive
4066,j,q,check,['check'],"[('p1', 'check'), ('p2', 'check')]",-6.0,-474.0,12.0,p2,showdown,False,2,114.0,114.0,loose_aggressive
4067,k,k,check,"['check', 'call']","[('p1', 'check'), ('p2', 'max_raise'), ('p1', 'call')]",0.0,-474.0,0.0,tie,showdown,False,3,114.0,102.0,loose_aggressive
4068,k,j,check,['check'],"[('p1', 'check'), ('p2', 'check')]",6.0,-468.0,12.0,p1,showdown,False,2,114.0,114.0,loose_aggressive
4069,j,k,check,"['check', 'fold']","[('p1', 'check'), ('p2', 'max_raise'), ('p1', 'fold')]",-6.0,-474.0,24.0,p2,fold,False,3,114.0,102.0,loose_aggressive
4070,j,j,check,['check'],"[('p1', 'check'), ('p2', 'check')]",0.0,-474.0,0.0,tie,showdown,False,2,114.0,114.0,loose_aggressive
4071,j,q,check,['check'],"[('p1', 'check'), ('p2', 'check')]",-6.0,-480.0,12.0,p2,showdown,False,2,114.0,114.0,loose_aggressive
4072,k,j,check,"['check', 'call']","[('p1', 'check'), ('p2', 'min_raise'), ('p1', 'call')]",12.0,-468.0,24.0,p1,showdown,False,3,114.0,108.0,loose_aggressive
4073,k,q,check,['check'],"[('p1', 'check'), ('p2', 'check')]",6.0,-462.0,12.0,p1,showdown,False,2,114.0,114.0,loose_aggressive
4074,k,j,check,"['check', 'call']","[('p1', 'check'), ('p2', 'min_raise'), ('p1', 'call')]",12.0,-450.0,24.0,p1,showdown,False,3,114.0,108.0,loose_aggressive
4075,j,j,check,['check'],"[('p1', 'check'), ('p2', 'check')]",0.0,-450.0,0.0,tie,showdown,False,2,114.0,114.0,loose_aggressive
4076,k,q,check,['check'],"[('p1', 'check'), ('p2', 'check')]",6.0,-444.0,12.0,p1,showdown,False,2,114.0,114.0,loose_aggressive
4077,k,k,check,"['check', 'call']","[('p1', 'check'), ('p2', 'max_raise'), ('p1', 'call')]",0.0,-444.0,0.0,tie,showdown,False,3,114.0,102.0,loose_aggressive
4078,j,j,check,['check'],"[('p1', 'check'), ('p2', 'check')]",0.0,-444.0,0.0,tie,showdown,False,2,114.0,114.0,loose_aggressive
4079,k,j,check,"['check', 'call']","[('p1', 'check'), ('p2', 'min_raise'), ('p1', 'call')]",12.0,-432.0,24.0,p1,showdown,False,3,114.0,108.0,loose_aggressive
4080,q,k,check,"['check', 'fold']","[('p1', 'check'), ('p2', 'max_raise'), ('p1', 'fold')]",-6.0,-438.0,24.0,p2,fold,False,3,114.0,102.0,loose_aggressive
4081,j,q,check,['check'],"[('p1', 'check'), ('p2', 'check')]",-6.0,-444.0,12.0,p2,showdown,False,2,114.0,114.0,loose_aggressive
4082,j,q,check,['check'],"[('p1', 'check'), ('p2', 'check')]",-6.0,-450.0,12.0,p2,showdown,False,2,114.0,114.0,loose_aggressive
4083,q,k,check,"['check', 'fold']","[('p1', 'check'), ('p2', 'max_raise'), ('p1', 'fold')]",-6.0,-456.0,24.0,p2,fold,False,3,114.0,102.0,loose_aggressive
4084,j,q,check,['check'],"[('p1', 'check'), ('p2', 'check')]",-6.0,-462.0,12.0,p2,showdown,False,2,114.0,114.0,loose_aggressive
4085,q,q,check,['check'],"[('p1', 'check'), ('p2', 'check')]",0.0,-462.0,0.0,tie,showdown,False,2,114.0,114.0,loose_aggressive
4086,q,j,check,"['check', 'call']","[('p1', 'check'), ('p2', 'min_raise'), ('p1', 'call')]",12.0,-450.0,24.0,p1,showdown,False,3,114.0,108.0,loose_aggressive
4087,j,j,check,"['check', 'call']","[('p1', 'check'), ('p2', 'min_raise'), ('p1', 'call')]",0.0,-450.0,0.0,tie,showdown,False,3,114.0,108.0,loose_aggressive
4088,q,q,check,['check'],"[('p1', 'check'), ('p2', 'check')]",0.0,-450.0,0.0,tie,showdown,False,2,114.0,114.0,loose_aggressive
4089,q,j,check,['check'],"[('p1', 'check'), ('p2', 'check')]",6.0,-444.0,12.0,p1,showdown,False,2,114.0,114.0,loose_aggressive
4090,q,j,check,"['check', 'call']","[('p1', 'check'), ('p2', 'min_raise'), ('p1', 'call')]",12.0,-432.0,24.0,p1,showdown,False,3,114.0,108.0,loose_aggressive
4091,q,j,check,['check'],"[('p1', 'check'), ('p2', 'check')]",6.0,-426.0,12.0,p1,showdown,False,2,114.0,114.0,loose_aggressive
4092,k,q,check,['check'],"[('p1', 'check'), ('p2', 'check')]",6.0,-420.0,12.0,p1,showdown,False,2,114.0,114.0,loose_aggressive
4093,j,k,check,"['check', 'fold']","[('p1', 'check'), ('p2', 'max_raise'), ('p1', 'fold')]",-6.0,-426.0,24.0,p2,fold,False,3,114.0,102.0,loose_aggressive
4094,j,q,check,['check'],"[('p1', 'check'), ('p2', 'check')]",-6.0,-432.0,12.0,p2,showdown,False,2,114.0,114.0,loose_aggressive
4095,k,k,check,"['check', 'call']","[('p1', 'check'), ('p2', 'max_raise'), ('p1', 'call')]",0.0,-432.0,0.0,tie,showdown,False,3,114.0,102.0,loose_aggressive
4096,j,j,check,['check'],"[('p1', 'check'), ('p2', 'check')]",0.0,-432.0,0.0,tie,showdown,False,2,114.0,114.0,loose_aggressive
4097,j,q,check,['check'],"[('p1', 'check'), ('p2', 'check')]",-6.0,-438.0,12.0,p2,showdown,False,2,114.0,114.0,loose_aggressive
4098,q,q,check,['check'],"[('p1', 'check'), ('p2', 'check')]",0.0,-438.0,0.0,tie,showdown,False,2,114.0,114.0,loose_aggressive
4099,j,j,check,['check'],"[('p1', 'check'), ('p2', 'check')]",0.0,-438.0,0.0,tie,showdown,False,2,114.0,114.0,loose_aggressive
4100,k,q,check,['check'],"[('p1', 'check'), ('p2', 'check')]",6.0,-432.0,12.0,p1,showdown,False,2,114.0,114.0,loose_aggressive
4101,k,q,check,['check'],"[('p1', 'check'), ('p2', 'check')]",6.0,-426.0,12.0,p1,showdown,False,2,114.0,114.0,loose_aggressive
4102,k,q,check,['check'],"[('p1', 'check'), ('p2', 'check')]",6.0,-420.0,12.0,p1,showdown,False,2,114.0,114.0,loose_aggressive
4103,q,q,check,['check'],"[('p1', 'check'), ('p2', 'check')]",0.0,-420.0,0.0,tie,showdown,False,2,114.0,114.0,loose_aggressive
4104,q,j,check,"['check', 'call']","[('p1', 'check'), ('p2', 'min_raise'), ('p1', 'call')]",12.0,-408.0,24.0,p1,showdown,False,3,114.0,108.0,loose_aggressive
4105,q,j,check,['check'],"[('p1', 'check'), ('p2', 'check')]",6.0,-402.0,12.0,p1,showdown,False,2,114.0,114.0,loose_aggressive
4106,j,k,check,"['check', 'fold']","[('p1', 'check'), ('p2', 'max_raise'), ('p1', 'fold')]",-6.0,-408.0,24.0,p2,fold,False,3,114.0,102.0,loose_aggressive
4107,k,q,check,['check'],"[('p1', 'check'), ('p2', 'check')]",6.0,-402.0,12.0,p1,showdown,False,2,114.0,114.0,loose_aggressive
4108,q,k,check,"['check', 'fold']","[('p1', 'check'), ('p2', 'max_raise'), ('p1', 'fold')]",-6.0,-408.0,24.0,p2,fold,False,3,114.0,102.0,loose_aggressive
4109,q,j,check,['check'],"[('p1', 'check'), ('p2', 'check')]",6.0,-402.0,12.0,p1,showdown,False,2,114.0,114.0,loose_aggressive
4110,q,k,check,"['check', 'fold']","[('p1', 'check'), ('p2', 'max_raise'), ('p1', 'fold')]",-6.0,-408.0,24.0,p2,fold,False,3,114.0,102.0,loose_aggressive
4111,k,q,check,['check'],"[('p1', 'check'), ('p2', 'check')]",6.0,-402.0,12.0,p1,showdown,False,2,114.0,114.0,loose_aggressive
4112,j,k,check,"['check', 'fold']","[('p1', 'check'), ('p2', 'max_raise'), ('p1', 'fold')]",-6.0,-408.0,24.0,p2,fold,False,3,114.0,102.0,loose_aggressive
4113,q,q,check,['check'],"[('p1', 'check'), ('p2', 'check')]",0.0,-408.0,0.0,tie,showdown,False,2,114.0,114.0,loose_aggressive
4114,q,q,check,['check'],"[('p1', 'check'), ('p2', 'check')]",0.0,-408.0,0.0,tie,showdown,False,2,114.0,114.0,loose_aggressive
4115,j,j,check,"['check', 'call']","[('p1', 'check'), ('p2', 'min_raise'), ('p1', 'call')]",0.0,-408.0,0.0,tie,showdown,False,3,114.0,108.0,loose_aggressive
4116,q,k,check,"['check', 'fold']","[('p1', 'check'), ('p2', 'max_raise'), ('p1', 'fold')]",-6.0,-414.0,24.0,p2,fold,False,3,114.0,102.0,loose_aggressive
4117,q,k,check,"['check', 'fold']","[('p1', 'check'), ('p2', 'max_raise'), ('p1', 'fold')]",-6.0,-420.0,24.0,p2,fold,False,3,114.0,102.0,loose_aggressive
4118,q,q,check,['check'],"[('p1', 'check'), ('p2', 'check')]",0.0,-420.0,0.0,tie,showdown,False,2,114.0,114.0,loose_aggressive
4119,j,j,check,['check'],"[('p1', 'check'), ('p2', 'check')]",0.0,-420.0,0.0,tie,showdown,False,2,114.0,114.0,loose_aggressive
4120,j,q,check,['check'],"[('p1', 'check'), ('p2', 'check')]",-6.0,-426.0,12.0,p2,showdown,False,2,114.0,114.0,loose_aggressive
4121,j,j,check,"['check', 'call']","[('p1', 'check'), ('p2', 'min_raise'), ('p1', 'call')]",0.0,-426.0,0.0,tie,showdown,False,3,114.0,108.0,loose_aggressive
4122,j,q,check,['check'],"[('p1', 'check'), ('p2', 'check')]",-6.0,-432.0,12.0,p2,showdown,False,2,114.0,114.0,loose_aggressive
4123,q,j,check,['check'],"[('p1', 'check'), ('p2', 'check')]",6.0,-426.0,12.0,p1,showdown,False,2,114.0,114.0,loose_aggressive
4124,q,k,check,"['check', 'fold']","[('p1', 'check'), ('p2', 'max_raise'), ('p1', 'fold')]",-6.0,-432.0,24.0,p2,fold,False,3,114.0,102.0,loose_aggressive
4125,j,q,check,['check'],"[('p1', 'check'), ('p2', 'check')]",-6.0,-438.0,12.0,p2,showdown,False,2,114.0,114.0,loose_aggressive
4126,k,j,check,['check'],"[('p1', 'check'), ('p2', 'check')]",6.0,-432.0,12.0,p1,showdown,False,2,114.0,114.0,loose_aggressive
4127,q,j,check,['check'],"[('p1', 'check'), ('p2', 'check')]",6.0,-426.0,12.0,p1,showdown,False,2,114.0,114.0,loose_aggressive
4128,q,j,check,"['check', 'call']","[('p1', 'check'), ('p2', 'min_raise'), ('p1', 'call')]",12.0,-414.0,24.0,p1,showdown,False,3,114.0,108.0,loose_aggressive
4129,j,j,check,['check'],"[('p1', 'check'), ('p2', 'check')]",0.0,-414.0,0.0,tie,showdown,False,2,114.0,114.0,loose_aggressive
4130,q,k,check,"['check', 'fold']","[('p1', 'check'), ('p2', 'max_raise'), ('p1', 'fold')]",-6.0,-420.0,24.0,p2,fold,False,3,114.0,102.0,loose_aggressive
4131,k,k,check,"['check', 'call']","[('p1', 'check'), ('p2', 'max_raise'), ('p1', 'call')]",0.0,-420.0,0.0,tie,showdown,False,3,114.0,102.0,loose_aggressive
4132,k,j,check,['check'],"[('p1', 'check'), ('p2', 'check')]",6.0,-414.0,12.0,p1,showdown,False,2,114.0,114.0,loose_aggressive
4133,j,q,check,['check'],"[('p1', 'check'), ('p2', 'check')]",-6.0,-420.0,12.0,p2,showdown,False,2,114.0,114.0,loose_aggressive
4134,q,k,check,"['check', 'fold']","[('p1', 'check'), ('p2', 'max_raise'), ('p1', 'fold')]",-6.0,-426.0,24.0,p2,fold,False,3,114.0,102.0,loose_aggressive
4135,q,q,check,['check'],"[('p1', 'check'), ('p2', 'check')]",0.0,-426.0,0.0,tie,showdown,False,2,114.0,114.0,loose_aggressive
4136,k,q,check,['check'],"[('p1', 'check'), ('p2', 'check')]",6.0,-420.0,12.0,p1,showdown,False,2,114.0,114.0,loose_aggressive
4137,k,q,check,['check'],"[('p1', 'check'), ('p2', 'check')]",6.0,-414.0,12.0,p1,showdown,False,2,114.0,114.0,loose_aggressive
4138,k,j,check,['check'],"[('p1', 'check'), ('p2', 'check')]",6.0,-408.0,12.0,p1,showdown,False,2,114.0,114.0,loose_aggressive
4139,q,j,check,"['check', 'call']","[('p1', 'check'), ('p2', 'min_raise'), ('p1', 'call')]",12.0,-396.0,24.0,p1,showdown,False,3,114.0,108.0,loose_aggressive
4140,j,q,check,['check'],"[('p1', 'check'), ('p2', 'check')]",-6.0,-402.0,12.0,p2,showdown,False,2,114.0,114.0,loose_aggressive
4141,k,j,check,['check'],"[('p1', 'check'), ('p2', 'check')]",6.0,-396.0,12.0,p1,showdown,False,2,114.0,114.0,loose_aggressive
4142,j,k,check,"['check', 'fold']","[('p1', 'check'), ('p2', 'max_raise'), ('p1', 'fold')]",-6.0,-402.0,24.0,p2,fold,False,3,114.0,102.0,loose_aggressive
4143,j,q,check,['check'],"[('p1', 'check'), ('p2', 'check')]",-6.0,-408.0,12.0,p2,showdown,False,2,114.0,114.0,loose_aggressive
4144,j,k,check,"['check', 'fold']","[('p1', 'check'), ('p2', 'max_raise'), ('p1', 'fold')]",-6.0,-414.0,24.0,p2,fold,False,3,114.0,102.0,loose_aggressive
4145,q,j,check,"['check', 'call']","[('p1', 'check'), ('p2', 'min_raise'), ('p1', 'call')]",12.0,-402.0,24.0,p1,showdown,False,3,114.0,108.0,loose_aggressive
4146,j,q,check,['check'],"[('p1', 'check'), ('p2', 'check')]",-6.0,-408.0,12.0,p2,showdown,False,2,114.0,114.0,loose_aggressive
4147,j,q,check,['check'],"[('p1', 'check'), ('p2', 'check')]",-6.0,-414.0,12.0,p2,showdown,False,2,114.0,114.0,loose_aggressive
4148,q,k,check,"['check', 'fold']","[('p1', 'check'), ('p2', 'max_raise'), ('p1', 'fold')]",-6.0,-420.0,24.0,p2,fold,False,3,114.0,102.0,loose_aggressive
4149,k,q,check,['check'],"[('p1', 'check'), ('p2', 'check')]",6.0,-414.0,12.0,p1,showdown,False,2,114.0,114.0,loose_aggressive
4150,j,j,check,['check'],"[('p1', 'check'), ('p2', 'check')]",0.0,-414.0,0.0,tie,showdown,False,2,114.0,114.0,loose_aggressive
4151,q,q,check,['check'],"[('p1', 'check'), ('p2', 'check')]",0.0,-414.0,0.0,tie,showdown,False,2,114.0,114.0,loose_aggressive
4152,q,q,check,['check'],"[('p1', 'check'), ('p2', 'check')]",0.0,-414.0,0.0,tie,showdown,False,2,114.0,114.0,loose_aggressive
4153,j,j,check,['check'],"[('p1', 'check'), ('p2', 'check')]",0.0,-414.0,0.0,tie,showdown,False,2,114.0,114.0,loose_aggressive
4154,j,k,check,"['check', 'fold']","[('p1', 'check'), ('p2', 'max_raise'), ('p1', 'fold')]",-6.0,-420.0,24.0,p2,fold,False,3,114.0,102.0,loose_aggressive
4155,j,q,check,['check'],"[('p1', 'check'), ('p2', 'check')]",-6.0,-426.0,12.0,p2,showdown,False,2,114.0,114.0,loose_aggressive
4156,q,k,check,"['check', 'fold']","[('p1', 'check'), ('p2', 'max_raise'), ('p1', 'fold')]",-6.0,-432.0,24.0,p2,fold,False,3,114.0,102.0,loose_aggressive
4157,k,j,check,['check'],"[('p1', 'check'), ('p2', 'check')]",6.0,-426.0,12.0,p1,showdown,False,2,114.0,114.0,loose_aggressive
4158,k,k,check,"['check', 'call']","[('p1', 'check'), ('p2', 'max_raise'), ('p1', 'call')]",0.0,-426.0,0.0,tie,showdown,False,3,114.0,102.0,loose_aggressive
4159,q,j,check,['check'],"[('p1', 'check'), ('p2', 'check')]",6.0,-420.0,12.0,p1,showdown,False,2,114.0,114.0,loose_aggressive
4160,k,j,check,['check'],"[('p1', 'check'), ('p2', 'check')]",6.0,-414.0,12.0,p1,showdown,False,2,114.0,114.0,loose_aggressive
4161,q,j,check,['check'],"[('p1', 'check'), ('p2', 'check')]",6.0,-408.0,12.0,p1,showdown,False,2,114.0,114.0,loose_aggressive
4162,q,k,check,"['check', 'fold']","[('p1', 'check'), ('p2', 'max_raise'), ('p1', 'fold')]",-6.0,-414.0,24.0,p2,fold,False,3,114.0,102.0,loose_aggressive
4163,k,k,check,"['check', 'call']","[('p1', 'check'), ('p2', 'max_raise'), ('p1', 'call')]",0.0,-414.0,0.0,tie,showdown,False,3,114.0,102.0,loose_aggressive
4164,k,q,check,['check'],"[('p1', 'check'), ('p2', 'check')]",6.0,-408.0,12.0,p1,showdown,False,2,114.0,114.0,loose_aggressive
4165,q,q,check,['check'],"[('p1', 'check'), ('p2', 'check')]",0.0,-408.0,0.0,tie,showdown,False,2,114.0,114.0,loose_aggressive
4166,q,q,check,['check'],"[('p1', 'check'), ('p2', 'check')]",0.0,-408.0,0.0,tie,showdown,False,2,114.0,114.0,loose_aggressive
4167,j,q,check,['check'],"[('p1', 'check'), ('p2', 'check')]",-6.0,-414.0,12.0,p2,showdown,False,2,114.0,114.0,loose_aggressive
4168,k,j,check,['check'],"[('p1', 'check'), ('p2', 'check')]",6.0,-408.0,12.0,p1,showdown,False,2,114.0,114.0,loose_aggressive
4169,j,j,check,['check'],"[('p1', 'check'), ('p2', 'check')]",0.0,-408.0,0.0,tie,showdown,False,2,114.0,114.0,loose_aggressive
4170,q,q,check,['check'],"[('p1', 'check'), ('p2', 'check')]",0.0,-408.0,0.0,tie,showdown,False,2,114.0,114.0,loose_aggressive
4171,j,j,check,['check'],"[('p1', 'check'), ('p2', 'check')]",0.0,-408.0,0.0,tie,showdown,False,2,114.0,114.0,loose_aggressive
4172,k,k,check,"['check', 'call']","[('p1', 'check'), ('p2', 'max_raise'), ('p1', 'call')]",0.0,-408.0,0.0,tie,showdown,False,3,114.0,102.0,loose_aggressive
4173,q,k,check,"['check', 'fold']","[('p1', 'check'), ('p2', 'max_raise'), ('p1', 'fold')]",-6.0,-414.0,24.0,p2,fold,False,3,114.0,102.0,loose_aggressive
4174,q,q,check,['check'],"[('p1', 'check'), ('p2', 'check')]",0.0,-414.0,0.0,tie,showdown,False,2,114.0,114.0,loose_aggressive
4175,j,j,check,['check'],"[('p1', 'check'), ('p2', 'check')]",0.0,-414.0,0.0,tie,showdown,False,2,114.0,114.0,loose_aggressive
4176,j,q,check,['check'],"[('p1', 'check'), ('p2', 'check')]",-6.0,-420.0,12.0,p2,showdown,False,2,114.0,114.0,loose_aggressive
4177,j,k,check,"['check', 'fold']","[('p1', 'check'), ('p2', 'max_raise'), ('p1', 'fold')]",-6.0,-426.0,24.0,p2,fold,False,3,114.0,102.0,loose_aggressive
4178,q,j,check,['check'],"[('p1', 'check'), ('p2', 'check')]",6.0,-420.0,12.0,p1,showdown,False,2,114.0,114.0,loose_aggressive
4179,j,q,check,['check'],"[('p1', 'check'), ('p2', 'check')]",-6.0,-426.0,12.0,p2,showdown,False,2,114.0,114.0,loose_aggressive
4180,q,k,check,"['check', 'fold']","[('p1', 'check'), ('p2', 'max_raise'), ('p1', 'fold')]",-6.0,-432.0,24.0,p2,fold,False,3,114.0,102.0,loose_aggressive
4181,q,j,check,"['check', 'call']","[('p1', 'check'), ('p2', 'min_raise'), ('p1', 'call')]",12.0,-420.0,24.0,p1,showdown,False,3,114.0,108.0,loose_aggressive
4182,k,j,check,['check'],"[('p1', 'check'), ('p2', 'check')]",6.0,-414.0,12.0,p1,showdown,False,2,114.0,114.0,loose_aggressive
4183,j,q,check,['check'],"[('p1', 'check'), ('p2', 'check')]",-6.0,-420.0,12.0,p2,showdown,False,2,114.0,114.0,loose_aggressive
4184,k,q,check,['check'],"[('p1', 'check'), ('p2', 'check')]",6.0,-414.0,12.0,p1,showdown,False,2,114.0,114.0,loose_aggressive
4185,j,q,check,['check'],"[('p1', 'check'), ('p2', 'check')]",-6.0,-420.0,12.0,p2,showdown,False,2,114.0,114.0,loose_aggressive
4186,q,j,check,['check'],"[('p1', 'check'), ('p2', 'check')]",6.0,-414.0,12.0,p1,showdown,False,2,114.0,114.0,loose_aggressive
4187,k,q,check,['check'],"[('p1', 'check'), ('p2', 'check')]",6.0,-408.0,12.0,p1,showdown,False,2,114.0,114.0,loose_aggressive
4188,q,k,check,"['check', 'fold']","[('p1', 'check'), ('p2', 'max_raise'), ('p1', 'fold')]",-6.0,-414.0,24.0,p2,fold,False,3,114.0,102.0,loose_aggressive
4189,j,j,check,['check'],"[('p1', 'check'), ('p2', 'check')]",0.0,-414.0,0.0,tie,showdown,False,2,114.0,114.0,loose_aggressive
4190,j,k,check,"['check', 'fold']","[('p1', 'check'), ('p2', 'max_raise'), ('p1', 'fold')]",-6.0,-420.0,24.0,p2,fold,False,3,114.0,102.0,loose_aggressive
4191,q,k,check,"['check', 'call']","[('p1', 'check'), ('p2', 'max_raise'), ('p1', 'call')]",-18.0,-438.0,36.0,p2,showdown,False,3,114.0,102.0,loose_aggressive
4192,j,q,check,['check'],"[('p1', 'check'), ('p2', 'check')]",-6.0,-444.0,12.0,p2,showdown,False,2,114.0,114.0,loose_aggressive
4193,q,j,check,['check'],"[('p1', 'check'), ('p2', 'check')]",6.0,-438.0,12.0,p1,showdown,False,2,114.0,114.0,loose_aggressive
4194,q,k,check,"['check', 'fold']","[('p1', 'check'), ('p2', 'max_raise'), ('p1', 'fold')]",-6.0,-444.0,24.0,p2,fold,False,3,114.0,102.0,loose_aggressive
4195,k,j,check,['check'],"[('p1', 'check'), ('p2', 'check')]",6.0,-438.0,12.0,p1,showdown,False,2,114.0,114.0,loose_aggressive
4196,k,j,check,"['check', 'call']","[('p1', 'check'), ('p2', 'min_raise'), ('p1', 'call')]",12.0,-426.0,24.0,p1,showdown,False,3,114.0,108.0,loose_aggressive
4197,q,j,check,"['check', 'call']","[('p1', 'check'), ('p2', 'min_raise'), ('p1', 'call')]",12.0,-414.0,24.0,p1,showdown,False,3,114.0,108.0,loose_aggressive
4198,q,j,check,['check'],"[('p1', 'check'), ('p2', 'check')]",6.0,-408.0,12.0,p1,showdown,False,2,114.0,114.0,loose_aggressive
4199,q,q,check,['check'],"[('p1', 'check'), ('p2', 'check')]",0.0,-408.0,0.0,tie,showdown,False,2,114.0,114.0,loose_aggressive
4200,j,j,check,['check'],"[('p1', 'check'), ('p2', 'check')]",0.0,-408.0,0.0,tie,showdown,False,2,114.0,114.0,loose_aggressive
4201,j,q,check,['check'],"[('p1', 'check'), ('p2', 'check')]",-6.0,-414.0,12.0,p2,showdown,False,2,114.0,114.0,loose_aggressive
4202,k,k,check,"['check', 'call']","[('p1', 'check'), ('p2', 'max_raise'), ('p1', 'call')]",0.0,-414.0,0.0,tie,showdown,False,3,114.0,102.0,loose_aggressive
4203,q,q,check,['check'],"[('p1', 'check'), ('p2', 'check')]",0.0,-414.0,0.0,tie,showdown,False,2,114.0,114.0,loose_aggressive
4204,q,k,check,"['check', 'fold']","[('p1', 'check'), ('p2', 'max_raise'), ('p1', 'fold')]",-6.0,-420.0,24.0,p2,fold,False,3,114.0,102.0,loose_aggressive
4205,j,q,check,['check'],"[('p1', 'check'), ('p2', 'check')]",-6.0,-426.0,12.0,p2,showdown,False,2,114.0,114.0,loose_aggressive
4206,k,q,check,['check'],"[('p1', 'check'), ('p2', 'check')]",6.0,-420.0,12.0,p1,showdown,False,2,114.0,114.0,loose_aggressive
4207,k,q,check,['check'],"[('p1', 'check'), ('p2', 'check')]",6.0,-414.0,12.0,p1,showdown,False,2,114.0,114.0,loose_aggressive
4208,q,q,check,['check'],"[('p1', 'check'), ('p2', 'check')]",0.0,-414.0,0.0,tie,showdown,False,2,114.0,114.0,loose_aggressive
4209,k,k,check,"['check', 'call']","[('p1', 'check'), ('p2', 'max_raise'), ('p1', 'call')]",0.0,-414.0,0.0,tie,showdown,False,3,114.0,102.0,loose_aggressive
4210,j,k,check,"['check', 'fold']","[('p1', 'check'), ('p2', 'max_raise'), ('p1', 'fold')]",-6.0,-420.0,24.0,p2,fold,False,3,114.0,102.0,loose_aggressive
4211,k,k,check,"['check', 'call']","[('p1', 'check'), ('p2', 'max_raise'), ('p1', 'call')]",0.0,-420.0,0.0,tie,showdown,False,3,114.0,102.0,loose_aggressive
4212,q,q,check,['check'],"[('p1', 'check'), ('p2', 'check')]",0.0,-420.0,0.0,tie,showdown,False,2,114.0,114.0,loose_aggressive
4213,j,q,check,['check'],"[('p1', 'check'), ('p2', 'check')]",-6.0,-426.0,12.0,p2,showdown,False,2,114.0,114.0,loose_aggressive
4214,j,q,check,['check'],"[('p1', 'check'), ('p2', 'check')]",-6.0,-432.0,12.0,p2,showdown,False,2,114.0,114.0,loose_aggressive
4215,j,k,check,"['check', 'fold']","[('p1', 'check'), ('p2', 'max_raise'), ('p1', 'fold')]",-6.0,-438.0,24.0,p2,fold,False,3,114.0,102.0,loose_aggressive
4216,k,q,check,['check'],"[('p1', 'check'), ('p2', 'check')]",6.0,-432.0,12.0,p1,showdown,False,2,114.0,114.0,loose_aggressive
4217,q,j,check,['check'],"[('p1', 'check'), ('p2', 'check')]",6.0,-426.0,12.0,p1,showdown,False,2,114.0,114.0,loose_aggressive
4218,q,q,check,['check'],"[('p1', 'check'), ('p2', 'check')]",0.0,-426.0,0.0,tie,showdown,False,2,114.0,114.0,loose_aggressive
4219,j,k,check,"['check', 'fold']","[('p1', 'check'), ('p2', 'max_raise'), ('p1', 'fold')]",-6.0,-432.0,24.0,p2,fold,False,3,114.0,102.0,loose_aggressive
4220,q,j,check,"['check', 'call']","[('p1', 'check'), ('p2', 'min_raise'), ('p1', 'call')]",12.0,-420.0,24.0,p1,showdown,False,3,114.0,108.0,loose_aggressive
4221,q,q,check,['check'],"[('p1', 'check'), ('p2', 'check')]",0.0,-420.0,0.0,tie,showdown,False,2,114.0,114.0,loose_aggressive
4222,j,k,check,"['check', 'fold']","[('p1', 'check'), ('p2', 'max_raise'), ('p1', 'fold')]",-6.0,-426.0,24.0,p2,fold,False,3,114.0,102.0,loose_aggressive
4223,q,k,check,"['check', 'fold']","[('p1', 'check'), ('p2', 'max_raise'), ('p1', 'fold')]",-6.0,-432.0,24.0,p2,fold,False,3,114.0,102.0,loose_aggressive
4224,q,k,check,"['check', 'fold']","[('p1', 'check'), ('p2', 'max_raise'), ('p1', 'fold')]",-6.0,-438.0,24.0,p2,fold,False,3,114.0,102.0,loose_aggressive
4225,k,j,check,['check'],"[('p1', 'check'), ('p2', 'check')]",6.0,-432.0,12.0,p1,showdown,False,2,114.0,114.0,loose_aggressive
4226,k,j,check,['check'],"[('p1', 'check'), ('p2', 'check')]",6.0,-426.0,12.0,p1,showdown,False,2,114.0,114.0,loose_aggressive
4227,j,j,check,"['check', 'call']","[('p1', 'check'), ('p2', 'min_raise'), ('p1', 'call')]",0.0,-426.0,0.0,tie,showdown,False,3,114.0,108.0,loose_aggressive
4228,j,q,check,['check'],"[('p1', 'check'), ('p2', 'check')]",-6.0,-432.0,12.0,p2,showdown,False,2,114.0,114.0,loose_aggressive
4229,j,k,check,"['check', 'fold']","[('p1', 'check'), ('p2', 'max_raise'), ('p1', 'fold')]",-6.0,-438.0,24.0,p2,fold,False,3,114.0,102.0,loose_aggressive
4230,k,j,check,['check'],"[('p1', 'check'), ('p2', 'check')]",6.0,-432.0,12.0,p1,showdown,False,2,114.0,114.0,loose_aggressive
4231,q,q,check,['check'],"[('p1', 'check'), ('p2', 'check')]",0.0,-432.0,0.0,tie,showdown,False,2,114.0,114.0,loose_aggressive
4232,k,j,check,"['check', 'call']","[('p1', 'check'), ('p2', 'min_raise'), ('p1', 'call')]",12.0,-420.0,24.0,p1,showdown,False,3,114.0,108.0,loose_aggressive
4233,j,j,min_raise,['min_raise'],"[('p1', 'min_raise'), ('p2', 'call')]",0.0,-420.0,0.0,tie,showdown,True,2,108.0,114.0,loose_aggressive
4234,j,k,check,"['check', 'fold']","[('p1', 'check'), ('p2', 'max_raise'), ('p1', 'fold')]",-6.0,-426.0,24.0,p2,fold,False,3,114.0,102.0,loose_aggressive
4235,q,j,check,['check'],"[('p1', 'check'), ('p2', 'check')]",6.0,-420.0,12.0,p1,showdown,False,2,114.0,114.0,loose_aggressive
4236,j,j,check,"['check', 'call']","[('p1', 'check'), ('p2', 'min_raise'), ('p1', 'call')]",0.0,-420.0,0.0,tie,showdown,False,3,114.0,108.0,loose_aggressive
4237,k,q,check,['check'],"[('p1', 'check'), ('p2', 'check')]",6.0,-414.0,12.0,p1,showdown,False,2,114.0,114.0,loose_aggressive
4238,q,j,check,['check'],"[('p1', 'check'), ('p2', 'check')]",6.0,-408.0,12.0,p1,showdown,False,2,114.0,114.0,loose_aggressive
4239,k,j,check,['check'],"[('p1', 'check'), ('p2', 'check')]",6.0,-402.0,12.0,p1,showdown,False,2,114.0,114.0,loose_aggressive
4240,q,k,check,"['check', 'fold']","[('p1', 'check'), ('p2', 'max_raise'), ('p1', 'fold')]",-6.0,-408.0,24.0,p2,fold,False,3,114.0,102.0,loose_aggressive
4241,q,j,check,"['check', 'call']","[('p1', 'check'), ('p2', 'min_raise'), ('p1', 'call')]",12.0,-396.0,24.0,p1,showdown,False,3,114.0,108.0,loose_aggressive
4242,k,j,check,['check'],"[('p1', 'check'), ('p2', 'check')]",6.0,-390.0,12.0,p1,showdown,False,2,114.0,114.0,loose_aggressive
4243,q,j,check,['check'],"[('p1', 'check'), ('p2', 'check')]",6.0,-384.0,12.0,p1,showdown,False,2,114.0,114.0,loose_aggressive
4244,q,j,check,"['check', 'call']","[('p1', 'check'), ('p2', 'min_raise'), ('p1', 'call')]",12.0,-372.0,24.0,p1,showdown,False,3,114.0,108.0,loose_aggressive
4245,j,j,check,"['check', 'call']","[('p1', 'check'), ('p2', 'min_raise'), ('p1', 'call')]",0.0,-372.0,0.0,tie,showdown,False,3,114.0,108.0,loose_aggressive
4246,j,q,check,['check'],"[('p1', 'check'), ('p2', 'check')]",-6.0,-378.0,12.0,p2,showdown,False,2,114.0,114.0,loose_aggressive
4247,k,j,check,['check'],"[('p1', 'check'), ('p2', 'check')]",6.0,-372.0,12.0,p1,showdown,False,2,114.0,114.0,loose_aggressive
4248,q,k,check,"['check', 'fold']","[('p1', 'check'), ('p2', 'max_raise'), ('p1', 'fold')]",-6.0,-378.0,24.0,p2,fold,False,3,114.0,102.0,loose_aggressive
4249,q,k,check,"['check', 'fold']","[('p1', 'check'), ('p2', 'max_raise'), ('p1', 'fold')]",-6.0,-384.0,24.0,p2,fold,False,3,114.0,102.0,loose_aggressive
4250,q,q,check,['check'],"[('p1', 'check'), ('p2', 'check')]",0.0,-384.0,0.0,tie,showdown,False,2,114.0,114.0,loose_aggressive
4251,j,k,check,"['check', 'fold']","[('p1', 'check'), ('p2', 'max_raise'), ('p1', 'fold')]",-6.0,-390.0,24.0,p2,fold,False,3,114.0,102.0,loose_aggressive
4252,q,k,check,"['check', 'fold']","[('p1', 'check'), ('p2', 'max_raise'), ('p1', 'fold')]",-6.0,-396.0,24.0,p2,fold,False,3,114.0,102.0,loose_aggressive
4253,k,k,check,"['check', 'call']","[('p1', 'check'), ('p2', 'max_raise'), ('p1', 'call')]",0.0,-396.0,0.0,tie,showdown,False,3,114.0,102.0,loose_aggressive
4254,k,q,check,['check'],"[('p1', 'check'), ('p2', 'check')]",6.0,-390.0,12.0,p1,showdown,False,2,114.0,114.0,loose_aggressive
4255,q,k,check,"['check', 'fold']","[('p1', 'check'), ('p2', 'max_raise'), ('p1', 'fold')]",-6.0,-396.0,24.0,p2,fold,False,3,114.0,102.0,loose_aggressive
4256,k,j,check,"['check', 'call']","[('p1', 'check'), ('p2', 'min_raise'), ('p1', 'call')]",12.0,-384.0,24.0,p1,showdown,False,3,114.0,108.0,loose_aggressive
4257,j,q,check,['check'],"[('p1', 'check'), ('p2', 'check')]",-6.0,-390.0,12.0,p2,showdown,False,2,114.0,114.0,loose_aggressive
4258,j,j,check,['check'],"[('p1', 'check'), ('p2', 'check')]",0.0,-390.0,0.0,tie,showdown,False,2,114.0,114.0,loose_aggressive
4259,k,k,check,"['check', 'call']","[('p1', 'check'), ('p2', 'max_raise'), ('p1', 'call')]",0.0,-390.0,0.0,tie,showdown,False,3,114.0,102.0,loose_aggressive
4260,q,k,check,"['check', 'fold']","[('p1', 'check'), ('p2', 'max_raise'), ('p1', 'fold')]",-6.0,-396.0,24.0,p2,fold,False,3,114.0,102.0,loose_aggressive
4261,q,j,check,['check'],"[('p1', 'check'), ('p2', 'check')]",6.0,-390.0,12.0,p1,showdown,False,2,114.0,114.0,loose_aggressive
4262,k,k,check,"['check', 'call']","[('p1', 'check'), ('p2', 'max_raise'), ('p1', 'call')]",0.0,-390.0,0.0,tie,showdown,False,3,114.0,102.0,loose_aggressive
4263,j,q,check,['check'],"[('p1', 'check'), ('p2', 'check')]",-6.0,-396.0,12.0,p2,showdown,False,2,114.0,114.0,loose_aggressive
4264,q,k,check,"['check', 'fold']","[('p1', 'check'), ('p2', 'max_raise'), ('p1', 'fold')]",-6.0,-402.0,24.0,p2,fold,False,3,114.0,102.0,loose_aggressive
4265,k,q,check,['check'],"[('p1', 'check'), ('p2', 'check')]",6.0,-396.0,12.0,p1,showdown,False,2,114.0,114.0,loose_aggressive
4266,k,q,check,['check'],"[('p1', 'check'), ('p2', 'check')]",6.0,-390.0,12.0,p1,showdown,False,2,114.0,114.0,loose_aggressive
4267,q,j,check,"['check', 'call']","[('p1', 'check'), ('p2', 'min_raise'), ('p1', 'call')]",12.0,-378.0,24.0,p1,showdown,False,3,114.0,108.0,loose_aggressive
4268,k,k,check,"['check', 'call']","[('p1', 'check'), ('p2', 'max_raise'), ('p1', 'call')]",0.0,-378.0,0.0,tie,showdown,False,3,114.0,102.0,loose_aggressive
4269,q,k,check,"['check', 'fold']","[('p1', 'check'), ('p2', 'max_raise'), ('p1', 'fold')]",-6.0,-384.0,24.0,p2,fold,False,3,114.0,102.0,loose_aggressive
4270,q,k,check,"['check', 'fold']","[('p1', 'check'), ('p2', 'max_raise'), ('p1', 'fold')]",-6.0,-390.0,24.0,p2,fold,False,3,114.0,102.0,loose_aggressive
4271,q,q,check,['check'],"[('p1', 'check'), ('p2', 'check')]",0.0,-390.0,0.0,tie,showdown,False,2,114.0,114.0,loose_aggressive
4272,j,k,check,"['check', 'fold']","[('p1', 'check'), ('p2', 'max_raise'), ('p1', 'fold')]",-6.0,-396.0,24.0,p2,fold,False,3,114.0,102.0,loose_aggressive
4273,j,k,check,"['check', 'fold']","[('p1', 'check'), ('p2', 'max_raise'), ('p1', 'fold')]",-6.0,-402.0,24.0,p2,fold,False,3,114.0,102.0,loose_aggressive
4274,k,q,check,['check'],"[('p1', 'check'), ('p2', 'check')]",6.0,-396.0,12.0,p1,showdown,False,2,114.0,114.0,loose_aggressive
4275,k,k,check,"['check', 'call']","[('p1', 'check'), ('p2', 'max_raise'), ('p1', 'call')]",0.0,-396.0,0.0,tie,showdown,False,3,114.0,102.0,loose_aggressive
4276,k,q,check,['check'],"[('p1', 'check'), ('p2', 'check')]",6.0,-390.0,12.0,p1,showdown,False,2,114.0,114.0,loose_aggressive
4277,k,j,check,['check'],"[('p1', 'check'), ('p2', 'check')]",6.0,-384.0,12.0,p1,showdown,False,2,114.0,114.0,loose_aggressive
4278,k,j,check,['check'],"[('p1', 'check'), ('p2', 'check')]",6.0,-378.0,12.0,p1,showdown,False,2,114.0,114.0,loose_aggressive
4279,k,k,check,"['check', 'call']","[('p1', 'check'), ('p2', 'max_raise'), ('p1', 'call')]",0.0,-378.0,0.0,tie,showdown,False,3,114.0,102.0,loose_aggressive
4280,k,j,check,['check'],"[('p1', 'check'), ('p2', 'check')]",6.0,-372.0,12.0,p1,showdown,False,2,114.0,114.0,loose_aggressive
4281,q,j,check,['check'],"[('p1', 'check'), ('p2', 'check')]",6.0,-366.0,12.0,p1,showdown,False,2,114.0,114.0,loose_aggressive
4282,j,q,check,['check'],"[('p1', 'check'), ('p2', 'check')]",-6.0,-372.0,12.0,p2,showdown,False,2,114.0,114.0,loose_aggressive
4283,k,j,check,"['check', 'call']","[('p1', 'check'), ('p2', 'min_raise'), ('p1', 'call')]",12.0,-360.0,24.0,p1,showdown,False,3,114.0,108.0,loose_aggressive
4284,j,j,check,"['check', 'call']","[('p1', 'check'), ('p2', 'min_raise'), ('p1', 'call')]",0.0,-360.0,0.0,tie,showdown,False,3,114.0,108.0,loose_aggressive
4285,q,j,check,['check'],"[('p1', 'check'), ('p2', 'check')]",6.0,-354.0,12.0,p1,showdown,False,2,114.0,114.0,loose_aggressive
4286,q,q,check,['check'],"[('p1', 'check'), ('p2', 'check')]",0.0,-354.0,0.0,tie,showdown,False,2,114.0,114.0,loose_aggressive
4287,k,j,check,['check'],"[('p1', 'check'), ('p2', 'check')]",6.0,-348.0,12.0,p1,showdown,False,2,114.0,114.0,loose_aggressive
4288,k,q,check,['check'],"[('p1', 'check'), ('p2', 'check')]",6.0,-342.0,12.0,p1,showdown,False,2,114.0,114.0,loose_aggressive
4289,j,k,check,"['check', 'fold']","[('p1', 'check'), ('p2', 'max_raise'), ('p1', 'fold')]",-6.0,-348.0,24.0,p2,fold,False,3,114.0,102.0,loose_aggressive
4290,j,k,check,"['check', 'fold']","[('p1', 'check'), ('p2', 'max_raise'), ('p1', 'fold')]",-6.0,-354.0,24.0,p2,fold,False,3,114.0,102.0,loose_aggressive
4291,q,j,check,"['check', 'call']","[('p1', 'check'), ('p2', 'min_raise'), ('p1', 'call')]",12.0,-342.0,24.0,p1,showdown,False,3,114.0,108.0,loose_aggressive
4292,k,j,check,['check'],"[('p1', 'check'), ('p2', 'check')]",6.0,-336.0,12.0,p1,showdown,False,2,114.0,114.0,loose_aggressive
4293,q,k,check,"['check', 'fold']","[('p1', 'check'), ('p2', 'max_raise'), ('p1', 'fold')]",-6.0,-342.0,24.0,p2,fold,False,3,114.0,102.0,loose_aggressive
4294,j,q,check,['check'],"[('p1', 'check'), ('p2', 'check')]",-6.0,-348.0,12.0,p2,showdown,False,2,114.0,114.0,loose_aggressive
4295,j,k,check,"['check', 'fold']","[('p1', 'check'), ('p2', 'max_raise'), ('p1', 'fold')]",-6.0,-354.0,24.0,p2,fold,False,3,114.0,102.0,loose_aggressive
4296,q,k,check,"['check', 'fold']","[('p1', 'check'), ('p2', 'max_raise'), ('p1', 'fold')]",-6.0,-360.0,24.0,p2,fold,False,3,114.0,102.0,loose_aggressive
4297,q,j,check,['check'],"[('p1', 'check'), ('p2', 'check')]",6.0,-354.0,12.0,p1,showdown,False,2,114.0,114.0,loose_aggressive
4298,q,k,check,"['check', 'fold']","[('p1', 'check'), ('p2', 'max_raise'), ('p1', 'fold')]",-6.0,-360.0,24.0,p2,fold,False,3,114.0,102.0,loose_aggressive
4299,q,j,check,"['check', 'call']","[('p1', 'check'), ('p2', 'min_raise'), ('p1', 'call')]",12.0,-348.0,24.0,p1,showdown,False,3,114.0,108.0,loose_aggressive
4300,j,k,check,"['check', 'fold']","[('p1', 'check'), ('p2', 'max_raise'), ('p1', 'fold')]",-6.0,-354.0,24.0,p2,fold,False,3,114.0,102.0,loose_aggressive
4301,q,j,check,"['check', 'call']","[('p1', 'check'), ('p2', 'min_raise'), ('p1', 'call')]",12.0,-342.0,24.0,p1,showdown,False,3,114.0,108.0,loose_aggressive
4302,k,q,check,['check'],"[('p1', 'check'), ('p2', 'check')]",6.0,-336.0,12.0,p1,showdown,False,2,114.0,114.0,loose_aggressive
4303,q,j,check,"['check', 'call']","[('p1', 'check'), ('p2', 'min_raise'), ('p1', 'call')]",12.0,-324.0,24.0,p1,showdown,False,3,114.0,108.0,loose_aggressive
4304,q,j,check,['check'],"[('p1', 'check'), ('p2', 'check')]",6.0,-318.0,12.0,p1,showdown,False,2,114.0,114.0,loose_aggressive
4305,j,k,check,"['check', 'fold']","[('p1', 'check'), ('p2', 'max_raise'), ('p1', 'fold')]",-6.0,-324.0,24.0,p2,fold,False,3,114.0,102.0,loose_aggressive
4306,q,k,check,"['check', 'call']","[('p1', 'check'), ('p2', 'max_raise'), ('p1', 'call')]",-18.0,-342.0,36.0,p2,showdown,False,3,114.0,102.0,loose_aggressive
4307,q,k,check,"['check', 'call']","[('p1', 'check'), ('p2', 'max_raise'), ('p1', 'call')]",-18.0,-360.0,36.0,p2,showdown,False,3,114.0,102.0,loose_aggressive
4308,k,j,check,['check'],"[('p1', 'check'), ('p2', 'check')]",6.0,-354.0,12.0,p1,showdown,False,2,114.0,114.0,loose_aggressive
4309,j,k,check,"['check', 'fold']","[('p1', 'check'), ('p2', 'max_raise'), ('p1', 'fold')]",-6.0,-360.0,24.0,p2,fold,False,3,114.0,102.0,loose_aggressive
4310,j,k,check,"['check', 'fold']","[('p1', 'check'), ('p2', 'max_raise'), ('p1', 'fold')]",-6.0,-366.0,24.0,p2,fold,False,3,114.0,102.0,loose_aggressive
4311,j,j,check,['check'],"[('p1', 'check'), ('p2', 'check')]",0.0,-366.0,0.0,tie,showdown,False,2,114.0,114.0,loose_aggressive
4312,k,q,check,['check'],"[('p1', 'check'), ('p2', 'check')]",6.0,-360.0,12.0,p1,showdown,False,2,114.0,114.0,loose_aggressive
4313,q,q,check,['check'],"[('p1', 'check'), ('p2', 'check')]",0.0,-360.0,0.0,tie,showdown,False,2,114.0,114.0,loose_aggressive
4314,k,q,check,['check'],"[('p1', 'check'), ('p2', 'check')]",6.0,-354.0,12.0,p1,showdown,False,2,114.0,114.0,loose_aggressive
4315,k,k,check,"['check', 'call']","[('p1', 'check'), ('p2', 'max_raise'), ('p1', 'call')]",0.0,-354.0,0.0,tie,showdown,False,3,114.0,102.0,loose_aggressive
4316,k,q,check,['check'],"[('p1', 'check'), ('p2', 'check')]",6.0,-348.0,12.0,p1,showdown,False,2,114.0,114.0,loose_aggressive
4317,j,k,check,"['check', 'fold']","[('p1', 'check'), ('p2', 'max_raise'), ('p1', 'fold')]",-6.0,-354.0,24.0,p2,fold,False,3,114.0,102.0,loose_aggressive
4318,k,q,check,['check'],"[('p1', 'check'), ('p2', 'check')]",6.0,-348.0,12.0,p1,showdown,False,2,114.0,114.0,loose_aggressive
4319,k,q,check,['check'],"[('p1', 'check'), ('p2', 'check')]",6.0,-342.0,12.0,p1,showdown,False,2,114.0,114.0,loose_aggressive
4320,k,k,check,"['check', 'call']","[('p1', 'check'), ('p2', 'max_raise'), ('p1', 'call')]",0.0,-342.0,0.0,tie,showdown,False,3,114.0,102.0,loose_aggressive
4321,q,k,check,"['check', 'fold']","[('p1', 'check'), ('p2', 'max_raise'), ('p1', 'fold')]",-6.0,-348.0,24.0,p2,fold,False,3,114.0,102.0,loose_aggressive
4322,k,j,check,['check'],"[('p1', 'check'), ('p2', 'check')]",6.0,-342.0,12.0,p1,showdown,False,2,114.0,114.0,loose_aggressive
4323,q,j,check,"['check', 'call']","[('p1', 'check'), ('p2', 'min_raise'), ('p1', 'call')]",12.0,-330.0,24.0,p1,showdown,False,3,114.0,108.0,loose_aggressive
4324,j,q,check,['check'],"[('p1', 'check'), ('p2', 'check')]",-6.0,-336.0,12.0,p2,showdown,False,2,114.0,114.0,loose_aggressive
4325,k,k,check,"['check', 'call']","[('p1', 'check'), ('p2', 'max_raise'), ('p1', 'call')]",0.0,-336.0,0.0,tie,showdown,False,3,114.0,102.0,loose_aggressive
4326,k,j,check,"['check', 'call']","[('p1', 'check'), ('p2', 'min_raise'), ('p1', 'call')]",12.0,-324.0,24.0,p1,showdown,False,3,114.0,108.0,loose_aggressive
4327,j,q,check,['check'],"[('p1', 'check'), ('p2', 'check')]",-6.0,-330.0,12.0,p2,showdown,False,2,114.0,114.0,loose_aggressive
4328,q,j,check,['check'],"[('p1', 'check'), ('p2', 'check')]",6.0,-324.0,12.0,p1,showdown,False,2,114.0,114.0,loose_aggressive
4329,j,k,check,"['check', 'fold']","[('p1', 'check'), ('p2', 'max_raise'), ('p1', 'fold')]",-6.0,-330.0,24.0,p2,fold,False,3,114.0,102.0,loose_aggressive
4330,j,q,check,['check'],"[('p1', 'check'), ('p2', 'check')]",-6.0,-336.0,12.0,p2,showdown,False,2,114.0,114.0,loose_aggressive
4331,j,k,check,"['check', 'fold']","[('p1', 'check'), ('p2', 'max_raise'), ('p1', 'fold')]",-6.0,-342.0,24.0,p2,fold,False,3,114.0,102.0,loose_aggressive
4332,q,k,check,"['check', 'fold']","[('p1', 'check'), ('p2', 'max_raise'), ('p1', 'fold')]",-6.0,-348.0,24.0,p2,fold,False,3,114.0,102.0,loose_aggressive
4333,j,k,check,"['check', 'fold']","[('p1', 'check'), ('p2', 'max_raise'), ('p1', 'fold')]",-6.0,-354.0,24.0,p2,fold,False,3,114.0,102.0,loose_aggressive
4334,q,j,check,"['check', 'call']","[('p1', 'check'), ('p2', 'min_raise'), ('p1', 'call')]",12.0,-342.0,24.0,p1,showdown,False,3,114.0,108.0,loose_aggressive
4335,j,q,check,['check'],"[('p1', 'check'), ('p2', 'check')]",-6.0,-348.0,12.0,p2,showdown,False,2,114.0,114.0,loose_aggressive
4336,k,q,check,['check'],"[('p1', 'check'), ('p2', 'check')]",6.0,-342.0,12.0,p1,showdown,False,2,114.0,114.0,loose_aggressive
4337,k,q,check,['check'],"[('p1', 'check'), ('p2', 'check')]",6.0,-336.0,12.0,p1,showdown,False,2,114.0,114.0,loose_aggressive
4338,q,q,check,['check'],"[('p1', 'check'), ('p2', 'check')]",0.0,-336.0,0.0,tie,showdown,False,2,114.0,114.0,loose_aggressive
4339,k,k,check,"['check', 'call']","[('p1', 'check'), ('p2', 'max_raise'), ('p1', 'call')]",0.0,-336.0,0.0,tie,showdown,False,3,114.0,102.0,loose_aggressive
4340,q,k,check,"['check', 'fold']","[('p1', 'check'), ('p2', 'max_raise'), ('p1', 'fold')]",-6.0,-342.0,24.0,p2,fold,False,3,114.0,102.0,loose_aggressive
4341,q,q,check,['check'],"[('p1', 'check'), ('p2', 'check')]",0.0,-342.0,0.0,tie,showdown,False,2,114.0,114.0,loose_aggressive
4342,q,j,check,['check'],"[('p1', 'check'), ('p2', 'check')]",6.0,-336.0,12.0,p1,showdown,False,2,114.0,114.0,loose_aggressive
4343,j,k,check,"['check', 'fold']","[('p1', 'check'), ('p2', 'max_raise'), ('p1', 'fold')]",-6.0,-342.0,24.0,p2,fold,False,3,114.0,102.0,loose_aggressive
4344,k,k,check,"['check', 'call']","[('p1', 'check'), ('p2', 'max_raise'), ('p1', 'call')]",0.0,-342.0,0.0,tie,showdown,False,3,114.0,102.0,loose_aggressive
4345,k,q,check,['check'],"[('p1', 'check'), ('p2', 'check')]",6.0,-336.0,12.0,p1,showdown,False,2,114.0,114.0,loose_aggressive
4346,q,q,check,['check'],"[('p1', 'check'), ('p2', 'check')]",0.0,-336.0,0.0,tie,showdown,False,2,114.0,114.0,loose_aggressive
4347,j,k,check,"['check', 'fold']","[('p1', 'check'), ('p2', 'max_raise'), ('p1', 'fold')]",-6.0,-342.0,24.0,p2,fold,False,3,114.0,102.0,loose_aggressive
4348,j,q,check,['check'],"[('p1', 'check'), ('p2', 'check')]",-6.0,-348.0,12.0,p2,showdown,False,2,114.0,114.0,loose_aggressive
4349,k,k,check,"['check', 'call']","[('p1', 'check'), ('p2', 'max_raise'), ('p1', 'call')]",0.0,-348.0,0.0,tie,showdown,False,3,114.0,102.0,loose_aggressive
4350,k,q,check,['check'],"[('p1', 'check'), ('p2', 'check')]",6.0,-342.0,12.0,p1,showdown,False,2,114.0,114.0,loose_aggressive
4351,k,k,check,"['check', 'call']","[('p1', 'check'), ('p2', 'max_raise'), ('p1', 'call')]",0.0,-342.0,0.0,tie,showdown,False,3,114.0,102.0,loose_aggressive
4352,k,q,check,['check'],"[('p1', 'check'), ('p2', 'check')]",6.0,-336.0,12.0,p1,showdown,False,2,114.0,114.0,loose_aggressive
4353,k,j,check,['check'],"[('p1', 'check'), ('p2', 'check')]",6.0,-330.0,12.0,p1,showdown,False,2,114.0,114.0,loose_aggressive
4354,q,k,check,"['check', 'call']","[('p1', 'check'), ('p2', 'max_raise'), ('p1', 'call')]",-18.0,-348.0,36.0,p2,showdown,False,3,114.0,102.0,loose_aggressive
4355,j,j,check,['check'],"[('p1', 'check'), ('p2', 'check')]",0.0,-348.0,0.0,tie,showdown,False,2,114.0,114.0,loose_aggressive
4356,k,q,check,['check'],"[('p1', 'check'), ('p2', 'check')]",6.0,-342.0,12.0,p1,showdown,False,2,114.0,114.0,loose_aggressive
4357,q,k,check,"['check', 'call']","[('p1', 'check'), ('p2', 'max_raise'), ('p1', 'call')]",-18.0,-360.0,36.0,p2,showdown,False,3,114.0,102.0,loose_aggressive
4358,j,k,check,"['check', 'fold']","[('p1', 'check'), ('p2', 'max_raise'), ('p1', 'fold')]",-6.0,-366.0,24.0,p2,fold,False,3,114.0,102.0,loose_aggressive
4359,j,q,check,['check'],"[('p1', 'check'), ('p2', 'check')]",-6.0,-372.0,12.0,p2,showdown,False,2,114.0,114.0,loose_aggressive
4360,q,j,check,"['check', 'call']","[('p1', 'check'), ('p2', 'min_raise'), ('p1', 'call')]",12.0,-360.0,24.0,p1,showdown,False,3,114.0,108.0,loose_aggressive
4361,k,q,check,['check'],"[('p1', 'check'), ('p2', 'check')]",6.0,-354.0,12.0,p1,showdown,False,2,114.0,114.0,loose_aggressive
4362,j,q,check,['check'],"[('p1', 'check'), ('p2', 'check')]",-6.0,-360.0,12.0,p2,showdown,False,2,114.0,114.0,loose_aggressive
4363,j,k,check,"['check', 'fold']","[('p1', 'check'), ('p2', 'max_raise'), ('p1', 'fold')]",-6.0,-366.0,24.0,p2,fold,False,3,114.0,102.0,loose_aggressive
4364,j,k,check,"['check', 'fold']","[('p1', 'check'), ('p2', 'max_raise'), ('p1', 'fold')]",-6.0,-372.0,24.0,p2,fold,False,3,114.0,102.0,loose_aggressive
4365,k,j,check,['check'],"[('p1', 'check'), ('p2', 'check')]",6.0,-366.0,12.0,p1,showdown,False,2,114.0,114.0,loose_aggressive
4366,k,q,check,['check'],"[('p1', 'check'), ('p2', 'check')]",6.0,-360.0,12.0,p1,showdown,False,2,114.0,114.0,loose_aggressive
4367,k,q,check,['check'],"[('p1', 'check'), ('p2', 'check')]",6.0,-354.0,12.0,p1,showdown,False,2,114.0,114.0,loose_aggressive
4368,k,q,check,['check'],"[('p1', 'check'), ('p2', 'check')]",6.0,-348.0,12.0,p1,showdown,False,2,114.0,114.0,loose_aggressive
4369,k,k,check,"['check', 'call']","[('p1', 'check'), ('p2', 'max_raise'), ('p1', 'call')]",0.0,-348.0,0.0,tie,showdown,False,3,114.0,102.0,loose_aggressive
4370,k,k,check,"['check', 'call']","[('p1', 'check'), ('p2', 'max_raise'), ('p1', 'call')]",0.0,-348.0,0.0,tie,showdown,False,3,114.0,102.0,loose_aggressive
4371,q,j,check,['check'],"[('p1', 'check'), ('p2', 'check')]",6.0,-342.0,12.0,p1,showdown,False,2,114.0,114.0,loose_aggressive
4372,k,k,check,"['check', 'call']","[('p1', 'check'), ('p2', 'max_raise'), ('p1', 'call')]",0.0,-342.0,0.0,tie,showdown,False,3,114.0,102.0,loose_aggressive
4373,k,q,check,['check'],"[('p1', 'check'), ('p2', 'check')]",6.0,-336.0,12.0,p1,showdown,False,2,114.0,114.0,loose_aggressive
4374,q,k,check,"['check', 'fold']","[('p1', 'check'), ('p2', 'max_raise'), ('p1', 'fold')]",-6.0,-342.0,24.0,p2,fold,False,3,114.0,102.0,loose_aggressive
4375,k,j,check,"['check', 'call']","[('p1', 'check'), ('p2', 'min_raise'), ('p1', 'call')]",12.0,-330.0,24.0,p1,showdown,False,3,114.0,108.0,loose_aggressive
4376,j,k,check,"['check', 'fold']","[('p1', 'check'), ('p2', 'max_raise'), ('p1', 'fold')]",-6.0,-336.0,24.0,p2,fold,False,3,114.0,102.0,loose_aggressive
4377,j,q,check,['check'],"[('p1', 'check'), ('p2', 'check')]",-6.0,-342.0,12.0,p2,showdown,False,2,114.0,114.0,loose_aggressive
4378,k,j,check,['check'],"[('p1', 'check'), ('p2', 'check')]",6.0,-336.0,12.0,p1,showdown,False,2,114.0,114.0,loose_aggressive
4379,k,k,check,"['check', 'call']","[('p1', 'check'), ('p2', 'max_raise'), ('p1', 'call')]",0.0,-336.0,0.0,tie,showdown,False,3,114.0,102.0,loose_aggressive
4380,q,j,check,"['check', 'call']","[('p1', 'check'), ('p2', 'min_raise'), ('p1', 'call')]",12.0,-324.0,24.0,p1,showdown,False,3,114.0,108.0,loose_aggressive
4381,q,k,check,"['check', 'fold']","[('p1', 'check'), ('p2', 'max_raise'), ('p1', 'fold')]",-6.0,-330.0,24.0,p2,fold,False,3,114.0,102.0,loose_aggressive
4382,j,q,check,['check'],"[('p1', 'check'), ('p2', 'check')]",-6.0,-336.0,12.0,p2,showdown,False,2,114.0,114.0,loose_aggressive
4383,j,j,check,"['check', 'call']","[('p1', 'check'), ('p2', 'min_raise'), ('p1', 'call')]",0.0,-336.0,0.0,tie,showdown,False,3,114.0,108.0,loose_aggressive
4384,q,q,check,['check'],"[('p1', 'check'), ('p2', 'check')]",0.0,-336.0,0.0,tie,showdown,False,2,114.0,114.0,loose_aggressive
4385,j,q,check,['check'],"[('p1', 'check'), ('p2', 'check')]",-6.0,-342.0,12.0,p2,showdown,False,2,114.0,114.0,loose_aggressive
4386,k,q,check,['check'],"[('p1', 'check'), ('p2', 'check')]",6.0,-336.0,12.0,p1,showdown,False,2,114.0,114.0,loose_aggressive
4387,q,j,check,['check'],"[('p1', 'check'), ('p2', 'check')]",6.0,-330.0,12.0,p1,showdown,False,2,114.0,114.0,loose_aggressive
4388,k,q,check,['check'],"[('p1', 'check'), ('p2', 'check')]",6.0,-324.0,12.0,p1,showdown,False,2,114.0,114.0,loose_aggressive
4389,j,k,check,"['check', 'fold']","[('p1', 'check'), ('p2', 'max_raise'), ('p1', 'fold')]",-6.0,-330.0,24.0,p2,fold,False,3,114.0,102.0,loose_aggressive
4390,j,q,check,['check'],"[('p1', 'check'), ('p2', 'check')]",-6.0,-336.0,12.0,p2,showdown,False,2,114.0,114.0,loose_aggressive
4391,j,j,check,['check'],"[('p1', 'check'), ('p2', 'check')]",0.0,-336.0,0.0,tie,showdown,False,2,114.0,114.0,loose_aggressive
4392,k,k,check,"['check', 'call']","[('p1', 'check'), ('p2', 'max_raise'), ('p1', 'call')]",0.0,-336.0,0.0,tie,showdown,False,3,114.0,102.0,loose_aggressive
4393,j,j,check,"['check', 'call']","[('p1', 'check'), ('p2', 'min_raise'), ('p1', 'call')]",0.0,-336.0,0.0,tie,showdown,False,3,114.0,108.0,loose_aggressive
4394,j,k,check,"['check', 'fold']","[('p1', 'check'), ('p2', 'max_raise'), ('p1', 'fold')]",-6.0,-342.0,24.0,p2,fold,False,3,114.0,102.0,loose_aggressive
4395,k,q,check,['check'],"[('p1', 'check'), ('p2', 'check')]",6.0,-336.0,12.0,p1,showdown,False,2,114.0,114.0,loose_aggressive
4396,k,q,check,['check'],"[('p1', 'check'), ('p2', 'check')]",6.0,-330.0,12.0,p1,showdown,False,2,114.0,114.0,loose_aggressive
4397,k,q,check,['check'],"[('p1', 'check'), ('p2', 'check')]",6.0,-324.0,12.0,p1,showdown,False,2,114.0,114.0,loose_aggressive
4398,q,k,check,"['check', 'fold']","[('p1', 'check'), ('p2', 'max_raise'), ('p1', 'fold')]",-6.0,-330.0,24.0,p2,fold,False,3,114.0,102.0,loose_aggressive
4399,j,k,check,"['check', 'fold']","[('p1', 'check'), ('p2', 'max_raise'), ('p1', 'fold')]",-6.0,-336.0,24.0,p2,fold,False,3,114.0,102.0,loose_aggressive
4400,q,k,check,"['check', 'fold']","[('p1', 'check'), ('p2', 'max_raise'), ('p1', 'fold')]",-6.0,-342.0,24.0,p2,fold,False,3,114.0,102.0,loose_aggressive
4401,q,k,check,"['check', 'fold']","[('p1', 'check'), ('p2', 'max_raise'), ('p1', 'fold')]",-6.0,-348.0,24.0,p2,fold,False,3,114.0,102.0,loose_aggressive
4402,k,k,check,"['check', 'call']","[('p1', 'check'), ('p2', 'max_raise'), ('p1', 'call')]",0.0,-348.0,0.0,tie,showdown,False,3,114.0,102.0,loose_aggressive
4403,j,k,check,"['check', 'fold']","[('p1', 'check'), ('p2', 'max_raise'), ('p1', 'fold')]",-6.0,-354.0,24.0,p2,fold,False,3,114.0,102.0,loose_aggressive
4404,q,q,check,['check'],"[('p1', 'check'), ('p2', 'check')]",0.0,-354.0,0.0,tie,showdown,False,2,114.0,114.0,loose_aggressive
4405,j,j,check,['check'],"[('p1', 'check'), ('p2', 'check')]",0.0,-354.0,0.0,tie,showdown,False,2,114.0,114.0,loose_aggressive
4406,k,j,check,['check'],"[('p1', 'check'), ('p2', 'check')]",6.0,-348.0,12.0,p1,showdown,False,2,114.0,114.0,loose_aggressive
4407,j,k,check,"['check', 'fold']","[('p1', 'check'), ('p2', 'max_raise'), ('p1', 'fold')]",-6.0,-354.0,24.0,p2,fold,False,3,114.0,102.0,loose_aggressive
4408,q,q,check,['check'],"[('p1', 'check'), ('p2', 'check')]",0.0,-354.0,0.0,tie,showdown,False,2,114.0,114.0,loose_aggressive
4409,j,k,check,"['check', 'fold']","[('p1', 'check'), ('p2', 'max_raise'), ('p1', 'fold')]",-6.0,-360.0,24.0,p2,fold,False,3,114.0,102.0,loose_aggressive
4410,j,j,check,"['check', 'call']","[('p1', 'check'), ('p2', 'min_raise'), ('p1', 'call')]",0.0,-360.0,0.0,tie,showdown,False,3,114.0,108.0,loose_aggressive
4411,k,q,check,['check'],"[('p1', 'check'), ('p2', 'check')]",6.0,-354.0,12.0,p1,showdown,False,2,114.0,114.0,loose_aggressive
4412,k,j,check,['check'],"[('p1', 'check'), ('p2', 'check')]",6.0,-348.0,12.0,p1,showdown,False,2,114.0,114.0,loose_aggressive
4413,k,k,check,"['check', 'call']","[('p1', 'check'), ('p2', 'max_raise'), ('p1', 'call')]",0.0,-348.0,0.0,tie,showdown,False,3,114.0,102.0,loose_aggressive
4414,j,q,check,['check'],"[('p1', 'check'), ('p2', 'check')]",-6.0,-354.0,12.0,p2,showdown,False,2,114.0,114.0,loose_aggressive
4415,q,k,check,"['check', 'fold']","[('p1', 'check'), ('p2', 'max_raise'), ('p1', 'fold')]",-6.0,-360.0,24.0,p2,fold,False,3,114.0,102.0,loose_aggressive
4416,k,j,check,"['check', 'call']","[('p1', 'check'), ('p2', 'min_raise'), ('p1', 'call')]",12.0,-348.0,24.0,p1,showdown,False,3,114.0,108.0,loose_aggressive
4417,j,k,check,"['check', 'fold']","[('p1', 'check'), ('p2', 'max_raise'), ('p1', 'fold')]",-6.0,-354.0,24.0,p2,fold,False,3,114.0,102.0,loose_aggressive
4418,j,j,check,['check'],"[('p1', 'check'), ('p2', 'check')]",0.0,-354.0,0.0,tie,showdown,False,2,114.0,114.0,loose_aggressive
4419,k,j,check,['check'],"[('p1', 'check'), ('p2', 'check')]",6.0,-348.0,12.0,p1,showdown,False,2,114.0,114.0,loose_aggressive
4420,j,j,check,['check'],"[('p1', 'check'), ('p2', 'check')]",0.0,-348.0,0.0,tie,showdown,False,2,114.0,114.0,loose_aggressive
4421,k,j,check,['check'],"[('p1', 'check'), ('p2', 'check')]",6.0,-342.0,12.0,p1,showdown,False,2,114.0,114.0,loose_aggressive
4422,j,q,check,['check'],"[('p1', 'check'), ('p2', 'check')]",-6.0,-348.0,12.0,p2,showdown,False,2,114.0,114.0,loose_aggressive
4423,k,q,check,['check'],"[('p1', 'check'), ('p2', 'check')]",6.0,-342.0,12.0,p1,showdown,False,2,114.0,114.0,loose_aggressive
4424,q,k,check,"['check', 'fold']","[('p1', 'check'), ('p2', 'max_raise'), ('p1', 'fold')]",-6.0,-348.0,24.0,p2,fold,False,3,114.0,102.0,loose_aggressive
4425,k,j,check,['check'],"[('p1', 'check'), ('p2', 'check')]",6.0,-342.0,12.0,p1,showdown,False,2,114.0,114.0,loose_aggressive
4426,j,q,check,['check'],"[('p1', 'check'), ('p2', 'check')]",-6.0,-348.0,12.0,p2,showdown,False,2,114.0,114.0,loose_aggressive
4427,k,q,check,['check'],"[('p1', 'check'), ('p2', 'check')]",6.0,-342.0,12.0,p1,showdown,False,2,114.0,114.0,loose_aggressive
4428,j,q,check,['check'],"[('p1', 'check'), ('p2', 'check')]",-6.0,-348.0,12.0,p2,showdown,False,2,114.0,114.0,loose_aggressive
4429,j,q,check,['check'],"[('p1', 'check'), ('p2', 'check')]",-6.0,-354.0,12.0,p2,showdown,False,2,114.0,114.0,loose_aggressive
4430,k,k,check,"['check', 'call']","[('p1', 'check'), ('p2', 'max_raise'), ('p1', 'call')]",0.0,-354.0,0.0,tie,showdown,False,3,114.0,102.0,loose_aggressive
4431,k,j,check,['check'],"[('p1', 'check'), ('p2', 'check')]",6.0,-348.0,12.0,p1,showdown,False,2,114.0,114.0,loose_aggressive
4432,k,k,check,"['check', 'call']","[('p1', 'check'), ('p2', 'max_raise'), ('p1', 'call')]",0.0,-348.0,0.0,tie,showdown,False,3,114.0,102.0,loose_aggressive
4433,k,q,check,['check'],"[('p1', 'check'), ('p2', 'check')]",6.0,-342.0,12.0,p1,showdown,False,2,114.0,114.0,loose_aggressive
4434,k,j,check,['check'],"[('p1', 'check'), ('p2', 'check')]",6.0,-336.0,12.0,p1,showdown,False,2,114.0,114.0,loose_aggressive
4435,q,j,check,['check'],"[('p1', 'check'), ('p2', 'check')]",6.0,-330.0,12.0,p1,showdown,False,2,114.0,114.0,loose_aggressive
4436,j,q,check,['check'],"[('p1', 'check'), ('p2', 'check')]",-6.0,-336.0,12.0,p2,showdown,False,2,114.0,114.0,loose_aggressive
4437,j,j,check,"['check', 'call']","[('p1', 'check'), ('p2', 'min_raise'), ('p1', 'call')]",0.0,-336.0,0.0,tie,showdown,False,3,114.0,108.0,loose_aggressive
4438,q,j,check,"['check', 'call']","[('p1', 'check'), ('p2', 'min_raise'), ('p1', 'call')]",12.0,-324.0,24.0,p1,showdown,False,3,114.0,108.0,loose_aggressive
4439,q,k,check,"['check', 'fold']","[('p1', 'check'), ('p2', 'max_raise'), ('p1', 'fold')]",-6.0,-330.0,24.0,p2,fold,False,3,114.0,102.0,loose_aggressive
4440,k,j,check,['check'],"[('p1', 'check'), ('p2', 'check')]",6.0,-324.0,12.0,p1,showdown,False,2,114.0,114.0,loose_aggressive
4441,k,q,check,['check'],"[('p1', 'check'), ('p2', 'check')]",6.0,-318.0,12.0,p1,showdown,False,2,114.0,114.0,loose_aggressive
4442,j,j,check,['check'],"[('p1', 'check'), ('p2', 'check')]",0.0,-318.0,0.0,tie,showdown,False,2,114.0,114.0,loose_aggressive
4443,k,j,check,['check'],"[('p1', 'check'), ('p2', 'check')]",6.0,-312.0,12.0,p1,showdown,False,2,114.0,114.0,loose_aggressive
4444,q,j,check,['check'],"[('p1', 'check'), ('p2', 'check')]",6.0,-306.0,12.0,p1,showdown,False,2,114.0,114.0,loose_aggressive
4445,j,j,check,['check'],"[('p1', 'check'), ('p2', 'check')]",0.0,-306.0,0.0,tie,showdown,False,2,114.0,114.0,loose_aggressive
4446,k,k,check,"['check', 'call']","[('p1', 'check'), ('p2', 'max_raise'), ('p1', 'call')]",0.0,-306.0,0.0,tie,showdown,False,3,114.0,102.0,loose_aggressive
4447,q,q,check,['check'],"[('p1', 'check'), ('p2', 'check')]",0.0,-306.0,0.0,tie,showdown,False,2,114.0,114.0,loose_aggressive
4448,j,j,check,['check'],"[('p1', 'check'), ('p2', 'check')]",0.0,-306.0,0.0,tie,showdown,False,2,114.0,114.0,loose_aggressive
4449,j,k,check,"['check', 'fold']","[('p1', 'check'), ('p2', 'max_raise'), ('p1', 'fold')]",-6.0,-312.0,24.0,p2,fold,False,3,114.0,102.0,loose_aggressive
4450,j,q,check,['check'],"[('p1', 'check'), ('p2', 'check')]",-6.0,-318.0,12.0,p2,showdown,False,2,114.0,114.0,loose_aggressive
4451,j,j,check,['check'],"[('p1', 'check'), ('p2', 'check')]",0.0,-318.0,0.0,tie,showdown,False,2,114.0,114.0,loose_aggressive
4452,q,k,check,"['check', 'fold']","[('p1', 'check'), ('p2', 'max_raise'), ('p1', 'fold')]",-6.0,-324.0,24.0,p2,fold,False,3,114.0,102.0,loose_aggressive
4453,j,j,check,"['check', 'call']","[('p1', 'check'), ('p2', 'min_raise'), ('p1', 'call')]",0.0,-324.0,0.0,tie,showdown,False,3,114.0,108.0,loose_aggressive
4454,q,k,check,"['check', 'fold']","[('p1', 'check'), ('p2', 'max_raise'), ('p1', 'fold')]",-6.0,-330.0,24.0,p2,fold,False,3,114.0,102.0,loose_aggressive
4455,j,j,check,['check'],"[('p1', 'check'), ('p2', 'check')]",0.0,-330.0,0.0,tie,showdown,False,2,114.0,114.0,loose_aggressive
4456,k,q,check,['check'],"[('p1', 'check'), ('p2', 'check')]",6.0,-324.0,12.0,p1,showdown,False,2,114.0,114.0,loose_aggressive
4457,j,j,check,['check'],"[('p1', 'check'), ('p2', 'check')]",0.0,-324.0,0.0,tie,showdown,False,2,114.0,114.0,loose_aggressive
4458,j,q,check,['check'],"[('p1', 'check'), ('p2', 'check')]",-6.0,-330.0,12.0,p2,showdown,False,2,114.0,114.0,loose_aggressive
4459,j,q,check,['check'],"[('p1', 'check'), ('p2', 'check')]",-6.0,-336.0,12.0,p2,showdown,False,2,114.0,114.0,loose_aggressive
4460,q,j,check,"['check', 'call']","[('p1', 'check'), ('p2', 'min_raise'), ('p1', 'call')]",12.0,-324.0,24.0,p1,showdown,False,3,114.0,108.0,loose_aggressive
4461,k,k,check,"['check', 'call']","[('p1', 'check'), ('p2', 'max_raise'), ('p1', 'call')]",0.0,-324.0,0.0,tie,showdown,False,3,114.0,102.0,loose_aggressive
4462,k,q,check,['check'],"[('p1', 'check'), ('p2', 'check')]",6.0,-318.0,12.0,p1,showdown,False,2,114.0,114.0,loose_aggressive
4463,q,k,check,"['check', 'fold']","[('p1', 'check'), ('p2', 'max_raise'), ('p1', 'fold')]",-6.0,-324.0,24.0,p2,fold,False,3,114.0,102.0,loose_aggressive
4464,q,j,check,['check'],"[('p1', 'check'), ('p2', 'check')]",6.0,-318.0,12.0,p1,showdown,False,2,114.0,114.0,loose_aggressive
4465,q,q,check,['check'],"[('p1', 'check'), ('p2', 'check')]",0.0,-318.0,0.0,tie,showdown,False,2,114.0,114.0,loose_aggressive
4466,j,q,check,['check'],"[('p1', 'check'), ('p2', 'check')]",-6.0,-324.0,12.0,p2,showdown,False,2,114.0,114.0,loose_aggressive
4467,k,q,check,['check'],"[('p1', 'check'), ('p2', 'check')]",6.0,-318.0,12.0,p1,showdown,False,2,114.0,114.0,loose_aggressive
4468,q,j,check,['check'],"[('p1', 'check'), ('p2', 'check')]",6.0,-312.0,12.0,p1,showdown,False,2,114.0,114.0,loose_aggressive
4469,k,j,check,['check'],"[('p1', 'check'), ('p2', 'check')]",6.0,-306.0,12.0,p1,showdown,False,2,114.0,114.0,loose_aggressive
4470,q,j,check,['check'],"[('p1', 'check'), ('p2', 'check')]",6.0,-300.0,12.0,p1,showdown,False,2,114.0,114.0,loose_aggressive
4471,q,k,check,"['check', 'call']","[('p1', 'check'), ('p2', 'max_raise'), ('p1', 'call')]",-18.0,-318.0,36.0,p2,showdown,False,3,114.0,102.0,loose_aggressive
4472,k,q,check,['check'],"[('p1', 'check'), ('p2', 'check')]",6.0,-312.0,12.0,p1,showdown,False,2,114.0,114.0,loose_aggressive
4473,k,q,check,['check'],"[('p1', 'check'), ('p2', 'check')]",6.0,-306.0,12.0,p1,showdown,False,2,114.0,114.0,loose_aggressive
4474,q,k,check,"['check', 'call']","[('p1', 'check'), ('p2', 'max_raise'), ('p1', 'call')]",-18.0,-324.0,36.0,p2,showdown,False,3,114.0,102.0,loose_aggressive
4475,k,q,check,['check'],"[('p1', 'check'), ('p2', 'check')]",6.0,-318.0,12.0,p1,showdown,False,2,114.0,114.0,loose_aggressive
4476,j,k,check,"['check', 'fold']","[('p1', 'check'), ('p2', 'max_raise'), ('p1', 'fold')]",-6.0,-324.0,24.0,p2,fold,False,3,114.0,102.0,loose_aggressive
4477,q,k,check,"['check', 'fold']","[('p1', 'check'), ('p2', 'max_raise'), ('p1', 'fold')]",-6.0,-330.0,24.0,p2,fold,False,3,114.0,102.0,loose_aggressive
4478,k,j,check,['check'],"[('p1', 'check'), ('p2', 'check')]",6.0,-324.0,12.0,p1,showdown,False,2,114.0,114.0,loose_aggressive
4479,q,q,check,['check'],"[('p1', 'check'), ('p2', 'check')]",0.0,-324.0,0.0,tie,showdown,False,2,114.0,114.0,loose_aggressive
4480,k,k,check,"['check', 'call']","[('p1', 'check'), ('p2', 'max_raise'), ('p1', 'call')]",0.0,-324.0,0.0,tie,showdown,False,3,114.0,102.0,loose_aggressive
4481,q,k,check,"['check', 'fold']","[('p1', 'check'), ('p2', 'max_raise'), ('p1', 'fold')]",-6.0,-330.0,24.0,p2,fold,False,3,114.0,102.0,loose_aggressive
4482,k,q,check,['check'],"[('p1', 'check'), ('p2', 'check')]",6.0,-324.0,12.0,p1,showdown,False,2,114.0,114.0,loose_aggressive
4483,q,k,check,"['check', 'fold']","[('p1', 'check'), ('p2', 'max_raise'), ('p1', 'fold')]",-6.0,-330.0,24.0,p2,fold,False,3,114.0,102.0,loose_aggressive
4484,q,j,check,"['check', 'call']","[('p1', 'check'), ('p2', 'min_raise'), ('p1', 'call')]",12.0,-318.0,24.0,p1,showdown,False,3,114.0,108.0,loose_aggressive
4485,j,k,check,"['check', 'fold']","[('p1', 'check'), ('p2', 'max_raise'), ('p1', 'fold')]",-6.0,-324.0,24.0,p2,fold,False,3,114.0,102.0,loose_aggressive
4486,k,q,check,['check'],"[('p1', 'check'), ('p2', 'check')]",6.0,-318.0,12.0,p1,showdown,False,2,114.0,114.0,loose_aggressive
4487,j,k,check,"['check', 'fold']","[('p1', 'check'), ('p2', 'max_raise'), ('p1', 'fold')]",-6.0,-324.0,24.0,p2,fold,False,3,114.0,102.0,loose_aggressive
4488,q,j,check,['check'],"[('p1', 'check'), ('p2', 'check')]",6.0,-318.0,12.0,p1,showdown,False,2,114.0,114.0,loose_aggressive
4489,k,k,check,"['check', 'call']","[('p1', 'check'), ('p2', 'max_raise'), ('p1', 'call')]",0.0,-318.0,0.0,tie,showdown,False,3,114.0,102.0,loose_aggressive
4490,k,k,check,"['check', 'call']","[('p1', 'check'), ('p2', 'max_raise'), ('p1', 'call')]",0.0,-318.0,0.0,tie,showdown,False,3,114.0,102.0,loose_aggressive
4491,k,k,check,"['check', 'call']","[('p1', 'check'), ('p2', 'max_raise'), ('p1', 'call')]",0.0,-318.0,0.0,tie,showdown,False,3,114.0,102.0,loose_aggressive
4492,k,k,check,"['check', 'call']","[('p1', 'check'), ('p2', 'max_raise'), ('p1', 'call')]",0.0,-318.0,0.0,tie,showdown,False,3,114.0,102.0,loose_aggressive
4493,k,j,check,['check'],"[('p1', 'check'), ('p2', 'check')]",6.0,-312.0,12.0,p1,showdown,False,2,114.0,114.0,loose_aggressive
4494,q,k,check,"['check', 'fold']","[('p1', 'check'), ('p2', 'max_raise'), ('p1', 'fold')]",-6.0,-318.0,24.0,p2,fold,False,3,114.0,102.0,loose_aggressive
4495,j,j,check,"['check', 'call']","[('p1', 'check'), ('p2', 'min_raise'), ('p1', 'call')]",0.0,-318.0,0.0,tie,showdown,False,3,114.0,108.0,loose_aggressive
4496,k,q,check,['check'],"[('p1', 'check'), ('p2', 'check')]",6.0,-312.0,12.0,p1,showdown,False,2,114.0,114.0,loose_aggressive
4497,k,j,check,"['check', 'call']","[('p1', 'check'), ('p2', 'min_raise'), ('p1', 'call')]",12.0,-300.0,24.0,p1,showdown,False,3,114.0,108.0,loose_aggressive
4498,k,j,check,"['check', 'call']","[('p1', 'check'), ('p2', 'min_raise'), ('p1', 'call')]",12.0,-288.0,24.0,p1,showdown,False,3,114.0,108.0,loose_aggressive
4499,q,j,check,"['check', 'call']","[('p1', 'check'), ('p2', 'min_raise'), ('p1', 'call')]",12.0,-276.0,24.0,p1,showdown,False,3,114.0,108.0,loose_aggressive
4500,j,k,check,"['check', 'fold']","[('p1', 'check'), ('p2', 'max_raise'), ('p1', 'fold')]",-6.0,-282.0,24.0,p2,fold,False,3,114.0,102.0,loose_aggressive
4501,q,j,check,['check'],"[('p1', 'check'), ('p2', 'check')]",6.0,-276.0,12.0,p1,showdown,False,2,114.0,114.0,loose_aggressive
4502,k,j,check,['check'],"[('p1', 'check'), ('p2', 'check')]",6.0,-270.0,12.0,p1,showdown,False,2,114.0,114.0,loose_aggressive
4503,k,k,check,"['check', 'call']","[('p1', 'check'), ('p2', 'max_raise'), ('p1', 'call')]",0.0,-270.0,0.0,tie,showdown,False,3,114.0,102.0,loose_aggressive
4504,q,j,check,['check'],"[('p1', 'check'), ('p2', 'check')]",6.0,-264.0,12.0,p1,showdown,False,2,114.0,114.0,loose_aggressive
4505,k,j,check,['check'],"[('p1', 'check'), ('p2', 'check')]",6.0,-258.0,12.0,p1,showdown,False,2,114.0,114.0,loose_aggressive
4506,j,k,check,"['check', 'fold']","[('p1', 'check'), ('p2', 'max_raise'), ('p1', 'fold')]",-6.0,-264.0,24.0,p2,fold,False,3,114.0,102.0,loose_aggressive
4507,j,q,check,['check'],"[('p1', 'check'), ('p2', 'check')]",-6.0,-270.0,12.0,p2,showdown,False,2,114.0,114.0,loose_aggressive
4508,k,q,check,['check'],"[('p1', 'check'), ('p2', 'check')]",6.0,-264.0,12.0,p1,showdown,False,2,114.0,114.0,loose_aggressive
4509,q,q,check,['check'],"[('p1', 'check'), ('p2', 'check')]",0.0,-264.0,0.0,tie,showdown,False,2,114.0,114.0,loose_aggressive
4510,j,k,check,"['check', 'fold']","[('p1', 'check'), ('p2', 'max_raise'), ('p1', 'fold')]",-6.0,-270.0,24.0,p2,fold,False,3,114.0,102.0,loose_aggressive
4511,q,k,check,"['check', 'fold']","[('p1', 'check'), ('p2', 'max_raise'), ('p1', 'fold')]",-6.0,-276.0,24.0,p2,fold,False,3,114.0,102.0,loose_aggressive
4512,j,k,check,"['check', 'fold']","[('p1', 'check'), ('p2', 'max_raise'), ('p1', 'fold')]",-6.0,-282.0,24.0,p2,fold,False,3,114.0,102.0,loose_aggressive
4513,q,j,check,"['check', 'call']","[('p1', 'check'), ('p2', 'min_raise'), ('p1', 'call')]",12.0,-270.0,24.0,p1,showdown,False,3,114.0,108.0,loose_aggressive
4514,k,j,check,['check'],"[('p1', 'check'), ('p2', 'check')]",6.0,-264.0,12.0,p1,showdown,False,2,114.0,114.0,loose_aggressive
4515,q,k,check,"['check', 'fold']","[('p1', 'check'), ('p2', 'max_raise'), ('p1', 'fold')]",-6.0,-270.0,24.0,p2,fold,False,3,114.0,102.0,loose_aggressive
4516,q,q,check,['check'],"[('p1', 'check'), ('p2', 'check')]",0.0,-270.0,0.0,tie,showdown,False,2,114.0,114.0,loose_aggressive
4517,j,j,check,"['check', 'call']","[('p1', 'check'), ('p2', 'min_raise'), ('p1', 'call')]",0.0,-270.0,0.0,tie,showdown,False,3,114.0,108.0,loose_aggressive
4518,k,q,check,['check'],"[('p1', 'check'), ('p2', 'check')]",6.0,-264.0,12.0,p1,showdown,False,2,114.0,114.0,loose_aggressive
4519,k,j,check,['check'],"[('p1', 'check'), ('p2', 'check')]",6.0,-258.0,12.0,p1,showdown,False,2,114.0,114.0,loose_aggressive
4520,k,j,check,['check'],"[('p1', 'check'), ('p2', 'check')]",6.0,-252.0,12.0,p1,showdown,False,2,114.0,114.0,loose_aggressive
4521,q,k,check,"['check', 'call']","[('p1', 'check'), ('p2', 'max_raise'), ('p1', 'call')]",-18.0,-270.0,36.0,p2,showdown,False,3,114.0,102.0,loose_aggressive
4522,j,k,check,"['check', 'fold']","[('p1', 'check'), ('p2', 'max_raise'), ('p1', 'fold')]",-6.0,-276.0,24.0,p2,fold,False,3,114.0,102.0,loose_aggressive
4523,j,k,check,"['check', 'fold']","[('p1', 'check'), ('p2', 'max_raise'), ('p1', 'fold')]",-6.0,-282.0,24.0,p2,fold,False,3,114.0,102.0,loose_aggressive
4524,k,j,check,['check'],"[('p1', 'check'), ('p2', 'check')]",6.0,-276.0,12.0,p1,showdown,False,2,114.0,114.0,loose_aggressive
4525,k,k,check,"['check', 'call']","[('p1', 'check'), ('p2', 'max_raise'), ('p1', 'call')]",0.0,-276.0,0.0,tie,showdown,False,3,114.0,102.0,loose_aggressive
4526,q,j,check,['check'],"[('p1', 'check'), ('p2', 'check')]",6.0,-270.0,12.0,p1,showdown,False,2,114.0,114.0,loose_aggressive
4527,q,q,check,['check'],"[('p1', 'check'), ('p2', 'check')]",0.0,-270.0,0.0,tie,showdown,False,2,114.0,114.0,loose_aggressive
4528,q,q,check,['check'],"[('p1', 'check'), ('p2', 'check')]",0.0,-270.0,0.0,tie,showdown,False,2,114.0,114.0,loose_aggressive
4529,k,k,check,"['check', 'call']","[('p1', 'check'), ('p2', 'max_raise'), ('p1', 'call')]",0.0,-270.0,0.0,tie,showdown,False,3,114.0,102.0,loose_aggressive
4530,j,k,check,"['check', 'fold']","[('p1', 'check'), ('p2', 'max_raise'), ('p1', 'fold')]",-6.0,-276.0,24.0,p2,fold,False,3,114.0,102.0,loose_aggressive
4531,q,j,check,"['check', 'call']","[('p1', 'check'), ('p2', 'min_raise'), ('p1', 'call')]",12.0,-264.0,24.0,p1,showdown,False,3,114.0,108.0,loose_aggressive
4532,k,j,check,['check'],"[('p1', 'check'), ('p2', 'check')]",6.0,-258.0,12.0,p1,showdown,False,2,114.0,114.0,loose_aggressive
4533,j,j,check,['check'],"[('p1', 'check'), ('p2', 'check')]",0.0,-258.0,0.0,tie,showdown,False,2,114.0,114.0,loose_aggressive
4534,q,j,check,['check'],"[('p1', 'check'), ('p2', 'check')]",6.0,-252.0,12.0,p1,showdown,False,2,114.0,114.0,loose_aggressive
4535,k,q,check,['check'],"[('p1', 'check'), ('p2', 'check')]",6.0,-246.0,12.0,p1,showdown,False,2,114.0,114.0,loose_aggressive
4536,j,k,check,"['check', 'fold']","[('p1', 'check'), ('p2', 'max_raise'), ('p1', 'fold')]",-6.0,-252.0,24.0,p2,fold,False,3,114.0,102.0,loose_aggressive
4537,k,q,check,['check'],"[('p1', 'check'), ('p2', 'check')]",6.0,-246.0,12.0,p1,showdown,False,2,114.0,114.0,loose_aggressive
4538,k,q,check,['check'],"[('p1', 'check'), ('p2', 'check')]",6.0,-240.0,12.0,p1,showdown,False,2,114.0,114.0,loose_aggressive
4539,k,j,check,['check'],"[('p1', 'check'), ('p2', 'check')]",6.0,-234.0,12.0,p1,showdown,False,2,114.0,114.0,loose_aggressive
4540,k,k,check,"['check', 'call']","[('p1', 'check'), ('p2', 'max_raise'), ('p1', 'call')]",0.0,-234.0,0.0,tie,showdown,False,3,114.0,102.0,loose_aggressive
4541,j,q,check,['check'],"[('p1', 'check'), ('p2', 'check')]",-6.0,-240.0,12.0,p2,showdown,False,2,114.0,114.0,loose_aggressive
4542,j,q,check,['check'],"[('p1', 'check'), ('p2', 'check')]",-6.0,-246.0,12.0,p2,showdown,False,2,114.0,114.0,loose_aggressive
4543,q,k,check,"['check', 'fold']","[('p1', 'check'), ('p2', 'max_raise'), ('p1', 'fold')]",-6.0,-252.0,24.0,p2,fold,False,3,114.0,102.0,loose_aggressive
4544,j,q,check,['check'],"[('p1', 'check'), ('p2', 'check')]",-6.0,-258.0,12.0,p2,showdown,False,2,114.0,114.0,loose_aggressive
4545,q,j,check,['check'],"[('p1', 'check'), ('p2', 'check')]",6.0,-252.0,12.0,p1,showdown,False,2,114.0,114.0,loose_aggressive
4546,k,j,check,['check'],"[('p1', 'check'), ('p2', 'check')]",6.0,-246.0,12.0,p1,showdown,False,2,114.0,114.0,loose_aggressive
4547,j,q,check,['check'],"[('p1', 'check'), ('p2', 'check')]",-6.0,-252.0,12.0,p2,showdown,False,2,114.0,114.0,loose_aggressive
4548,k,j,check,['check'],"[('p1', 'check'), ('p2', 'check')]",6.0,-246.0,12.0,p1,showdown,False,2,114.0,114.0,loose_aggressive
4549,j,q,check,['check'],"[('p1', 'check'), ('p2', 'check')]",-6.0,-252.0,12.0,p2,showdown,False,2,114.0,114.0,loose_aggressive
4550,j,j,check,['check'],"[('p1', 'check'), ('p2', 'check')]",0.0,-252.0,0.0,tie,showdown,False,2,114.0,114.0,loose_aggressive
4551,j,q,check,['check'],"[('p1', 'check'), ('p2', 'check')]",-6.0,-258.0,12.0,p2,showdown,False,2,114.0,114.0,loose_aggressive
4552,q,q,check,['check'],"[('p1', 'check'), ('p2', 'check')]",0.0,-258.0,0.0,tie,showdown,False,2,114.0,114.0,loose_aggressive
4553,j,q,check,['check'],"[('p1', 'check'), ('p2', 'check')]",-6.0,-264.0,12.0,p2,showdown,False,2,114.0,114.0,loose_aggressive
4554,k,k,check,"['check', 'call']","[('p1', 'check'), ('p2', 'max_raise'), ('p1', 'call')]",0.0,-264.0,0.0,tie,showdown,False,3,114.0,102.0,loose_aggressive
4555,k,k,check,"['check', 'call']","[('p1', 'check'), ('p2', 'max_raise'), ('p1', 'call')]",0.0,-264.0,0.0,tie,showdown,False,3,114.0,102.0,loose_aggressive
4556,j,j,check,['check'],"[('p1', 'check'), ('p2', 'check')]",0.0,-264.0,0.0,tie,showdown,False,2,114.0,114.0,loose_aggressive
4557,j,k,check,"['check', 'fold']","[('p1', 'check'), ('p2', 'max_raise'), ('p1', 'fold')]",-6.0,-270.0,24.0,p2,fold,False,3,114.0,102.0,loose_aggressive
4558,j,k,check,"['check', 'fold']","[('p1', 'check'), ('p2', 'max_raise'), ('p1', 'fold')]",-6.0,-276.0,24.0,p2,fold,False,3,114.0,102.0,loose_aggressive
4559,k,k,check,"['check', 'call']","[('p1', 'check'), ('p2', 'max_raise'), ('p1', 'call')]",0.0,-276.0,0.0,tie,showdown,False,3,114.0,102.0,loose_aggressive
4560,j,k,check,"['check', 'fold']","[('p1', 'check'), ('p2', 'max_raise'), ('p1', 'fold')]",-6.0,-282.0,24.0,p2,fold,False,3,114.0,102.0,loose_aggressive
4561,j,q,check,['check'],"[('p1', 'check'), ('p2', 'check')]",-6.0,-288.0,12.0,p2,showdown,False,2,114.0,114.0,loose_aggressive
4562,q,k,check,"['check', 'fold']","[('p1', 'check'), ('p2', 'max_raise'), ('p1', 'fold')]",-6.0,-294.0,24.0,p2,fold,False,3,114.0,102.0,loose_aggressive
4563,q,q,check,['check'],"[('p1', 'check'), ('p2', 'check')]",0.0,-294.0,0.0,tie,showdown,False,2,114.0,114.0,loose_aggressive
4564,j,k,check,"['check', 'fold']","[('p1', 'check'), ('p2', 'max_raise'), ('p1', 'fold')]",-6.0,-300.0,24.0,p2,fold,False,3,114.0,102.0,loose_aggressive
4565,k,j,check,['check'],"[('p1', 'check'), ('p2', 'check')]",6.0,-294.0,12.0,p1,showdown,False,2,114.0,114.0,loose_aggressive
4566,k,q,check,['check'],"[('p1', 'check'), ('p2', 'check')]",6.0,-288.0,12.0,p1,showdown,False,2,114.0,114.0,loose_aggressive
4567,q,k,check,"['check', 'fold']","[('p1', 'check'), ('p2', 'max_raise'), ('p1', 'fold')]",-6.0,-294.0,24.0,p2,fold,False,3,114.0,102.0,loose_aggressive
4568,k,q,check,['check'],"[('p1', 'check'), ('p2', 'check')]",6.0,-288.0,12.0,p1,showdown,False,2,114.0,114.0,loose_aggressive
4569,q,j,check,['check'],"[('p1', 'check'), ('p2', 'check')]",6.0,-282.0,12.0,p1,showdown,False,2,114.0,114.0,loose_aggressive
4570,k,j,check,['check'],"[('p1', 'check'), ('p2', 'check')]",6.0,-276.0,12.0,p1,showdown,False,2,114.0,114.0,loose_aggressive
4571,q,j,check,"['check', 'call']","[('p1', 'check'), ('p2', 'min_raise'), ('p1', 'call')]",12.0,-264.0,24.0,p1,showdown,False,3,114.0,108.0,loose_aggressive
4572,q,q,check,['check'],"[('p1', 'check'), ('p2', 'check')]",0.0,-264.0,0.0,tie,showdown,False,2,114.0,114.0,loose_aggressive
4573,j,j,check,['check'],"[('p1', 'check'), ('p2', 'check')]",0.0,-264.0,0.0,tie,showdown,False,2,114.0,114.0,loose_aggressive
4574,k,j,check,['check'],"[('p1', 'check'), ('p2', 'check')]",6.0,-258.0,12.0,p1,showdown,False,2,114.0,114.0,loose_aggressive
4575,k,j,check,['check'],"[('p1', 'check'), ('p2', 'check')]",6.0,-252.0,12.0,p1,showdown,False,2,114.0,114.0,loose_aggressive
4576,k,j,check,['check'],"[('p1', 'check'), ('p2', 'check')]",6.0,-246.0,12.0,p1,showdown,False,2,114.0,114.0,loose_aggressive
4577,j,k,check,"['check', 'fold']","[('p1', 'check'), ('p2', 'max_raise'), ('p1', 'fold')]",-6.0,-252.0,24.0,p2,fold,False,3,114.0,102.0,loose_aggressive
4578,j,k,check,"['check', 'fold']","[('p1', 'check'), ('p2', 'max_raise'), ('p1', 'fold')]",-6.0,-258.0,24.0,p2,fold,False,3,114.0,102.0,loose_aggressive
4579,j,j,check,"['check', 'call']","[('p1', 'check'), ('p2', 'min_raise'), ('p1', 'call')]",0.0,-258.0,0.0,tie,showdown,False,3,114.0,108.0,loose_aggressive
4580,q,k,check,"['check', 'fold']","[('p1', 'check'), ('p2', 'max_raise'), ('p1', 'fold')]",-6.0,-264.0,24.0,p2,fold,False,3,114.0,102.0,loose_aggressive
4581,k,j,check,['check'],"[('p1', 'check'), ('p2', 'check')]",6.0,-258.0,12.0,p1,showdown,False,2,114.0,114.0,loose_aggressive
4582,k,k,check,"['check', 'call']","[('p1', 'check'), ('p2', 'max_raise'), ('p1', 'call')]",0.0,-258.0,0.0,tie,showdown,False,3,114.0,102.0,loose_aggressive
4583,j,j,check,['check'],"[('p1', 'check'), ('p2', 'check')]",0.0,-258.0,0.0,tie,showdown,False,2,114.0,114.0,loose_aggressive
4584,j,q,check,['check'],"[('p1', 'check'), ('p2', 'check')]",-6.0,-264.0,12.0,p2,showdown,False,2,114.0,114.0,loose_aggressive
4585,j,k,check,"['check', 'fold']","[('p1', 'check'), ('p2', 'max_raise'), ('p1', 'fold')]",-6.0,-270.0,24.0,p2,fold,False,3,114.0,102.0,loose_aggressive
4586,k,q,check,['check'],"[('p1', 'check'), ('p2', 'check')]",6.0,-264.0,12.0,p1,showdown,False,2,114.0,114.0,loose_aggressive
4587,q,k,check,"['check', 'fold']","[('p1', 'check'), ('p2', 'max_raise'), ('p1', 'fold')]",-6.0,-270.0,24.0,p2,fold,False,3,114.0,102.0,loose_aggressive
4588,q,q,check,['check'],"[('p1', 'check'), ('p2', 'check')]",0.0,-270.0,0.0,tie,showdown,False,2,114.0,114.0,loose_aggressive
4589,q,k,check,"['check', 'fold']","[('p1', 'check'), ('p2', 'max_raise'), ('p1', 'fold')]",-6.0,-276.0,24.0,p2,fold,False,3,114.0,102.0,loose_aggressive
4590,j,q,check,['check'],"[('p1', 'check'), ('p2', 'check')]",-6.0,-282.0,12.0,p2,showdown,False,2,114.0,114.0,loose_aggressive
4591,q,k,check,"['check', 'fold']","[('p1', 'check'), ('p2', 'max_raise'), ('p1', 'fold')]",-6.0,-288.0,24.0,p2,fold,False,3,114.0,102.0,loose_aggressive
4592,j,k,check,"['check', 'fold']","[('p1', 'check'), ('p2', 'max_raise'), ('p1', 'fold')]",-6.0,-294.0,24.0,p2,fold,False,3,114.0,102.0,loose_aggressive
4593,q,k,check,"['check', 'fold']","[('p1', 'check'), ('p2', 'max_raise'), ('p1', 'fold')]",-6.0,-300.0,24.0,p2,fold,False,3,114.0,102.0,loose_aggressive
4594,j,q,check,['check'],"[('p1', 'check'), ('p2', 'check')]",-6.0,-306.0,12.0,p2,showdown,False,2,114.0,114.0,loose_aggressive
4595,k,k,check,"['check', 'call']","[('p1', 'check'), ('p2', 'max_raise'), ('p1', 'call')]",0.0,-306.0,0.0,tie,showdown,False,3,114.0,102.0,loose_aggressive
4596,j,j,check,['check'],"[('p1', 'check'), ('p2', 'check')]",0.0,-306.0,0.0,tie,showdown,False,2,114.0,114.0,loose_aggressive
4597,j,j,check,['check'],"[('p1', 'check'), ('p2', 'check')]",0.0,-306.0,0.0,tie,showdown,False,2,114.0,114.0,loose_aggressive
4598,k,j,check,['check'],"[('p1', 'check'), ('p2', 'check')]",6.0,-300.0,12.0,p1,showdown,False,2,114.0,114.0,loose_aggressive
4599,k,j,check,['check'],"[('p1', 'check'), ('p2', 'check')]",6.0,-294.0,12.0,p1,showdown,False,2,114.0,114.0,loose_aggressive
4600,j,q,check,['check'],"[('p1', 'check'), ('p2', 'check')]",-6.0,-300.0,12.0,p2,showdown,False,2,114.0,114.0,loose_aggressive
4601,j,k,check,"['check', 'fold']","[('p1', 'check'), ('p2', 'max_raise'), ('p1', 'fold')]",-6.0,-306.0,24.0,p2,fold,False,3,114.0,102.0,loose_aggressive
4602,j,k,check,"['check', 'fold']","[('p1', 'check'), ('p2', 'max_raise'), ('p1', 'fold')]",-6.0,-312.0,24.0,p2,fold,False,3,114.0,102.0,loose_aggressive
4603,q,q,check,['check'],"[('p1', 'check'), ('p2', 'check')]",0.0,-312.0,0.0,tie,showdown,False,2,114.0,114.0,loose_aggressive
4604,k,q,check,['check'],"[('p1', 'check'), ('p2', 'check')]",6.0,-306.0,12.0,p1,showdown,False,2,114.0,114.0,loose_aggressive
4605,q,j,check,"['check', 'call']","[('p1', 'check'), ('p2', 'min_raise'), ('p1', 'call')]",12.0,-294.0,24.0,p1,showdown,False,3,114.0,108.0,loose_aggressive
4606,q,q,check,['check'],"[('p1', 'check'), ('p2', 'check')]",0.0,-294.0,0.0,tie,showdown,False,2,114.0,114.0,loose_aggressive
4607,q,k,check,"['check', 'fold']","[('p1', 'check'), ('p2', 'max_raise'), ('p1', 'fold')]",-6.0,-300.0,24.0,p2,fold,False,3,114.0,102.0,loose_aggressive
4608,q,j,check,['check'],"[('p1', 'check'), ('p2', 'check')]",6.0,-294.0,12.0,p1,showdown,False,2,114.0,114.0,loose_aggressive
4609,j,k,check,"['check', 'fold']","[('p1', 'check'), ('p2', 'max_raise'), ('p1', 'fold')]",-6.0,-300.0,24.0,p2,fold,False,3,114.0,102.0,loose_aggressive
4610,k,j,check,['check'],"[('p1', 'check'), ('p2', 'check')]",6.0,-294.0,12.0,p1,showdown,False,2,114.0,114.0,loose_aggressive
4611,k,q,check,['check'],"[('p1', 'check'), ('p2', 'check')]",6.0,-288.0,12.0,p1,showdown,False,2,114.0,114.0,loose_aggressive
4612,j,j,check,['check'],"[('p1', 'check'), ('p2', 'check')]",0.0,-288.0,0.0,tie,showdown,False,2,114.0,114.0,loose_aggressive
4613,j,q,check,['check'],"[('p1', 'check'), ('p2', 'check')]",-6.0,-294.0,12.0,p2,showdown,False,2,114.0,114.0,loose_aggressive
4614,k,k,check,"['check', 'call']","[('p1', 'check'), ('p2', 'max_raise'), ('p1', 'call')]",0.0,-294.0,0.0,tie,showdown,False,3,114.0,102.0,loose_aggressive
4615,k,q,check,['check'],"[('p1', 'check'), ('p2', 'check')]",6.0,-288.0,12.0,p1,showdown,False,2,114.0,114.0,loose_aggressive
4616,q,j,check,"['check', 'call']","[('p1', 'check'), ('p2', 'min_raise'), ('p1', 'call')]",12.0,-276.0,24.0,p1,showdown,False,3,114.0,108.0,loose_aggressive
4617,k,j,check,['check'],"[('p1', 'check'), ('p2', 'check')]",6.0,-270.0,12.0,p1,showdown,False,2,114.0,114.0,loose_aggressive
4618,q,k,check,"['check', 'fold']","[('p1', 'check'), ('p2', 'max_raise'), ('p1', 'fold')]",-6.0,-276.0,24.0,p2,fold,False,3,114.0,102.0,loose_aggressive
4619,j,q,check,['check'],"[('p1', 'check'), ('p2', 'check')]",-6.0,-282.0,12.0,p2,showdown,False,2,114.0,114.0,loose_aggressive
4620,k,j,check,['check'],"[('p1', 'check'), ('p2', 'check')]",6.0,-276.0,12.0,p1,showdown,False,2,114.0,114.0,loose_aggressive
4621,q,q,check,['check'],"[('p1', 'check'), ('p2', 'check')]",0.0,-276.0,0.0,tie,showdown,False,2,114.0,114.0,loose_aggressive
4622,q,k,check,"['check', 'call']","[('p1', 'check'), ('p2', 'max_raise'), ('p1', 'call')]",-18.0,-294.0,36.0,p2,showdown,False,3,114.0,102.0,loose_aggressive
4623,q,q,check,['check'],"[('p1', 'check'), ('p2', 'check')]",0.0,-294.0,0.0,tie,showdown,False,2,114.0,114.0,loose_aggressive
4624,k,k,check,"['check', 'call']","[('p1', 'check'), ('p2', 'max_raise'), ('p1', 'call')]",0.0,-294.0,0.0,tie,showdown,False,3,114.0,102.0,loose_aggressive
4625,k,k,check,"['check', 'call']","[('p1', 'check'), ('p2', 'max_raise'), ('p1', 'call')]",0.0,-294.0,0.0,tie,showdown,False,3,114.0,102.0,loose_aggressive
4626,k,j,check,"['check', 'call']","[('p1', 'check'), ('p2', 'min_raise'), ('p1', 'call')]",12.0,-282.0,24.0,p1,showdown,False,3,114.0,108.0,loose_aggressive
4627,k,j,check,['check'],"[('p1', 'check'), ('p2', 'check')]",6.0,-276.0,12.0,p1,showdown,False,2,114.0,114.0,loose_aggressive
4628,j,k,check,"['check', 'fold']","[('p1', 'check'), ('p2', 'max_raise'), ('p1', 'fold')]",-6.0,-282.0,24.0,p2,fold,False,3,114.0,102.0,loose_aggressive
4629,q,q,check,['check'],"[('p1', 'check'), ('p2', 'check')]",0.0,-282.0,0.0,tie,showdown,False,2,114.0,114.0,loose_aggressive
4630,k,q,check,['check'],"[('p1', 'check'), ('p2', 'check')]",6.0,-276.0,12.0,p1,showdown,False,2,114.0,114.0,loose_aggressive
4631,j,k,check,"['check', 'fold']","[('p1', 'check'), ('p2', 'max_raise'), ('p1', 'fold')]",-6.0,-282.0,24.0,p2,fold,False,3,114.0,102.0,loose_aggressive
4632,q,q,check,['check'],"[('p1', 'check'), ('p2', 'check')]",0.0,-282.0,0.0,tie,showdown,False,2,114.0,114.0,loose_aggressive
4633,q,q,check,['check'],"[('p1', 'check'), ('p2', 'check')]",0.0,-282.0,0.0,tie,showdown,False,2,114.0,114.0,loose_aggressive
4634,j,q,check,['check'],"[('p1', 'check'), ('p2', 'check')]",-6.0,-288.0,12.0,p2,showdown,False,2,114.0,114.0,loose_aggressive
4635,k,q,check,['check'],"[('p1', 'check'), ('p2', 'check')]",6.0,-282.0,12.0,p1,showdown,False,2,114.0,114.0,loose_aggressive
4636,k,k,check,"['check', 'call']","[('p1', 'check'), ('p2', 'max_raise'), ('p1', 'call')]",0.0,-282.0,0.0,tie,showdown,False,3,114.0,102.0,loose_aggressive
4637,k,k,check,"['check', 'call']","[('p1', 'check'), ('p2', 'max_raise'), ('p1', 'call')]",0.0,-282.0,0.0,tie,showdown,False,3,114.0,102.0,loose_aggressive
4638,k,k,check,"['check', 'call']","[('p1', 'check'), ('p2', 'max_raise'), ('p1', 'call')]",0.0,-282.0,0.0,tie,showdown,False,3,114.0,102.0,loose_aggressive
4639,q,j,check,['check'],"[('p1', 'check'), ('p2', 'check')]",6.0,-276.0,12.0,p1,showdown,False,2,114.0,114.0,loose_aggressive
4640,j,q,check,['check'],"[('p1', 'check'), ('p2', 'check')]",-6.0,-282.0,12.0,p2,showdown,False,2,114.0,114.0,loose_aggressive
4641,q,q,check,['check'],"[('p1', 'check'), ('p2', 'check')]",0.0,-282.0,0.0,tie,showdown,False,2,114.0,114.0,loose_aggressive
4642,q,k,check,"['check', 'call']","[('p1', 'check'), ('p2', 'max_raise'), ('p1', 'call')]",-18.0,-300.0,36.0,p2,showdown,False,3,114.0,102.0,loose_aggressive
4643,k,q,check,['check'],"[('p1', 'check'), ('p2', 'check')]",6.0,-294.0,12.0,p1,showdown,False,2,114.0,114.0,loose_aggressive
4644,k,q,check,['check'],"[('p1', 'check'), ('p2', 'check')]",6.0,-288.0,12.0,p1,showdown,False,2,114.0,114.0,loose_aggressive
4645,q,j,check,['check'],"[('p1', 'check'), ('p2', 'check')]",6.0,-282.0,12.0,p1,showdown,False,2,114.0,114.0,loose_aggressive
4646,j,j,check,['check'],"[('p1', 'check'), ('p2', 'check')]",0.0,-282.0,0.0,tie,showdown,False,2,114.0,114.0,loose_aggressive
4647,q,k,check,"['check', 'call']","[('p1', 'check'), ('p2', 'max_raise'), ('p1', 'call')]",-18.0,-300.0,36.0,p2,showdown,False,3,114.0,102.0,loose_aggressive
4648,k,j,check,['check'],"[('p1', 'check'), ('p2', 'check')]",6.0,-294.0,12.0,p1,showdown,False,2,114.0,114.0,loose_aggressive
4649,k,q,check,['check'],"[('p1', 'check'), ('p2', 'check')]",6.0,-288.0,12.0,p1,showdown,False,2,114.0,114.0,loose_aggressive
4650,j,k,check,"['check', 'fold']","[('p1', 'check'), ('p2', 'max_raise'), ('p1', 'fold')]",-6.0,-294.0,24.0,p2,fold,False,3,114.0,102.0,loose_aggressive
4651,j,k,check,"['check', 'fold']","[('p1', 'check'), ('p2', 'max_raise'), ('p1', 'fold')]",-6.0,-300.0,24.0,p2,fold,False,3,114.0,102.0,loose_aggressive
4652,q,k,check,"['check', 'fold']","[('p1', 'check'), ('p2', 'max_raise'), ('p1', 'fold')]",-6.0,-306.0,24.0,p2,fold,False,3,114.0,102.0,loose_aggressive
4653,k,q,check,['check'],"[('p1', 'check'), ('p2', 'check')]",6.0,-300.0,12.0,p1,showdown,False,2,114.0,114.0,loose_aggressive
4654,q,k,check,"['check', 'fold']","[('p1', 'check'), ('p2', 'max_raise'), ('p1', 'fold')]",-6.0,-306.0,24.0,p2,fold,False,3,114.0,102.0,loose_aggressive
4655,j,q,check,['check'],"[('p1', 'check'), ('p2', 'check')]",-6.0,-312.0,12.0,p2,showdown,False,2,114.0,114.0,loose_aggressive
4656,j,j,check,"['check', 'call']","[('p1', 'check'), ('p2', 'min_raise'), ('p1', 'call')]",0.0,-312.0,0.0,tie,showdown,False,3,114.0,108.0,loose_aggressive
4657,q,q,check,['check'],"[('p1', 'check'), ('p2', 'check')]",0.0,-312.0,0.0,tie,showdown,False,2,114.0,114.0,loose_aggressive
4658,j,j,check,['check'],"[('p1', 'check'), ('p2', 'check')]",0.0,-312.0,0.0,tie,showdown,False,2,114.0,114.0,loose_aggressive
4659,q,k,check,"['check', 'fold']","[('p1', 'check'), ('p2', 'max_raise'), ('p1', 'fold')]",-6.0,-318.0,24.0,p2,fold,False,3,114.0,102.0,loose_aggressive
4660,k,j,check,['check'],"[('p1', 'check'), ('p2', 'check')]",6.0,-312.0,12.0,p1,showdown,False,2,114.0,114.0,loose_aggressive
4661,k,k,check,"['check', 'call']","[('p1', 'check'), ('p2', 'max_raise'), ('p1', 'call')]",0.0,-312.0,0.0,tie,showdown,False,3,114.0,102.0,loose_aggressive
4662,j,j,check,"['check', 'call']","[('p1', 'check'), ('p2', 'min_raise'), ('p1', 'call')]",0.0,-312.0,0.0,tie,showdown,False,3,114.0,108.0,loose_aggressive
4663,k,j,check,"['check', 'call']","[('p1', 'check'), ('p2', 'min_raise'), ('p1', 'call')]",12.0,-300.0,24.0,p1,showdown,False,3,114.0,108.0,loose_aggressive
4664,q,k,check,"['check', 'fold']","[('p1', 'check'), ('p2', 'max_raise'), ('p1', 'fold')]",-6.0,-306.0,24.0,p2,fold,False,3,114.0,102.0,loose_aggressive
4665,k,q,check,['check'],"[('p1', 'check'), ('p2', 'check')]",6.0,-300.0,12.0,p1,showdown,False,2,114.0,114.0,loose_aggressive
4666,q,q,check,['check'],"[('p1', 'check'), ('p2', 'check')]",0.0,-300.0,0.0,tie,showdown,False,2,114.0,114.0,loose_aggressive
4667,q,q,check,['check'],"[('p1', 'check'), ('p2', 'check')]",0.0,-300.0,0.0,tie,showdown,False,2,114.0,114.0,loose_aggressive
4668,k,q,check,['check'],"[('p1', 'check'), ('p2', 'check')]",6.0,-294.0,12.0,p1,showdown,False,2,114.0,114.0,loose_aggressive
4669,k,q,check,['check'],"[('p1', 'check'), ('p2', 'check')]",6.0,-288.0,12.0,p1,showdown,False,2,114.0,114.0,loose_aggressive
4670,j,k,check,"['check', 'fold']","[('p1', 'check'), ('p2', 'max_raise'), ('p1', 'fold')]",-6.0,-294.0,24.0,p2,fold,False,3,114.0,102.0,loose_aggressive
4671,q,q,check,['check'],"[('p1', 'check'), ('p2', 'check')]",0.0,-294.0,0.0,tie,showdown,False,2,114.0,114.0,loose_aggressive
4672,j,q,check,['check'],"[('p1', 'check'), ('p2', 'check')]",-6.0,-300.0,12.0,p2,showdown,False,2,114.0,114.0,loose_aggressive
4673,j,q,check,['check'],"[('p1', 'check'), ('p2', 'check')]",-6.0,-306.0,12.0,p2,showdown,False,2,114.0,114.0,loose_aggressive
4674,q,q,check,['check'],"[('p1', 'check'), ('p2', 'check')]",0.0,-306.0,0.0,tie,showdown,False,2,114.0,114.0,loose_aggressive
4675,k,k,check,"['check', 'call']","[('p1', 'check'), ('p2', 'max_raise'), ('p1', 'call')]",0.0,-306.0,0.0,tie,showdown,False,3,114.0,102.0,loose_aggressive
4676,q,j,check,['check'],"[('p1', 'check'), ('p2', 'check')]",6.0,-300.0,12.0,p1,showdown,False,2,114.0,114.0,loose_aggressive
4677,j,q,check,['check'],"[('p1', 'check'), ('p2', 'check')]",-6.0,-306.0,12.0,p2,showdown,False,2,114.0,114.0,loose_aggressive
4678,k,q,check,['check'],"[('p1', 'check'), ('p2', 'check')]",6.0,-300.0,12.0,p1,showdown,False,2,114.0,114.0,loose_aggressive
4679,j,q,check,['check'],"[('p1', 'check'), ('p2', 'check')]",-6.0,-306.0,12.0,p2,showdown,False,2,114.0,114.0,loose_aggressive
4680,k,k,check,"['check', 'call']","[('p1', 'check'), ('p2', 'max_raise'), ('p1', 'call')]",0.0,-306.0,0.0,tie,showdown,False,3,114.0,102.0,loose_aggressive
4681,q,j,check,['check'],"[('p1', 'check'), ('p2', 'check')]",6.0,-300.0,12.0,p1,showdown,False,2,114.0,114.0,loose_aggressive
4682,q,q,check,['check'],"[('p1', 'check'), ('p2', 'check')]",0.0,-300.0,0.0,tie,showdown,False,2,114.0,114.0,loose_aggressive
4683,k,q,check,['check'],"[('p1', 'check'), ('p2', 'check')]",6.0,-294.0,12.0,p1,showdown,False,2,114.0,114.0,loose_aggressive
4684,k,j,check,['check'],"[('p1', 'check'), ('p2', 'check')]",6.0,-288.0,12.0,p1,showdown,False,2,114.0,114.0,loose_aggressive
4685,j,j,check,['check'],"[('p1', 'check'), ('p2', 'check')]",0.0,-288.0,0.0,tie,showdown,False,2,114.0,114.0,loose_aggressive
4686,k,q,check,['check'],"[('p1', 'check'), ('p2', 'check')]",6.0,-282.0,12.0,p1,showdown,False,2,114.0,114.0,loose_aggressive
4687,k,k,check,"['check', 'call']","[('p1', 'check'), ('p2', 'max_raise'), ('p1', 'call')]",0.0,-282.0,0.0,tie,showdown,False,3,114.0,102.0,loose_aggressive
4688,q,q,check,['check'],"[('p1', 'check'), ('p2', 'check')]",0.0,-282.0,0.0,tie,showdown,False,2,114.0,114.0,loose_aggressive
4689,j,q,check,['check'],"[('p1', 'check'), ('p2', 'check')]",-6.0,-288.0,12.0,p2,showdown,False,2,114.0,114.0,loose_aggressive
4690,q,j,check,['check'],"[('p1', 'check'), ('p2', 'check')]",6.0,-282.0,12.0,p1,showdown,False,2,114.0,114.0,loose_aggressive
4691,k,q,check,['check'],"[('p1', 'check'), ('p2', 'check')]",6.0,-276.0,12.0,p1,showdown,False,2,114.0,114.0,loose_aggressive
4692,q,k,check,"['check', 'fold']","[('p1', 'check'), ('p2', 'max_raise'), ('p1', 'fold')]",-6.0,-282.0,24.0,p2,fold,False,3,114.0,102.0,loose_aggressive
4693,j,j,check,['check'],"[('p1', 'check'), ('p2', 'check')]",0.0,-282.0,0.0,tie,showdown,False,2,114.0,114.0,loose_aggressive
4694,k,j,check,['check'],"[('p1', 'check'), ('p2', 'check')]",6.0,-276.0,12.0,p1,showdown,False,2,114.0,114.0,loose_aggressive
4695,q,k,check,"['check', 'fold']","[('p1', 'check'), ('p2', 'max_raise'), ('p1', 'fold')]",-6.0,-282.0,24.0,p2,fold,False,3,114.0,102.0,loose_aggressive
4696,k,j,check,['check'],"[('p1', 'check'), ('p2', 'check')]",6.0,-276.0,12.0,p1,showdown,False,2,114.0,114.0,loose_aggressive
4697,q,j,check,['check'],"[('p1', 'check'), ('p2', 'check')]",6.0,-270.0,12.0,p1,showdown,False,2,114.0,114.0,loose_aggressive
4698,j,k,check,"['check', 'fold']","[('p1', 'check'), ('p2', 'max_raise'), ('p1', 'fold')]",-6.0,-276.0,24.0,p2,fold,False,3,114.0,102.0,loose_aggressive
4699,q,j,check,['check'],"[('p1', 'check'), ('p2', 'check')]",6.0,-270.0,12.0,p1,showdown,False,2,114.0,114.0,loose_aggressive
4700,j,k,check,"['check', 'fold']","[('p1', 'check'), ('p2', 'max_raise'), ('p1', 'fold')]",-6.0,-276.0,24.0,p2,fold,False,3,114.0,102.0,loose_aggressive
4701,j,j,check,['check'],"[('p1', 'check'), ('p2', 'check')]",0.0,-276.0,0.0,tie,showdown,False,2,114.0,114.0,loose_aggressive
4702,q,k,check,"['check', 'fold']","[('p1', 'check'), ('p2', 'max_raise'), ('p1', 'fold')]",-6.0,-282.0,24.0,p2,fold,False,3,114.0,102.0,loose_aggressive
4703,q,q,check,['check'],"[('p1', 'check'), ('p2', 'check')]",0.0,-282.0,0.0,tie,showdown,False,2,114.0,114.0,loose_aggressive
4704,q,q,check,['check'],"[('p1', 'check'), ('p2', 'check')]",0.0,-282.0,0.0,tie,showdown,False,2,114.0,114.0,loose_aggressive
4705,q,q,check,['check'],"[('p1', 'check'), ('p2', 'check')]",0.0,-282.0,0.0,tie,showdown,False,2,114.0,114.0,loose_aggressive
4706,k,q,check,['check'],"[('p1', 'check'), ('p2', 'check')]",6.0,-276.0,12.0,p1,showdown,False,2,114.0,114.0,loose_aggressive
4707,j,j,check,['check'],"[('p1', 'check'), ('p2', 'check')]",0.0,-276.0,0.0,tie,showdown,False,2,114.0,114.0,loose_aggressive
4708,q,k,check,"['check', 'fold']","[('p1', 'check'), ('p2', 'max_raise'), ('p1', 'fold')]",-6.0,-282.0,24.0,p2,fold,False,3,114.0,102.0,loose_aggressive
4709,k,k,check,"['check', 'call']","[('p1', 'check'), ('p2', 'max_raise'), ('p1', 'call')]",0.0,-282.0,0.0,tie,showdown,False,3,114.0,102.0,loose_aggressive
4710,j,k,check,"['check', 'fold']","[('p1', 'check'), ('p2', 'max_raise'), ('p1', 'fold')]",-6.0,-288.0,24.0,p2,fold,False,3,114.0,102.0,loose_aggressive
4711,j,k,check,"['check', 'fold']","[('p1', 'check'), ('p2', 'max_raise'), ('p1', 'fold')]",-6.0,-294.0,24.0,p2,fold,False,3,114.0,102.0,loose_aggressive
4712,k,j,check,['check'],"[('p1', 'check'), ('p2', 'check')]",6.0,-288.0,12.0,p1,showdown,False,2,114.0,114.0,loose_aggressive
4713,j,j,check,"['check', 'call']","[('p1', 'check'), ('p2', 'min_raise'), ('p1', 'call')]",0.0,-288.0,0.0,tie,showdown,False,3,114.0,108.0,loose_aggressive
4714,q,k,check,"['check', 'fold']","[('p1', 'check'), ('p2', 'max_raise'), ('p1', 'fold')]",-6.0,-294.0,24.0,p2,fold,False,3,114.0,102.0,loose_aggressive
4715,j,k,check,"['check', 'fold']","[('p1', 'check'), ('p2', 'max_raise'), ('p1', 'fold')]",-6.0,-300.0,24.0,p2,fold,False,3,114.0,102.0,loose_aggressive
4716,j,k,check,"['check', 'fold']","[('p1', 'check'), ('p2', 'max_raise'), ('p1', 'fold')]",-6.0,-306.0,24.0,p2,fold,False,3,114.0,102.0,loose_aggressive
4717,q,j,check,"['check', 'call']","[('p1', 'check'), ('p2', 'min_raise'), ('p1', 'call')]",12.0,-294.0,24.0,p1,showdown,False,3,114.0,108.0,loose_aggressive
4718,k,j,check,['check'],"[('p1', 'check'), ('p2', 'check')]",6.0,-288.0,12.0,p1,showdown,False,2,114.0,114.0,loose_aggressive
4719,k,k,check,"['check', 'call']","[('p1', 'check'), ('p2', 'max_raise'), ('p1', 'call')]",0.0,-288.0,0.0,tie,showdown,False,3,114.0,102.0,loose_aggressive
4720,k,k,check,"['check', 'call']","[('p1', 'check'), ('p2', 'max_raise'), ('p1', 'call')]",0.0,-288.0,0.0,tie,showdown,False,3,114.0,102.0,loose_aggressive
4721,j,q,check,['check'],"[('p1', 'check'), ('p2', 'check')]",-6.0,-294.0,12.0,p2,showdown,False,2,114.0,114.0,loose_aggressive
4722,k,k,check,"['check', 'call']","[('p1', 'check'), ('p2', 'max_raise'), ('p1', 'call')]",0.0,-294.0,0.0,tie,showdown,False,3,114.0,102.0,loose_aggressive
4723,q,j,check,['check'],"[('p1', 'check'), ('p2', 'check')]",6.0,-288.0,12.0,p1,showdown,False,2,114.0,114.0,loose_aggressive
4724,j,q,check,['check'],"[('p1', 'check'), ('p2', 'check')]",-6.0,-294.0,12.0,p2,showdown,False,2,114.0,114.0,loose_aggressive
4725,q,k,check,"['check', 'fold']","[('p1', 'check'), ('p2', 'max_raise'), ('p1', 'fold')]",-6.0,-300.0,24.0,p2,fold,False,3,114.0,102.0,loose_aggressive
4726,q,j,check,['check'],"[('p1', 'check'), ('p2', 'check')]",6.0,-294.0,12.0,p1,showdown,False,2,114.0,114.0,loose_aggressive
4727,j,j,check,['check'],"[('p1', 'check'), ('p2', 'check')]",0.0,-294.0,0.0,tie,showdown,False,2,114.0,114.0,loose_aggressive
4728,q,j,check,"['check', 'call']","[('p1', 'check'), ('p2', 'min_raise'), ('p1', 'call')]",12.0,-282.0,24.0,p1,showdown,False,3,114.0,108.0,loose_aggressive
4729,q,j,check,"['check', 'call']","[('p1', 'check'), ('p2', 'min_raise'), ('p1', 'call')]",12.0,-270.0,24.0,p1,showdown,False,3,114.0,108.0,loose_aggressive
4730,j,q,check,['check'],"[('p1', 'check'), ('p2', 'check')]",-6.0,-276.0,12.0,p2,showdown,False,2,114.0,114.0,loose_aggressive
4731,j,j,check,['check'],"[('p1', 'check'), ('p2', 'check')]",0.0,-276.0,0.0,tie,showdown,False,2,114.0,114.0,loose_aggressive
4732,j,j,check,['check'],"[('p1', 'check'), ('p2', 'check')]",0.0,-276.0,0.0,tie,showdown,False,2,114.0,114.0,loose_aggressive
4733,j,k,check,"['check', 'fold']","[('p1', 'check'), ('p2', 'max_raise'), ('p1', 'fold')]",-6.0,-282.0,24.0,p2,fold,False,3,114.0,102.0,loose_aggressive
4734,k,j,check,"['check', 'call']","[('p1', 'check'), ('p2', 'min_raise'), ('p1', 'call')]",12.0,-270.0,24.0,p1,showdown,False,3,114.0,108.0,loose_aggressive
4735,k,q,check,['check'],"[('p1', 'check'), ('p2', 'check')]",6.0,-264.0,12.0,p1,showdown,False,2,114.0,114.0,loose_aggressive
4736,j,j,check,['check'],"[('p1', 'check'), ('p2', 'check')]",0.0,-264.0,0.0,tie,showdown,False,2,114.0,114.0,loose_aggressive
4737,k,q,check,['check'],"[('p1', 'check'), ('p2', 'check')]",6.0,-258.0,12.0,p1,showdown,False,2,114.0,114.0,loose_aggressive
4738,k,j,check,['check'],"[('p1', 'check'), ('p2', 'check')]",6.0,-252.0,12.0,p1,showdown,False,2,114.0,114.0,loose_aggressive
4739,k,q,check,['check'],"[('p1', 'check'), ('p2', 'check')]",6.0,-246.0,12.0,p1,showdown,False,2,114.0,114.0,loose_aggressive
4740,j,q,check,['check'],"[('p1', 'check'), ('p2', 'check')]",-6.0,-252.0,12.0,p2,showdown,False,2,114.0,114.0,loose_aggressive
4741,j,j,check,"['check', 'call']","[('p1', 'check'), ('p2', 'min_raise'), ('p1', 'call')]",0.0,-252.0,0.0,tie,showdown,False,3,114.0,108.0,loose_aggressive
4742,j,j,check,['check'],"[('p1', 'check'), ('p2', 'check')]",0.0,-252.0,0.0,tie,showdown,False,2,114.0,114.0,loose_aggressive
4743,j,j,check,['check'],"[('p1', 'check'), ('p2', 'check')]",0.0,-252.0,0.0,tie,showdown,False,2,114.0,114.0,loose_aggressive
4744,q,k,check,"['check', 'fold']","[('p1', 'check'), ('p2', 'max_raise'), ('p1', 'fold')]",-6.0,-258.0,24.0,p2,fold,False,3,114.0,102.0,loose_aggressive
4745,q,k,check,"['check', 'fold']","[('p1', 'check'), ('p2', 'max_raise'), ('p1', 'fold')]",-6.0,-264.0,24.0,p2,fold,False,3,114.0,102.0,loose_aggressive
4746,j,k,check,"['check', 'fold']","[('p1', 'check'), ('p2', 'max_raise'), ('p1', 'fold')]",-6.0,-270.0,24.0,p2,fold,False,3,114.0,102.0,loose_aggressive
4747,k,q,check,['check'],"[('p1', 'check'), ('p2', 'check')]",6.0,-264.0,12.0,p1,showdown,False,2,114.0,114.0,loose_aggressive
4748,q,k,check,"['check', 'fold']","[('p1', 'check'), ('p2', 'max_raise'), ('p1', 'fold')]",-6.0,-270.0,24.0,p2,fold,False,3,114.0,102.0,loose_aggressive
4749,j,q,check,['check'],"[('p1', 'check'), ('p2', 'check')]",-6.0,-276.0,12.0,p2,showdown,False,2,114.0,114.0,loose_aggressive
4750,k,k,check,"['check', 'call']","[('p1', 'check'), ('p2', 'max_raise'), ('p1', 'call')]",0.0,-276.0,0.0,tie,showdown,False,3,114.0,102.0,loose_aggressive
4751,q,j,check,['check'],"[('p1', 'check'), ('p2', 'check')]",6.0,-270.0,12.0,p1,showdown,False,2,114.0,114.0,loose_aggressive
4752,k,q,check,['check'],"[('p1', 'check'), ('p2', 'check')]",6.0,-264.0,12.0,p1,showdown,False,2,114.0,114.0,loose_aggressive
4753,j,k,check,"['check', 'fold']","[('p1', 'check'), ('p2', 'max_raise'), ('p1', 'fold')]",-6.0,-270.0,24.0,p2,fold,False,3,114.0,102.0,loose_aggressive
4754,q,k,check,"['check', 'fold']","[('p1', 'check'), ('p2', 'max_raise'), ('p1', 'fold')]",-6.0,-276.0,24.0,p2,fold,False,3,114.0,102.0,loose_aggressive
4755,k,j,check,['check'],"[('p1', 'check'), ('p2', 'check')]",6.0,-270.0,12.0,p1,showdown,False,2,114.0,114.0,loose_aggressive
4756,j,q,check,['check'],"[('p1', 'check'), ('p2', 'check')]",-6.0,-276.0,12.0,p2,showdown,False,2,114.0,114.0,loose_aggressive
4757,j,j,check,"['check', 'call']","[('p1', 'check'), ('p2', 'min_raise'), ('p1', 'call')]",0.0,-276.0,0.0,tie,showdown,False,3,114.0,108.0,loose_aggressive
4758,q,k,check,"['check', 'fold']","[('p1', 'check'), ('p2', 'max_raise'), ('p1', 'fold')]",-6.0,-282.0,24.0,p2,fold,False,3,114.0,102.0,loose_aggressive
4759,k,k,check,"['check', 'call']","[('p1', 'check'), ('p2', 'max_raise'), ('p1', 'call')]",0.0,-282.0,0.0,tie,showdown,False,3,114.0,102.0,loose_aggressive
4760,k,j,check,['check'],"[('p1', 'check'), ('p2', 'check')]",6.0,-276.0,12.0,p1,showdown,False,2,114.0,114.0,loose_aggressive
4761,k,j,check,['check'],"[('p1', 'check'), ('p2', 'check')]",6.0,-270.0,12.0,p1,showdown,False,2,114.0,114.0,loose_aggressive
4762,j,q,check,['check'],"[('p1', 'check'), ('p2', 'check')]",-6.0,-276.0,12.0,p2,showdown,False,2,114.0,114.0,loose_aggressive
4763,q,k,check,"['check', 'fold']","[('p1', 'check'), ('p2', 'max_raise'), ('p1', 'fold')]",-6.0,-282.0,24.0,p2,fold,False,3,114.0,102.0,loose_aggressive
4764,k,k,check,"['check', 'call']","[('p1', 'check'), ('p2', 'max_raise'), ('p1', 'call')]",0.0,-282.0,0.0,tie,showdown,False,3,114.0,102.0,loose_aggressive
4765,k,q,check,['check'],"[('p1', 'check'), ('p2', 'check')]",6.0,-276.0,12.0,p1,showdown,False,2,114.0,114.0,loose_aggressive
4766,q,q,check,['check'],"[('p1', 'check'), ('p2', 'check')]",0.0,-276.0,0.0,tie,showdown,False,2,114.0,114.0,loose_aggressive
4767,k,q,check,['check'],"[('p1', 'check'), ('p2', 'check')]",6.0,-270.0,12.0,p1,showdown,False,2,114.0,114.0,loose_aggressive
4768,k,j,check,['check'],"[('p1', 'check'), ('p2', 'check')]",6.0,-264.0,12.0,p1,showdown,False,2,114.0,114.0,loose_aggressive
4769,q,k,check,"['check', 'fold']","[('p1', 'check'), ('p2', 'max_raise'), ('p1', 'fold')]",-6.0,-270.0,24.0,p2,fold,False,3,114.0,102.0,loose_aggressive
4770,k,q,check,['check'],"[('p1', 'check'), ('p2', 'check')]",6.0,-264.0,12.0,p1,showdown,False,2,114.0,114.0,loose_aggressive
4771,k,q,check,['check'],"[('p1', 'check'), ('p2', 'check')]",6.0,-258.0,12.0,p1,showdown,False,2,114.0,114.0,loose_aggressive
4772,k,q,check,['check'],"[('p1', 'check'), ('p2', 'check')]",6.0,-252.0,12.0,p1,showdown,False,2,114.0,114.0,loose_aggressive
4773,k,k,check,"['check', 'call']","[('p1', 'check'), ('p2', 'max_raise'), ('p1', 'call')]",0.0,-252.0,0.0,tie,showdown,False,3,114.0,102.0,loose_aggressive
4774,k,q,check,['check'],"[('p1', 'check'), ('p2', 'check')]",6.0,-246.0,12.0,p1,showdown,False,2,114.0,114.0,loose_aggressive
4775,k,k,check,"['check', 'call']","[('p1', 'check'), ('p2', 'max_raise'), ('p1', 'call')]",0.0,-246.0,0.0,tie,showdown,False,3,114.0,102.0,loose_aggressive
4776,j,q,check,['check'],"[('p1', 'check'), ('p2', 'check')]",-6.0,-252.0,12.0,p2,showdown,False,2,114.0,114.0,loose_aggressive
4777,k,k,check,"['check', 'call']","[('p1', 'check'), ('p2', 'max_raise'), ('p1', 'call')]",0.0,-252.0,0.0,tie,showdown,False,3,114.0,102.0,loose_aggressive
4778,q,q,check,['check'],"[('p1', 'check'), ('p2', 'check')]",0.0,-252.0,0.0,tie,showdown,False,2,114.0,114.0,loose_aggressive
4779,k,j,check,['check'],"[('p1', 'check'), ('p2', 'check')]",6.0,-246.0,12.0,p1,showdown,False,2,114.0,114.0,loose_aggressive
4780,j,k,check,"['check', 'fold']","[('p1', 'check'), ('p2', 'max_raise'), ('p1', 'fold')]",-6.0,-252.0,24.0,p2,fold,False,3,114.0,102.0,loose_aggressive
4781,k,j,check,"['check', 'call']","[('p1', 'check'), ('p2', 'min_raise'), ('p1', 'call')]",12.0,-240.0,24.0,p1,showdown,False,3,114.0,108.0,loose_aggressive
4782,j,q,check,['check'],"[('p1', 'check'), ('p2', 'check')]",-6.0,-246.0,12.0,p2,showdown,False,2,114.0,114.0,loose_aggressive
4783,k,j,check,['check'],"[('p1', 'check'), ('p2', 'check')]",6.0,-240.0,12.0,p1,showdown,False,2,114.0,114.0,loose_aggressive
4784,q,j,check,['check'],"[('p1', 'check'), ('p2', 'check')]",6.0,-234.0,12.0,p1,showdown,False,2,114.0,114.0,loose_aggressive
4785,j,k,check,"['check', 'fold']","[('p1', 'check'), ('p2', 'max_raise'), ('p1', 'fold')]",-6.0,-240.0,24.0,p2,fold,False,3,114.0,102.0,loose_aggressive
4786,j,q,check,['check'],"[('p1', 'check'), ('p2', 'check')]",-6.0,-246.0,12.0,p2,showdown,False,2,114.0,114.0,loose_aggressive
4787,k,k,check,"['check', 'call']","[('p1', 'check'), ('p2', 'max_raise'), ('p1', 'call')]",0.0,-246.0,0.0,tie,showdown,False,3,114.0,102.0,loose_aggressive
4788,q,k,check,"['check', 'fold']","[('p1', 'check'), ('p2', 'max_raise'), ('p1', 'fold')]",-6.0,-252.0,24.0,p2,fold,False,3,114.0,102.0,loose_aggressive
4789,k,q,check,['check'],"[('p1', 'check'), ('p2', 'check')]",6.0,-246.0,12.0,p1,showdown,False,2,114.0,114.0,loose_aggressive
4790,j,j,check,['check'],"[('p1', 'check'), ('p2', 'check')]",0.0,-246.0,0.0,tie,showdown,False,2,114.0,114.0,loose_aggressive
4791,j,q,check,['check'],"[('p1', 'check'), ('p2', 'check')]",-6.0,-252.0,12.0,p2,showdown,False,2,114.0,114.0,loose_aggressive
4792,k,j,check,['check'],"[('p1', 'check'), ('p2', 'check')]",6.0,-246.0,12.0,p1,showdown,False,2,114.0,114.0,loose_aggressive
4793,q,j,check,['check'],"[('p1', 'check'), ('p2', 'check')]",6.0,-240.0,12.0,p1,showdown,False,2,114.0,114.0,loose_aggressive
4794,q,q,check,['check'],"[('p1', 'check'), ('p2', 'check')]",0.0,-240.0,0.0,tie,showdown,False,2,114.0,114.0,loose_aggressive
4795,k,q,check,['check'],"[('p1', 'check'), ('p2', 'check')]",6.0,-234.0,12.0,p1,showdown,False,2,114.0,114.0,loose_aggressive
4796,k,j,check,['check'],"[('p1', 'check'), ('p2', 'check')]",6.0,-228.0,12.0,p1,showdown,False,2,114.0,114.0,loose_aggressive
4797,q,k,check,"['check', 'fold']","[('p1', 'check'), ('p2', 'max_raise'), ('p1', 'fold')]",-6.0,-234.0,24.0,p2,fold,False,3,114.0,102.0,loose_aggressive
4798,k,q,check,['check'],"[('p1', 'check'), ('p2', 'check')]",6.0,-228.0,12.0,p1,showdown,False,2,114.0,114.0,loose_aggressive
4799,k,k,check,"['check', 'call']","[('p1', 'check'), ('p2', 'max_raise'), ('p1', 'call')]",0.0,-228.0,0.0,tie,showdown,False,3,114.0,102.0,loose_aggressive
4800,j,q,check,['check'],"[('p1', 'check'), ('p2', 'check')]",-6.0,-234.0,12.0,p2,showdown,False,2,114.0,114.0,loose_aggressive
4801,q,j,check,['check'],"[('p1', 'check'), ('p2', 'check')]",6.0,-228.0,12.0,p1,showdown,False,2,114.0,114.0,loose_aggressive
4802,q,k,check,"['check', 'fold']","[('p1', 'check'), ('p2', 'max_raise'), ('p1', 'fold')]",-6.0,-234.0,24.0,p2,fold,False,3,114.0,102.0,loose_aggressive
4803,k,k,check,"['check', 'call']","[('p1', 'check'), ('p2', 'max_raise'), ('p1', 'call')]",0.0,-234.0,0.0,tie,showdown,False,3,114.0,102.0,loose_aggressive
4804,k,q,check,['check'],"[('p1', 'check'), ('p2', 'check')]",6.0,-228.0,12.0,p1,showdown,False,2,114.0,114.0,loose_aggressive
4805,k,q,check,['check'],"[('p1', 'check'), ('p2', 'check')]",6.0,-222.0,12.0,p1,showdown,False,2,114.0,114.0,loose_aggressive
4806,q,k,check,"['check', 'fold']","[('p1', 'check'), ('p2', 'max_raise'), ('p1', 'fold')]",-6.0,-228.0,24.0,p2,fold,False,3,114.0,102.0,loose_aggressive
4807,q,j,check,['check'],"[('p1', 'check'), ('p2', 'check')]",6.0,-222.0,12.0,p1,showdown,False,2,114.0,114.0,loose_aggressive
4808,q,k,check,"['check', 'fold']","[('p1', 'check'), ('p2', 'max_raise'), ('p1', 'fold')]",-6.0,-228.0,24.0,p2,fold,False,3,114.0,102.0,loose_aggressive
4809,j,q,check,['check'],"[('p1', 'check'), ('p2', 'check')]",-6.0,-234.0,12.0,p2,showdown,False,2,114.0,114.0,loose_aggressive
4810,j,q,check,['check'],"[('p1', 'check'), ('p2', 'check')]",-6.0,-240.0,12.0,p2,showdown,False,2,114.0,114.0,loose_aggressive
4811,j,k,check,"['check', 'fold']","[('p1', 'check'), ('p2', 'max_raise'), ('p1', 'fold')]",-6.0,-246.0,24.0,p2,fold,False,3,114.0,102.0,loose_aggressive
4812,j,j,check,"['check', 'call']","[('p1', 'check'), ('p2', 'min_raise'), ('p1', 'call')]",0.0,-246.0,0.0,tie,showdown,False,3,114.0,108.0,loose_aggressive
4813,j,j,check,"['check', 'call']","[('p1', 'check'), ('p2', 'min_raise'), ('p1', 'call')]",0.0,-246.0,0.0,tie,showdown,False,3,114.0,108.0,loose_aggressive
4814,k,j,check,"['check', 'call']","[('p1', 'check'), ('p2', 'min_raise'), ('p1', 'call')]",12.0,-234.0,24.0,p1,showdown,False,3,114.0,108.0,loose_aggressive
4815,k,k,check,"['check', 'call']","[('p1', 'check'), ('p2', 'max_raise'), ('p1', 'call')]",0.0,-234.0,0.0,tie,showdown,False,3,114.0,102.0,loose_aggressive
4816,q,j,check,['check'],"[('p1', 'check'), ('p2', 'check')]",6.0,-228.0,12.0,p1,showdown,False,2,114.0,114.0,loose_aggressive
4817,k,k,check,"['check', 'call']","[('p1', 'check'), ('p2', 'max_raise'), ('p1', 'call')]",0.0,-228.0,0.0,tie,showdown,False,3,114.0,102.0,loose_aggressive
4818,q,q,check,['check'],"[('p1', 'check'), ('p2', 'check')]",0.0,-228.0,0.0,tie,showdown,False,2,114.0,114.0,loose_aggressive
4819,k,q,check,['check'],"[('p1', 'check'), ('p2', 'check')]",6.0,-222.0,12.0,p1,showdown,False,2,114.0,114.0,loose_aggressive
4820,k,j,check,"['check', 'call']","[('p1', 'check'), ('p2', 'min_raise'), ('p1', 'call')]",12.0,-210.0,24.0,p1,showdown,False,3,114.0,108.0,loose_aggressive
4821,q,q,check,['check'],"[('p1', 'check'), ('p2', 'check')]",0.0,-210.0,0.0,tie,showdown,False,2,114.0,114.0,loose_aggressive
4822,j,q,check,['check'],"[('p1', 'check'), ('p2', 'check')]",-6.0,-216.0,12.0,p2,showdown,False,2,114.0,114.0,loose_aggressive
4823,k,k,check,"['check', 'call']","[('p1', 'check'), ('p2', 'max_raise'), ('p1', 'call')]",0.0,-216.0,0.0,tie,showdown,False,3,114.0,102.0,loose_aggressive
4824,k,q,check,['check'],"[('p1', 'check'), ('p2', 'check')]",6.0,-210.0,12.0,p1,showdown,False,2,114.0,114.0,loose_aggressive
4825,j,q,check,['check'],"[('p1', 'check'), ('p2', 'check')]",-6.0,-216.0,12.0,p2,showdown,False,2,114.0,114.0,loose_aggressive
4826,q,j,check,['check'],"[('p1', 'check'), ('p2', 'check')]",6.0,-210.0,12.0,p1,showdown,False,2,114.0,114.0,loose_aggressive
4827,k,q,check,['check'],"[('p1', 'check'), ('p2', 'check')]",6.0,-204.0,12.0,p1,showdown,False,2,114.0,114.0,loose_aggressive
4828,q,q,check,['check'],"[('p1', 'check'), ('p2', 'check')]",0.0,-204.0,0.0,tie,showdown,False,2,114.0,114.0,loose_aggressive
4829,j,k,check,"['check', 'fold']","[('p1', 'check'), ('p2', 'max_raise'), ('p1', 'fold')]",-6.0,-210.0,24.0,p2,fold,False,3,114.0,102.0,loose_aggressive
4830,k,j,check,['check'],"[('p1', 'check'), ('p2', 'check')]",6.0,-204.0,12.0,p1,showdown,False,2,114.0,114.0,loose_aggressive
4831,j,q,check,['check'],"[('p1', 'check'), ('p2', 'check')]",-6.0,-210.0,12.0,p2,showdown,False,2,114.0,114.0,loose_aggressive
4832,j,q,check,['check'],"[('p1', 'check'), ('p2', 'check')]",-6.0,-216.0,12.0,p2,showdown,False,2,114.0,114.0,loose_aggressive
4833,q,k,check,"['check', 'fold']","[('p1', 'check'), ('p2', 'max_raise'), ('p1', 'fold')]",-6.0,-222.0,24.0,p2,fold,False,3,114.0,102.0,loose_aggressive
4834,q,j,check,['check'],"[('p1', 'check'), ('p2', 'check')]",6.0,-216.0,12.0,p1,showdown,False,2,114.0,114.0,loose_aggressive
4835,q,q,check,['check'],"[('p1', 'check'), ('p2', 'check')]",0.0,-216.0,0.0,tie,showdown,False,2,114.0,114.0,loose_aggressive
4836,k,q,check,['check'],"[('p1', 'check'), ('p2', 'check')]",6.0,-210.0,12.0,p1,showdown,False,2,114.0,114.0,loose_aggressive
4837,k,k,check,"['check', 'call']","[('p1', 'check'), ('p2', 'max_raise'), ('p1', 'call')]",0.0,-210.0,0.0,tie,showdown,False,3,114.0,102.0,loose_aggressive
4838,j,q,check,['check'],"[('p1', 'check'), ('p2', 'check')]",-6.0,-216.0,12.0,p2,showdown,False,2,114.0,114.0,loose_aggressive
4839,k,k,check,"['check', 'call']","[('p1', 'check'), ('p2', 'max_raise'), ('p1', 'call')]",0.0,-216.0,0.0,tie,showdown,False,3,114.0,102.0,loose_aggressive
4840,j,q,check,['check'],"[('p1', 'check'), ('p2', 'check')]",-6.0,-222.0,12.0,p2,showdown,False,2,114.0,114.0,loose_aggressive
4841,q,k,check,"['check', 'fold']","[('p1', 'check'), ('p2', 'max_raise'), ('p1', 'fold')]",-6.0,-228.0,24.0,p2,fold,False,3,114.0,102.0,loose_aggressive
4842,k,q,check,['check'],"[('p1', 'check'), ('p2', 'check')]",6.0,-222.0,12.0,p1,showdown,False,2,114.0,114.0,loose_aggressive
4843,j,q,check,['check'],"[('p1', 'check'), ('p2', 'check')]",-6.0,-228.0,12.0,p2,showdown,False,2,114.0,114.0,loose_aggressive
4844,k,k,check,"['check', 'call']","[('p1', 'check'), ('p2', 'max_raise'), ('p1', 'call')]",0.0,-228.0,0.0,tie,showdown,False,3,114.0,102.0,loose_aggressive
4845,k,q,check,['check'],"[('p1', 'check'), ('p2', 'check')]",6.0,-222.0,12.0,p1,showdown,False,2,114.0,114.0,loose_aggressive
4846,k,q,check,['check'],"[('p1', 'check'), ('p2', 'check')]",6.0,-216.0,12.0,p1,showdown,False,2,114.0,114.0,loose_aggressive
4847,j,q,check,['check'],"[('p1', 'check'), ('p2', 'check')]",-6.0,-222.0,12.0,p2,showdown,False,2,114.0,114.0,loose_aggressive
4848,q,j,check,['check'],"[('p1', 'check'), ('p2', 'check')]",6.0,-216.0,12.0,p1,showdown,False,2,114.0,114.0,loose_aggressive
4849,k,k,check,"['check', 'call']","[('p1', 'check'), ('p2', 'max_raise'), ('p1', 'call')]",0.0,-216.0,0.0,tie,showdown,False,3,114.0,102.0,loose_aggressive
4850,j,q,check,['check'],"[('p1', 'check'), ('p2', 'check')]",-6.0,-222.0,12.0,p2,showdown,False,2,114.0,114.0,loose_aggressive
4851,j,j,check,['check'],"[('p1', 'check'), ('p2', 'check')]",0.0,-222.0,0.0,tie,showdown,False,2,114.0,114.0,loose_aggressive
4852,j,k,check,"['check', 'fold']","[('p1', 'check'), ('p2', 'max_raise'), ('p1', 'fold')]",-6.0,-228.0,24.0,p2,fold,False,3,114.0,102.0,loose_aggressive
4853,k,q,check,['check'],"[('p1', 'check'), ('p2', 'check')]",6.0,-222.0,12.0,p1,showdown,False,2,114.0,114.0,loose_aggressive
4854,j,j,check,"['check', 'call']","[('p1', 'check'), ('p2', 'min_raise'), ('p1', 'call')]",0.0,-222.0,0.0,tie,showdown,False,3,114.0,108.0,loose_aggressive
4855,k,j,check,['check'],"[('p1', 'check'), ('p2', 'check')]",6.0,-216.0,12.0,p1,showdown,False,2,114.0,114.0,loose_aggressive
4856,k,q,check,['check'],"[('p1', 'check'), ('p2', 'check')]",6.0,-210.0,12.0,p1,showdown,False,2,114.0,114.0,loose_aggressive
4857,j,j,check,['check'],"[('p1', 'check'), ('p2', 'check')]",0.0,-210.0,0.0,tie,showdown,False,2,114.0,114.0,loose_aggressive
4858,q,j,check,['check'],"[('p1', 'check'), ('p2', 'check')]",6.0,-204.0,12.0,p1,showdown,False,2,114.0,114.0,loose_aggressive
4859,q,j,check,['check'],"[('p1', 'check'), ('p2', 'check')]",6.0,-198.0,12.0,p1,showdown,False,2,114.0,114.0,loose_aggressive
4860,q,q,check,['check'],"[('p1', 'check'), ('p2', 'check')]",0.0,-198.0,0.0,tie,showdown,False,2,114.0,114.0,loose_aggressive
4861,j,k,check,"['check', 'fold']","[('p1', 'check'), ('p2', 'max_raise'), ('p1', 'fold')]",-6.0,-204.0,24.0,p2,fold,False,3,114.0,102.0,loose_aggressive
4862,k,j,check,['check'],"[('p1', 'check'), ('p2', 'check')]",6.0,-198.0,12.0,p1,showdown,False,2,114.0,114.0,loose_aggressive
4863,j,k,check,"['check', 'fold']","[('p1', 'check'), ('p2', 'max_raise'), ('p1', 'fold')]",-6.0,-204.0,24.0,p2,fold,False,3,114.0,102.0,loose_aggressive
4864,k,j,check,['check'],"[('p1', 'check'), ('p2', 'check')]",6.0,-198.0,12.0,p1,showdown,False,2,114.0,114.0,loose_aggressive
4865,j,q,check,['check'],"[('p1', 'check'), ('p2', 'check')]",-6.0,-204.0,12.0,p2,showdown,False,2,114.0,114.0,loose_aggressive
4866,q,q,check,['check'],"[('p1', 'check'), ('p2', 'check')]",0.0,-204.0,0.0,tie,showdown,False,2,114.0,114.0,loose_aggressive
4867,k,q,check,['check'],"[('p1', 'check'), ('p2', 'check')]",6.0,-198.0,12.0,p1,showdown,False,2,114.0,114.0,loose_aggressive
4868,k,k,check,"['check', 'call']","[('p1', 'check'), ('p2', 'max_raise'), ('p1', 'call')]",0.0,-198.0,0.0,tie,showdown,False,3,114.0,102.0,loose_aggressive
4869,q,k,check,"['check', 'fold']","[('p1', 'check'), ('p2', 'max_raise'), ('p1', 'fold')]",-6.0,-204.0,24.0,p2,fold,False,3,114.0,102.0,loose_aggressive
4870,q,j,check,"['check', 'call']","[('p1', 'check'), ('p2', 'min_raise'), ('p1', 'call')]",12.0,-192.0,24.0,p1,showdown,False,3,114.0,108.0,loose_aggressive
4871,q,q,check,['check'],"[('p1', 'check'), ('p2', 'check')]",0.0,-192.0,0.0,tie,showdown,False,2,114.0,114.0,loose_aggressive
4872,j,q,check,['check'],"[('p1', 'check'), ('p2', 'check')]",-6.0,-198.0,12.0,p2,showdown,False,2,114.0,114.0,loose_aggressive
4873,q,q,check,['check'],"[('p1', 'check'), ('p2', 'check')]",0.0,-198.0,0.0,tie,showdown,False,2,114.0,114.0,loose_aggressive
4874,k,j,check,['check'],"[('p1', 'check'), ('p2', 'check')]",6.0,-192.0,12.0,p1,showdown,False,2,114.0,114.0,loose_aggressive
4875,k,k,check,"['check', 'call']","[('p1', 'check'), ('p2', 'max_raise'), ('p1', 'call')]",0.0,-192.0,0.0,tie,showdown,False,3,114.0,102.0,loose_aggressive
4876,k,j,check,['check'],"[('p1', 'check'), ('p2', 'check')]",6.0,-186.0,12.0,p1,showdown,False,2,114.0,114.0,loose_aggressive
4877,k,j,check,['check'],"[('p1', 'check'), ('p2', 'check')]",6.0,-180.0,12.0,p1,showdown,False,2,114.0,114.0,loose_aggressive
4878,k,k,check,"['check', 'call']","[('p1', 'check'), ('p2', 'max_raise'), ('p1', 'call')]",0.0,-180.0,0.0,tie,showdown,False,3,114.0,102.0,loose_aggressive
4879,q,j,check,['check'],"[('p1', 'check'), ('p2', 'check')]",6.0,-174.0,12.0,p1,showdown,False,2,114.0,114.0,loose_aggressive
4880,j,q,check,['check'],"[('p1', 'check'), ('p2', 'check')]",-6.0,-180.0,12.0,p2,showdown,False,2,114.0,114.0,loose_aggressive
4881,j,j,check,['check'],"[('p1', 'check'), ('p2', 'check')]",0.0,-180.0,0.0,tie,showdown,False,2,114.0,114.0,loose_aggressive
4882,j,k,check,"['check', 'fold']","[('p1', 'check'), ('p2', 'max_raise'), ('p1', 'fold')]",-6.0,-186.0,24.0,p2,fold,False,3,114.0,102.0,loose_aggressive
4883,j,q,check,['check'],"[('p1', 'check'), ('p2', 'check')]",-6.0,-192.0,12.0,p2,showdown,False,2,114.0,114.0,loose_aggressive
4884,j,q,check,['check'],"[('p1', 'check'), ('p2', 'check')]",-6.0,-198.0,12.0,p2,showdown,False,2,114.0,114.0,loose_aggressive
4885,j,k,check,"['check', 'fold']","[('p1', 'check'), ('p2', 'max_raise'), ('p1', 'fold')]",-6.0,-204.0,24.0,p2,fold,False,3,114.0,102.0,loose_aggressive
4886,j,j,check,['check'],"[('p1', 'check'), ('p2', 'check')]",0.0,-204.0,0.0,tie,showdown,False,2,114.0,114.0,loose_aggressive
4887,j,k,check,"['check', 'fold']","[('p1', 'check'), ('p2', 'max_raise'), ('p1', 'fold')]",-6.0,-210.0,24.0,p2,fold,False,3,114.0,102.0,loose_aggressive
4888,j,q,check,['check'],"[('p1', 'check'), ('p2', 'check')]",-6.0,-216.0,12.0,p2,showdown,False,2,114.0,114.0,loose_aggressive
4889,j,k,check,"['check', 'fold']","[('p1', 'check'), ('p2', 'max_raise'), ('p1', 'fold')]",-6.0,-222.0,24.0,p2,fold,False,3,114.0,102.0,loose_aggressive
4890,q,j,check,['check'],"[('p1', 'check'), ('p2', 'check')]",6.0,-216.0,12.0,p1,showdown,False,2,114.0,114.0,loose_aggressive
4891,q,k,check,"['check', 'fold']","[('p1', 'check'), ('p2', 'max_raise'), ('p1', 'fold')]",-6.0,-222.0,24.0,p2,fold,False,3,114.0,102.0,loose_aggressive
4892,k,q,check,['check'],"[('p1', 'check'), ('p2', 'check')]",6.0,-216.0,12.0,p1,showdown,False,2,114.0,114.0,loose_aggressive
4893,k,j,check,['check'],"[('p1', 'check'), ('p2', 'check')]",6.0,-210.0,12.0,p1,showdown,False,2,114.0,114.0,loose_aggressive
4894,k,q,check,['check'],"[('p1', 'check'), ('p2', 'check')]",6.0,-204.0,12.0,p1,showdown,False,2,114.0,114.0,loose_aggressive
4895,j,k,check,"['check', 'fold']","[('p1', 'check'), ('p2', 'max_raise'), ('p1', 'fold')]",-6.0,-210.0,24.0,p2,fold,False,3,114.0,102.0,loose_aggressive
4896,q,j,check,"['check', 'call']","[('p1', 'check'), ('p2', 'min_raise'), ('p1', 'call')]",12.0,-198.0,24.0,p1,showdown,False,3,114.0,108.0,loose_aggressive
4897,j,q,check,['check'],"[('p1', 'check'), ('p2', 'check')]",-6.0,-204.0,12.0,p2,showdown,False,2,114.0,114.0,loose_aggressive
4898,q,j,check,['check'],"[('p1', 'check'), ('p2', 'check')]",6.0,-198.0,12.0,p1,showdown,False,2,114.0,114.0,loose_aggressive
4899,j,j,check,['check'],"[('p1', 'check'), ('p2', 'check')]",0.0,-198.0,0.0,tie,showdown,False,2,114.0,114.0,loose_aggressive
4900,q,j,check,['check'],"[('p1', 'check'), ('p2', 'check')]",6.0,-192.0,12.0,p1,showdown,False,2,114.0,114.0,loose_aggressive
4901,k,k,check,"['check', 'call']","[('p1', 'check'), ('p2', 'max_raise'), ('p1', 'call')]",0.0,-192.0,0.0,tie,showdown,False,3,114.0,102.0,loose_aggressive
4902,q,q,check,['check'],"[('p1', 'check'), ('p2', 'check')]",0.0,-192.0,0.0,tie,showdown,False,2,114.0,114.0,loose_aggressive
4903,k,q,check,['check'],"[('p1', 'check'), ('p2', 'check')]",6.0,-186.0,12.0,p1,showdown,False,2,114.0,114.0,loose_aggressive
4904,j,j,check,"['check', 'call']","[('p1', 'check'), ('p2', 'min_raise'), ('p1', 'call')]",0.0,-186.0,0.0,tie,showdown,False,3,114.0,108.0,loose_aggressive
4905,q,j,check,"['check', 'call']","[('p1', 'check'), ('p2', 'min_raise'), ('p1', 'call')]",12.0,-174.0,24.0,p1,showdown,False,3,114.0,108.0,loose_aggressive
4906,q,q,check,['check'],"[('p1', 'check'), ('p2', 'check')]",0.0,-174.0,0.0,tie,showdown,False,2,114.0,114.0,loose_aggressive
4907,j,k,check,"['check', 'fold']","[('p1', 'check'), ('p2', 'max_raise'), ('p1', 'fold')]",-6.0,-180.0,24.0,p2,fold,False,3,114.0,102.0,loose_aggressive
4908,k,q,check,['check'],"[('p1', 'check'), ('p2', 'check')]",6.0,-174.0,12.0,p1,showdown,False,2,114.0,114.0,loose_aggressive
4909,q,j,check,"['check', 'call']","[('p1', 'check'), ('p2', 'min_raise'), ('p1', 'call')]",12.0,-162.0,24.0,p1,showdown,False,3,114.0,108.0,loose_aggressive
4910,j,k,check,"['check', 'fold']","[('p1', 'check'), ('p2', 'max_raise'), ('p1', 'fold')]",-6.0,-168.0,24.0,p2,fold,False,3,114.0,102.0,loose_aggressive
4911,q,k,check,"['check', 'fold']","[('p1', 'check'), ('p2', 'max_raise'), ('p1', 'fold')]",-6.0,-174.0,24.0,p2,fold,False,3,114.0,102.0,loose_aggressive
4912,k,j,check,"['check', 'call']","[('p1', 'check'), ('p2', 'min_raise'), ('p1', 'call')]",12.0,-162.0,24.0,p1,showdown,False,3,114.0,108.0,loose_aggressive
4913,k,j,check,['check'],"[('p1', 'check'), ('p2', 'check')]",6.0,-156.0,12.0,p1,showdown,False,2,114.0,114.0,loose_aggressive
4914,q,q,check,['check'],"[('p1', 'check'), ('p2', 'check')]",0.0,-156.0,0.0,tie,showdown,False,2,114.0,114.0,loose_aggressive
4915,k,j,check,['check'],"[('p1', 'check'), ('p2', 'check')]",6.0,-150.0,12.0,p1,showdown,False,2,114.0,114.0,loose_aggressive
4916,k,j,check,['check'],"[('p1', 'check'), ('p2', 'check')]",6.0,-144.0,12.0,p1,showdown,False,2,114.0,114.0,loose_aggressive
4917,j,j,check,['check'],"[('p1', 'check'), ('p2', 'check')]",0.0,-144.0,0.0,tie,showdown,False,2,114.0,114.0,loose_aggressive
4918,k,j,check,['check'],"[('p1', 'check'), ('p2', 'check')]",6.0,-138.0,12.0,p1,showdown,False,2,114.0,114.0,loose_aggressive
4919,k,j,check,['check'],"[('p1', 'check'), ('p2', 'check')]",6.0,-132.0,12.0,p1,showdown,False,2,114.0,114.0,loose_aggressive
4920,k,q,check,['check'],"[('p1', 'check'), ('p2', 'check')]",6.0,-126.0,12.0,p1,showdown,False,2,114.0,114.0,loose_aggressive
4921,j,j,check,"['check', 'call']","[('p1', 'check'), ('p2', 'min_raise'), ('p1', 'call')]",0.0,-126.0,0.0,tie,showdown,False,3,114.0,108.0,loose_aggressive
4922,j,k,check,"['check', 'fold']","[('p1', 'check'), ('p2', 'max_raise'), ('p1', 'fold')]",-6.0,-132.0,24.0,p2,fold,False,3,114.0,102.0,loose_aggressive
4923,q,q,check,['check'],"[('p1', 'check'), ('p2', 'check')]",0.0,-132.0,0.0,tie,showdown,False,2,114.0,114.0,loose_aggressive
4924,j,k,check,"['check', 'fold']","[('p1', 'check'), ('p2', 'max_raise'), ('p1', 'fold')]",-6.0,-138.0,24.0,p2,fold,False,3,114.0,102.0,loose_aggressive
4925,k,k,check,"['check', 'call']","[('p1', 'check'), ('p2', 'max_raise'), ('p1', 'call')]",0.0,-138.0,0.0,tie,showdown,False,3,114.0,102.0,loose_aggressive
4926,k,j,check,['check'],"[('p1', 'check'), ('p2', 'check')]",6.0,-132.0,12.0,p1,showdown,False,2,114.0,114.0,loose_aggressive
4927,j,k,check,"['check', 'fold']","[('p1', 'check'), ('p2', 'max_raise'), ('p1', 'fold')]",-6.0,-138.0,24.0,p2,fold,False,3,114.0,102.0,loose_aggressive
4928,j,q,check,['check'],"[('p1', 'check'), ('p2', 'check')]",-6.0,-144.0,12.0,p2,showdown,False,2,114.0,114.0,loose_aggressive
4929,q,k,check,"['check', 'fold']","[('p1', 'check'), ('p2', 'max_raise'), ('p1', 'fold')]",-6.0,-150.0,24.0,p2,fold,False,3,114.0,102.0,loose_aggressive
4930,j,q,check,['check'],"[('p1', 'check'), ('p2', 'check')]",-6.0,-156.0,12.0,p2,showdown,False,2,114.0,114.0,loose_aggressive
4931,j,k,check,"['check', 'fold']","[('p1', 'check'), ('p2', 'max_raise'), ('p1', 'fold')]",-6.0,-162.0,24.0,p2,fold,False,3,114.0,102.0,loose_aggressive
4932,k,j,check,['check'],"[('p1', 'check'), ('p2', 'check')]",6.0,-156.0,12.0,p1,showdown,False,2,114.0,114.0,loose_aggressive
4933,j,j,check,"['check', 'call']","[('p1', 'check'), ('p2', 'min_raise'), ('p1', 'call')]",0.0,-156.0,0.0,tie,showdown,False,3,114.0,108.0,loose_aggressive
4934,k,q,check,['check'],"[('p1', 'check'), ('p2', 'check')]",6.0,-150.0,12.0,p1,showdown,False,2,114.0,114.0,loose_aggressive
4935,k,q,check,['check'],"[('p1', 'check'), ('p2', 'check')]",6.0,-144.0,12.0,p1,showdown,False,2,114.0,114.0,loose_aggressive
4936,j,j,check,['check'],"[('p1', 'check'), ('p2', 'check')]",0.0,-144.0,0.0,tie,showdown,False,2,114.0,114.0,loose_aggressive
4937,q,q,check,['check'],"[('p1', 'check'), ('p2', 'check')]",0.0,-144.0,0.0,tie,showdown,False,2,114.0,114.0,loose_aggressive
4938,k,j,check,['check'],"[('p1', 'check'), ('p2', 'check')]",6.0,-138.0,12.0,p1,showdown,False,2,114.0,114.0,loose_aggressive
4939,q,k,check,"['check', 'fold']","[('p1', 'check'), ('p2', 'max_raise'), ('p1', 'fold')]",-6.0,-144.0,24.0,p2,fold,False,3,114.0,102.0,loose_aggressive
4940,k,k,check,"['check', 'call']","[('p1', 'check'), ('p2', 'max_raise'), ('p1', 'call')]",0.0,-144.0,0.0,tie,showdown,False,3,114.0,102.0,loose_aggressive
4941,q,k,check,"['check', 'fold']","[('p1', 'check'), ('p2', 'max_raise'), ('p1', 'fold')]",-6.0,-150.0,24.0,p2,fold,False,3,114.0,102.0,loose_aggressive
4942,q,k,check,"['check', 'fold']","[('p1', 'check'), ('p2', 'max_raise'), ('p1', 'fold')]",-6.0,-156.0,24.0,p2,fold,False,3,114.0,102.0,loose_aggressive
4943,j,j,check,['check'],"[('p1', 'check'), ('p2', 'check')]",0.0,-156.0,0.0,tie,showdown,False,2,114.0,114.0,loose_aggressive
4944,k,k,check,"['check', 'call']","[('p1', 'check'), ('p2', 'max_raise'), ('p1', 'call')]",0.0,-156.0,0.0,tie,showdown,False,3,114.0,102.0,loose_aggressive
4945,k,k,check,"['check', 'call']","[('p1', 'check'), ('p2', 'max_raise'), ('p1', 'call')]",0.0,-156.0,0.0,tie,showdown,False,3,114.0,102.0,loose_aggressive
4946,q,j,check,"['check', 'call']","[('p1', 'check'), ('p2', 'min_raise'), ('p1', 'call')]",12.0,-144.0,24.0,p1,showdown,False,3,114.0,108.0,loose_aggressive
4947,j,k,check,"['check', 'fold']","[('p1', 'check'), ('p2', 'max_raise'), ('p1', 'fold')]",-6.0,-150.0,24.0,p2,fold,False,3,114.0,102.0,loose_aggressive
4948,q,k,check,"['check', 'fold']","[('p1', 'check'), ('p2', 'max_raise'), ('p1', 'fold')]",-6.0,-156.0,24.0,p2,fold,False,3,114.0,102.0,loose_aggressive
4949,q,k,check,"['check', 'fold']","[('p1', 'check'), ('p2', 'max_raise'), ('p1', 'fold')]",-6.0,-162.0,24.0,p2,fold,False,3,114.0,102.0,loose_aggressive
4950,j,q,check,['check'],"[('p1', 'check'), ('p2', 'check')]",-6.0,-168.0,12.0,p2,showdown,False,2,114.0,114.0,loose_aggressive
4951,j,q,check,['check'],"[('p1', 'check'), ('p2', 'check')]",-6.0,-174.0,12.0,p2,showdown,False,2,114.0,114.0,loose_aggressive
4952,q,j,check,['check'],"[('p1', 'check'), ('p2', 'check')]",6.0,-168.0,12.0,p1,showdown,False,2,114.0,114.0,loose_aggressive
4953,q,k,check,"['check', 'fold']","[('p1', 'check'), ('p2', 'max_raise'), ('p1', 'fold')]",-6.0,-174.0,24.0,p2,fold,False,3,114.0,102.0,loose_aggressive
4954,q,q,check,['check'],"[('p1', 'check'), ('p2', 'check')]",0.0,-174.0,0.0,tie,showdown,False,2,114.0,114.0,loose_aggressive
4955,q,k,check,"['check', 'fold']","[('p1', 'check'), ('p2', 'max_raise'), ('p1', 'fold')]",-6.0,-180.0,24.0,p2,fold,False,3,114.0,102.0,loose_aggressive
4956,q,k,check,"['check', 'fold']","[('p1', 'check'), ('p2', 'max_raise'), ('p1', 'fold')]",-6.0,-186.0,24.0,p2,fold,False,3,114.0,102.0,loose_aggressive
4957,k,j,check,"['check', 'call']","[('p1', 'check'), ('p2', 'min_raise'), ('p1', 'call')]",12.0,-174.0,24.0,p1,showdown,False,3,114.0,108.0,loose_aggressive
4958,j,j,check,['check'],"[('p1', 'check'), ('p2', 'check')]",0.0,-174.0,0.0,tie,showdown,False,2,114.0,114.0,loose_aggressive
4959,j,j,check,['check'],"[('p1', 'check'), ('p2', 'check')]",0.0,-174.0,0.0,tie,showdown,False,2,114.0,114.0,loose_aggressive
4960,q,q,check,['check'],"[('p1', 'check'), ('p2', 'check')]",0.0,-174.0,0.0,tie,showdown,False,2,114.0,114.0,loose_aggressive
4961,j,k,check,"['check', 'fold']","[('p1', 'check'), ('p2', 'max_raise'), ('p1', 'fold')]",-6.0,-180.0,24.0,p2,fold,False,3,114.0,102.0,loose_aggressive
4962,q,k,check,"['check', 'fold']","[('p1', 'check'), ('p2', 'max_raise'), ('p1', 'fold')]",-6.0,-186.0,24.0,p2,fold,False,3,114.0,102.0,loose_aggressive
4963,q,j,check,['check'],"[('p1', 'check'), ('p2', 'check')]",6.0,-180.0,12.0,p1,showdown,False,2,114.0,114.0,loose_aggressive
4964,j,q,check,['check'],"[('p1', 'check'), ('p2', 'check')]",-6.0,-186.0,12.0,p2,showdown,False,2,114.0,114.0,loose_aggressive
4965,q,q,check,['check'],"[('p1', 'check'), ('p2', 'check')]",0.0,-186.0,0.0,tie,showdown,False,2,114.0,114.0,loose_aggressive
4966,k,q,check,['check'],"[('p1', 'check'), ('p2', 'check')]",6.0,-180.0,12.0,p1,showdown,False,2,114.0,114.0,loose_aggressive
4967,k,j,check,['check'],"[('p1', 'check'), ('p2', 'check')]",6.0,-174.0,12.0,p1,showdown,False,2,114.0,114.0,loose_aggressive
4968,j,q,check,['check'],"[('p1', 'check'), ('p2', 'check')]",-6.0,-180.0,12.0,p2,showdown,False,2,114.0,114.0,loose_aggressive
4969,j,q,check,['check'],"[('p1', 'check'), ('p2', 'check')]",-6.0,-186.0,12.0,p2,showdown,False,2,114.0,114.0,loose_aggressive
4970,j,q,check,['check'],"[('p1', 'check'), ('p2', 'check')]",-6.0,-192.0,12.0,p2,showdown,False,2,114.0,114.0,loose_aggressive
4971,k,k,check,"['check', 'call']","[('p1', 'check'), ('p2', 'max_raise'), ('p1', 'call')]",0.0,-192.0,0.0,tie,showdown,False,3,114.0,102.0,loose_aggressive
4972,k,j,check,['check'],"[('p1', 'check'), ('p2', 'check')]",6.0,-186.0,12.0,p1,showdown,False,2,114.0,114.0,loose_aggressive
4973,q,k,check,"['check', 'fold']","[('p1', 'check'), ('p2', 'max_raise'), ('p1', 'fold')]",-6.0,-192.0,24.0,p2,fold,False,3,114.0,102.0,loose_aggressive
4974,k,q,check,['check'],"[('p1', 'check'), ('p2', 'check')]",6.0,-186.0,12.0,p1,showdown,False,2,114.0,114.0,loose_aggressive
4975,k,q,check,['check'],"[('p1', 'check'), ('p2', 'check')]",6.0,-180.0,12.0,p1,showdown,False,2,114.0,114.0,loose_aggressive
4976,k,q,check,['check'],"[('p1', 'check'), ('p2', 'check')]",6.0,-174.0,12.0,p1,showdown,False,2,114.0,114.0,loose_aggressive
4977,k,k,check,"['check', 'call']","[('p1', 'check'), ('p2', 'max_raise'), ('p1', 'call')]",0.0,-174.0,0.0,tie,showdown,False,3,114.0,102.0,loose_aggressive
4978,k,k,check,"['check', 'call']","[('p1', 'check'), ('p2', 'max_raise'), ('p1', 'call')]",0.0,-174.0,0.0,tie,showdown,False,3,114.0,102.0,loose_aggressive
4979,k,q,check,['check'],"[('p1', 'check'), ('p2', 'check')]",6.0,-168.0,12.0,p1,showdown,False,2,114.0,114.0,loose_aggressive
4980,k,j,check,['check'],"[('p1', 'check'), ('p2', 'check')]",6.0,-162.0,12.0,p1,showdown,False,2,114.0,114.0,loose_aggressive
4981,k,j,check,"['check', 'call']","[('p1', 'check'), ('p2', 'min_raise'), ('p1', 'call')]",12.0,-150.0,24.0,p1,showdown,False,3,114.0,108.0,loose_aggressive
4982,k,j,check,"['check', 'call']","[('p1', 'check'), ('p2', 'min_raise'), ('p1', 'call')]",12.0,-138.0,24.0,p1,showdown,False,3,114.0,108.0,loose_aggressive
4983,q,q,check,['check'],"[('p1', 'check'), ('p2', 'check')]",0.0,-138.0,0.0,tie,showdown,False,2,114.0,114.0,loose_aggressive
4984,q,k,check,"['check', 'fold']","[('p1', 'check'), ('p2', 'max_raise'), ('p1', 'fold')]",-6.0,-144.0,24.0,p2,fold,False,3,114.0,102.0,loose_aggressive
4985,j,j,check,['check'],"[('p1', 'check'), ('p2', 'check')]",0.0,-144.0,0.0,tie,showdown,False,2,114.0,114.0,loose_aggressive
4986,k,k,check,"['check', 'call']","[('p1', 'check'), ('p2', 'max_raise'), ('p1', 'call')]",0.0,-144.0,0.0,tie,showdown,False,3,114.0,102.0,loose_aggressive
4987,k,j,check,['check'],"[('p1', 'check'), ('p2', 'check')]",6.0,-138.0,12.0,p1,showdown,False,2,114.0,114.0,loose_aggressive
4988,k,k,check,"['check', 'call']","[('p1', 'check'), ('p2', 'max_raise'), ('p1', 'call')]",0.0,-138.0,0.0,tie,showdown,False,3,114.0,102.0,loose_aggressive
4989,k,q,check,['check'],"[('p1', 'check'), ('p2', 'check')]",6.0,-132.0,12.0,p1,showdown,False,2,114.0,114.0,loose_aggressive
4990,j,q,check,['check'],"[('p1', 'check'), ('p2', 'check')]",-6.0,-138.0,12.0,p2,showdown,False,2,114.0,114.0,loose_aggressive
4991,q,q,check,['check'],"[('p1', 'check'), ('p2', 'check')]",0.0,-138.0,0.0,tie,showdown,False,2,114.0,114.0,loose_aggressive
4992,j,j,check,['check'],"[('p1', 'check'), ('p2', 'check')]",0.0,-138.0,0.0,tie,showdown,False,2,114.0,114.0,loose_aggressive
4993,k,k,check,"['check', 'call']","[('p1', 'check'), ('p2', 'max_raise'), ('p1', 'call')]",0.0,-138.0,0.0,tie,showdown,False,3,114.0,102.0,loose_aggressive
4994,k,j,check,['check'],"[('p1', 'check'), ('p2', 'check')]",6.0,-132.0,12.0,p1,showdown,False,2,114.0,114.0,loose_aggressive
4995,j,q,check,['check'],"[('p1', 'check'), ('p2', 'check')]",-6.0,-138.0,12.0,p2,showdown,False,2,114.0,114.0,loose_aggressive
4996,q,k,check,"['check', 'fold']","[('p1', 'check'), ('p2', 'max_raise'), ('p1', 'fold')]",-6.0,-144.0,24.0,p2,fold,False,3,114.0,102.0,loose_aggressive
4997,q,k,check,"['check', 'fold']","[('p1', 'check'), ('p2', 'max_raise'), ('p1', 'fold')]",-6.0,-150.0,24.0,p2,fold,False,3,114.0,102.0,loose_aggressive
4998,k,q,check,['check'],"[('p1', 'check'), ('p2', 'check')]",6.0,-144.0,12.0,p1,showdown,False,2,114.0,114.0,loose_aggressive
4999,q,k,check,"['check', 'fold']","[('p1', 'check'), ('p2', 'max_raise'), ('p1', 'fold')]",-6.0,-150.0,24.0,p2,fold,False,3,114.0,102.0,loose_aggressive
